order_id,순번,customer,model,pjt,MODEL2,qty,due_date,제작2용,plant,area_m2_unit,체크시트,전기작업,수출포장,비고,production_status,업체구분,출도,KOM,자재발주,material_in,구매품,가공,FITUP,제작_1,가조립,start_in,조립,상도,고객검사,end_out,출하,NAN,NAN_1,NAN_2,NAN_3,NAN_4,NAN_5,NAN_6,NAN_7,NAN_8,계획,실적,계획_1,실적_1,계획_2,실적_2,계획_3,실적_3,계획_4,실적_4,계획_5,실적_5,계획_6,실적_6,계획_7,실적_7,계획_8,실적_8,계획_9,실적_9,계획_10,실적_10,계획_11,실적_11,계획_12,실적_12,계획_13,실적_13,계획_14,실적_14,계획_15,실적_15,NAN_9,NAN_10,NAN_11,NAN_12,NAN_13,NAN_14,NAN_15,NAN_16,NAN_17,NAN_18,NAN_19,NAN_20,NAN_21,NAN_22,NAN_23,NAN_24,NAN_25,NAN_26,NAN_27,NAN_28,NAN_29,NAN_30,NAN_31,NAN_32,NAN_33,NAN_34,NAN_35,NAN_36,NAN_37,NAN_38,NAN_39,NAN_40,NAN_41,NAN_42,NAN_43,NAN_44,NAN_45,NAN_46,NAN_47,NAN_48,NAN_49,NAN_50,NAN_51,NAN_52,NAN_53,NAN_54,NAN_55,NAN_56,NAN_57,NAN_58,NAN_59,NAN_60,NAN_61,NAN_62,NAN_63,NAN_64,NAN_65,NAN_66,NAN_67,NAN_68,NAN_69,NAN_70,NAN_71,NAN_72,NAN_73,NAN_74,NAN_75,NAN_76,NAN_77,NAN_78,NAN_79,NAN_80,NAN_81,NAN_82,NAN_83,NAN_84,NAN_85,NAN_86,NAN_87,NAN_88,NAN_89,NAN_90,NAN_91,NAN_92,NAN_93,NAN_94,NAN_95,NAN_96,NAN_97,NAN_98,NAN_99,NAN_100,NAN_101,NAN_102,NAN_103,NAN_104,NAN_105,NAN_106,NAN_107,NAN_108,NAN_109,NAN_110,NAN_111,NAN_112,NAN_113,NAN_114,NAN_115,NAN_116,NAN_117,NAN_118,NAN_119,NAN_120,NAN_121,NAN_122,NAN_123,NAN_124,NAN_125,NAN_126,NAN_127,NAN_128,NAN_129,NAN_130,NAN_131,NAN_132,NAN_133,NAN_134,NAN_135,NAN_136,NAN_137,NAN_138,NAN_139,NAN_140,NAN_141,NAN_142,NAN_143,NAN_144,NAN_145,NAN_146,NAN_147,NAN_148,NAN_149,NAN_150,NAN_151,NAN_152,NAN_153,NAN_154,NAN_155,NAN_156,NAN_157,NAN_158,NAN_159,NAN_160,NAN_161,NAN_162,NAN_163,NAN_164,NAN_165,NAN_166,NAN_167,NAN_168,NAN_169,NAN_170,NAN_171,NAN_172,NAN_173,NAN_174,NAN_175,NAN_176,NAN_177,NAN_178,NAN_179,NAN_180,NAN_181,NAN_182,NAN_183,NAN_184,NAN_185,NAN_186,NAN_187,NAN_188,NAN_189,NAN_190,NAN_191,NAN_192,NAN_193,NAN_194,NAN_195,NAN_196,NAN_197,NAN_198,NAN_199,NAN_200,NAN_201,NAN_202,NAN_203,NAN_204,NAN_205,NAN_206,NAN_207,NAN_208,NAN_209,NAN_210,NAN_211,NAN_212,NAN_213,NAN_214,NAN_215,NAN_216,NAN_217,NAN_218,NAN_219,NAN_220,NAN_221,NAN_222,NAN_223,NAN_224,NAN_225,NAN_226,NAN_227,NAN_228,NAN_229,NAN_230,NAN_231,NAN_232,NAN_233,NAN_234,NAN_235,NAN_236,NAN_237,NAN_238,NAN_239,NAN_240,NAN_241,NAN_242,NAN_243,NAN_244,NAN_245,NAN_246,NAN_247,NAN_248,NAN_249,NAN_250,is_included,row_type,exclude_reason,warning_flags,production,data_mode
ㅗ,0x17,0x17,0x17,0x17,0x17,0x17,0x17,,,,,,,0x17,0x17,0x17,0x17,0x17,0x17,,,0x17,,0x17,,0x17,0x17,0x17,0x17,0x17,0x17,0x17,,,,,,,,0x17,0x17,0x17,0x17,0x17,0x17,0x17,0x17,0x17,0x17,0x17,0x17,0x17,0x17,0x17,0x17,0x17,0x17,0x17,0x17,0x17,0x17,0x17,0x17,0x17,0x17,0x17,0x17,0x17,0x17,0x17,0x17,0x17,,,,,,,,,,,,,,,,,,,,,,,,,,,,,,,,,,,,,,,,,,,,,,,,,,,,,,,,,,,,,,,,,,,,,,,,,,,,,,,,,,,,,,,,,,,,,,,,,,,,,,,,,,,,,,,,,,,,,,,,,,,,,,,,,,,,,,,,,,,,,,,,,,,,,,,,,,,,,,,,,,,,,,,,,,,,,,,,,,,,,,,,,,,,,,,,,,,,,,,,,,,,,,,,,,,,,,,,,,,,,,,,,,,,,,,,,,,,,,,,,,,False,STRUCTURAL,비데이터 행,,,unknown
ㅗ,,0x17,46113,,,0x17,0x17,,,,,,,,,,D,K,발F,,,가F,,제F,,도F,조F,상,검,포,출,,,,,,,,,,출도,,KOM,,"자재
발주",,,,,,가공,,,,제작,,,,도장,,,,조립,,상도,,"고객
검사",,포장,,출하,,,,,,,,,,,,,,,,,,,,,,,,,,,,,,,,,,,,,,,,,,,,,,,,,,,,,,,,,,,,,,,,,,,,,,,,,,,,,,,,,,,,,,,,,,,,,,,,,,,,,,,,,,,,,,,,,,,,,,,,,,,,,,,,,,,,,,,,,,,,,,,,,,,,,,,,,,,,,,,,,,,,,,,,,,,,,,,,,,,,,,,,,,,,,,,,,,,,,,,,,,,,,,,,,,,,,,,,,,,,,,,,,,,,,,,,,,,,,,,,,,,,False,STRUCTURAL,비데이터 행,,,unknown
ㅗ,,0x17,46113,2137,,0x17,0x17,,,,,,,,,,,,,,,,,,,,,,,,,,,,,,,,,,,,,,,,,,,,,,,,,,,,,,,,,,,,,,,,,,,0.7447844228094576,,,,,,,0.8147622427253371,,,,,,0,1.066579634464752,,,,,,,1.1448230668414154,,,,,,,1.1749539594843463,,,,,,,1.168983174835406,,,,,,,1.156084656084656,,,,,,,1.1454545454545455,,,,,,,1.1350210970464134,,,,,,,1.1777625257378175,,,,,,,1.1724367509986684,,,,,,,1.1563275434243176,,,,,,,1.1368322399250235,,,,,,,1.1926100628930818,,,,,,,1.166883963494133,,,,,,,1.1667707682698314,,,,,,,1.1483253588516746,,,,,,,1.17089516515079,,,,,,,1.1653358384217942,,,,,,,1.1663275686673449,,,,,,,1.164342025469982,,,,,,,1.1714140386571719,,,,,0,,1.1647484380138113,,,,,0,,1.200684505289359,,,,,0,,1.1748906933166772,,,,,0,,0.8357531760435571,,,,,,,1.1150758251561106,0,,,,,,1.4279630943931867,0,,,,,,1.893541518807665,0,,,,,,2.049680624556423,0,,,,,,0.9921930447125621,,,,0,,,,,,,0,,,,,,,0,,,,,,,0,,,,,,False,STRUCTURAL,비데이터 행,,,unknown
ㅗ,제작 정보,0x17,46113,,,0x17,0x17,,,,,,,,제작 진행,,,,,,,,,,,,,,,,,,,,,,,,,,생산일정 계획 대비 실적 (DATA INPUT),,,,,,,,,,,,,,,,,,,,,,,,,,,,,,,,0,7,7,7,7,7,7,0,6,6,6,6,6,6,0,0,0,0,12,11,12,0,10,10,10,10,9,9,0,0,6,6,6,6,6.0,0,6,6,6,6,6,6.0,0,2,2,0,0,0,0,0,3,3,3,3,3,3.0,0,8,8,6,6,6,6,0,7,7,7,7,7,7,0,9,9,8,8,8,8,0,8,3,0,0,0,0,0,8,0,0,0,0,9,0,9,0,9,9,9,9,0,9,9,9,9,9,9,0,10,10,10,10,10,10,0,0,19,19,19,19,19,0,28,28,28,28,28,0,0,21,21,21,21,21,21,0,18,18,18,18,18,18,0,11,11,11,11,11,11,0,18,18,18,18,18,18,0,40,40,40,40,40,40,0,44,44,44,44,44,44,0,10,10,10,10,10,10,0,0,0,0,0,0,0,0,0,0,0,0,0,0,0,6,6,6,6,6,6,0,6,6,6,6,6,6,0,6,6,6,6,6,6,0,6,6,6,6,6,6,0,6,6,6,6,6,6,0,6,6,6,6,6,6,0,6,6,6,6,6,6,0,6,6,6,False,STRUCTURAL,비데이터 행,,,unknown
ㅗ,,0x17,46113,,,0x17,0x17,,,,,,,,,,,,,,,,,,,,,,,,,,,,,,,,,,,,,,,,,,,,,,,,,,,,,,,,,,,,,,,,,,2월,,,,,,,,,,,,,,,,,,,,,,,,,,,,3월,,,,,,,,,,,,,,,,,,,,,,,,,,,,,,,4월,,,,,,,,,,,,,,,,,,,,,,,,,,,,,,5월,,,,,,,,,,,,,,,,,,,,,,,,,,,,,,,6월,,,,,,,,,,,,,,,,,,,,,,,,,,,,,,7월,,,,,,,,,,,,,,,,,,,,,,,,,,,,,,,8월,,,,,,,,,,,,,,,,,,,,,,,,,,,,,,,9월,,,,,,,,,,,,,,,,,,,,,,,,,,,,,,False,STRUCTURAL,비데이터 행,,,unknown
ㅗ,,0x17,46113,,,0x17,0x17,,,,,,,,,,,,,,,,,,,,,,,,,,,,,,,,,,1,2,3,4,5,6,7,8,9,10,11,12,13,14,15,16,17,18,19,20,21,22,23,24,25,26,27,28,29,30,31,32,,,,,,,,,,,,,,,,,,,,,,,,,,,,,,,,,,,,,,,,,,,,,,,,,,,,,,,,,,,,,,,,,,,,,,,,,,,,,,,,,,,,,,,,,,,,,,,,,,,,,,,,,,,,,,,,,,,,,,,,,,,,,,,,,,,,,,,,,,,,,,,,,,,,,,,,,,,,,,,,,,,,,,,,,,,,,,,,,,,,,,,,,,,,,,,,,,,,,,,,,,,,,,,,,,,,,,,,,,,,,,,,,,,,,,,,,,,,,,,,,,,False,STRUCTURAL,비데이터 행,,,unknown
ㅗ,,0x17,46113,,,0x17,0x17,,,,,,,,,,#10,#20,#30,#40,#50,#60,#70,#80,#90,#100,#110,#120,#130,#140,#150,공정률,스패어,스패어,업체,제작월,납기월,스패어,스패어,구분,출도,,KOM,,자재발주,,,,가공,,,,제작,,,,도장,,,,조립,,,,상도,,고객검사,,포장,,출하,,46054,46055,46056,46057,46058,46059,46060,46061,46062,46063,46064,46065,46066,46067,46068,46069,46070,46071,46072,46073,46074,46075,46076,46077,46078,46079,46080,46081,46082,46083,46084,46085,46086,46087,7.0,46089,46090,46091,46092,46093,46094,14.0,46096,46097,46098,46099,46100,46101,46074,46103,46104,46105,46106,46107,46108,28.0,46110,46111,46112,46113,46114,46115,46116,46117,46118,46119,46120,46121,46122,46123,46124,46125,46126,46127,46128,46129,46130,46131,46132,46133,46134,46135,46136,46137,46138,46139,46140,46141,46142,46143,46144,46145,46146,46147,46148,46149,46150,46151,46152,46153,46154,46155,46156,46157,46158,46159,46160,46161,46162,46163,46164,46165,46166,46167,46168,46169,46170,46171,46172,46173,46174,46175,46176,46177,46178,46179,46180,46181,46182,46183,46184,46185,46186,46187,46188,46189,46190,46191,46192,46193,46194,46195,46196,46197,46198,46199,46200,46201,46202,46203,46204,46205,46206,46207,46208,46209,46210,46211,46212,46213,46214,46215,46216,46217,46218,46219,46220,46221,46222,46223,46224,46225,46226,46227,46228,46229,46230,46231,46232,46233,46234,46235,46236,46237,46238,46239,46240,46241,46242,46243,46244,46245,46246,46247,46248,46249,46250,46251,46252,46253,46254,46255,46256,46257,46258,46259,46260,46261,46262,46263,46264,46265,46266,46267,46268,46269,46270,46271,46272,46273,46274,46275,46276,46277,46278,46279,46280,46281,46282,46283,46284,46285,46286,46287,46288,46289,46290,46291,46292,46293,46294,46295,False,STRUCTURAL,비데이터 행,,,unknown
ㅗ,,0x17,46113,,,0x17,0x17,<숨기기>,①,②,③,④,⑤,,,,,,,,,,,,,,,,,,,,,,,,,,,,,,,,착수,,완료,,착수,,완료,,착수,,완료,,착수,,완료,,착수,,완료,,,,,,,,,,,,,,,,,,,,,,,,,,,,,,,,,,,,,,,,,,,,,,,,,,,,,,,,,,,,,,,,,,,,,,,,,,,,,,,,,,,,,,,,,,,,,,,,,,,,,,,,,,,,,,,,,,,,,,,,,,,,,,,,,,,,,,,,,,,,,,,,,,,,,,,,,,,,,,,,,,,,,,,,,,,,,,,,,,,,,,,,,,,,,,,,,,,,,,,,,,,,,,,,,,,,,,,,,,,,,,,,,,,,,,,,,,,,,,,,,,,,,,,,,,,,False,STRUCTURAL,비데이터 행,,,unknown
SEQ.,"순
번",고객,MODEL1,PJT명,MODEL2,수량,납기,제작2용,진행동,면적,"체크
시트","전기
작업","수출
포장",비고,제작,업체구분,출도,KOM,"자재
발주","자재
입고",구매품,가공,"FIT
UP",제작,가조립,도장,조립,상도,"고객
검사",포장,출하,,,,,,,,,,계획,실적,계획,실적,계획,실적,계획,실적,계획,실적,계획,실적,계획,실적,계획,실적,계획,실적,계획,실적,계획,실적,계획,실적,계획,실적,계획,실적,계획,실적,계획,실적,,,,,,,,,,,,,,,,,,,,,,,,,,,,,,,,,,,,,,,,,,,,,,,,,,,,,,,,,,,,,,,,,,,,,,,,,,,,,,,,,,,,,,,,,,,,,,,,,,,,,,,,,,,,,,,,,,,,,,,,,,,,,,,,,,,,,,,,,,,,,,,,,,,,,,,,,,,,,,,,,,,,,,,,,,,,,,,,,,,,,,,,,,,,,,,,,,,,,,,,,,,,,,,,,,,,,,,,,,,,,,,,,,,,,,,,,,,,,,,,,,,False,HEADER,구조적 헤더,,,unknown
601,1,GE,VS,Phu My,VS-1,1,2025-01-20 00:00:00,45656,4,20,-,,,12/26 제작요청,일자,F JK플랜트,45611,45615,45616,45630,45638,45638,45650,45656,-,2025-01-03 00:00:00,45666,45667,45670,2025-01-16 00:00:00,46021,0.98,,,F JK플랜트,12,1,,,계획,45611,,45615,,45616,,45630,,45631,,45638,,45639,,45656,,45657,,45660,,45663,,45666,,45667,,45670,,45673,,46021,,,,,,,,,,,,,,,,,,,,,,,,,,,,,,,,,,,,,,,,,,,,,,,,,,,,,,,,,,,,,,,,,,,,,,,,,,,,,,,,,,,,,,,,,,,,,,,,,,,,,,,,,,,,,,,,,,,,,,,,,,,,,,,,,,,,,,,,,,,,,,,,,,,,,,,,,,,,,,,,,,,,,,,,,,,,,,,,,,,,,,,,,,,,,,,,,,,,,,,,,,,,,,,,,,,,,,,,,,,,,,,,,,,,,,,,,,,,,,,,,,,,True,DATA_PLAN,,,,plan
601,2,GE,VS,Phu My,VS-1,1,2025-01-20 00:00:00,,4,20,,,,,실행,F JK플랜트,45581,45588,45594,45603,45609,45616,45633,45637,,2025-01-03 00:00:00,45666,45671,45679,2025-01-23 00:00:00,,,,,F JK플랜트,12,1,,,,,,,,,,,,,,,,,,,,,,,,,,,,,,,,,,,,,,,,,,,,,,,,,,,,,,,,,,,,,,,,,,,,,,,,,,,,,,,,,,,,,,,,,,,,,,,,,,,,,,,,,,,,,,,,,,,,,,,,,,,,,,,,,,,,,,,,,,,,,,,,,,,,,,,,,,,,,,,,,,,,,,,,,,,,,,,,,,,,,,,,,,,,,,,,,,,,,,,,,,,,,,,,,,,,,,,,,,,,,,,,,,,,,,,,,,,,,,,,,,,,,,,,,,,,,,,,,,,,,,,,,,,,,,,,,,,,,,True,DATA_ACTUAL,,,,actual
601,3,GE,VS,Phu My,VS-1,1,2025-01-20 00:00:00,,4,20,,,,,F JK플랜트,F JK플랜트,30,27,22,27,29,22,17,19,-,,0,-4,-9,,,,,,F JK플랜트,12,1,,,실적,,45581,,45588,,45594,,45603,,,,45616,,,,45637,,,,45660,,,,45666,,45671,,45679,,45680,,0,,,,,,,,,,,,,,,,,,,,,,,,,,,,,,,,,,,,,,,,,,,,,,,,,,,,,,,,,,,,,,,,,,,,,,,,,,,,,,,,,,,,,,,,,,,,,,,,,,,,,,,,,,,,,,,,,,,,,,,,,,,,,,,,,,,,,,,,,,,,,,,,,,,,,,,,,,,,,,,,,,,,,,,,,,,,,,,,,,,,,,,,,,,,,,,,,,,,,,,,,,,,,,,,,,,,,,,,,,,,,,,,,,,,,,,,,,,,,,,,,,,False,STRUCTURAL,비데이터 행,,,unknown
601,4,GE,VS,Phu My,VS-1,1,2025-01-20 00:00:00,,4,20,,,,,취부,,0,0,0,0,0,0,0,0,0,,0,0,0,,0,,0,0,0,0,0,0,0,LOAD,,,,,,,,,,,,,,,,,,,,,,,,,,,,,,,,,,,,,,,,,,,,,,,,,,,,,,,,,,,,,,,,,,,,,,,,,,,,,,,,,,,,,,,,,,,,,,,,,,,,,,,,,,,,,,,,,,,,,,,,,,,,,,,,,,,,,,,,,,,,,,,,,,,,,,,,,,,,,,,,,,,,,,,,,,,,,,,,,,,,,,,,,,,,,,,,,,,,,,,,,,,,,,,,,,,,,,,,,,,,,,,,,,,,,,,,,,,,,,,,,,,,,,,,,,,,,,,,,,,,,,,,,,,,,,,,,,,False,STRUCTURAL,비데이터 행,,,unknown
601,5,GE,VS,Phu My,VS-1,1,2025-01-20 00:00:00,,4,20,,,,,용접,,0,,,,,,,,,,,,,,,,,,F JK플랜트,12,1,,,,,,,,,,,,,,,,,,,,,,,,,,,,,,,,,,,,,,,,,,,,,,,,,,,,,,,,,,,,,,,,,,,,,,,,,,,,,,,,,,,,,,,,,,,,,,,,,,,,,,,,,,,,,,,,,,,,,,,,,,,,,,,,,,,,,,,,,,,,,,,,,,,,,,,,,,,,,,,,,,,,,,,,,,,,,,,,,,,,,,,,,,,,,,,,,,,,,,,,,,,,,,,,,,,,,,,,,,,,,,,,,,,,,,,,,,,,,,,,,,,,,,,,,,,,,,,,,,,,,,,,,,,,,,,,,,,,,,False,STRUCTURAL,비데이터 행,,,unknown
601,6,GE,VS,Phu My,VS-1,1,2025-01-20 00:00:00,,4,20,,,,,조립,,0,,,,,,,,,,,,,,,,,,F JK플랜트,12,1,,,,,,,,,,,,,,,,,,,,,,,,,,,,,,,,,,,,,,,,,,,,,,,,,,,,,,,,,,,,,,,,,,,,,,,,,,,,,,,,,,,,,,,,,,,,,,,,,,,,,,,,,,,,,,,,,,,,,,,,,,,,,,,,,,,,,,,,,,,,,,,,,,,,,,,,,,,,,,,,,,,,,,,,,,,,,,,,,,,,,,,,,,,,,,,,,,,,,,,,,,,,,,,,,,,,,,,,,,,,,,,,,,,,,,,,,,,,,,,,,,,,,,,,,,,,,,,,,,,,,,,,,,,,,,,,,,,,,,False,STRUCTURAL,비데이터 행,,,unknown
601,7,GE,VS,Phu My,VS-1,1,2025-01-20 00:00:00,,4,20,,,,,사상,,0,,,,,,,,,,,,,,,,,,F JK플랜트,12,1,,,,,,,,,,,,,,,,,,,,,,,,,,,,,,,,,,,,,,,,,,,,,,,,,,,,,,,,,,,,,,,,,,,,,,,,,,,,,,,,,,,,,,,,,,,,,,,,,,,,,,,,,,,,,,,,,,,,,,,,,,,,,,,,,,,,,,,,,,,,,,,,,,,,,,,,,,,,,,,,,,,,,,,,,,,,,,,,,,,,,,,,,,,,,,,,,,,,,,,,,,,,,,,,,,,,,,,,,,,,,,,,,,,,,,,,,,,,,,,,,,,,,,,,,,,,,,,,,,,,,,,,,,,,,,,,,,,,,,False,STRUCTURAL,비데이터 행,,,unknown
601,9,GE,VS,Phu My,VS-1,1,2025-01-20 00:00:00,,4,20,,,,,실적,,,,,,,,,,,,,,,,,,,,F JK플랜트,12,1,,,,,,,,,,,,,,,,,,,,,,,,,,,,,,,,,,,,,,,,,,,,,,,,,,,,,,,,,,,,,,,,,,,,,,,,,,,,,,,,,,,,,,,,,,,,,,,,,,,,,,,,,,,,,,,,,,,,,,,,,,,,,,,,,,,,,,,,,,,,,,,,,,,,,,,,,,,,,,,,,,,,,,,,,,,,,,,,,,,,,,,,,,,,,,,,,,,,,,,,,,,,,,,,,,,,,,,,,,,,,,,,,,,,,,,,,,,,,,,,,,,,,,,,,,,,,,,,,,,,,,,,,,,,,,,,,,,,,,False,STRUCTURAL,비데이터 행,,,unknown
602,1,DEB,DS,안동복합,I/Duct,1,2025-09-15 00:00:00,45874,3,100,,,,,일자,해우,45796,45804,45807,45824,45842,45842,45862,45874,-,2025-08-29 00:00:00,45909,45909,45916,2025-09-17 00:00:00,46021,0.98,,,해우,8,9,,,계획,45796,,45804,,45807,,45824,,45825,,45842,,45839,,45874,,45883,,45898,,45889,,45909,,45909,,45916,,45917,,46021,,,,,,,,,,,,,,,,,,,,,,,,,,,,,,,,,,,,,,,,,,,,,,,,,,,,,,,,,,,,,,,,,,,,,,,,,,,,,,,,,,,,,,,,,,,,,,,,,,,,,,,,,,,,,,,,,,,,,,,,,,,,,,,,,,,,,,,,,,,,,,,,,,,,,,,,,,,,,,,,,,,,,,,,,,,,,,,,,,,,,,,,,,,,,,,,,,,,,,,,,,,,,,,,,,,,,,,,,,,,,,,,,,,,,,,,,,,,,,,,,,,,True,DATA_PLAN,,,,plan
602,2,DEB,DS,안동복합,I/Duct,1,2025-09-15 00:00:00,,3,100,,,,8/30->9/15,실행,해우,45649,45656,45705,완료,45769,완료,완료,완료,,2025-08-29 00:00:00,45910,45909,45917,2025-10-02 00:00:00,,,,,해우,8,9,,,,,,,,,,,,,,,,,,,,,,,,,,,,,,,,,,,,,,,,,,,,,,,,,,,,,,,,,,,,,,,,,,,,,,,,,,,,,,,,,,,,,,,,,,,,,,,,,,,,,,,,,,,,,,,,,,,,,,,,,,,,,,,,,,,,,,,,,,,,,,,,,,,,,,,,,,,,,,,,,,,,,,,,,,,,,,,,,,,,,,,,,,,,,,,,,,,,,,,,,,,,,,,,,,,,,,,,,,,,,,,,,,,,,,,,,,,,,,,,,,,,,,,,,,,,,,,,,,,,,,,,,,,,,,,,,,,,,,True,DATA_ACTUAL,,,,actual
602,3,DEB,DS,안동복합,I/Duct,1,2025-09-15 00:00:00,,3,100,,,,,해우,해우,147,148,102,,73,,,,-,,-1,0,-1,,,,,,해우,8,9,,,실적,,45649,,45656,,45705,,완료,,완료,,완료,,,,완료,,,,45898,,,,45910,,45909,,45917,,45932,,0,,,,,,,,,,,,,,,,,,,,,,,,,,,,,,,,,,,,,,,,,,,,,,,,,,,,,,,,,,,,,,,,,,,,,,,,,,,,,,,,,,,,,,,,,,,,,,,,,,,,,,,,,,,,,,,,,,,,,,,,,,,,,,,,,,,,,,,,,,,,,,,,,,,,,,,,,,,,,,,,,,,,,,,,,,,,,,,,,,,,,,,,,,,,,,,,,,,,,,,,,,,,,,,,,,,,,,,,,,,,,,,,,,,,,,,,,,,,,,,,,,,False,STRUCTURAL,비데이터 행,,,unknown
602,4,DEB,DS,안동복합,I/Duct,1,2025-09-15 00:00:00,,3,100,,,,,취부,,0,,,,,,,,,,,,,,,,,,해우,8,9,,,LOAD,,,,,,,,,,,,,,,,,,,,,,,,,,,,,,,,,,,,,,,,,,,,,,,,,,,,,,,,,,,,,,,,,,,,,,,,,,,,,,,,,,,,,,,,,,,,,,,,,,,,,,,,,,,,,,,,,,,,,,,,,,,,,,,,,,,,,,,,,,,,,,,,,,,,,,,,,,,,,,,,,,,,,,,,,,,,,,,,,,,,,,,,,,,,,,,,,,,,,,,,,,,,,,,,,,,,,,,,,,,,,,,,,,,,,,,,,,,,,,,,,,,,,,,,,,,,,,,,,,,,,,,,,,,,,,,,,,,False,STRUCTURAL,비데이터 행,,,unknown
602,5,DEB,DS,안동복합,I/Duct,1,2025-09-15 00:00:00,,3,100,,,,,용접,,0,,,,,,,,,,,,,,,,,,해우,8,9,,,,,,,,,,,,,,,,,,,,,,,,,,,,,,,,,,,,,,,,,,,,,,,,,,,,,,,,,,,,,,,,,,,,,,,,,,,,,,,,,,,,,,,,,,,,,,,,,,,,,,,,,,,,,,,,,,,,,,,,,,,,,,,,,,,,,,,,,,,,,,,,,,,,,,,,,,,,,,,,,,,,,,,,,,,,,,,,,,,,,,,,,,,,,,,,,,,,,,,,,,,,,,,,,,,,,,,,,,,,,,,,,,,,,,,,,,,,,,,,,,,,,,,,,,,,,,,,,,,,,,,,,,,,,,,,,,,,,,False,STRUCTURAL,비데이터 행,,,unknown
602,6,DEB,DS,안동복합,I/Duct,1,2025-09-15 00:00:00,,3,100,,,,,조립,,0,,,,,,,,,,,,,,,,,,해우,8,9,,,,,,,,,,,,,,,,,,,,,,,,,,,,,,,,,,,,,,,,,,,,,,,,,,,,,,,,,,,,,,,,,,,,,,,,,,,,,,,,,,,,,,,,,,,,,,,,,,,,,,,,,,,,,,,,,,,,,,,,,,,,,,,,,,,,,,,,,,,,,,,,,,,,,,,,,,,,,,,,,,,,,,,,,,,,,,,,,,,,,,,,,,,,,,,,,,,,,,,,,,,,,,,,,,,,,,,,,,,,,,,,,,,,,,,,,,,,,,,,,,,,,,,,,,,,,,,,,,,,,,,,,,,,,,,,,,,,,,False,STRUCTURAL,비데이터 행,,,unknown
602,7,DEB,DS,안동복합,I/Duct,1,2025-09-15 00:00:00,,3,100,,,,,사상,,0,,,,,,,,,,,,,,,,,,해우,8,9,,,,,,,,,,,,,,,,,,,,,,,,,,,,,,,,,,,,,,,,,,,,,,,,,,,,,,,,,,,,,,,,,,,,,,,,,,,,,,,,,,,,,,,,,,,,,,,,,,,,,,,,,,,,,,,,,,,,,,,,,,,,,,,,,,,,,,,,,,,,,,,,,,,,,,,,,,,,,,,,,,,,,,,,,,,,,,,,,,,,,,,,,,,,,,,,,,,,,,,,,,,,,,,,,,,,,,,,,,,,,,,,,,,,,,,,,,,,,,,,,,,,,,,,,,,,,,,,,,,,,,,,,,,,,,,,,,,,,,False,STRUCTURAL,비데이터 행,,,unknown
602,9,DEB,DS,안동복합,I/Duct,1,2025-09-15 00:00:00,,3,100,,,,,실적,,,,,,,,,,,,,,,,,,,,해우,8,9,,,,,,,,,,,,,,,,,,,,,,,,,,,,,,,,,,,,,,,,,,,,,,,,,,,,,,,,,,,,,,,,,,,,,,,,,,,,,,,,,,,,,,,,,,,,,,,,,,,,,,,,,,,,,,,,,,,,,,,,,,,,,,,,,,,,,,,,,,,,,,,,,,,,,,,,,,,,,,,,,,,,,,,,,,,,,,,,,,,,,,,,,,,,,,,,,,,,,,,,,,,,,,,,,,,,,,,,,,,,,,,,,,,,,,,,,,,,,,,,,,,,,,,,,,,,,,,,,,,,,,,,,,,,,,,,,,,,,,False,STRUCTURAL,비데이터 행,,,unknown
603,1,DEB,ENC,안동복합,F/House,1,2025-10-30 00:00:00,45881,3,100,,,,,일자,A 동일,45799,45807,45810,45828,45842,45842,45867,45881,-,2025-10-22 00:00:00,45960,45960,45961,2025-11-03 00:00:00,46021,1,,,A 동일,8,10,,,계획,45799,,45807,,45810,,45828,,45831,,45842,,45841,,45881,,45891,,45952,,45911,,45960,,45960,,45961,,45964,,46021,,,,,,,,,,,,,,,,,,,,,,,,,,,,,,,,,,,,,,,,,,,,,,,,,,,,,,,,,,,,,,,,,,,,,,,,,,,,,,,,,,,,,,,,,,,,,,,,,,,,,,,,,,,,,,,,,,,,,,,,,,,,,,,,,,,,,,,,,,,,,,,,,,,,,,,,,,,,,,,,,,,,,,,,,,,,,,,,,,,,,,,,,,,,,,,,,,,,,,,,,,,,,,,,,,,,,,,,,,,,,,,,,,,,,,,,,,,,,,,,,,,,True,DATA_PLAN,,,,plan
603,2,DEB,ENC,안동복합,F/House,1,2025-10-30 00:00:00,,3,100,,,,8/30->10/30,실행,A 동일,45615,45664,45677,45747,45757,완료,완료,완료,,2025-10-22 00:00:00,45959,45960,46326,2026-11-03 00:00:00,46107,,,,A 동일,8,10,,,,,,,,,,,,,,,,,,,,,,,,,,,,,,,,,,,,,,,,,,,,,,,,,,,,,,,,,,,,,,,,,,,,,,,,,,,,,,,,,,,,,,,,,,,,,,,,,,,,,,,,,,,,,,,,,,,,,,,,,,,,,,,,,,,,,,,,,,,,,,,,,,,,,,,,,,,,,,,,,,,,,,,,,,,,,,,,,,,,,,,,,,,,,,,,,,,,,,,,,,,,,,,,,,,,,,,,,,,,,,,,,,,,,,,,,,,,,,,,,,,,,,,,,,,,,,,,,,,,,,,,,,,,,,,,,,,,,,True,DATA_ACTUAL,,,,actual
603,3,DEB,ENC,안동복합,F/House,1,2025-10-30 00:00:00,,3,100,,,,,A 동일,A 동일,184,143,133,81,85,,,,-,,1,0,-365,,-86,,,,A 동일,8,10,,,실적,,45615,,45664,,45677,,45747,,45747,,완료,,,,완료,,,,45952,,,,45959,,45960,,46326,,46329,,46107,,,,,,,,,,,,,,,,,,,,,,,,,,,,,,,,,,,,,,,,,,,,,,,,,,,,,,,,,,,,,,,,,,,,,,,,,,,,,,,,,,,,,,,,,,,,,,,,,,,,,,,,,,,,,,,,,,,,,,,,,,,,,,,,,,,,,,,,,,,,,,,,,,,,,,,,,,,,,,,,,,,,,,,,,,,,,,,,,,,,,,,,,,,,,,,,,,,,,,,,,,,,,,,,,,,,,,,,,,,,,,,,,,,,,,,,,,,,,,,,,,,False,STRUCTURAL,비데이터 행,,,unknown
603,4,DEB,ENC,안동복합,F/House,1,2025-10-30 00:00:00,,3,100,,,,,취부,,0,,,,,,,,,,,,,,,,,,A 동일,8,10,,,LOAD,,,,,,,,,,,,,,,,,,,,,,,,,,,,,,,,,,,,,,,,,,,,,,,,,,,,,,,,,,,,,,,,,,,,,,,,,,,,,,,,,,,,,,,,,,,,,,,,,,,,,,,,,,,,,,,,,,,,,,,,,,,,,,,,,,,,,,,,,,,,,,,,,,,,,,,,,,,,,,,,,,,,,,,,,,,,,,,,,,,,,,,,,,,,,,,,,,,,,,,,,,,,,,,,,,,,,,,,,,,,,,,,,,,,,,,,,,,,,,,,,,,,,,,,,,,,,,,,,,,,,,,,,,,,,,,,,,,False,STRUCTURAL,비데이터 행,,,unknown
603,5,DEB,ENC,안동복합,F/House,1,2025-10-30 00:00:00,,3,100,,,,,용접,,0,,,,,,,,,,,,,,,,,,A 동일,8,10,,,,,,,,,,,,,,,,,,,,,,,,,,,,,,,,,,,,,,,,,,,,,,,,,,,,,,,,,,,,,,,,,,,,,,,,,,,,,,,,,,,,,,,,,,,,,,,,,,,,,,,,,,,,,,,,,,,,,,,,,,,,,,,,,,,,,,,,,,,,,,,,,,,,,,,,,,,,,,,,,,,,,,,,,,,,,,,,,,,,,,,,,,,,,,,,,,,,,,,,,,,,,,,,,,,,,,,,,,,,,,,,,,,,,,,,,,,,,,,,,,,,,,,,,,,,,,,,,,,,,,,,,,,,,,,,,,,,,,False,STRUCTURAL,비데이터 행,,,unknown
603,6,DEB,ENC,안동복합,F/House,1,2025-10-30 00:00:00,,3,100,,,,,조립,,0,,,,,,,,,,,,,,,,,,A 동일,8,10,,,,,,,,,,,,,,,,,,,,,,,,,,,,,,,,,,,,,,,,,,,,,,,,,,,,,,,,,,,,,,,,,,,,,,,,,,,,,,,,,,,,,,,,,,,,,,,,,,,,,,,,,,,,,,,,,,,,,,,,,,,,,,,,,,,,,,,,,,,,,,,,,,,,,,,,,,,,,,,,,,,,,,,,,,,,,,,,,,,,,,,,,,,,,,,,,,,,,,,,,,,,,,,,,,,,,,,,,,,,,,,,,,,,,,,,,,,,,,,,,,,,,,,,,,,,,,,,,,,,,,,,,,,,,,,,,,,,,,False,STRUCTURAL,비데이터 행,,,unknown
603,7,DEB,ENC,안동복합,F/House,1,2025-10-30 00:00:00,,3,100,,,,,사상,,0,,,,,,,,,,,,,,,,,,A 동일,8,10,,,,,,,,,,,,,,,,,,,,,,,,,,,,,,,,,,,,,,,,,,,,,,,,,,,,,,,,,,,,,,,,,,,,,,,,,,,,,,,,,,,,,,,,,,,,,,,,,,,,,,,,,,,,,,,,,,,,,,,,,,,,,,,,,,,,,,,,,,,,,,,,,,,,,,,,,,,,,,,,,,,,,,,,,,,,,,,,,,,,,,,,,,,,,,,,,,,,,,,,,,,,,,,,,,,,,,,,,,,,,,,,,,,,,,,,,,,,,,,,,,,,,,,,,,,,,,,,,,,,,,,,,,,,,,,,,,,,,,False,STRUCTURAL,비데이터 행,,,unknown
603,9,DEB,ENC,안동복합,F/House,1,2025-10-30 00:00:00,,3,100,,,,,실적,,,,,,,,,,,,,,,,,,,,A 동일,8,10,,,,,,,,,,,,,,,,,,,,,,,,,,,,,,,,,,,,,,,,,,,,,,,,,,,,,,,,,,,,,,,,,,,,,,,,,,,,,,,,,,,,,,,,,,,,,,,,,,,,,,,,,,,,,,,,,,,,,,,,,,,,,,,,,,,,,,,,,,,,,,,,,,,,,,,,,,,,,,,,,,,,,,,,,,,,,,,,,,,,,,,,,,,,,,,,,,,,,,,,,,,,,,,,,,,,,,,,,,,,,,,,,,,,,,,,,,,,,,,,,,,,,,,,,,,,,,,,,,,,,,,,,,,,,,,,,,,,,,False,STRUCTURAL,비데이터 행,,,unknown
604,1,HHI,SCR중,0208121,SCR-7,1,2025-11-22 00:00:00,45959,2,30,,전기,수출,5X5(B) TEST,일자,D 청림,45902,45904,45905,45919,45930,45930,45949,45959,-,2025-11-05 00:00:00,45975,45978,45979,2025-11-19 00:00:00,46091,1,,,D 청림,10,11,,,계획,45902,,45904,,45905,,45919,,45922,,45930,,45931,,45959,,45961,,45966,,45967,,45975,,45978,,45979,,45980,,46091,,,,,,,,,,,,,,,,,,,,,,,,,,,,,,,,,,,,,,,출,,,,,,,,,,,,,,,,,,,,,,,,,,,,,,,,,,,,,,,,,,,,,,,,,,,,,,,,,,,,,,,,,,,,,,,,,,,,,,,,,,,,,,,,,,,,,,,,,,,,,,,,,,,,,,,,,,,,,,,,,,,,,,,,,,,,,,,,,,,,,,,,,,,,,,,,,,,,,,,,,,,,,,,,,,,,,,,,,,,,,,,,,,,,,,,,,,,,,,,,,,,,,True,DATA_PLAN,,,,plan
604,2,HHI,SCR중,0208121,SCR-7,1,2025-11-22 00:00:00,,2,30,,,,,실행,D 청림,45882,45883,45890,45904,45909,45916,45930,45945,,2025-10-20 00:00:00,45971,45978,45980,2025-11-19 00:00:00,46091,,,,D 청림,10,11,,,,,,,,,,,,,,,,,,,,,,,,,,,,,,,,,,,,,,,,,,,,,,,,,,,,,,,,,,,,,,,,,,,,,,,,,,,,,,,,,,,,,,,,,,,,,,,,,,,,,,,,,,,,,,,,,,,,,,,,,,,,,,,,,,,,,,,,,,,,,,,,,,,,,,,,,,,,,,,,,,,,,,,,,,,,,,,,,,,,,,,,,,,,,,,,,,,,,,,,,,,,,,,,,,,,,,,,,,,,,,,,,,,,,,,,,,,,,,,,,,,,,,,,,,,,,,,,,,,,,,,,,,,,,,,,,,,,,,True,DATA_ACTUAL,,,,actual
604,3,HHI,SCR중,0208121,SCR-7,1,2025-11-22 00:00:00,,2,30,,,,,D 청림,D 청림,20,21,15,15,21,14,19,14,-,,4,0,-1,,0,,,,D 청림,10,11,,,실적,,45882,,45883,,45890,,45904,,45904,,45916,,,,45945,,,,45950,,,,45971,,45978,,45980,,45980,,46091,,,,,,,,,,,,,,,,,,,,,,,,,,,,,,,,,,,,,,,,,,,,,,,,,,,,,,,,,,,,,,,,,,,,,,,,,,,,,,,,,,,,,,,,,,,,,,,,,,,,,,,,,,,,,,,,,,,,,,,,,,,,,,,,,,,,,,,,,,,,,,,,,,,,,,,,,,,,,,,,,,,,,,,,,,,,,,,,,,,,,,,,,,,,,,,,,,,,,,,,,,,,,,,,,,,,,,,,,,,,,,,,,,,,,,,,,,,,,,,,,,,False,STRUCTURAL,비데이터 행,,,unknown
604,4,HHI,SCR중,0208121,SCR-7,1,2025-11-22 00:00:00,,2,30,,,,,취부,,0,,,,,,,,,,,,,,,,,,D 청림,10,11,,,LOAD,,,,,,,,,,,,,,,,,,,,,,,,,,,,,,,,,,,,,,,,,,,,,,,,,,,,,,,,,,,,,,,,,,,,,,,,,,,,,,,,,,,,,,,,,,,,,,,,,,,,,,,,,,,,,,,,,,,,,,,,,,,,,,,,,,,,,,,,,,,,,,,,,,,,,,,,,,,,,,,,,,,,,,,,,,,,,,,,,,,,,,,,,,,,,,,,,,,,,,,,,,,,,,,,,,,,,,,,,,,,,,,,,,,,,,,,,,,,,,,,,,,,,,,,,,,,,,,,,,,,,,,,,,,,,,,,,,,False,STRUCTURAL,비데이터 행,,,unknown
604,5,HHI,SCR중,0208121,SCR-7,1,2025-11-22 00:00:00,,2,30,,,,,용접,,0,,,,,,,,,,,,,,,,,,D 청림,10,11,,,,,,,,,,,,,,,,,,,,,,,,,,,,,,,,,,,,,,,,,,,,,,,,,,,,,,,,,,,,,,,,,,,,,,,,,,,,,,,,,,,,,,,,,,,,,,,,,,,,,,,,,,,,,,,,,,,,,,,,,,,,,,,,,,,,,,,,,,,,,,,,,,,,,,,,,,,,,,,,,,,,,,,,,,,,,,,,,,,,,,,,,,,,,,,,,,,,,,,,,,,,,,,,,,,,,,,,,,,,,,,,,,,,,,,,,,,,,,,,,,,,,,,,,,,,,,,,,,,,,,,,,,,,,,,,,,,,,,False,STRUCTURAL,비데이터 행,,,unknown
604,6,HHI,SCR중,0208121,SCR-7,1,2025-11-22 00:00:00,,2,30,,,,,조립,,0,,,,,,,,,,,,,,,,,,D 청림,10,11,,,,,,,,,,,,,,,,,,,,,,,,,,,,,,,,,,,,,,,,,,,,,,,,,,,,,,,,,,,,,,,,,,,,,,,,,,,,,,,,,,,,,,,,,,,,,,,,,,,,,,,,,,,,,,,,,,,,,,,,,,,,,,,,,,,,,,,,,,,,,,,,,,,,,,,,,,,,,,,,,,,,,,,,,,,,,,,,,,,,,,,,,,,,,,,,,,,,,,,,,,,,,,,,,,,,,,,,,,,,,,,,,,,,,,,,,,,,,,,,,,,,,,,,,,,,,,,,,,,,,,,,,,,,,,,,,,,,,,False,STRUCTURAL,비데이터 행,,,unknown
604,7,HHI,SCR중,0208121,SCR-7,1,2025-11-22 00:00:00,,2,30,,,,,사상,,0,,,,,,,,,,,,,,,,,,D 청림,10,11,,,,,,,,,,,,,,,,,,,,,,,,,,,,,,,,,,,,,,,,,,,,,,,,,,,,,,,,,,,,,,,,,,,,,,,,,,,,,,,,,,,,,,,,,,,,,,,,,,,,,,,,,,,,,,,,,,,,,,,,,,,,,,,,,,,,,,,,,,,,,,,,,,,,,,,,,,,,,,,,,,,,,,,,,,,,,,,,,,,,,,,,,,,,,,,,,,,,,,,,,,,,,,,,,,,,,,,,,,,,,,,,,,,,,,,,,,,,,,,,,,,,,,,,,,,,,,,,,,,,,,,,,,,,,,,,,,,,,,False,STRUCTURAL,비데이터 행,,,unknown
604,9,HHI,SCR중,0208121,SCR-7,1,2025-11-22 00:00:00,,2,30,,,,11/9->11/22,실적,,,,,,,,,,,,,,,,,,,,D 청림,10,11,,,,,,,,,,,,,,,,,,,,,,,,,,,,,,,,,,,,,,,,,,,,,,,,,,,,,,,,,,,,,,,,,,,,,,,,,,,,,,,,,,,,,,,,,,,,,,,,,,,,,,,,,,,,,,,,,,,,,,,,,,,,,,,,,,,,,,,,,,,,,,,,,,,,,,,,,,,,,,,,,,,,,,,,,,,,,,,,,,,,,,,,,,,,,,,,,,,,,,,,,,,,,,,,,,,,,,,,,,,,,,,,,,,,,,,,,,,,,,,,,,,,,,,,,,,,,,,,,,,,,,,,,,,,,,,,,,,,,,False,STRUCTURAL,비데이터 행,,,unknown
605,1,HHI,GV,S040 #1,VS-2,2,2025-12-20 00:00:00,45751,1,30,-,,,,일자,E 케이테크,45705,45707,45708,45723,45734,45734,45745,45751,-,2025-04-10 00:00:00,45768,45770,45772,2025-04-28 00:00:00,46081,0.98,,,E 케이테크,4,12,,,계획,45705,,45707,,45708,,45723,,45726,,45734,,45735,,45751,,45754,,45757,,45758,,45768,,45770,,45772,,45775,,46081,,,,,,,,,,,,,,,,,,,,,,,,,,,,,출,,,,,,,,,,,,,,,,,,,,,,,,,,,,,,,,,,,,,,,,,,,,,,,,,,,,,,,,,,,,,,,,,,,,,,,,,,,,,,,,,,,,,,,,,,,,,,,,,,,,,,,,,,,,,,,,,,,,,,,,,,,,,,,,,,,,,,,,,,,,,,,,,,,,,,,,,,,,,,,,,,,,,,,,,,,,,,,,,,,,,,,,,,,,,,,,,,,,,,,,,,,,,,,,,,,,,,,True,DATA_PLAN,,,,plan
605,2,HHI,GV,S040 #1,VS-2,2,2025-12-20 00:00:00,,1,30,,,,Flange 삭제 타입으로 변경 ,실행,E 케이테크,45666,45666,45674,45699,45726,45709,45735,45755,,2025-04-10 00:00:00,45769,45770,45772,2025-04-25 00:00:00,,,,,E 케이테크,4,12,,,,,,,,,,,,,,,,,,,,,,,,,,,,,,,,,,,,,,,,,,,,,,,,,,,,,,,,,,,,,,,,,,,,,,,,,,,,,,,,,,,,,,,,,,,,,,,,,,,,,,,,,,,,,,,,,,,,,,,,,,,,,,,,,,,,,,,,,,,,,,,,,,,,,,,,,,,,,,,,,,,,,,,,,,,,,,,,,,,,,,,,,,,,,,,,,,,,,,,,,,,,,,,,,,,,,,,,,,,,,,,,,,,,,,,,,,,,,,,,,,,,,,,,,,,,,,,,,,,,,,,,,,,,,,,,,,,,,,True,DATA_ACTUAL,,,,actual
605,3,HHI,GV,S040 #1,VS-2,2,2025-12-20 00:00:00,,1,30,,,,,E 케이테크,E 케이테크,39,41,34,24,8,25,10,-4,-,,-1,0,0,,,,,,E 케이테크,4,12,,,실적,,45666,,45666,,45674,,45699,,,,45709,,,,45755,,,,45757,,,,45769,,45770,,45772,,45772,,0,,,,,,,,,,,,,,,,,,,,,,,,,,,,,,,,,,,,,,,,,,,,,,,,,,,,,,,,,,,,,,,,,,,,,,,,,,,,,,,,,,,,,,,,,,,,,,,,,,,,,,,,,,,,,,,,,,,,,,,,,,,,,,,,,,,,,,,,,,,,,,,,,,,,,,,,,,,,,,,,,,,,,,,,,,,,,,,,,,,,,,,,,,,,,,,,,,,,,,,,,,,,,,,,,,,,,,,,,,,,,,,,,,,,,,,,,,,,,,,,,,,False,STRUCTURAL,비데이터 행,,,unknown
605,4,HHI,GV,S040 #1,VS-2,2,2025-12-20 00:00:00,,1,30,,,,,취부,,0,,,,,,,,,,,,,,,,,,E 케이테크,4,12,,,LOAD,,,,,,,,,,,,,,,,,,,,,,,,,,,,,,,,,,,,,,,,,,,,,,,,,,,,,,,,,,,,,,,,,,,,,,,,,,,,,,,,,,,,,,,,,,,,,,,,,,,,,,,,,,,,,,,,,,,,,,,,,,,,,,,,,,,,,,,,,,,,,,,,,,,,,,,,,,,,,,,,,,,,,,,,,,,,,,,,,,,,,,,,,,,,,,,,,,,,,,,,,,,,,,,,,,,,,,,,,,,,,,,,,,,,,,,,,,,,,,,,,,,,,,,,,,,,,,,,,,,,,,,,,,,,,,,,,,,False,STRUCTURAL,비데이터 행,,,unknown
605,5,HHI,GV,S040 #1,VS-2,2,2025-12-20 00:00:00,,1,30,,,,,용접,,0,,,,,,,,,,,,,,,,,,E 케이테크,4,12,,,,,,,,,,,,,,,,,,,,,,,,,,,,,,,,,,,,,,,,,,,,,,,,,,,,,,,,,,,,,,,,,,,,,,,,,,,,,,,,,,,,,,,,,,,,,,,,,,,,,,,,,,,,,,,,,,,,,,,,,,,,,,,,,,,,,,,,,,,,,,,,,,,,,,,,,,,,,,,,,,,,,,,,,,,,,,,,,,,,,,,,,,,,,,,,,,,,,,,,,,,,,,,,,,,,,,,,,,,,,,,,,,,,,,,,,,,,,,,,,,,,,,,,,,,,,,,,,,,,,,,,,,,,,,,,,,,,,,False,STRUCTURAL,비데이터 행,,,unknown
605,6,HHI,GV,S040 #1,VS-2,2,2025-12-20 00:00:00,,1,30,,,,,조립,,0,,,,,,,,,,,,,,,,,,E 케이테크,4,12,,,,,,,,,,,,,,,,,,,,,,,,,,,,,,,,,,,,,,,,,,,,,,,,,,,,,,,,,,,,,,,,,,,,,,,,,,,,,,,,,,,,,,,,,,,,,,,,,,,,,,,,,,,,,,,,,,,,,,,,,,,,,,,,,,,,,,,,,,,,,,,,,,,,,,,,,,,,,,,,,,,,,,,,,,,,,,,,,,,,,,,,,,,,,,,,,,,,,,,,,,,,,,,,,,,,,,,,,,,,,,,,,,,,,,,,,,,,,,,,,,,,,,,,,,,,,,,,,,,,,,,,,,,,,,,,,,,,,,False,STRUCTURAL,비데이터 행,,,unknown
605,7,HHI,GV,S040 #1,VS-2,2,2025-12-20 00:00:00,,1,30,,,,,사상,,0,,,,,,,,,,,,,,,,,,E 케이테크,4,12,,,,,,,,,,,,,,,,,,,,,,,,,,,,,,,,,,,,,,,,,,,,,,,,,,,,,,,,,,,,,,,,,,,,,,,,,,,,,,,,,,,,,,,,,,,,,,,,,,,,,,,,,,,,,,,,,,,,,,,,,,,,,,,,,,,,,,,,,,,,,,,,,,,,,,,,,,,,,,,,,,,,,,,,,,,,,,,,,,,,,,,,,,,,,,,,,,,,,,,,,,,,,,,,,,,,,,,,,,,,,,,,,,,,,,,,,,,,,,,,,,,,,,,,,,,,,,,,,,,,,,,,,,,,,,,,,,,,,,False,STRUCTURAL,비데이터 행,,,unknown
605,9,HHI,GV,S040 #1,VS-2,2,2025-12-20 00:00:00,,1,30,,,,,실적,,,,,,,,,,,,,,,,,,,,E 케이테크,4,12,,,,,,,,,,,,,,,,,,,,,,,,,,,,,,,,,,,,,,,,,,,,,,,,,,,,,,,,,,,,,,,,,,,,,,,,,,,,,,,,,,,,,,,,,,,,,,,,,,,,,,,,,,,,,,,,,,,,,,,,,,,,,,,,,,,,,,,,,,,,,,,,,,,,,,,,,,,,,,,,,,,,,,,,,,,,,,,,,,,,,,,,,,,,,,,,,,,,,,,,,,,,,,,,,,,,,,,,,,,,,,,,,,,,,,,,,,,,,,,,,,,,,,,,,,,,,,,,,,,,,,,,,,,,,,,,,,,,,,False,STRUCTURAL,비데이터 행,,,unknown
606,1,HHI,SCR중,N291,SCR-7,2,2025-12-29 00:00:00,45994,2,30,,전기,X,4X4(B) 1SET,일자,C 에이스,45944,45946,45947,45961,45972,45972,45987,45994,-,2025-12-10 00:00:00,46010,46013,46014,2025-12-24 00:00:00,46091,1,,,C 에이스,12,12,,,계획,45944,,45946,,45947,,45961,,45964,,45972,,45973,,45994,,45996,,46001,,46002,,46010,,46013,,46014,,46015,,46091,,,,,,,,,,,,,,,,,,,,,,,,,,,,,,,,,,,,,,,출,,,,,,,,,,,,,,,,,,,,,,,,,,,,,,,,,,,,,,,,,,,,,,,,,,,,,,,,,,,,,,,,,,,,,,,,,,,,,,,,,,,,,,,,,,,,,,,,,,,,,,,,,,,,,,,,,,,,,,,,,,,,,,,,,,,,,,,,,,,,,,,,,,,,,,,,,,,,,,,,,,,,,,,,,,,,,,,,,,,,,,,,,,,,,,,,,,,,,,,,,,,,,True,DATA_PLAN,,,,plan
606,2,HHI,SCR중,N291,SCR-7,2,2025-12-29 00:00:00,,2,30,,,,5X5(B) 1SET,실행,C 에이스,45818,45820,45889,45902,45903,45910,45919,45931,,2025-10-04 00:00:00,45964,46001,46002,2025-12-22 00:00:00,46086,,,,C 에이스,12,12,,,,,,,,,,,,,,,,,,,,,,,,,,,,,,,,,,,,,,,,,,,,,,,,,,,,,,,,,,,,,,,,,,,,,,,,,,,,,,,,,,,,,,,,,,,,,,,,,,,,,,,,,,,,,,,,,,,,,,,,,,,,,,,,,,,,,,,,,,,,,,,,,,,,,,,,,,,,,,,,,,,,,,,,,,,,,,,,,,,,,,,,,,,,,,,,,,,,,,,,,,,,,,,,,,,,,,,,,,,,,,,,,,,,,,,,,,,,,,,,,,,,,,,,,,,,,,,,,,,,,,,,,,,,,,,,,,,,,,True,DATA_ACTUAL,,,,actual
606,3,HHI,SCR중,N291,SCR-7,2,2025-12-29 00:00:00,,2,30,,,,나머지 물량 11/12 TEST,C 에이스,C 에이스,126,126,58,59,69,62,68,63,-,,46,12,12,,5,,,,C 에이스,12,12,,,실적,,45818,,45820,,45889,,45902,,45902,,45910,,,,45931,,,,45934,,,,45964,,46001,,46002,,46013,,46086,,,,,,,,,,,,,,,,,,,,,,,,,,,,,,,,,,,,,,,,,,,,,,,,,,,,,,,,,,,,,,,,,,,,,,,,,,,,,,,,,,,,,,,,,,,,,,,,,,,,,,,,,,,,,,,,,,,,,,,,,,,,,,,,,,,,,,,,,,,,,,,,,,,,,,,,,,,,,,,,,,,,,,,,,,,,,,,,,,,,,,,,,,,,,,,,,,,,,,,,,,,,,,,,,,,,,,,,,,,,,,,,,,,,,,,,,,,,,,,,,,,False,STRUCTURAL,비데이터 행,,,unknown
606,4,HHI,SCR중,N291,SCR-7,2,2025-12-29 00:00:00,,2,30,,,,,취부,,0,,,,,,,,,,,,,,,,,,C 에이스,12,12,,,LOAD,,,,,,,,,,,,,,,,,,,,,,,,,,,,,,,,,,,,,,,,,,,,,,,,,,,,,,,,,,,,,,,,,,,,,,,,,,,,,,,,,,,,,,,,,,,,,,,,,,,,,,,,,,,,,,,,,,,,,,,,,,,,,,,,,,,,,,,,,,,,,,,,,,,,,,,,,,,,,,,,,,,,,,,,,,,,,,,,,,,,,,,,,,,,,,,,,,,,,,,,,,,,,,,,,,,,,,,,,,,,,,,,,,,,,,,,,,,,,,,,,,,,,,,,,,,,,,,,,,,,,,,,,,,,,,,,,,,False,STRUCTURAL,비데이터 행,,,unknown
606,5,HHI,SCR중,N291,SCR-7,2,2025-12-29 00:00:00,,2,30,,,,,용접,,0,,,,,,,,,,,,,,,,,,C 에이스,12,12,,,,,,,,,,,,,,,,,,,,,,,,,,,,,,,,,,,,,,,,,,,,,,,,,,,,,,,,,,,,,,,,,,,,,,,,,,,,,,,,,,,,,,,,,,,,,,,,,,,,,,,,,,,,,,,,,,,,,,,,,,,,,,,,,,,,,,,,,,,,,,,,,,,,,,,,,,,,,,,,,,,,,,,,,,,,,,,,,,,,,,,,,,,,,,,,,,,,,,,,,,,,,,,,,,,,,,,,,,,,,,,,,,,,,,,,,,,,,,,,,,,,,,,,,,,,,,,,,,,,,,,,,,,,,,,,,,,,,,False,STRUCTURAL,비데이터 행,,,unknown
606,6,HHI,SCR중,N291,SCR-7,2,2025-12-29 00:00:00,,2,30,,,,,조립,,0,,,,,,,,,,,,,,,,,,C 에이스,12,12,,,,,,,,,,,,,,,,,,,,,,,,,,,,,,,,,,,,,,,,,,,,,,,,,,,,,,,,,,,,,,,,,,,,,,,,,,,,,,,,,,,,,,,,,,,,,,,,,,,,,,,,,,,,,,,,,,,,,,,,,,,,,,,,,,,,,,,,,,,,,,,,,,,,,,,,,,,,,,,,,,,,,,,,,,,,,,,,,,,,,,,,,,,,,,,,,,,,,,,,,,,,,,,,,,,,,,,,,,,,,,,,,,,,,,,,,,,,,,,,,,,,,,,,,,,,,,,,,,,,,,,,,,,,,,,,,,,,,,False,STRUCTURAL,비데이터 행,,,unknown
606,7,HHI,SCR중,N291,SCR-7,2,2025-12-29 00:00:00,,2,30,,,,,사상,,0,,,,,,,,,,,,,,,,,,C 에이스,12,12,,,,,,,,,,,,,,,,,,,,,,,,,,,,,,,,,,,,,,,,,,,,,,,,,,,,,,,,,,,,,,,,,,,,,,,,,,,,,,,,,,,,,,,,,,,,,,,,,,,,,,,,,,,,,,,,,,,,,,,,,,,,,,,,,,,,,,,,,,,,,,,,,,,,,,,,,,,,,,,,,,,,,,,,,,,,,,,,,,,,,,,,,,,,,,,,,,,,,,,,,,,,,,,,,,,,,,,,,,,,,,,,,,,,,,,,,,,,,,,,,,,,,,,,,,,,,,,,,,,,,,,,,,,,,,,,,,,,,,False,STRUCTURAL,비데이터 행,,,unknown
606,9,HHI,SCR중,N291,SCR-7,2,2025-12-29 00:00:00,,2,30,,,,,실적,,,,,,,,,,,,,,,,,,,,C 에이스,12,12,,,,,,,,,,,,,,,,,,,,,,,,,,,,,,,,,,,,,,,,,,,,,,,,,,,,,,,,,,,,,,,,,,,,,,,,,,,,,,,,,,,,,,,,,,,,,,,,,,,,,,,,,,,,,,,,,,,,,,,,,,,,,,,,,,,,,,,,,,,,,,,,,,,,,,,,,,,,,,,,,,,,,,,,,,,,,,,,,,,,,,,,,,,,,,,,,,,,,,,,,,,,,,,,,,,,,,,,,,,,,,,,,,,,,,,,,,,,,,,,,,,,,,,,,,,,,,,,,,,,,,,,,,,,,,,,,,,,,,False,STRUCTURAL,비데이터 행,,,unknown
607,1,HHI,EGP,S041,VS-2,4,2025-12-30 00:00:00,46000,5,20,,,,외부함석 없음,일자,F JK플랜트,45952,45959,45960,45974,45985,45985,45995,46000,-,2025-12-12 00:00:00,46017,46020,46021,2025-12-30 00:00:00,46091,1,,,F JK플랜트,12,12,,,계획,45952,,45959,,45960,,45974,,45975,,45985,,45986,,46000,,46002,,46003,,46006,,46017,,46020,,46021,,46021,,46091,,,,,,,,,,,,,,,,,,,,,,,,,,,,,,,,,,,,,,,출,,,,,,,,,,,,,,,,,,,,,,,,,,,,,,,,,,,,,,,,,,,,,,,,,,,,,,,,,,,,,,,,,,,,,,,,,,,,,,,,,,,,,,,,,,,,,,,,,,,,,,,,,,,,,,,,,,,,,,,,,,,,,,,,,,,,,,,,,,,,,,,,,,,,,,,,,,,,,,,,,,,,,,,,,,,,,,,,,,,,,,,,,,,,,,,,,,,,,,,,,,,,,True,DATA_PLAN,,,,plan
607,2,HHI,EGP,S041,VS-2,4,2025-12-30 00:00:00,,5,20,,,,,실행,F JK플랜트,45943,45943,45944,45958,45965,45966,45976,45982,,2025-11-25 00:00:00,46014,46020,46021,2025-12-30 00:00:00,46112,,,,F JK플랜트,12,12,,,,,,,,,,,,,,,,,,,,,,,,,,,,,,,,,,,,,,,,,,,,,,,,,,,,,,,,,,,,,,,,,,,,,,,,,,,,,,,,,,,,,,,,,,,,,,,,,,,,,,,,,,,,,,,,,,,,,,,,,,,,,,,,,,,,,,,,,,,,,,,,,,,,,,,,,,,,,,,,,,,,,,,,,,,,,,,,,,,,,,,,,,,,,,,,,,,,,,,,,,,,,,,,,,,,,,,,,,,,,,,,,,,,,,,,,,,,,,,,,,,,,,,,,,,,,,,,,,,,,,,,,,,,,,,,,,,,,,True,DATA_ACTUAL,,,,actual
607,3,HHI,EGP,S041,VS-2,4,2025-12-30 00:00:00,,5,20,,,,,F JK플랜트,F JK플랜트,9,16,16,16,20,19,19,18,-,,3,0,0,,-21,,,,F JK플랜트,12,12,,,실적,,45943,,45943,,45944,,45958,,,,45966,,,,45982,,,,45986,,,,46014,,46020,,46021,,46021,,46112,,,,,,,,,,,,,,,,,,,,,,,,,,,,,,,,,,,,,,,,,,,,,,,,,,,,,,,,,,,,,,,,,,,,,,,,,,,,,,,,,,,,,,,,,,,,,,,,,,,,,,,,,,,,,,,,,,,,,,,,,,,,,,,,,,,,,,,,,,,,,,,,,,,,,,,,,,,,,,,,,,,,,,,,,,,,,,,,,,,,,,,,,,,,,,,,,,,,,,,,,,,,,,,,,,,,,,,,,,,,,,,,,,,,,,,,,,,,,,,,,,,False,STRUCTURAL,비데이터 행,,,unknown
607,4,HHI,EGP,S041,VS-2,4,2025-12-30 00:00:00,,5,20,,,,,취부,,0,,,,,,,,,,,,,,,,,,F JK플랜트,12,12,,,LOAD,,,,,,,,,,,,,,,,,,,,,,,,,,,,,,,,,,,,,,,,,,,,,,,,,,,,,,,,,,,,,,,,,,,,,,,,,,,,,,,,,,,,,,,,,,,,,,,,,,,,,,,,,,,,,,,,,,,,,,,,,,,,,,,,,,,,,,,,,,,,,,,,,,,,,,,,,,,,,,,,,,,,,,,,,,,,,,,,,,,,,,,,,,,,,,,,,,,,,,,,,,,,,,,,,,,,,,,,,,,,,,,,,,,,,,,,,,,,,,,,,,,,,,,,,,,,,,,,,,,,,,,,,,,,,,,,,,,False,STRUCTURAL,비데이터 행,,,unknown
607,5,HHI,EGP,S041,VS-2,4,2025-12-30 00:00:00,,5,20,,,,,용접,,0,,,,,,,,,,,,,,,,,,F JK플랜트,12,12,,,,,,,,,,,,,,,,,,,,,,,,,,,,,,,,,,,,,,,,,,,,,,,,,,,,,,,,,,,,,,,,,,,,,,,,,,,,,,,,,,,,,,,,,,,,,,,,,,,,,,,,,,,,,,,,,,,,,,,,,,,,,,,,,,,,,,,,,,,,,,,,,,,,,,,,,,,,,,,,,,,,,,,,,,,,,,,,,,,,,,,,,,,,,,,,,,,,,,,,,,,,,,,,,,,,,,,,,,,,,,,,,,,,,,,,,,,,,,,,,,,,,,,,,,,,,,,,,,,,,,,,,,,,,,,,,,,,,,False,STRUCTURAL,비데이터 행,,,unknown
607,6,HHI,EGP,S041,VS-2,4,2025-12-30 00:00:00,,5,20,,,,,조립,,0,,,,,,,,,,,,,,,,,,F JK플랜트,12,12,,,,,,,,,,,,,,,,,,,,,,,,,,,,,,,,,,,,,,,,,,,,,,,,,,,,,,,,,,,,,,,,,,,,,,,,,,,,,,,,,,,,,,,,,,,,,,,,,,,,,,,,,,,,,,,,,,,,,,,,,,,,,,,,,,,,,,,,,,,,,,,,,,,,,,,,,,,,,,,,,,,,,,,,,,,,,,,,,,,,,,,,,,,,,,,,,,,,,,,,,,,,,,,,,,,,,,,,,,,,,,,,,,,,,,,,,,,,,,,,,,,,,,,,,,,,,,,,,,,,,,,,,,,,,,,,,,,,,,False,STRUCTURAL,비데이터 행,,,unknown
607,7,HHI,EGP,S041,VS-2,4,2025-12-30 00:00:00,,5,20,,,,,사상,,0,,,,,,,,,,,,,,,,,,F JK플랜트,12,12,,,,,,,,,,,,,,,,,,,,,,,,,,,,,,,,,,,,,,,,,,,,,,,,,,,,,,,,,,,,,,,,,,,,,,,,,,,,,,,,,,,,,,,,,,,,,,,,,,,,,,,,,,,,,,,,,,,,,,,,,,,,,,,,,,,,,,,,,,,,,,,,,,,,,,,,,,,,,,,,,,,,,,,,,,,,,,,,,,,,,,,,,,,,,,,,,,,,,,,,,,,,,,,,,,,,,,,,,,,,,,,,,,,,,,,,,,,,,,,,,,,,,,,,,,,,,,,,,,,,,,,,,,,,,,,,,,,,,,False,STRUCTURAL,비데이터 행,,,unknown
607,9,HHI,EGP,S041,VS-2,4,2025-12-30 00:00:00,,5,20,,,,,실적,,,,,,,,,,,,,,,,,,,,F JK플랜트,12,12,,,,,,,,,,,,,,,,,,,,,,,,,,,,,,,,,,,,,,,,,,,,,,,,,,,,,,,,,,,,,,,,,,,,,,,,,,,,,,,,,,,,,,,,,,,,,,,,,,,,,,,,,,,,,,,,,,,,,,,,,,,,,,,,,,,,,,,,,,,,,,,,,,,,,,,,,,,,,,,,,,,,,,,,,,,,,,,,,,,,,,,,,,,,,,,,,,,,,,,,,,,,,,,,,,,,,,,,,,,,,,,,,,,,,,,,,,,,,,,,,,,,,,,,,,,,,,,,,,,,,,,,,,,,,,,,,,,,,,False,STRUCTURAL,비데이터 행,,,unknown
608,1,HHI,GV,S041 #2,VS-2,2,2025-12-31 00:00:00,45995,1,30,,,,,일자,E 케이테크,45950,45952,45953,45967,45978,45978,45989,45995,-,2025-12-10 00:00:00,46010,46014,46017,2025-12-29 00:00:00,46091,0.98,,,E 케이테크,12,12,,,계획,45950,,45952,,45953,,45967,,45968,,45978,,45979,,45995,,45996,,46001,,46002,,46010,,46014,,46017,,46020,,46091,,,,,,,,,,,,,,,,,,,,,,,,,,,,,,,,,,,,,,,출,,,,,,,,,,,,,,,,,,,,,,,,,,,,,,,,,,,,,,,,,,,,,,,,,,,,,,,,,,,,,,,,,,,,,,,,,,,,,,,,,,,,,,,,,,,,,,,,,,,,,,,,,,,,,,,,,,,,,,,,,,,,,,,,,,,,,,,,,,,,,,,,,,,,,,,,,,,,,,,,,,,,,,,,,,,,,,,,,,,,,,,,,,,,,,,,,,,,,,,,,,,,,True,DATA_PLAN,,,,plan
608,2,HHI,GV,S041 #2,VS-2,2,2025-12-31 00:00:00,,1,30,,,,,실행,E 케이테크,1//9,45666,45674,45699,45726,45709,45985,45993,,2025-12-10 00:00:00,46010,46014,46017,2025-12-29 00:00:00,,,,,E 케이테크,12,12,,,,,,,,,,,,,,,,,,,,,,,,,,,,,,,,,,,,,,,,,,,,,,,,,,,,,,,,,,,,,,,,,,,,,,,,,,,,,,,,,,,,,,,,,,,,,,,,,,,,,,,,,,,,,,,,,,,,,,,,,,,,,,,,,,,,,,,,,,,,,,,,,,,,,,,,,,,,,,,,,,,,,,,,,,,,,,,,,,,,,,,,,,,,,,,,,,,,,,,,,,,,,,,,,,,,,,,,,,,,,,,,,,,,,,,,,,,,,,,,,,,,,,,,,,,,,,,,,,,,,,,,,,,,,,,,,,,,,,True,DATA_ACTUAL,,,,actual
608,3,HHI,GV,S041 #2,VS-2,2,2025-12-31 00:00:00,,1,30,,,,,E 케이테크,E 케이테크,,286,279,268,252,269,4,2,-,,0,0,0,,,,,,E 케이테크,12,12,,,실적,,1//9,,45666,,45674,,45699,,,,45709,,,,45993,,,,46001,,,,46010,,46014,,46017,,46020,,0,,,,,,,,,,,,,,,,,,,,,,,,,,,,,,,,,,,,,,,,,,,,,,,,,,,,,,,,,,,,,,,,,,,,,,,,,,,,,,,,,,,,,,,,,,,,,,,,,,,,,,,,,,,,,,,,,,,,,,,,,,,,,,,,,,,,,,,,,,,,,,,,,,,,,,,,,,,,,,,,,,,,,,,,,,,,,,,,,,,,,,,,,,,,,,,,,,,,,,,,,,,,,,,,,,,,,,,,,,,,,,,,,,,,,,,,,,,,,,,,,,,False,STRUCTURAL,비데이터 행,,,unknown
608,4,HHI,GV,S041 #2,VS-2,2,2025-12-31 00:00:00,,1,30,,,,,취부,,0,,,,,,,,,,,,,,,,,,E 케이테크,12,12,,,LOAD,,,,,,,,,,,,,,,,,,,,,,,,,,,,,,,,,,,,,,,,,,,,,,,,,,,,,,,,,,,,,,,,,,,,,,,,,,,,,,,,,,,,,,,,,,,,,,,,,,,,,,,,,,,,,,,,,,,,,,,,,,,,,,,,,,,,,,,,,,,,,,,,,,,,,,,,,,,,,,,,,,,,,,,,,,,,,,,,,,,,,,,,,,,,,,,,,,,,,,,,,,,,,,,,,,,,,,,,,,,,,,,,,,,,,,,,,,,,,,,,,,,,,,,,,,,,,,,,,,,,,,,,,,,,,,,,,,,False,STRUCTURAL,비데이터 행,,,unknown
608,5,HHI,GV,S041 #2,VS-2,2,2025-12-31 00:00:00,,1,30,,,,,용접,,0,,,,,,,,,,,,,,,,,,E 케이테크,12,12,,,,,,,,,,,,,,,,,,,,,,,,,,,,,,,,,,,,,,,,,,,,,,,,,,,,,,,,,,,,,,,,,,,,,,,,,,,,,,,,,,,,,,,,,,,,,,,,,,,,,,,,,,,,,,,,,,,,,,,,,,,,,,,,,,,,,,,,,,,,,,,,,,,,,,,,,,,,,,,,,,,,,,,,,,,,,,,,,,,,,,,,,,,,,,,,,,,,,,,,,,,,,,,,,,,,,,,,,,,,,,,,,,,,,,,,,,,,,,,,,,,,,,,,,,,,,,,,,,,,,,,,,,,,,,,,,,,,,,False,STRUCTURAL,비데이터 행,,,unknown
608,6,HHI,GV,S041 #2,VS-2,2,2025-12-31 00:00:00,,1,30,,,,,조립,,0,,,,,,,,,,,,,,,,,,E 케이테크,12,12,,,,,,,,,,,,,,,,,,,,,,,,,,,,,,,,,,,,,,,,,,,,,,,,,,,,,,,,,,,,,,,,,,,,,,,,,,,,,,,,,,,,,,,,,,,,,,,,,,,,,,,,,,,,,,,,,,,,,,,,,,,,,,,,,,,,,,,,,,,,,,,,,,,,,,,,,,,,,,,,,,,,,,,,,,,,,,,,,,,,,,,,,,,,,,,,,,,,,,,,,,,,,,,,,,,,,,,,,,,,,,,,,,,,,,,,,,,,,,,,,,,,,,,,,,,,,,,,,,,,,,,,,,,,,,,,,,,,,,False,STRUCTURAL,비데이터 행,,,unknown
608,7,HHI,GV,S041 #2,VS-2,2,2025-12-31 00:00:00,,1,30,,,,,사상,,0,,,,,,,,,,,,,,,,,,E 케이테크,12,12,,,,,,,,,,,,,,,,,,,,,,,,,,,,,,,,,,,,,,,,,,,,,,,,,,,,,,,,,,,,,,,,,,,,,,,,,,,,,,,,,,,,,,,,,,,,,,,,,,,,,,,,,,,,,,,,,,,,,,,,,,,,,,,,,,,,,,,,,,,,,,,,,,,,,,,,,,,,,,,,,,,,,,,,,,,,,,,,,,,,,,,,,,,,,,,,,,,,,,,,,,,,,,,,,,,,,,,,,,,,,,,,,,,,,,,,,,,,,,,,,,,,,,,,,,,,,,,,,,,,,,,,,,,,,,,,,,,,,,False,STRUCTURAL,비데이터 행,,,unknown
608,9,HHI,GV,S041 #2,VS-2,2,2025-12-31 00:00:00,,1,30,,,,,실적,,,,,,,,,,,,,,,,,,,,E 케이테크,12,12,,,,,,,,,,,,,,,,,,,,,,,,,,,,,,,,,,,,,,,,,,,,,,,,,,,,,,,,,,,,,,,,,,,,,,,,,,,,,,,,,,,,,,,,,,,,,,,,,,,,,,,,,,,,,,,,,,,,,,,,,,,,,,,,,,,,,,,,,,,,,,,,,,,,,,,,,,,,,,,,,,,,,,,,,,,,,,,,,,,,,,,,,,,,,,,,,,,,,,,,,,,,,,,,,,,,,,,,,,,,,,,,,,,,,,,,,,,,,,,,,,,,,,,,,,,,,,,,,,,,,,,,,,,,,,,,,,,,,,False,STRUCTURAL,비데이터 행,,,unknown
609,1,HHI,EGP,H2860,EGP-2,5,2026-01-05 00:00:00,45989,5,20,,,,"8H_2,7H_2,9H_1set",일자,F JK플랜트,45931,45945,45946,45960,45971,45971,45983,45989,-,2025-12-08 00:00:00,46017,46020,46021,2025-12-31 00:00:00,46024,1,,,F JK플랜트,11,1,,,계획,45931,,45945,,45946,,45960,,45961,,45971,,45972,,45989,,45994,,45999,,45996,,46017,,46020,,46021,,46022,,46024,,,,,,,,,,,,,,,,,,,,,,,,,,,,,,,,,,,,,,,,,,,,,,,,,,,,,,,,,,,,,,,,,,,,,,,,,,,,,,,,,,,,,,,,,,,,,,,,,,,,,,,,,,,,,,,,,,,,,,,,,,,,,,,,,,,,,,,,,,,,,,,,,,,,,,,,,,,,,,,,,,,,,,,,,,,,,,,,,,,,,,,,,,,,,,,,,,,,,,,,,,,,,,,,,,,,,,,,,,,,,,,,,,,,,,,,,,,,,,,,,,,,True,DATA_PLAN,,,,plan
609,2,HHI,EGP,H2860,EGP-2,5,2026-01-05 00:00:00,,5,20,,,,3/20->12/8->1/5,실행,F JK플랜트,45932,45943,45944,45947,45987,45952,45961,45994,,2025-12-08 00:00:00,46025,46027,46028,2026-01-08 00:00:00,46083,,,,F JK플랜트,11,1,,,,,,,,,,,,,,,,,,,,,,,,,,,,,,,,,,,,,,,,,,,,,,,,,,,,,,,,,,,,,,,,,,,,,,,,,,,,,,,,,,,,,,,,,,,,,,,,,,,,,,,,,,,,,,,,,,,,,,,,,,,,,,,,,,,,,,,,,,,,,,,,,,,,,,,,,,,,,,,,,,,,,,,,,,,,,,,,,,,,,,,,,,,,,,,,,,,,,,,,,,,,,,,,,,,,,,,,,,,,,,,,,,,,,,,,,,,,,,,,,,,,,,,,,,,,,,,,,,,,,,,,,,,,,,,,,,,,,,True,DATA_ACTUAL,,,,actual
609,3,HHI,EGP,H2860,EGP-2,5,2026-01-05 00:00:00,,5,20,,,,,F JK플랜트,F JK플랜트,-1,2,2,13,-16,19,22,-5,-,,-8,-7,-7,,-59,,,,F JK플랜트,11,1,,,실적,,45932,,45943,,45944,,45947,,,,45952,,,,45994,,,,45999,,,,46025,,46027,,46028,,46030,,46083,,,,,,,,,,,,,,,,,,,,,,,,,,,,,,,,,,,,,,,,,,,,,,,,,,,,,,,,,,,,,,,,,,,,,,,,,,,,,,,,,,,,,,,,,,,,,,,,,,,,,,,,,,,,,,,,,,,,,,,,,,,,,,,,,,,,,,,,,,,,,,,,,,,,,,,,,,,,,,,,,,,,,,,,,,,,,,,,,,,,,,,,,,,,,,,,,,,,,,,,,,,,,,,,,,,,,,,,,,,,,,,,,,,,,,,,,,,,,,,,,,,False,STRUCTURAL,비데이터 행,,,unknown
609,4,HHI,EGP,H2860,EGP-2,5,2026-01-05 00:00:00,,5,20,,,,,취부,,0,,,,,,,,,,,,,,,,,,F JK플랜트,11,1,,,LOAD,,,,,,,,,,,,,,,,,,,,,,,,,,,,,,,,,,,,,,,,,,,,,,,,,,,,,,,,,,,,,,,,,,,,,,,,,,,,,,,,,,,,,,,,,,,,,,,,,,,,,,,,,,,,,,,,,,,,,,,,,,,,,,,,,,,,,,,,,,,,,,,,,,,,,,,,,,,,,,,,,,,,,,,,,,,,,,,,,,,,,,,,,,,,,,,,,,,,,,,,,,,,,,,,,,,,,,,,,,,,,,,,,,,,,,,,,,,,,,,,,,,,,,,,,,,,,,,,,,,,,,,,,,,,,,,,,,,False,STRUCTURAL,비데이터 행,,,unknown
609,5,HHI,EGP,H2860,EGP-2,5,2026-01-05 00:00:00,,5,20,,,,,용접,,0,,,,,,,,,,,,,,,,,,F JK플랜트,11,1,,,,,,,,,,,,,,,,,,,,,,,,,,,,,,,,,,,,,,,,,,,,,,,,,,,,,,,,,,,,,,,,,,,,,,,,,,,,,,,,,,,,,,,,,,,,,,,,,,,,,,,,,,,,,,,,,,,,,,,,,,,,,,,,,,,,,,,,,,,,,,,,,,,,,,,,,,,,,,,,,,,,,,,,,,,,,,,,,,,,,,,,,,,,,,,,,,,,,,,,,,,,,,,,,,,,,,,,,,,,,,,,,,,,,,,,,,,,,,,,,,,,,,,,,,,,,,,,,,,,,,,,,,,,,,,,,,,,,,False,STRUCTURAL,비데이터 행,,,unknown
609,6,HHI,EGP,H2860,EGP-2,5,2026-01-05 00:00:00,,5,20,,,,,조립,,0,,,,,,,,,,,,,,,,,,F JK플랜트,11,1,,,,,,,,,,,,,,,,,,,,,,,,,,,,,,,,,,,,,,,,,,,,,,,,,,,,,,,,,,,,,,,,,,,,,,,,,,,,,,,,,,,,,,,,,,,,,,,,,,,,,,,,,,,,,,,,,,,,,,,,,,,,,,,,,,,,,,,,,,,,,,,,,,,,,,,,,,,,,,,,,,,,,,,,,,,,,,,,,,,,,,,,,,,,,,,,,,,,,,,,,,,,,,,,,,,,,,,,,,,,,,,,,,,,,,,,,,,,,,,,,,,,,,,,,,,,,,,,,,,,,,,,,,,,,,,,,,,,,,False,STRUCTURAL,비데이터 행,,,unknown
609,7,HHI,EGP,H2860,EGP-2,5,2026-01-05 00:00:00,,5,20,,,,,사상,,0,,,,,,,,,,,,,,,,,,F JK플랜트,11,1,,,,,,,,,,,,,,,,,,,,,,,,,,,,,,,,,,,,,,,,,,,,,,,,,,,,,,,,,,,,,,,,,,,,,,,,,,,,,,,,,,,,,,,,,,,,,,,,,,,,,,,,,,,,,,,,,,,,,,,,,,,,,,,,,,,,,,,,,,,,,,,,,,,,,,,,,,,,,,,,,,,,,,,,,,,,,,,,,,,,,,,,,,,,,,,,,,,,,,,,,,,,,,,,,,,,,,,,,,,,,,,,,,,,,,,,,,,,,,,,,,,,,,,,,,,,,,,,,,,,,,,,,,,,,,,,,,,,,,False,STRUCTURAL,비데이터 행,,,unknown
609,9,HHI,EGP,H2860,EGP-2,5,2026-01-05 00:00:00,,5,20,,,,,실적,,,,,,,,,,,,,,,,,,,,F JK플랜트,11,1,,,,,,,,,,,,,,,,,,,,,,,,,,,,,,,,,,,,,,,,,,,,,,,,,,,,,,,,,,,,,,,,,,,,,,,,,,,,,,,,,,,,,,,,,,,,,,,,,,,,,,,,,,,,,,,,,,,,,,,,,,,,,,,,,,,,,,,,,,,,,,,,,,,,,,,,,,,,,,,,,,,,,,,,,,,,,,,,,,,,,,,,,,,,,,,,,,,,,,,,,,,,,,,,,,,,,,,,,,,,,,,,,,,,,,,,,,,,,,,,,,,,,,,,,,,,,,,,,,,,,,,,,,,,,,,,,,,,,,False,STRUCTURAL,비데이터 행,,,unknown
610,1,HHI,SCR중,AA046M,SCR-8,4,2026-01-07 00:00:00,46002,2,30,,전기,수출,"4X4(2),4X3(2)",일자,C 에이스,45952,45954,45957,45971,45980,45980,45995,46002,-,2025-12-18 00:00:00,46021,46022,46024,2026-01-05 00:00:00,46028,1,,,C 에이스,12,1,,,계획,45952,,45954,,45957,,45971,,45972,,45980,,45981,,46002,,46006,,46009,,46010,,46021,,46022,,46024,,46027,,46028,,,,,,,,,,,,,,,,,,,,,,,,,,,,,,,,,,,,,,,,,,,,,,,,,,,,,,,,,,,,,,,,,,,,,,,,,,,,,,,,,,,,,,,,,,,,,,,,,,,,,,,,,,,,,,,,,,,,,,,,,,,,,,,,,,,,,,,,,,,,,,,,,,,,,,,,,,,,,,,,,,,,,,,,,,,,,,,,,,,,,,,,,,,,,,,,,,,,,,,,,,,,,,,,,,,,,,,,,,,,,,,,,,,,,,,,,,,,,,,,,,,,True,DATA_PLAN,,,,plan
610,2,HHI,SCR중,AA046M,SCR-8,4,2026-01-07 00:00:00,,2,30,,,,,실행,C 에이스,45742,45744,45946,45960,45967,45966,45975,45987,,2025-12-01 00:00:00,46015,46015,46017,2025-12-29 00:00:00,46093,,,,C 에이스,12,1,,,,,,,,,,,,,,,,,,,,,,,,,,,,,,,,,,,,,,,,,,,,,,,,,,,,,,,,,,,,,,,,,,,,,,,,,,,,,,,,,,,,,,,,,,,,,,,,,,,,,,,,,,,,,,,,,,,,,,,,,,,,,,,,,,,,,,,,,,,,,,,,,,,,,,,,,,,,,,,,,,,,,,,,,,,,,,,,,,,,,,,,,,,,,,,,,,,,,,,,,,,,,,,,,,,,,,,,,,,,,,,,,,,,,,,,,,,,,,,,,,,,,,,,,,,,,,,,,,,,,,,,,,,,,,,,,,,,,,True,DATA_ACTUAL,,,,actual
610,3,HHI,SCR중,AA046M,SCR-8,4,2026-01-07 00:00:00,,2,30,,,,,C 에이스,C 에이스,210,210,11,11,13,14,20,15,-,,6,7,7,,-65,,,,C 에이스,12,1,,,실적,,45742,,45744,,45946,,45960,,45960,,45966,,,,45987,,,,45992,,,,46015,,46015,,46017,,46020,,46093,,,,,,,,,,,,,,,,,,,,,,,,,,,,,,,,,,,,,,,,,,,,,,,,,,,,,,,,,,,,,,,,,,,,,,,,,,,,,,,,,,,,,,,,,,,,,,,,,,,,,,,,,,,,,,,,,,,,,,,,,,,,,,,,,,,,,,,,,,,,,,,,,,,,,,,,,,,,,,,,,,,,,,,,,,,,,,,,,,,,,,,,,,,,,,,,,,,,,,,,,,,,,,,,,,,,,,,,,,,,,,,,,,,,,,,,,,,,,,,,,,,False,STRUCTURAL,비데이터 행,,,unknown
610,4,HHI,SCR중,AA046M,SCR-8,4,2026-01-07 00:00:00,,2,30,,,,,취부,,0,,,,,,,,,,,,,,,,,,C 에이스,12,1,,,LOAD,,,,,,,,,,,,,,,,,,,,,,,,,,,,,,,,,,,,,,,,,,,,,,,,,,,,,,,,,,,,,,,,,,,,,,,,,,,,,,,,,,,,,,,,,,,,,,,,,,,,,,,,,,,,,,,,,,,,,,,,,,,,,,,,,,,,,,,,,,,,,,,,,,,,,,,,,,,,,,,,,,,,,,,,,,,,,,,,,,,,,,,,,,,,,,,,,,,,,,,,,,,,,,,,,,,,,,,,,,,,,,,,,,,,,,,,,,,,,,,,,,,,,,,,,,,,,,,,,,,,,,,,,,,,,,,,,,,False,STRUCTURAL,비데이터 행,,,unknown
610,5,HHI,SCR중,AA046M,SCR-8,4,2026-01-07 00:00:00,,2,30,,,,,용접,,0,,,,,,,,,,,,,,,,,,C 에이스,12,1,,,,,,,,,,,,,,,,,,,,,,,,,,,,,,,,,,,,,,,,,,,,,,,,,,,,,,,,,,,,,,,,,,,,,,,,,,,,,,,,,,,,,,,,,,,,,,,,,,,,,,,,,,,,,,,,,,,,,,,,,,,,,,,,,,,,,,,,,,,,,,,,,,,,,,,,,,,,,,,,,,,,,,,,,,,,,,,,,,,,,,,,,,,,,,,,,,,,,,,,,,,,,,,,,,,,,,,,,,,,,,,,,,,,,,,,,,,,,,,,,,,,,,,,,,,,,,,,,,,,,,,,,,,,,,,,,,,,,,False,STRUCTURAL,비데이터 행,,,unknown
610,6,HHI,SCR중,AA046M,SCR-8,4,2026-01-07 00:00:00,,2,30,,,,,조립,,0,,,,,,,,,,,,,,,,,,C 에이스,12,1,,,,,,,,,,,,,,,,,,,,,,,,,,,,,,,,,,,,,,,,,,,,,,,,,,,,,,,,,,,,,,,,,,,,,,,,,,,,,,,,,,,,,,,,,,,,,,,,,,,,,,,,,,,,,,,,,,,,,,,,,,,,,,,,,,,,,,,,,,,,,,,,,,,,,,,,,,,,,,,,,,,,,,,,,,,,,,,,,,,,,,,,,,,,,,,,,,,,,,,,,,,,,,,,,,,,,,,,,,,,,,,,,,,,,,,,,,,,,,,,,,,,,,,,,,,,,,,,,,,,,,,,,,,,,,,,,,,,,,False,STRUCTURAL,비데이터 행,,,unknown
610,7,HHI,SCR중,AA046M,SCR-8,4,2026-01-07 00:00:00,,2,30,,,,,사상,,0,,,,,,,,,,,,,,,,,,C 에이스,12,1,,,,,,,,,,,,,,,,,,,,,,,,,,,,,,,,,,,,,,,,,,,,,,,,,,,,,,,,,,,,,,,,,,,,,,,,,,,,,,,,,,,,,,,,,,,,,,,,,,,,,,,,,,,,,,,,,,,,,,,,,,,,,,,,,,,,,,,,,,,,,,,,,,,,,,,,,,,,,,,,,,,,,,,,,,,,,,,,,,,,,,,,,,,,,,,,,,,,,,,,,,,,,,,,,,,,,,,,,,,,,,,,,,,,,,,,,,,,,,,,,,,,,,,,,,,,,,,,,,,,,,,,,,,,,,,,,,,,,,False,STRUCTURAL,비데이터 행,,,unknown
610,9,HHI,SCR중,AA046M,SCR-8,4,2026-01-07 00:00:00,,2,30,,,,,실적,,,,,,,,,,,,,,,,,,,,C 에이스,12,1,,,,,,,,,,,,,,,,,,,,,,,,,,,,,,,,,,,,,,,,,,,,,,,,,,,,,,,,,,,,,,,,,,,,,,,,,,,,,,,,,,,,,,,,,,,,,,,,,,,,,,,,,,,,,,,,,,,,,,,,,,,,,,,,,,,,,,,,,,,,,,,,,,,,,,,,,,,,,,,,,,,,,,,,,,,,,,,,,,,,,,,,,,,,,,,,,,,,,,,,,,,,,,,,,,,,,,,,,,,,,,,,,,,,,,,,,,,,,,,,,,,,,,,,,,,,,,,,,,,,,,,,,,,,,,,,,,,,,,False,STRUCTURAL,비데이터 행,,,unknown
611,1,HHI,SCR중,SH8282,SCR-8,3,2026-01-14 00:00:00,46013,2,30,,전기,X,3X3,일자,D 청림,45960,45964,45965,45982,45993,45993,46006,46013,-,2025-12-29 00:00:00,46029,46030,46031,2026-01-12 00:00:00,46035,1,,,D 청림,12,1,,,계획,45960,,45964,,45965,,45982,,45985,,45993,,45994,,46013,,46014,,46020,,46021,,46029,,46030,,46031,,46034,,46035,,,,,,,,,,,,,,,,,,,,,,,,,,,,,,,,,,,,,,,,,,,,,,,,,,,,,,,,,,,,,,,,,,,,,,,,,,,,,,,,,,,,,,,,,,,,,,,,,,,,,,,,,,,,,,,,,,,,,,,,,,,,,,,,,,,,,,,,,,,,,,,,,,,,,,,,,,,,,,,,,,,,,,,,,,,,,,,,,,,,,,,,,,,,,,,,,,,,,,,,,,,,,,,,,,,,,,,,,,,,,,,,,,,,,,,,,,,,,,,,,,,,True,DATA_PLAN,,,,plan
611,2,HHI,SCR중,SH8282,SCR-8,3,2026-01-14 00:00:00,,2,30,,,,"Test 12/27, 본품 3/17",실행,D 청림,45931,45932,45940,45951,45967,45958,45964,45971,,2025-11-12 00:00:00,46009,46010,46021,2026-01-05 00:00:00,46099,,,,D 청림,12,1,,,,,,,,,,,,,,,,,,,,,,,,,,,,,,,,,,,,,,,,,,,,,,,,,,,,,,,,,,,,,,,,,,,,,,,,,,,,,,,,,,,,,,,,,,,,,,,,,,,,,,,,,,,,,,,,,,,,,,,,,,,,,,,,,,,,,,,,,,,,,,,,,,,,,,,,,,,,,,,,,,,,,,,,,,,,,,,,,,,,,,,,,,,,,,,,,,,,,,,,,,,,,,,,,,,,,,,,,,,,,,,,,,,,,,,,,,,,,,,,,,,,,,,,,,,,,,,,,,,,,,,,,,,,,,,,,,,,,,True,DATA_ACTUAL,,,,actual
611,3,HHI,SCR중,SH8282,SCR-8,3,2026-01-14 00:00:00,,2,30,,,,,D 청림,D 청림,29,32,25,31,26,35,42,42,-,,20,20,10,,-64,,,,D 청림,12,1,,,실적,,45931,,45932,,45940,,45951,,45951,,45958,,,,45971,,,,45973,,,,46009,,46010,,46021,,46027,,46099,,,,,,,,,,,,,,,,,,,,,,,,,,,,,,,,,,,,,,,,,,,,,,,,,,,,,,,,,,,,,,,,,,,,,,,,,,,,,,,,,,,,,,,,,,,,,,,,,,,,,,,,,,,,,,,,,,,,,,,,,,,,,,,,,,,,,,,,,,,,,,,,,,,,,,,,,,,,,,,,,,,,,,,,,,,,,,,,,,,,,,,,,,,,,,,,,,,,,,,,,,,,,,,,,,,,,,,,,,,,,,,,,,,,,,,,,,,,,,,,,,,False,STRUCTURAL,비데이터 행,,,unknown
611,4,HHI,SCR중,SH8282,SCR-8,3,2026-01-14 00:00:00,,2,30,,,,,취부,,0,,,,,,,,,,,,,,,,,,D 청림,12,1,,,LOAD,,,,,,,,,,,,,,,,,,,,,,,,,,,,,,,,,,,,,,,,,,,,,,,,,,,,,,,,,,,,,,,,,,,,,,,,,,,,,,,,,,,,,,,,,,,,,,,,,,,,,,,,,,,,,,,,,,,,,,,,,,,,,,,,,,,,,,,,,,,,,,,,,,,,,,,,,,,,,,,,,,,,,,,,,,,,,,,,,,,,,,,,,,,,,,,,,,,,,,,,,,,,,,,,,,,,,,,,,,,,,,,,,,,,,,,,,,,,,,,,,,,,,,,,,,,,,,,,,,,,,,,,,,,,,,,,,,,False,STRUCTURAL,비데이터 행,,,unknown
611,5,HHI,SCR중,SH8282,SCR-8,3,2026-01-14 00:00:00,,2,30,,,,,용접,,0,,,,,,,,,,,,,,,,,,D 청림,12,1,,,,,,,,,,,,,,,,,,,,,,,,,,,,,,,,,,,,,,,,,,,,,,,,,,,,,,,,,,,,,,,,,,,,,,,,,,,,,,,,,,,,,,,,,,,,,,,,,,,,,,,,,,,,,,,,,,,,,,,,,,,,,,,,,,,,,,,,,,,,,,,,,,,,,,,,,,,,,,,,,,,,,,,,,,,,,,,,,,,,,,,,,,,,,,,,,,,,,,,,,,,,,,,,,,,,,,,,,,,,,,,,,,,,,,,,,,,,,,,,,,,,,,,,,,,,,,,,,,,,,,,,,,,,,,,,,,,,,,False,STRUCTURAL,비데이터 행,,,unknown
611,6,HHI,SCR중,SH8282,SCR-8,3,2026-01-14 00:00:00,,2,30,,,,,조립,,0,,,,,,,,,,,,,,,,,,D 청림,12,1,,,,,,,,,,,,,,,,,,,,,,,,,,,,,,,,,,,,,,,,,,,,,,,,,,,,,,,,,,,,,,,,,,,,,,,,,,,,,,,,,,,,,,,,,,,,,,,,,,,,,,,,,,,,,,,,,,,,,,,,,,,,,,,,,,,,,,,,,,,,,,,,,,,,,,,,,,,,,,,,,,,,,,,,,,,,,,,,,,,,,,,,,,,,,,,,,,,,,,,,,,,,,,,,,,,,,,,,,,,,,,,,,,,,,,,,,,,,,,,,,,,,,,,,,,,,,,,,,,,,,,,,,,,,,,,,,,,,,,False,STRUCTURAL,비데이터 행,,,unknown
611,7,HHI,SCR중,SH8282,SCR-8,3,2026-01-14 00:00:00,,2,30,,,,,사상,,0,,,,,,,,,,,,,,,,,,D 청림,12,1,,,,,,,,,,,,,,,,,,,,,,,,,,,,,,,,,,,,,,,,,,,,,,,,,,,,,,,,,,,,,,,,,,,,,,,,,,,,,,,,,,,,,,,,,,,,,,,,,,,,,,,,,,,,,,,,,,,,,,,,,,,,,,,,,,,,,,,,,,,,,,,,,,,,,,,,,,,,,,,,,,,,,,,,,,,,,,,,,,,,,,,,,,,,,,,,,,,,,,,,,,,,,,,,,,,,,,,,,,,,,,,,,,,,,,,,,,,,,,,,,,,,,,,,,,,,,,,,,,,,,,,,,,,,,,,,,,,,,,False,STRUCTURAL,비데이터 행,,,unknown
611,9,HHI,SCR중,SH8282,SCR-8,3,2026-01-14 00:00:00,,2,30,,,,12/27 -> 1/14,실적,,,,,,,,,,,,,,,,,,,,D 청림,12,1,,,,,,,,,,,,,,,,,,,,,,,,,,,,,,,,,,,,,,,,,,,,,,,,,,,,,,,,,,,,,,,,,,,,,,,,,,,,,,,,,,,,,,,,,,,,,,,,,,,,,,,,,,,,,,,,,,,,,,,,,,,,,,,,,,,,,,,,,,,,,,,,,,,,,,,,,,,,,,,,,,,,,,,,,,,,,,,,,,,,,,,,,,,,,,,,,,,,,,,,,,,,,,,,,,,,,,,,,,,,,,,,,,,,,,,,,,,,,,,,,,,,,,,,,,,,,,,,,,,,,,,,,,,,,,,,,,,,,,False,STRUCTURAL,비데이터 행,,,unknown
612,1,HHI,SCR중,3579,SCR-8,1,2026-01-22 00:00:00,46022,2,30,,,,3X3,일자,D 청림,45968,45972,45973,45992,46001,46001,46015,46022,-,2026-01-07 00:00:00,46037,46038,46041,2026-01-20 00:00:00,46043,0.98,,,D 청림,12,1,,,계획,45968,,45972,,45973,,45992,,45993,,46001,,46002,,46022,,46024,,46029,,46030,,46037,,46038,,46041,,46042,,46043,,,,,,,,,,,,,,,,,,,,,,,,,,,,,,,,,,,,,,,,,,,,,,,,,,,,,,,,,,,,,,,,,,,,,,,,,,,,,,,,,,,,,,,,,,,,,,,,,,,,,,,,,,,,,,,,,,,,,,,,,,,,,,,,,,,,,,,,,,,,,,,,,,,,,,,,,,,,,,,,,,,,,,,,,,,,,,,,,,,,,,,,,,,,,,,,,,,,,,,,,,,,,,,,,,,,,,,,,,,,,,,,,,,,,,,,,,,,,,,,,,,,True,DATA_PLAN,,,,plan
612,2,HHI,SCR중,3579,SCR-8,1,2026-01-22 00:00:00,,2,30,,,,Scheme A Test ,실행,D 청림,45908,45918,45950,45960,46001,45963,45994,46013,,2025-12-26 00:00:00,46028,46028,46029,2026-01-12 00:00:00,,,,,D 청림,12,1,,,,,,,,,,,,,,,,,,,,,,,,,,,,,,,,,,,,,,,,,,,,,,,,,,,,,,,,,,,,,,,,,,,,,,,,,,,,,,,,,,,,,,,,,,,,,,,,,,,,,,,,,,,,,,,,,,,,,,,,,,,,,,,,,,,,,,,,,,,,,,,,,,,,,,,,,,,,,,,,,,,,,,,,,,,,,,,,,,,,,,,,,,,,,,,,,,,,,,,,,,,,,,,,,,,,,,,,,,,,,,,,,,,,,,,,,,,,,,,,,,,,,,,,,,,,,,,,,,,,,,,,,,,,,,,,,,,,,,True,DATA_ACTUAL,,,,actual
612,3,HHI,SCR중,3579,SCR-8,1,2026-01-22 00:00:00,,2,30,,,,,D 청림,D 청림,60,54,23,32,0,38,21,9,-,,9,10,12,,,,,,D 청림,12,1,,,실적,,45908,,45918,,45950,,45960,,45960,,45963,,,,46013,,,,46017,,,,46028,,46028,,46029,,46034,,0,,,,,,,,,,,,,,,,,,,,,,,,,,,,,,,,,,,,,,,,,,,,,,,,,,,,,,,,,,,,,,,,,,,,,,,,,,,,,,,,,,,,,,,,,,,,,,,,,,,,,,,,,,,,,,,,,,,,,,,,,,,,,,,,,,,,,,,,,,,,,,,,,,,,,,,,,,,,,,,,,,,,,,,,,,,,,,,,,,,,,,,,,,,,,,,,,,,,,,,,,,,,,,,,,,,,,,,,,,,,,,,,,,,,,,,,,,,,,,,,,,,False,STRUCTURAL,비데이터 행,,,unknown
612,4,HHI,SCR중,3579,SCR-8,1,2026-01-22 00:00:00,,2,30,,,,,취부,,0,,,,,,,,,,,,,,,,,,D 청림,12,1,,,LOAD,,,,,,,,,,,,,,,,,,,,,,,,,,,,,,,,,,,,,,,,,,,,,,,,,,,,,,,,,,,,,,,,,,,,,,,,,,,,,,,,,,,,,,,,,,,,,,,,,,,,,,,,,,,,,,,,,,,,,,,,,,,,,,,,,,,,,,,,,,,,,,,,,,,,,,,,,,,,,,,,,,,,,,,,,,,,,,,,,,,,,,,,,,,,,,,,,,,,,,,,,,,,,,,,,,,,,,,,,,,,,,,,,,,,,,,,,,,,,,,,,,,,,,,,,,,,,,,,,,,,,,,,,,,,,,,,,,,False,STRUCTURAL,비데이터 행,,,unknown
612,5,HHI,SCR중,3579,SCR-8,1,2026-01-22 00:00:00,,2,30,,,,,용접,,0,,,,,,,,,,,,,,,,,,D 청림,12,1,,,,,,,,,,,,,,,,,,,,,,,,,,,,,,,,,,,,,,,,,,,,,,,,,,,,,,,,,,,,,,,,,,,,,,,,,,,,,,,,,,,,,,,,,,,,,,,,,,,,,,,,,,,,,,,,,,,,,,,,,,,,,,,,,,,,,,,,,,,,,,,,,,,,,,,,,,,,,,,,,,,,,,,,,,,,,,,,,,,,,,,,,,,,,,,,,,,,,,,,,,,,,,,,,,,,,,,,,,,,,,,,,,,,,,,,,,,,,,,,,,,,,,,,,,,,,,,,,,,,,,,,,,,,,,,,,,,,,,False,STRUCTURAL,비데이터 행,,,unknown
612,6,HHI,SCR중,3579,SCR-8,1,2026-01-22 00:00:00,,2,30,,,,,조립,,0,,,,,,,,,,,,,,,,,,D 청림,12,1,,,,,,,,,,,,,,,,,,,,,,,,,,,,,,,,,,,,,,,,,,,,,,,,,,,,,,,,,,,,,,,,,,,,,,,,,,,,,,,,,,,,,,,,,,,,,,,,,,,,,,,,,,,,,,,,,,,,,,,,,,,,,,,,,,,,,,,,,,,,,,,,,,,,,,,,,,,,,,,,,,,,,,,,,,,,,,,,,,,,,,,,,,,,,,,,,,,,,,,,,,,,,,,,,,,,,,,,,,,,,,,,,,,,,,,,,,,,,,,,,,,,,,,,,,,,,,,,,,,,,,,,,,,,,,,,,,,,,,False,STRUCTURAL,비데이터 행,,,unknown
612,7,HHI,SCR중,3579,SCR-8,1,2026-01-22 00:00:00,,2,30,,,,,사상,,0,,,,,,,,,,,,,,,,,,D 청림,12,1,,,,,,,,,,,,,,,,,,,,,,,,,,,,,,,,,,,,,,,,,,,,,,,,,,,,,,,,,,,,,,,,,,,,,,,,,,,,,,,,,,,,,,,,,,,,,,,,,,,,,,,,,,,,,,,,,,,,,,,,,,,,,,,,,,,,,,,,,,,,,,,,,,,,,,,,,,,,,,,,,,,,,,,,,,,,,,,,,,,,,,,,,,,,,,,,,,,,,,,,,,,,,,,,,,,,,,,,,,,,,,,,,,,,,,,,,,,,,,,,,,,,,,,,,,,,,,,,,,,,,,,,,,,,,,,,,,,,,,False,STRUCTURAL,비데이터 행,,,unknown
612,9,HHI,SCR중,3579,SCR-8,1,2026-01-22 00:00:00,,2,30,,,,1/3 -> 1/22,실적,,,,,,,,,,,,,,,,,,,,D 청림,12,1,,,,,,,,,,,,,,,,,,,,,,,,,,,,,,,,,,,,,,,,,,,,,,,,,,,,,,,,,,,,,,,,,,,,,,,,,,,,,,,,,,,,,,,,,,,,,,,,,,,,,,,,,,,,,,,,,,,,,,,,,,,,,,,,,,,,,,,,,,,,,,,,,,,,,,,,,,,,,,,,,,,,,,,,,,,,,,,,,,,,,,,,,,,,,,,,,,,,,,,,,,,,,,,,,,,,,,,,,,,,,,,,,,,,,,,,,,,,,,,,,,,,,,,,,,,,,,,,,,,,,,,,,,,,,,,,,,,,,,False,STRUCTURAL,비데이터 행,,,unknown
613,1,HHI,SCR중,3523,SCR-7,3,2026-02-06 00:00:00,46036,2,30,,전기,X,,일자,D 청림,45982,45986,45987,46001,46010,46010,46028,46036,-,2026-01-21 00:00:00,46052,46055,46056,2026-02-04 00:00:00,46058,0.98,,,D 청림,1,2,,,계획,45982,,45986,,45987,,46001,,46002,,46010,,46013,,46036,,46038,,46043,,46044,,46052,,46055,,46056,,46057,,46058,,,상,검,포,출,납,,,,,,,,,,,,,,,,,,,,,,,,,,,,,,,,,,,,,,,,,,,,,,,,,,,,,,,,,,,,,,,,,,,,,,,,,,,,,,,,,,,,,,,,,,,,,,,,,,,,,,,,,,,,,,,,,,,,,,,,,,,,,,,,,,,,,,,,,,,,,,,,,,,,,,,,,,,,,,,,,,,,,,,,,,,,,,,,,,,,,,,,,,,,,,,,,,,,,,,,,,,,,,,,,,,,,,,,,,,,,,,,,,,,,,,,,,,,,True,DATA_PLAN,,,,plan
613,2,HHI,SCR중,3523,SCR-7,3,2026-02-06 00:00:00,,2,30,,,,1월->2월,실행,D 청림,45959,45960,45964,45969,46008,45975,45994,46017,,2026-01-05 00:00:00,46055,46055,46065,2026-02-19 00:00:00,,,,,D 청림,1,2,,,,,,,,,,,,,,,,,,,,,,,,,,,,,,,,,,,,,,,,,,,,,,,,,,,,,,,,,,,,,,,,,,,,,,,,,,,,,,,,,,,,,,,,,,,,,,,,,,,,,,,,,,,,,,,,,,,,,,,,,,,,,,,,,,,,,,,,,,,,,,,,,,,,,,,,,,,,,,,,,,,,,,,,,,,,,,,,,,,,,,,,,,,,,,,,,,,,,,,,,,,,,,,,,,,,,,,,,,,,,,,,,,,,,,,,,,,,,,,,,,,,,,,,,,,,,,,,,,,,,,,,,,,,,,,,,,,,,,True,DATA_ACTUAL,,,,actual
613,3,HHI,SCR중,3523,SCR-7,3,2026-02-06 00:00:00,,2,30,,,,,D 청림,D 청림,23,26,23,32,2,35,34,19,-,,-3,0,-9,,,,,,D 청림,1,2,,,실적,,45959,,45960,,45964,,45969,,45969,,45975,,,,46017,,,,46027,,,,46055,,46055,,46065,,46072,,0,,,,,,,,,,,,,,,,,,,,,,,,,,,,,,,,,,,,,,,,,,,,,,,,,,,,,,,,,,,,,,,,,,,,,,,,,,,,,,,,,,,,,,,,,,,,,,,,,,,,,,,,,,,,,,,,,,,,,,,,,,,,,,,,,,,,,,,,,,,,,,,,,,,,,,,,,,,,,,,,,,,,,,,,,,,,,,,,,,,,,,,,,,,,,,,,,,,,,,,,,,,,,,,,,,,,,,,,,,,,,,,,,,,,,,,,,,,,,,,,,,,False,STRUCTURAL,비데이터 행,,,unknown
613,4,HHI,SCR중,3523,SCR-7,3,2026-02-06 00:00:00,,2,30,,,,,취부,,0,,,,,,,,,,,,,,,,,,D 청림,1,2,,,LOAD,,,,,,,,,,,,,,,,,,,,,,,,,,,,,,,,,,,,,,,,,,,,,,,,,,,,,,,,,,,,,,,,,,,,,,,,,,,,,,,,,,,,,,,,,,,,,,,,,,,,,,,,,,,,,,,,,,,,,,,,,,,,,,,,,,,,,,,,,,,,,,,,,,,,,,,,,,,,,,,,,,,,,,,,,,,,,,,,,,,,,,,,,,,,,,,,,,,,,,,,,,,,,,,,,,,,,,,,,,,,,,,,,,,,,,,,,,,,,,,,,,,,,,,,,,,,,,,,,,,,,,,,,,,,,,,,,,,False,STRUCTURAL,비데이터 행,,,unknown
613,5,HHI,SCR중,3523,SCR-7,3,2026-02-06 00:00:00,,2,30,,,,,용접,,0,,,,,,,,,,,,,,,,,,D 청림,1,2,,,,,,,,,,,,,,,,,,,,,,,,,,,,,,,,,,,,,,,,,,,,,,,,,,,,,,,,,,,,,,,,,,,,,,,,,,,,,,,,,,,,,,,,,,,,,,,,,,,,,,,,,,,,,,,,,,,,,,,,,,,,,,,,,,,,,,,,,,,,,,,,,,,,,,,,,,,,,,,,,,,,,,,,,,,,,,,,,,,,,,,,,,,,,,,,,,,,,,,,,,,,,,,,,,,,,,,,,,,,,,,,,,,,,,,,,,,,,,,,,,,,,,,,,,,,,,,,,,,,,,,,,,,,,,,,,,,,,,False,STRUCTURAL,비데이터 행,,,unknown
613,6,HHI,SCR중,3523,SCR-7,3,2026-02-06 00:00:00,,2,30,,,,,조립,,0,,,,,,,,,,,,,,,,,,D 청림,1,2,,,,,,,,,,,,,,,,,,,,,,,,,,,,,,,,,,,,,,,,,,,,,,,,,,,,,,,,,,,,,,,,,,,,,,,,,,,,,,,,,,,,,,,,,,,,,,,,,,,,,,,,,,,,,,,,,,,,,,,,,,,,,,,,,,,,,,,,,,,,,,,,,,,,,,,,,,,,,,,,,,,,,,,,,,,,,,,,,,,,,,,,,,,,,,,,,,,,,,,,,,,,,,,,,,,,,,,,,,,,,,,,,,,,,,,,,,,,,,,,,,,,,,,,,,,,,,,,,,,,,,,,,,,,,,,,,,,,,,False,STRUCTURAL,비데이터 행,,,unknown
613,7,HHI,SCR중,3523,SCR-7,3,2026-02-06 00:00:00,,2,30,,,,2/10->2/6,사상,,0,,,,,,,,,,,,,,,,,,D 청림,1,2,,,,,,,,,,,,,,,,,,,,,,,,,,,,,,,,,,,,,,,,,,,,,,,,,,,,,,,,,,,,,,,,,,,,,,,,,,,,,,,,,,,,,,,,,,,,,,,,,,,,,,,,,,,,,,,,,,,,,,,,,,,,,,,,,,,,,,,,,,,,,,,,,,,,,,,,,,,,,,,,,,,,,,,,,,,,,,,,,,,,,,,,,,,,,,,,,,,,,,,,,,,,,,,,,,,,,,,,,,,,,,,,,,,,,,,,,,,,,,,,,,,,,,,,,,,,,,,,,,,,,,,,,,,,,,,,,,,,,,False,STRUCTURAL,비데이터 행,,,unknown
613,9,HHI,SCR중,3523,SCR-7,3,2026-02-06 00:00:00,,2,30,,,,미정->청림,실적,,,,,,,,,,,,,,,,,,,,D 청림,1,2,,,,,,,,,,,,,,,,,,,,,,,,,,,,,,,,,,,,,,,,,,,,,,,,,,,,,,,,,,,,,,,,,,,,,,,,,,,,,,,,,,,,,,,,,,,,,,,,,,,,,,,,,,,,,,,,,,,,,,,,,,,,,,,,,,,,,,,,,,,,,,,,,,,,,,,,,,,,,,,,,,,,,,,,,,,,,,,,,,,,,,,,,,,,,,,,,,,,,,,,,,,,,,,,,,,,,,,,,,,,,,,,,,,,,,,,,,,,,,,,,,,,,,,,,,,,,,,,,,,,,,,,,,,,,,,,,,,,,,False,STRUCTURAL,비데이터 행,,,unknown
614,1,HHI,SCR중,3516,SCR-8,3,2026-02-07 00:00:00,46038,2,30,,전기,X,3X3,일자,D 청림,45985,45987,45988,46007,46017,46017,46032,46038,-,2026-01-22 00:00:00,46052,46055,46056,2026-02-04 00:00:00,46058,0.98,,,D 청림,1,2,,,계획,45985,,45987,,45988,,46007,,46008,,46017,,46020,,46038,,46041,,46044,,46045,,46052,,46055,,46056,,46057,,46058,,,상,검,포,출,,납,,,,,,,,,,,,,,,,,,,,,,,,,,,,,,,,,,,,,,,,,,,,,,,,,,,,,,,,,,,,,,,,,,,,,,,,,,,,,,,,,,,,,,,,,,,,,,,,,,,,,,,,,,,,,,,,,,,,,,,,,,,,,,,,,,,,,,,,,,,,,,,,,,,,,,,,,,,,,,,,,,,,,,,,,,,,,,,,,,,,,,,,,,,,,,,,,,,,,,,,,,,,,,,,,,,,,,,,,,,,,,,,,,,,,,,,,,,,True,DATA_PLAN,,,,plan
614,2,HHI,SCR중,3516,SCR-8,3,2026-02-07 00:00:00,,2,30,,,,,실행,D 청림,45958,45960,45964,45972,46000,45975,46006,46017,,2026-01-05 00:00:00,46055,46055,46059,2026-02-06 00:00:00,,,,,D 청림,1,2,,,,,,,,,,,,,,,,,,,,,,,,,,,,,,,,,,,,,,,,,,,,,,,,,,,,,,,,,,,,,,,,,,,,,,,,,,,,,,,,,,,,,,,,,,,,,,,,,,,,,,,,,,,,,,,,,,,,,,,,,,,,,,,,,,,,,,,,,,,,,,,,,,,,,,,,,,,,,,,,,,,,,,,,,,,,,,,,,,,,,,,,,,,,,,,,,,,,,,,,,,,,,,,,,,,,,,,,,,,,,,,,,,,,,,,,,,,,,,,,,,,,,,,,,,,,,,,,,,,,,,,,,,,,,,,,,,,,,,True,DATA_ACTUAL,,,,actual
614,3,HHI,SCR중,3516,SCR-8,3,2026-02-07 00:00:00,,2,30,,,,,D 청림,D 청림,27,27,24,35,17,42,26,21,-,,-3,0,-3,,,,,,D 청림,1,2,,,실적,,45958,,45960,,45964,,45972,,45972,,45975,,,,46017,,,,46027,,,,46055,,46055,,46059,,46059,,0,,,,,,,,,,,,,,,,,,,,,,,,,,,,,,,,,,,,,,,,,,,,,,,,,,,,,,,,,,,,,,,,,,,,,,,,,,,,,,,,,,,,,,,,,,,,,,,,,,,,,,,,,,,,,,,,,,,,,,,,,,,,,,,,,,,,,,,,,,,,,,,,,,,,,,,,,,,,,,,,,,,,,,,,,,,,,,,,,,,,,,,,,,,,,,,,,,,,,,,,,,,,,,,,,,,,,,,,,,,,,,,,,,,,,,,,,,,,,,,,,,,False,STRUCTURAL,비데이터 행,,,unknown
614,4,HHI,SCR중,3516,SCR-8,3,2026-02-07 00:00:00,,2,30,,,,,취부,,0,,,,,,,,,,,,,,,,,,D 청림,1,2,,,LOAD,,,,,,,,,,,,,,,,,,,,,,,,,,,,,,,,,,,,,,,,,,,,,,,,,,,,,,,,,,,,,,,,,,,,,,,,,,,,,,,,,,,,,,,,,,,,,,,,,,,,,,,,,,,,,,,,,,,,,,,,,,,,,,,,,,,,,,,,,,,,,,,,,,,,,,,,,,,,,,,,,,,,,,,,,,,,,,,,,,,,,,,,,,,,,,,,,,,,,,,,,,,,,,,,,,,,,,,,,,,,,,,,,,,,,,,,,,,,,,,,,,,,,,,,,,,,,,,,,,,,,,,,,,,,,,,,,,,False,STRUCTURAL,비데이터 행,,,unknown
614,5,HHI,SCR중,3516,SCR-8,3,2026-02-07 00:00:00,,2,30,,,,,용접,,0,,,,,,,,,,,,,,,,,,D 청림,1,2,,,,,,,,,,,,,,,,,,,,,,,,,,,,,,,,,,,,,,,,,,,,,,,,,,,,,,,,,,,,,,,,,,,,,,,,,,,,,,,,,,,,,,,,,,,,,,,,,,,,,,,,,,,,,,,,,,,,,,,,,,,,,,,,,,,,,,,,,,,,,,,,,,,,,,,,,,,,,,,,,,,,,,,,,,,,,,,,,,,,,,,,,,,,,,,,,,,,,,,,,,,,,,,,,,,,,,,,,,,,,,,,,,,,,,,,,,,,,,,,,,,,,,,,,,,,,,,,,,,,,,,,,,,,,,,,,,,,,,False,STRUCTURAL,비데이터 행,,,unknown
614,6,HHI,SCR중,3516,SCR-8,3,2026-02-07 00:00:00,,2,30,,,,,조립,,0,,,,,,,,,,,,,,,,,,D 청림,1,2,,,,,,,,,,,,,,,,,,,,,,,,,,,,,,,,,,,,,,,,,,,,,,,,,,,,,,,,,,,,,,,,,,,,,,,,,,,,,,,,,,,,,,,,,,,,,,,,,,,,,,,,,,,,,,,,,,,,,,,,,,,,,,,,,,,,,,,,,,,,,,,,,,,,,,,,,,,,,,,,,,,,,,,,,,,,,,,,,,,,,,,,,,,,,,,,,,,,,,,,,,,,,,,,,,,,,,,,,,,,,,,,,,,,,,,,,,,,,,,,,,,,,,,,,,,,,,,,,,,,,,,,,,,,,,,,,,,,,,False,STRUCTURAL,비데이터 행,,,unknown
614,7,HHI,SCR중,3516,SCR-8,3,2026-02-07 00:00:00,,2,30,,,,,사상,,0,,,,,,,,,,,,,,,,,,D 청림,1,2,,,,,,,,,,,,,,,,,,,,,,,,,,,,,,,,,,,,,,,,,,,,,,,,,,,,,,,,,,,,,,,,,,,,,,,,,,,,,,,,,,,,,,,,,,,,,,,,,,,,,,,,,,,,,,,,,,,,,,,,,,,,,,,,,,,,,,,,,,,,,,,,,,,,,,,,,,,,,,,,,,,,,,,,,,,,,,,,,,,,,,,,,,,,,,,,,,,,,,,,,,,,,,,,,,,,,,,,,,,,,,,,,,,,,,,,,,,,,,,,,,,,,,,,,,,,,,,,,,,,,,,,,,,,,,,,,,,,,,False,STRUCTURAL,비데이터 행,,,unknown
614,9,HHI,SCR중,3516,SCR-8,3,2026-02-07 00:00:00,,2,30,,,,1/23 -> 2/7,실적,,,,,,,,,,,,,,,,,,,,D 청림,1,2,,,,,,,,,,,,,,,,,,,,,,,,,,,,,,,,,,,,,,,,,,,,,,,,,,,,,,,,,,,,,,,,,,,,,,,,,,,,,,,,,,,,,,,,,,,,,,,,,,,,,,,,,,,,,,,,,,,,,,,,,,,,,,,,,,,,,,,,,,,,,,,,,,,,,,,,,,,,,,,,,,,,,,,,,,,,,,,,,,,,,,,,,,,,,,,,,,,,,,,,,,,,,,,,,,,,,,,,,,,,,,,,,,,,,,,,,,,,,,,,,,,,,,,,,,,,,,,,,,,,,,,,,,,,,,,,,,,,,,False,STRUCTURAL,비데이터 행,,,unknown
615,1,MHI,ENC, #1Delta Blue EH,ENC-3,1,2026-02-10 00:00:00,46013,3,100,,,,,일자,G 범안,45926,45943,45944,45961,45978,45978,45999,46013,-,2026-01-13 00:00:00,46050,46051,46055,2026-02-05 00:00:00,46062,1,,,G 범안,12,2,,,계획,45926,,45943,,45944,,45961,,45964,,45978,,45971,,46013,,46021,,46035,,46031,,46050,,46051,,46055,,46058,,46062,,,검,,,포,,,,출,납,,,,,,,,,,,,,,,,,,,,,,,,,,,,,,,,,,,,,,,,,,,,,,,,,,,,,,,,,,,,,,,,,,,,,,,,,,,,,,,,,,,,,,,,,,,,,,,,,,,,,,,,,,,,,,,,,,,,,,,,,,,,,,,,,,,,,,,,,,,,,,,,,,,,,,,,,,,,,,,,,,,,,,,,,,,,,,,,,,,,,,,,,,,,,,,,,,,,,,,,,,,,,,,,,,,,,,,,,,,,,,,,,,,,,,,,,True,DATA_PLAN,,,,plan
615,2,MHI,ENC, #1Delta Blue EH,ENC-3,1,2026-02-10 00:00:00,,3,100,,,,2/1->2/10,실행,G 범안,45944,45951,45954,45964,45978,45978,45985,45999,,2026-12-22 00:00:00,46027,46028,46030,2026-01-12 00:00:00,46108,,,,G 범안,12,2,,,,,,,,,,,,,,,,,,,,,,,,,,,,,,,,,,,,,,,,,,,,,,,,,,,,,,,,,,,,,,,,,,,,,,,,,,,,,,,,,,,,,,,,,,,,,,,,,,,,,,,,,,,,,,,,,,,,,,,,,,,,,,,,,,,,,,,,,,,,,,,,,,,,,,,,,,,,,,,,,,,,,,,,,,,,,,,,,,,,,,,,,,,,,,,,,,,,,,,,,,,,,,,,,,,,,,,,,,,,,,,,,,,,,,,,,,,,,,,,,,,,,,,,,,,,,,,,,,,,,,,,,,,,,,,,,,,,,,True,DATA_ACTUAL,,,,actual
615,3,MHI,ENC, #1Delta Blue EH,ENC-3,1,2026-02-10 00:00:00,,3,100,,,,9Ton,G 범안,G 범안,-18,-8,-10,-3,0,0,14,14,-,,23,23,25,,-46,,,,G 범안,12,2,,,실적,,45944,,45951,,45954,,45964,,45964,,45978,,,,45999,,,,46378,,,,46027,,46028,,46030,,46034,,46108,,,,,,,,,,,,,,,,,,,,,,,,,,,,,,,,,,,,,,,,,,,,,,,,,,,,,,,,,,,,,,,,,,,,,,,,,,,,,,,,,,,,,,,,,,,,,,,,,,,,,,,,,,,,,,,,,,,,,,,,,,,,,,,,,,,,,,,,,,,,,,,,,,,,,,,,,,,,,,,,,,,,,,,,,,,,,,,,,,,,,,,,,,,,,,,,,,,,,,,,,,,,,,,,,,,,,,,,,,,,,,,,,,,,,,,,,,,,,,,,,,,False,STRUCTURAL,비데이터 행,,,unknown
615,4,MHI,ENC, #1Delta Blue EH,ENC-3,1,2026-02-10 00:00:00,,3,100,,,,,취부,,0,,,,,,,,,,,,,,,,,,G 범안,12,2,,,LOAD,,,,,,,,,,,,,,,,,,,,,,,,,,,,,,,,,,,,,,,,,,,,,,,,,,,,,,,,,,,,,,,,,,,,,,,,,,,,,,,,,,,,,,,,,,,,,,,,,,,,,,,,,,,,,,,,,,,,,,,,,,,,,,,,,,,,,,,,,,,,,,,,,,,,,,,,,,,,,,,,,,,,,,,,,,,,,,,,,,,,,,,,,,,,,,,,,,,,,,,,,,,,,,,,,,,,,,,,,,,,,,,,,,,,,,,,,,,,,,,,,,,,,,,,,,,,,,,,,,,,,,,,,,,,,,,,,,,False,STRUCTURAL,비데이터 행,,,unknown
615,5,MHI,ENC, #1Delta Blue EH,ENC-3,1,2026-02-10 00:00:00,,3,100,,,,,용접,,0,,,,,,,,,,,,,,,,,,G 범안,12,2,,,,,,,,,,,,,,,,,,,,,,,,,,,,,,,,,,,,,,,,,,,,,,,,,,,,,,,,,,,,,,,,,,,,,,,,,,,,,,,,,,,,,,,,,,,,,,,,,,,,,,,,,,,,,,,,,,,,,,,,,,,,,,,,,,,,,,,,,,,,,,,,,,,,,,,,,,,,,,,,,,,,,,,,,,,,,,,,,,,,,,,,,,,,,,,,,,,,,,,,,,,,,,,,,,,,,,,,,,,,,,,,,,,,,,,,,,,,,,,,,,,,,,,,,,,,,,,,,,,,,,,,,,,,,,,,,,,,,,False,STRUCTURAL,비데이터 행,,,unknown
615,6,MHI,ENC, #1Delta Blue EH,ENC-3,1,2026-02-10 00:00:00,,3,100,,,,,조립,,0,,,,,,,,,,,,,,,,,,G 범안,12,2,,,,,,,,,,,,,,,,,,,,,,,,,,,,,,,,,,,,,,,,,,,,,,,,,,,,,,,,,,,,,,,,,,,,,,,,,,,,,,,,,,,,,,,,,,,,,,,,,,,,,,,,,,,,,,,,,,,,,,,,,,,,,,,,,,,,,,,,,,,,,,,,,,,,,,,,,,,,,,,,,,,,,,,,,,,,,,,,,,,,,,,,,,,,,,,,,,,,,,,,,,,,,,,,,,,,,,,,,,,,,,,,,,,,,,,,,,,,,,,,,,,,,,,,,,,,,,,,,,,,,,,,,,,,,,,,,,,,,,False,STRUCTURAL,비데이터 행,,,unknown
615,7,MHI,ENC, #1Delta Blue EH,ENC-3,1,2026-02-10 00:00:00,,3,100,,,,,사상,,0,,,,,,,,,,,,,,,,,,G 범안,12,2,,,,,,,,,,,,,,,,,,,,,,,,,,,,,,,,,,,,,,,,,,,,,,,,,,,,,,,,,,,,,,,,,,,,,,,,,,,,,,,,,,,,,,,,,,,,,,,,,,,,,,,,,,,,,,,,,,,,,,,,,,,,,,,,,,,,,,,,,,,,,,,,,,,,,,,,,,,,,,,,,,,,,,,,,,,,,,,,,,,,,,,,,,,,,,,,,,,,,,,,,,,,,,,,,,,,,,,,,,,,,,,,,,,,,,,,,,,,,,,,,,,,,,,,,,,,,,,,,,,,,,,,,,,,,,,,,,,,,,False,STRUCTURAL,비데이터 행,,,unknown
615,9,MHI,ENC, #1Delta Blue EH,ENC-3,1,2026-02-10 00:00:00,,3,100,,,,,실적,,,,,,,,,,,,,,,,,,,,G 범안,12,2,,,,,,,,,,,,,,,,,,,,,,,,,,,,,,,,,,,,,,,,,,,,,,,,,,,,,,,,,,,,,,,,,,,,,,,,,,,,,,,,,,,,,,,,,,,,,,,,,,,,,,,,,,,,,,,,,,,,,,,,,,,,,,,,,,,,,,,,,,,,,,,,,,,,,,,,,,,,,,,,,,,,,,,,,,,,,,,,,,,,,,,,,,,,,,,,,,,,,,,,,,,,,,,,,,,,,,,,,,,,,,,,,,,,,,,,,,,,,,,,,,,,,,,,,,,,,,,,,,,,,,,,,,,,,,,,,,,,,,False,STRUCTURAL,비데이터 행,,,unknown
616,1,HHI,SCR중,3495,SCR-8,3,2026-02-12 00:00:00,46044,2,30,,전기,X,4x3(B),일자,C 에이스,45989,45993,45994,46013,46024,46024,46038,46044,-,2026-01-28 00:00:00,46058,46059,46062,2026-02-10 00:00:00,46064,1,,,C 에이스,1,2,,,계획,45989,,45993,,45994,,46013,,46014,,46024,,46027,,46044,,46045,,46050,,46051,,46058,,46059,,46062,,46063,,46064,,,,,,조F,상,,,검,포,출,납,,,,,,,,,,,,,,,,,,,,,,,,,,,,,,,,,,,,,,,,,,,,,,,,,,,,,,,,,,,,,,,,,,,,,,,,,,,,,,,,,,,,,,,,,,,,,,,,,,,,,,,,,,,,,,,,,,,,,,,,,,,,,,,,,,,,,,,,,,,,,,,,,,,,,,,,,,,,,,,,,,,,,,,,,,,,,,,,,,,,,,,,,,,,,,,,,,,,,,,,,,,,,,,,,,,,,,,,,,,,,,,,,,,,,,,True,DATA_PLAN,,,,plan
616,2,HHI,SCR중,3495,SCR-8,3,2026-02-12 00:00:00,,2,30,,,,1/28->2/12,실행,C 에이스,45960,45961,45964,45972,46037,45979,46038,46044,,2026-01-26 00:00:00,46058,46058,46085,2026-03-04 00:00:00,46085,,,,C 에이스,1,2,,,,,,,,,,,,,,,,,,,,,,,,,,,,,,,,,,,,,,,,,,,,,,,,,,,,,,,,,,,,,,,,,,,,,,,,,,,,,,,,,,,,,,,,,,,,,,,,,,,,,,,,,,,,,,,,,,,,,,,,,,,,,,,,,,,,,,,,,,,,,,,,,,,,,,,,,,,,,,,,,,,,,,,,,,,,,,,,,,,,,,,,,,,,,,,,,,,,,,,,,,,,,,,,,,,,,,,,,,,,,,,,,,,,,,,,,,,,,,,,,,,,,,,,,,,,,,,,,,,,,,,,,,,,,,,,,,,,,,True,DATA_ACTUAL,,,,actual
616,3,HHI,SCR중,3495,SCR-8,3,2026-02-12 00:00:00,,2,30,,,,,C 에이스,C 에이스,29,32,30,41,-13,45,0,0,-,,0,1,-23,,-21,,,,C 에이스,1,2,,,실적,,45960,,45961,,45964,,45972,,45972,,45979,,,,46044,,,,46048,,,,46058,,46058,,46085,,46085,,46085,,,,,,,,,,,,,,,,,,,,,,,,,,,,,,,,,,,,,,,,,,,,,,,,,,,,,,,,,,,,,,,,,,,,,,,,,,,,,,,,,,,,,,,,,,,,,,,,,,,,,,,,,,,,,,,,,,,,,,,,,,,,,,,,,,,,,,,,,,,,,,,,,,,,,,,,,,,,,,,,,,,,,,,,,,,,,,,,,,,,,,,,,,,,,,,,,,,,,,,,,,,,,,,,,,,,,,,,,,,,,,,,,,,,,,,,,,,,,,,,,,,False,STRUCTURAL,비데이터 행,,,unknown
616,4,HHI,SCR중,3495,SCR-8,3,2026-02-12 00:00:00,,2,30,,,,,취부,,0,,,,,,,,,,,,,,,,,,C 에이스,1,2,,,LOAD,,,,,,,,,,,,,,,,,,,,,,,,,,,,,,,,,,,,,,,,,,,,,,,,,,,,,,,,,,,,,,,,,,,,,,,,,,,,,,,,,,,,,,,,,,,,,,,,,,,,,,,,,,,,,,,,,,,,,,,,,,,,,,,,,,,,,,,,,,,,,,,,,,,,,,,,,,,,,,,,,,,,,,,,,,,,,,,,,,,,,,,,,,,,,,,,,,,,,,,,,,,,,,,,,,,,,,,,,,,,,,,,,,,,,,,,,,,,,,,,,,,,,,,,,,,,,,,,,,,,,,,,,,,,,,,,,,,False,STRUCTURAL,비데이터 행,,,unknown
616,5,HHI,SCR중,3495,SCR-8,3,2026-02-12 00:00:00,,2,30,,,,,용접,,0,,,,,,,,,,,,,,,,,,C 에이스,1,2,,,,,,,,,,,,,,,,,,,,,,,,,,,,,,,,,,,,,,,,,,,,,,,,,,,,,,,,,,,,,,,,,,,,,,,,,,,,,,,,,,,,,,,,,,,,,,,,,,,,,,,,,,,,,,,,,,,,,,,,,,,,,,,,,,,,,,,,,,,,,,,,,,,,,,,,,,,,,,,,,,,,,,,,,,,,,,,,,,,,,,,,,,,,,,,,,,,,,,,,,,,,,,,,,,,,,,,,,,,,,,,,,,,,,,,,,,,,,,,,,,,,,,,,,,,,,,,,,,,,,,,,,,,,,,,,,,,,,,False,STRUCTURAL,비데이터 행,,,unknown
616,6,HHI,SCR중,3495,SCR-8,3,2026-02-12 00:00:00,,2,30,,,,,조립,,6,,,,,,,,,,,,,,,,,,C 에이스,1,2,,,,,,,,,,,,,,,,,,,,,,,,,,,,,,,,,,,,,,2,2,2,,,,,,,,,,,,,,,,,,,,,,,,,,,,,,,,,,,,,,,,,,,,,,,,,,,,,,,,,,,,,,,,,,,,,,,,,,,,,,,,,,,,,,,,,,,,,,,,,,,,,,,,,,,,,,,,,,,,,,,,,,,,,,,,,,,,,,,,,,,,,,,,,,,,,,,,,,,,,,,,,,,,,,,,,,,,,,,,,,,,,,,,,,,,,,,,,,,,,,,,,,,,,,,,,,,,,,,,,,,,,,,,,,,,,,,,,,,,,,False,STRUCTURAL,비데이터 행,,,unknown
616,7,HHI,SCR중,3495,SCR-8,3,2026-02-12 00:00:00,,2,30,,,,,사상,,0,,,,,,,,,,,,,,,,,,C 에이스,1,2,,,,,,,,,,,,,,,,,,,,,,,,,,,,,,,,,,,,,,,,,,,,,,,,,,,,,,,,,,,,,,,,,,,,,,,,,,,,,,,,,,,,,,,,,,,,,,,,,,,,,,,,,,,,,,,,,,,,,,,,,,,,,,,,,,,,,,,,,,,,,,,,,,,,,,,,,,,,,,,,,,,,,,,,,,,,,,,,,,,,,,,,,,,,,,,,,,,,,,,,,,,,,,,,,,,,,,,,,,,,,,,,,,,,,,,,,,,,,,,,,,,,,,,,,,,,,,,,,,,,,,,,,,,,,,,,,,,,,,False,STRUCTURAL,비데이터 행,,,unknown
616,9,HHI,SCR중,3495,SCR-8,3,2026-02-12 00:00:00,,2,30,,,,미정->에이스,실적,,,,,,,,,,,,,,,,,,,,C 에이스,1,2,,,,,,,,,,,,,,,,,,,,,,,,,,,,,,,,,,,,,,,,,,,,,,,,,,,,,,,,,,,,,,,,,,,,,,,,,,,,,,,,,,,,,,,,,,,,,,,,,,,,,,,,,,,,,,,,,,,,,,,,,,,,,,,,,,,,,,,,,,,,,,,,,,,,,,,,,,,,,,,,,,,,,,,,,,,,,,,,,,,,,,,,,,,,,,,,,,,,,,,,,,,,,,,,,,,,,,,,,,,,,,,,,,,,,,,,,,,,,,,,,,,,,,,,,,,,,,,,,,,,,,,,,,,,,,,,,,,,,,False,STRUCTURAL,비데이터 행,,,unknown
617,1,HPS,VS,ARAMCO FGIP IAC #3,VS-2,2,2026-02-13 00:00:00,46045,4,30,,,,,일자,E 케이테크,46000,46002,46003,46020,46030,46030,46040,46045,-,2026-01-28 00:00:00,46063,46064,46065,2026-02-12 00:00:00,46065,1,,,E 케이테크,1,2,,,계획,46000,,46002,,46003,,46020,,46021,,46030,,46031,,46045,,46048,,46050,,46051,,46063,,46064,,46065,,46065,,46065,,,,,,,,,,,조F,상,검,납,,,,,,,,,,,,,,,,,,,,,,,,,,,,,,,,,,,,,,,,,,,,,,,,,,,,,,,,,,,,,,,,,,,,,,,,,,,,,,,,,,,,,,,,,,,,,,,,,,,,,,,,,,,,,,,,,,,,,,,,,,,,,,,,,,,,,,,,,,,,,,,,,,,,,,,,,,,,,,,,,,,,,,,,,,,,,,,,,,,,,,,,,,,,,,,,,,,,,,,,,,,,,,,,,,,,,,,,,,,,,,,,,,,,,,True,DATA_PLAN,,,,plan
617,2,HPS,VS,ARAMCO FGIP IAC #3,VS-2,2,2026-02-13 00:00:00,,4,30,,,,,실행,E 케이테크,45911,45912,46001,46015,46028,46028,46034,46051,,2026-02-06 00:00:00,46063,46064,46079,2026-02-27 00:00:00,46086,,,,E 케이테크,1,2,,,,,,,,,,,,,,,,,,,,,,,,,,,,,,,,,,,,,,,,,,,,,,,,,,,,,,,,,,,,,,,,,,,,,,,,,,,,,,,,,,,,,,,,,,,,,,,,,,,,,,,,,,,,,,,,,,,,,,,,,,,,,,,,,,,,,,,,,,,,,,,,,,,,,,,,,,,,,,,,,,,,,,,,,,,,,,,,,,,,,,,,,,,,,,,,,,,,,,,,,,,,,,,,,,,,,,,,,,,,,,,,,,,,,,,,,,,,,,,,,,,,,,,,,,,,,,,,,,,,,,,,,,,,,,,,,,,,,,True,DATA_ACTUAL,,,,actual
617,3,HPS,VS,ARAMCO FGIP IAC #3,VS-2,2,2026-02-13 00:00:00,,4,30,,,,,E 케이테크,E 케이테크,89,90,2,5,2,2,6,-6,-,,0,0,-14,,-21,,,,E 케이테크,1,2,,,실적,,45911,,45912,,46001,,46015,,46015,,46028,,,,46051,,,,46059,,,,46063,,46064,,46079,,46080,,46086,,,,,,,,,,,,,,,,,,,,,,,,,,,,,,,,,,,,,,,,,,,,,,,,,,,,,,,,,,,,,,,,,,,,,,,,,,,,,,,,,,,,,,,,,,,,,,,,,,,,,,,,,,,,,,,,,,,,,,,,,,,,,,,,,,,,,,,,,,,,,,,,,,,,,,,,,,,,,,,,,,,,,,,,,,,,,,,,,,,,,,,,,,,,,,,,,,,,,,,,,,,,,,,,,,,,,,,,,,,,,,,,,,,,,,,,,,,,,,,,,,,False,STRUCTURAL,비데이터 행,,,unknown
617,4,HPS,VS,ARAMCO FGIP IAC #3,VS-2,2,2026-02-13 00:00:00,,4,30,,,,,취부,,9,,,,,,,,,,,,,,,,,,E 케이테크,1,2,,,LOAD,,,,,,,,,,,,,,,,,,,,,,,,,,,,,,,,,,,,2,2,1,1,,1,1,1,,,,,,,,,,,,,,,,,,,,,,,,,,,,,,,,,,,,,,,,,,,,,,,,,,,,,,,,,,,,,,,,,,,,,,,,,,,,,,,,,,,,,,,,,,,,,,,,,,,,,,,,,,,,,,,,,,,,,,,,,,,,,,,,,,,,,,,,,,,,,,,,,,,,,,,,,,,,,,,,,,,,,,,,,,,,,,,,,,,,,,,,,,,,,,,,,,,,,,,,,,,,,,,,,,,,,,,,,,,,,,,,,,,,,,,,False,STRUCTURAL,비데이터 행,,,unknown
617,5,HPS,VS,ARAMCO FGIP IAC #3,VS-2,2,2026-02-13 00:00:00,,4,30,,,,,용접,,9,,,,,,,,,,,,,,,,,,E 케이테크,1,2,,,,,,,,,,,,,,,,,,,,,,,,,,,,,,,,,,,,,,,,2,2,2,,1,1,1,,,,,,,,,,,,,,,,,,,,,,,,,,,,,,,,,,,,,,,,,,,,,,,,,,,,,,,,,,,,,,,,,,,,,,,,,,,,,,,,,,,,,,,,,,,,,,,,,,,,,,,,,,,,,,,,,,,,,,,,,,,,,,,,,,,,,,,,,,,,,,,,,,,,,,,,,,,,,,,,,,,,,,,,,,,,,,,,,,,,,,,,,,,,,,,,,,,,,,,,,,,,,,,,,,,,,,,,,,,,,,,,,,,,,,,,False,STRUCTURAL,비데이터 행,,,unknown
617,6,HPS,VS,ARAMCO FGIP IAC #3,VS-2,2,2026-02-13 00:00:00,,4,30,,,,,조립,,8,,,,,,,,,,,,,,,,,,E 케이테크,1,2,,,,,,,,,,,,,,,,,,,,,,,,,,,,,,,,,,,,,,,,,2,2,,1,1,1,,1,,,,,,,,,,,,,,,,,,,,,,,,,,,,,,,,,,,,,,,,,,,,,,,,,,,,,,,,,,,,,,,,,,,,,,,,,,,,,,,,,,,,,,,,,,,,,,,,,,,,,,,,,,,,,,,,,,,,,,,,,,,,,,,,,,,,,,,,,,,,,,,,,,,,,,,,,,,,,,,,,,,,,,,,,,,,,,,,,,,,,,,,,,,,,,,,,,,,,,,,,,,,,,,,,,,,,,,,,,,,,,,,,,,,,,False,STRUCTURAL,비데이터 행,,,unknown
617,7,HPS,VS,ARAMCO FGIP IAC #3,VS-2,2,2026-02-13 00:00:00,,4,30,,,,,사상,,5,,,,,,,,,,,,,,,,,,E 케이테크,1,2,,,,,,,,,,,,,,,,,,,,,,,,,,,,,,,,,,,,,,,,,,1,,1,1,1,,,1,,,,,,,,,,,,,,,,,,,,,,,,,,,,,,,,,,,,,,,,,,,,,,,,,,,,,,,,,,,,,,,,,,,,,,,,,,,,,,,,,,,,,,,,,,,,,,,,,,,,,,,,,,,,,,,,,,,,,,,,,,,,,,,,,,,,,,,,,,,,,,,,,,,,,,,,,,,,,,,,,,,,,,,,,,,,,,,,,,,,,,,,,,,,,,,,,,,,,,,,,,,,,,,,,,,,,,,,,,,,,,,,,,,,,False,STRUCTURAL,비데이터 행,,,unknown
617,9,HPS,VS,ARAMCO FGIP IAC #3,VS-2,2,2026-02-13 00:00:00,,4,30,,,,제작 1/30,실적,,,,,,,,,,,,,,,,,,,,E 케이테크,1,2,,,,,,,,,,,,,,,,,,,,,,,,,,,,,,,,,,,,,,,,,,,,,,,,,,,,,,,,,,,,,,,,,,,,,,,,,,,,,,,,,,,,,,,,,,,,,,,,,,,,,,,,,,,,,,,,,,,,,,,,,,,,,,,,,,,,,,,,,,,,,,,,,,,,,,,,,,,,,,,,,,,,,,,,,,,,,,,,,,,,,,,,,,,,,,,,,,,,,,,,,,,,,,,,,,,,,,,,,,,,,,,,,,,,,,,,,,,,,,,,,,,,,,,,,,,,,,,,,,,,,,,,,,,,,,,,,,,,,,False,STRUCTURAL,비데이터 행,,,unknown
618,1,HHI,GV,3497,VS-1,1,2026-02-13 00:00:00,46048,1,30,,,,,일자,E 케이테크,46003,46007,46008,46024,46035,46035,46044,46048,-,2026-01-29 00:00:00,46063,46064,46065,2026-02-12 00:00:00,46065,0.98,,,E 케이테크,1,2,,,계획,46003,,46007,,46008,,46024,,46027,,46035,,46036,,46048,,46049,,46051,,46052,,46063,,46064,,46065,,46065,,46065,,,,,,,,,,,조F,상,검,납,,,,,,,,,,,,,,,,,,,,,,,,,,,,,,,,,,,,,,,,,,,,,,,,,,,,,,,,,,,,,,,,,,,,,,,,,,,,,,,,,,,,,,,,,,,,,,,,,,,,,,,,,,,,,,,,,,,,,,,,,,,,,,,,,,,,,,,,,,,,,,,,,,,,,,,,,,,,,,,,,,,,,,,,,,,,,,,,,,,,,,,,,,,,,,,,,,,,,,,,,,,,,,,,,,,,,,,,,,,,,,,,,,,,,,True,DATA_PLAN,,,,plan
618,2,HHI,GV,3497,VS-1,1,2026-02-13 00:00:00,,1,30,,,,,실행,E 케이테크,45876,45876,46001,46015,46028,46028,46037,46048,,2026-01-28 00:00:00,46064,46065,46066,2026-02-19 00:00:00,,,,,E 케이테크,1,2,,,,,,,,,,,,,,,,,,,,,,,,,,,,,,,,,,,,,,,,,,,,,,,,,,,,,,,,,,,,,,,,,,,,,,,,,,,,,,,,,,,,,,,,,,,,,,,,,,,,,,,,,,,,,,,,,,,,,,,,,,,,,,,,,,,,,,,,,,,,,,,,,,,,,,,,,,,,,,,,,,,,,,,,,,,,,,,,,,,,,,,,,,,,,,,,,,,,,,,,,,,,,,,,,,,,,,,,,,,,,,,,,,,,,,,,,,,,,,,,,,,,,,,,,,,,,,,,,,,,,,,,,,,,,,,,,,,,,,True,DATA_ACTUAL,,,,actual
618,3,HHI,GV,3497,VS-1,1,2026-02-13 00:00:00,,1,30,,,,,E 케이테크,E 케이테크,127,131,7,9,7,7,7,0,-,,-1,-1,-1,,,,,,E 케이테크,1,2,,,실적,,45876,,45876,,46001,,46015,,46015,,46028,,,,46048,,,,46050,,,,46064,,46065,,46066,,46072,,0,,,,,,,,,,,,,,,,,,,,,,,,,,,,,,,,,,,,,,,,,,,,,,,,,,,,,,,,,,,,,,,,,,,,,,,,,,,,,,,,,,,,,,,,,,,,,,,,,,,,,,,,,,,,,,,,,,,,,,,,,,,,,,,,,,,,,,,,,,,,,,,,,,,,,,,,,,,,,,,,,,,,,,,,,,,,,,,,,,,,,,,,,,,,,,,,,,,,,,,,,,,,,,,,,,,,,,,,,,,,,,,,,,,,,,,,,,,,,,,,,,,False,STRUCTURAL,비데이터 행,,,unknown
618,4,HHI,GV,3497,VS-1,1,2026-02-13 00:00:00,,1,30,,,,,취부,,7,,,,,,,,,,,,,,,,,,E 케이테크,1,2,,,LOAD,,,,,,,,,,,,,,,,,,,,,,,,,,,,,,,,,,1,1,1,1,1,1,,1,,,,,,,,,,,,,,,,,,,,,,,,,,,,,,,,,,,,,,,,,,,,,,,,,,,,,,,,,,,,,,,,,,,,,,,,,,,,,,,,,,,,,,,,,,,,,,,,,,,,,,,,,,,,,,,,,,,,,,,,,,,,,,,,,,,,,,,,,,,,,,,,,,,,,,,,,,,,,,,,,,,,,,,,,,,,,,,,,,,,,,,,,,,,,,,,,,,,,,,,,,,,,,,,,,,,,,,,,,,,,,,,,,,,,,,,,,False,STRUCTURAL,비데이터 행,,,unknown
618,5,HHI,GV,3497,VS-1,1,2026-02-13 00:00:00,,1,30,,,,,용접,,6,,,,,,,,,,,,,,,,,,E 케이테크,1,2,,,,,,,,,,,,,,,,,,,,,,,,,,,,,,,,,,,,,,,1,1,1,1,,1,1,,,,,,,,,,,,,,,,,,,,,,,,,,,,,,,,,,,,,,,,,,,,,,,,,,,,,,,,,,,,,,,,,,,,,,,,,,,,,,,,,,,,,,,,,,,,,,,,,,,,,,,,,,,,,,,,,,,,,,,,,,,,,,,,,,,,,,,,,,,,,,,,,,,,,,,,,,,,,,,,,,,,,,,,,,,,,,,,,,,,,,,,,,,,,,,,,,,,,,,,,,,,,,,,,,,,,,,,,,,,,,,,,,,,,,,,,False,STRUCTURAL,비데이터 행,,,unknown
618,6,HHI,GV,3497,VS-1,1,2026-02-13 00:00:00,,1,30,,,,,조립,,4,,,,,,,,,,,,,,,,,,E 케이테크,1,2,,,,,,,,,,,,,,,,,,,,,,,,,,,,,,,,,,,,,,,,,,1,,1,1,1,,,,,,,,,,,,,,,,,,,,,,,,,,,,,,,,,,,,,,,,,,,,,,,,,,,,,,,,,,,,,,,,,,,,,,,,,,,,,,,,,,,,,,,,,,,,,,,,,,,,,,,,,,,,,,,,,,,,,,,,,,,,,,,,,,,,,,,,,,,,,,,,,,,,,,,,,,,,,,,,,,,,,,,,,,,,,,,,,,,,,,,,,,,,,,,,,,,,,,,,,,,,,,,,,,,,,,,,,,,,,,,,,,,,,,,,False,STRUCTURAL,비데이터 행,,,unknown
618,7,HHI,GV,3497,VS-1,1,2026-02-13 00:00:00,,1,30,,,,,사상,,4,,,,,,,,,,,,,,,,,,E 케이테크,1,2,,,,,,,,,,,,,,,,,,,,,,,,,,,,,,,,,,,,,,,,,,,,1,1,1,1,,,,,,,,,,,,,,,,,,,,,,,,,,,,,,,,,,,,,,,,,,,,,,,,,,,,,,,,,,,,,,,,,,,,,,,,,,,,,,,,,,,,,,,,,,,,,,,,,,,,,,,,,,,,,,,,,,,,,,,,,,,,,,,,,,,,,,,,,,,,,,,,,,,,,,,,,,,,,,,,,,,,,,,,,,,,,,,,,,,,,,,,,,,,,,,,,,,,,,,,,,,,,,,,,,,,,,,,,,,,,,,,,,,,,,,False,STRUCTURAL,비데이터 행,,,unknown
618,9,HHI,GV,3497,VS-1,1,2026-02-13 00:00:00,,1,30,,,,제작 1/27,실적,,,,,,,,,,,,,,,,,,,,E 케이테크,1,2,,,,,,,,,,,,,,,,,,,,,,,,,,,,,,,,,,,,,,,,,,,,,,,,,,,,,,,,,,,,,,,,,,,,,,,,,,,,,,,,,,,,,,,,,,,,,,,,,,,,,,,,,,,,,,,,,,,,,,,,,,,,,,,,,,,,,,,,,,,,,,,,,,,,,,,,,,,,,,,,,,,,,,,,,,,,,,,,,,,,,,,,,,,,,,,,,,,,,,,,,,,,,,,,,,,,,,,,,,,,,,,,,,,,,,,,,,,,,,,,,,,,,,,,,,,,,,,,,,,,,,,,,,,,,,,,,,,,,,False,STRUCTURAL,비데이터 행,,,unknown
619,1,HHI,SCR중,HW2606,SCR-7,3,2026-02-15 00:00:00,46043,2,30,,,,6x6,일자,C 에이스,45989,45993,45994,46008,46020,46020,46035,46043,-,2026-01-28 00:00:00,46059,46062,46063,2026-02-11 00:00:00,46065,1,,,C 에이스,1,2,,,계획,45989,,45993,,45994,,46008,,46009,,46020,,46021,,46043,,46045,,46050,,46051,,46059,,46062,,46063,,46064,,46065,,,,,,,조F,,,상,검,포,출,,,납,,,,,,,,,,,,,,,,,,,,,,,,,,,,,,,,,,,,,,,,,,,,,,,,,,,,,,,,,,,,,,,,,,,,,,,,,,,,,,,,,,,,,,,,,,,,,,,,,,,,,,,,,,,,,,,,,,,,,,,,,,,,,,,,,,,,,,,,,,,,,,,,,,,,,,,,,,,,,,,,,,,,,,,,,,,,,,,,,,,,,,,,,,,,,,,,,,,,,,,,,,,,,,,,,,,,,,,,,,,,,,,,,,,,True,DATA_PLAN,,,,plan
619,2,HHI,SCR중,HW2606,SCR-7,3,2026-02-15 00:00:00,,2,30,,,,,실행,C 에이스,45974,45979,45979,45991,46001,46007,46015,46028,,2026-01-12 00:00:00,46059,46062,46073,2026-03-04 00:00:00,46100,,,,C 에이스,1,2,,,,,,,,,,,,,,,,,,,,,,,,,,,,,,,,,,,,,,,,,,,,,,,,,,,,,,,,,,,,,,,,,,,,,,,,,,,,,,,,,,,,,,,,,,,,,,,,,,,,,,,,,,,,,,,,,,,,,,,,,,,,,,,,,,,,,,,,,,,,,,,,,,,,,,,,,,,,,,,,,,,,,,,,,,,,,,,,,,,,,,,,,,,,,,,,,,,,,,,,,,,,,,,,,,,,,,,,,,,,,,,,,,,,,,,,,,,,,,,,,,,,,,,,,,,,,,,,,,,,,,,,,,,,,,,,,,,,,,True,DATA_ACTUAL,,,,actual
619,3,HHI,SCR중,HW2606,SCR-7,3,2026-02-15 00:00:00,,2,30,,,,,C 에이스,C 에이스,15,14,15,17,19,13,20,15,-,,0,0,-10,,-35,,,,C 에이스,1,2,,,실적,,45974,,45979,,45979,,45991,,45991,,46007,,,,46028,,,,46034,,,,46059,,46062,,46073,,46085,,46100,,,,,,,,,,,,,,,,,,,,,,,,,,,,,,,,,,,,,,,,,,,,,,,,,,,,,,,,,,,,,,,,,,,,,,,,,,,,,,,,,,,,,,,,,,,,,,,,,,,,,,,,,,,,,,,,,,,,,,,,,,,,,,,,,,,,,,,,,,,,,,,,,,,,,,,,,,,,,,,,,,,,,,,,,,,,,,,,,,,,,,,,,,,,,,,,,,,,,,,,,,,,,,,,,,,,,,,,,,,,,,,,,,,,,,,,,,,,,,,,,,,False,STRUCTURAL,비데이터 행,,,unknown
619,4,HHI,SCR중,HW2606,SCR-7,3,2026-02-15 00:00:00,,2,30,,,,,취부,,0,,,,,,,,,,,,,,,,,,C 에이스,1,2,,,LOAD,,,,,,,,,,,,,,,,,,,,,,,,,,,,,,,,,,,,,,,,,,,,,,,,,,,,,,,,,,,,,,,,,,,,,,,,,,,,,,,,,,,,,,,,,,,,,,,,,,,,,,,,,,,,,,,,,,,,,,,,,,,,,,,,,,,,,,,,,,,,,,,,,,,,,,,,,,,,,,,,,,,,,,,,,,,,,,,,,,,,,,,,,,,,,,,,,,,,,,,,,,,,,,,,,,,,,,,,,,,,,,,,,,,,,,,,,,,,,,,,,,,,,,,,,,,,,,,,,,,,,,,,,,,,,,,,,,,False,STRUCTURAL,비데이터 행,,,unknown
619,5,HHI,SCR중,HW2606,SCR-7,3,2026-02-15 00:00:00,,2,30,,,,,용접,,0,,,,,,,,,,,,,,,,,,C 에이스,1,2,,,,,,,,,,,,,,,,,,,,,,,,,,,,,,,,,,,,,,,,,,,,,,,,,,,,,,,,,,,,,,,,,,,,,,,,,,,,,,,,,,,,,,,,,,,,,,,,,,,,,,,,,,,,,,,,,,,,,,,,,,,,,,,,,,,,,,,,,,,,,,,,,,,,,,,,,,,,,,,,,,,,,,,,,,,,,,,,,,,,,,,,,,,,,,,,,,,,,,,,,,,,,,,,,,,,,,,,,,,,,,,,,,,,,,,,,,,,,,,,,,,,,,,,,,,,,,,,,,,,,,,,,,,,,,,,,,,,,,False,STRUCTURAL,비데이터 행,,,unknown
619,6,HHI,SCR중,HW2606,SCR-7,3,2026-02-15 00:00:00,,2,30,,,,,조립,,0,,,,,,,,,,,,,,,,,,C 에이스,1,2,,,,,,,,,,,,,,,,,,,,,,,,,,,,,,,,,,,,,,,,,,,,,,,,,,,,,,,,,,,,,,,,,,,,,,,,,,,,,,,,,,,,,,,,,,,,,,,,,,,,,,,,,,,,,,,,,,,,,,,,,,,,,,,,,,,,,,,,,,,,,,,,,,,,,,,,,,,,,,,,,,,,,,,,,,,,,,,,,,,,,,,,,,,,,,,,,,,,,,,,,,,,,,,,,,,,,,,,,,,,,,,,,,,,,,,,,,,,,,,,,,,,,,,,,,,,,,,,,,,,,,,,,,,,,,,,,,,,,,False,STRUCTURAL,비데이터 행,,,unknown
619,7,HHI,SCR중,HW2606,SCR-7,3,2026-02-15 00:00:00,,2,30,,,,도면미출도,사상,,0,,,,,,,,,,,,,,,,,,C 에이스,1,2,,,,,,,,,,,,,,,,,,,,,,,,,,,,,,,,,,,,,,,,,,,,,,,,,,,,,,,,,,,,,,,,,,,,,,,,,,,,,,,,,,,,,,,,,,,,,,,,,,,,,,,,,,,,,,,,,,,,,,,,,,,,,,,,,,,,,,,,,,,,,,,,,,,,,,,,,,,,,,,,,,,,,,,,,,,,,,,,,,,,,,,,,,,,,,,,,,,,,,,,,,,,,,,,,,,,,,,,,,,,,,,,,,,,,,,,,,,,,,,,,,,,,,,,,,,,,,,,,,,,,,,,,,,,,,,,,,,,,,False,STRUCTURAL,비데이터 행,,,unknown
619,9,HHI,SCR중,HW2606,SCR-7,3,2026-02-15 00:00:00,,2,30,,,,미정->에이스,실적,,,,,,,,,,,,,,,,,,,,C 에이스,1,2,,,,,,,,,,,,,,,,,,,,,,,,,,,,,,,,,,,,,,,,,,,,,,,,,,,,,,,,,,,,,,,,,,,,,,,,,,,,,,,,,,,,,,,,,,,,,,,,,,,,,,,,,,,,,,,,,,,,,,,,,,,,,,,,,,,,,,,,,,,,,,,,,,,,,,,,,,,,,,,,,,,,,,,,,,,,,,,,,,,,,,,,,,,,,,,,,,,,,,,,,,,,,,,,,,,,,,,,,,,,,,,,,,,,,,,,,,,,,,,,,,,,,,,,,,,,,,,,,,,,,,,,,,,,,,,,,,,,,,False,STRUCTURAL,비데이터 행,,,unknown
620,1,HHI,EGP,CMHI-283-10 #10,EGP-2,3,2026-02-18 00:00:00,46037,5,30,,,,외부함석,일자,F JK플랜트,45987,45994,45995,46009,46021,46021,46032,46037,-,2026-01-20 00:00:00,46059,46062,46063,2026-02-11 00:00:00,46065,1,,,F JK플랜트,1,2,,,계획,45987,,45994,,45995,,46009,,46010,,46021,,46022,,46037,,46041,,46042,,46043,,46059,,46062,,46063,,46064,,46065,,,,,,,조F,,,상,검,포,출,,,,,,납,,,,,,,,,,,,,,,,,,,,,,,,,,,,,,,,,,,,,,,,,,,,,,,,,,,,,,,,,,,,,,,,,,,,,,,,,,,,,,,,,,,,,,,,,,,,,,,,,,,,,,,,,,,,,,,,,,,,,,,,,,,,,,,,,,,,,,,,,,,,,,,,,,,,,,,,,,,,,,,,,,,,,,,,,,,,,,,,,,,,,,,,,,,,,,,,,,,,,,,,,,,,,,,,,,,,,,,,,,,,,,,,,True,DATA_PLAN,,,,plan
620,2,HHI,EGP,CMHI-283-10 #10,EGP-2,3,2026-02-18 00:00:00,,5,30,,,,,실행,F JK플랜트,45639,45653,45959,46009,46027,45996,46024,46031,,2026-01-19 00:00:00,46062,46062,46063,2026-02-11 00:00:00,46096,,,,F JK플랜트,1,2,,,,,,,,,,,,,,,,,,,,,,,,,,,,,,,,,,,,,,,,,,,,,,,,,,,,,,,,,,,,,,,,,,,,,,,,,,,,,,,,,,,,,,,,,,,,,,,,,,,,,,,,,,,,,,,,,,,,,,,,,,,,,,,,,,,,,,,,,,,,,,,,,,,,,,,,,,,,,,,,,,,,,,,,,,,,,,,,,,,,,,,,,,,,,,,,,,,,,,,,,,,,,,,,,,,,,,,,,,,,,,,,,,,,,,,,,,,,,,,,,,,,,,,,,,,,,,,,,,,,,,,,,,,,,,,,,,,,,,True,DATA_ACTUAL,,,,actual
620,3,HHI,EGP,CMHI-283-10 #10,EGP-2,3,2026-02-18 00:00:00,,5,30,,,,,F JK플랜트,F JK플랜트,348,341,36,0,-6,25,8,6,-,,-3,0,0,,-31,,,,F JK플랜트,1,2,,,실적,,45639,,45653,,45959,,46009,,,,45996,,,,46031,,,,46041,,,,46062,,46062,,46063,,46064,,46096,,,,,,,,,,,,,,,,,,,,,,,,,,,,,,,,,,,,,,,,,,,,,,,,,,,,,,,,,,,,,,,,,,,,,,,,,,,,,,,,,,,,,,,,,,,,,,,,,,,,,,,,,,,,,,,,,,,,,,,,,,,,,,,,,,,,,,,,,,,,,,,,,,,,,,,,,,,,,,,,,,,,,,,,,,,,,,,,,,,,,,,,,,,,,,,,,,,,,,,,,,,,,,,,,,,,,,,,,,,,,,,,,,,,,,,,,,,,,,,,,,,False,STRUCTURAL,비데이터 행,,,unknown
620,4,HHI,EGP,CMHI-283-10 #10,EGP-2,3,2026-02-18 00:00:00,,5,30,,,,,취부,,0,,,,,,,,,,,,,,,,,,F JK플랜트,1,2,,,LOAD,,,,,,,,,,,,,,,,,,,,,,,,,,,,,,,,,,,,,,,,,,,,,,,,,,,,,,,,,,,,,,,,,,,,,,,,,,,,,,,,,,,,,,,,,,,,,,,,,,,,,,,,,,,,,,,,,,,,,,,,,,,,,,,,,,,,,,,,,,,,,,,,,,,,,,,,,,,,,,,,,,,,,,,,,,,,,,,,,,,,,,,,,,,,,,,,,,,,,,,,,,,,,,,,,,,,,,,,,,,,,,,,,,,,,,,,,,,,,,,,,,,,,,,,,,,,,,,,,,,,,,,,,,,,,,,,,,,False,STRUCTURAL,비데이터 행,,,unknown
620,5,HHI,EGP,CMHI-283-10 #10,EGP-2,3,2026-02-18 00:00:00,,5,30,,,,,용접,,0,,,,,,,,,,,,,,,,,,F JK플랜트,1,2,,,,,,,,,,,,,,,,,,,,,,,,,,,,,,,,,,,,,,,,,,,,,,,,,,,,,,,,,,,,,,,,,,,,,,,,,,,,,,,,,,,,,,,,,,,,,,,,,,,,,,,,,,,,,,,,,,,,,,,,,,,,,,,,,,,,,,,,,,,,,,,,,,,,,,,,,,,,,,,,,,,,,,,,,,,,,,,,,,,,,,,,,,,,,,,,,,,,,,,,,,,,,,,,,,,,,,,,,,,,,,,,,,,,,,,,,,,,,,,,,,,,,,,,,,,,,,,,,,,,,,,,,,,,,,,,,,,,,,False,STRUCTURAL,비데이터 행,,,unknown
620,6,HHI,EGP,CMHI-283-10 #10,EGP-2,3,2026-02-18 00:00:00,,5,30,,,,,조립,,0,,,,,,,,,,,,,,,,,,F JK플랜트,1,2,,,,,,,,,,,,,,,,,,,,,,,,,,,,,,,,,,,,,,,,,,,,,,,,,,,,,,,,,,,,,,,,,,,,,,,,,,,,,,,,,,,,,,,,,,,,,,,,,,,,,,,,,,,,,,,,,,,,,,,,,,,,,,,,,,,,,,,,,,,,,,,,,,,,,,,,,,,,,,,,,,,,,,,,,,,,,,,,,,,,,,,,,,,,,,,,,,,,,,,,,,,,,,,,,,,,,,,,,,,,,,,,,,,,,,,,,,,,,,,,,,,,,,,,,,,,,,,,,,,,,,,,,,,,,,,,,,,,,,False,STRUCTURAL,비데이터 행,,,unknown
620,7,HHI,EGP,CMHI-283-10 #10,EGP-2,3,2026-02-18 00:00:00,,5,30,,,,,사상,,0,,,,,,,,,,,,,,,,,,F JK플랜트,1,2,,,,,,,,,,,,,,,,,,,,,,,,,,,,,,,,,,,,,,,,,,,,,,,,,,,,,,,,,,,,,,,,,,,,,,,,,,,,,,,,,,,,,,,,,,,,,,,,,,,,,,,,,,,,,,,,,,,,,,,,,,,,,,,,,,,,,,,,,,,,,,,,,,,,,,,,,,,,,,,,,,,,,,,,,,,,,,,,,,,,,,,,,,,,,,,,,,,,,,,,,,,,,,,,,,,,,,,,,,,,,,,,,,,,,,,,,,,,,,,,,,,,,,,,,,,,,,,,,,,,,,,,,,,,,,,,,,,,,,False,STRUCTURAL,비데이터 행,,,unknown
620,9,HHI,EGP,CMHI-283-10 #10,EGP-2,3,2026-02-18 00:00:00,,5,30,,,,,실적,,,,,,,,,,,,,,,,,,,,F JK플랜트,1,2,,,,,,,,,,,,,,,,,,,,,,,,,,,,,,,,,,,,,,,,,,,,,,,,,,,,,,,,,,,,,,,,,,,,,,,,,,,,,,,,,,,,,,,,,,,,,,,,,,,,,,,,,,,,,,,,,,,,,,,,,,,,,,,,,,,,,,,,,,,,,,,,,,,,,,,,,,,,,,,,,,,,,,,,,,,,,,,,,,,,,,,,,,,,,,,,,,,,,,,,,,,,,,,,,,,,,,,,,,,,,,,,,,,,,,,,,,,,,,,,,,,,,,,,,,,,,,,,,,,,,,,,,,,,,,,,,,,,,,False,STRUCTURAL,비데이터 행,,,unknown
621,1,HHI,EGP,CMHI-283-09 #9,EGP-2,3,2026-02-27 00:00:00,46048,5,30,,,,외부함석,일자,F JK플랜트,45996,46003,46006,46021,46031,46031,46043,46048,-,2026-01-29 00:00:00,46073,46076,46077,2026-02-25 00:00:00,46079,1,,,F JK플랜트,1,2,,,계획,45996,,46003,,46006,,46021,,46022,,46031,,46034,,46048,,46050,,46051,,46052,,46073,,46076,,46077,,46078,,46079,,,,,,,,,,,,,,,,,,,,,조F,,,상,검,포,출,납,,,,,,,,,,,,,,,,,,,,,,,,,,,,,,,,,,,,,,,,,,,,,,,,,,,,,,,,,,,,,,,,,,,,,,,,,,,,,,,,,,,,,,,,,,,,,,,,,,,,,,,,,,,,,,,,,,,,,,,,,,,,,,,,,,,,,,,,,,,,,,,,,,,,,,,,,,,,,,,,,,,,,,,,,,,,,,,,,,,,,,,,,,,,,,,,,,,,,,,,,,,,,,,,,,,,,,,,True,DATA_PLAN,,,,plan
621,2,HHI,EGP,CMHI-283-09 #9,EGP-2,3,2026-02-27 00:00:00,,5,30,,,,,실행,F JK플랜트,45639,45653,45959,45989,46027,45996,46024,46031,,2026-01-29 00:00:00,46062,46062,46063,2026-02-11 00:00:00,46096,,,,F JK플랜트,1,2,,,,,,,,,,,,,,,,,,,,,,,,,,,,,,,,,,,,,,,,,,,,,,,,,,,,,,,,,,,,,,,,,,,,,,,,,,,,,,,,,,,,,,,,,,,,,,,,,,,,,,,,,,,,,,,,,,,,,,,,,,,,,,,,,,,,,,,,,,,,,,,,,,,,,,,,,,,,,,,,,,,,,,,,,,,,,,,,,,,,,,,,,,,,,,,,,,,,,,,,,,,,,,,,,,,,,,,,,,,,,,,,,,,,,,,,,,,,,,,,,,,,,,,,,,,,,,,,,,,,,,,,,,,,,,,,,,,,,,True,DATA_ACTUAL,,,,actual
621,3,HHI,EGP,CMHI-283-09 #9,EGP-2,3,2026-02-27 00:00:00,,5,30,,,,,F JK플랜트,F JK플랜트,357,350,47,32,4,35,19,17,-,,11,14,14,,-17,,,,F JK플랜트,1,2,,,실적,,45639,,45653,,45959,,45989,,,,45996,,,,46031,,,,46051,,,,46062,,46062,,46063,,46064,,46096,,,,,,,,,,,,,,,,,,,,,,,,,,,,,,,,,,,,,,,,,,,,,,,,,,,,,,,,,,,,,,,,,,,,,,,,,,,,,,,,,,,,,,,,,,,,,,,,,,,,,,,,,,,,,,,,,,,,,,,,,,,,,,,,,,,,,,,,,,,,,,,,,,,,,,,,,,,,,,,,,,,,,,,,,,,,,,,,,,,,,,,,,,,,,,,,,,,,,,,,,,,,,,,,,,,,,,,,,,,,,,,,,,,,,,,,,,,,,,,,,,,False,STRUCTURAL,비데이터 행,,,unknown
621,4,HHI,EGP,CMHI-283-09 #9,EGP-2,3,2026-02-27 00:00:00,,5,30,,,,,취부,,5,,,,,,,,,,,,,,,,,,F JK플랜트,1,2,,,LOAD,,,,,,,,,,,,,,,,,,,,,,,,,,,,,,,,,,2,1,,1,1,,,,,,,,,,,,,,,,,,,,,,,,,,,,,,,,,,,,,,,,,,,,,,,,,,,,,,,,,,,,,,,,,,,,,,,,,,,,,,,,,,,,,,,,,,,,,,,,,,,,,,,,,,,,,,,,,,,,,,,,,,,,,,,,,,,,,,,,,,,,,,,,,,,,,,,,,,,,,,,,,,,,,,,,,,,,,,,,,,,,,,,,,,,,,,,,,,,,,,,,,,,,,,,,,,,,,,,,,,,,,,,,,,,,,,,,,,,,,False,STRUCTURAL,비데이터 행,,,unknown
621,5,HHI,EGP,CMHI-283-09 #9,EGP-2,3,2026-02-27 00:00:00,,5,30,,,,,용접,,7,,,,,,,,,,,,,,,,,,F JK플랜트,1,2,,,,,,,,,,,,,,,,,,,,,,,,,,,,,,,,,,,,,2,2,,2,1,,,,,,,,,,,,,,,,,,,,,,,,,,,,,,,,,,,,,,,,,,,,,,,,,,,,,,,,,,,,,,,,,,,,,,,,,,,,,,,,,,,,,,,,,,,,,,,,,,,,,,,,,,,,,,,,,,,,,,,,,,,,,,,,,,,,,,,,,,,,,,,,,,,,,,,,,,,,,,,,,,,,,,,,,,,,,,,,,,,,,,,,,,,,,,,,,,,,,,,,,,,,,,,,,,,,,,,,,,,,,,,,,,,,,,,,,,,,,False,STRUCTURAL,비데이터 행,,,unknown
621,6,HHI,EGP,CMHI-283-09 #9,EGP-2,3,2026-02-27 00:00:00,,5,30,,,,,조립,,5,,,,,,,,,,,,,,,,,,F JK플랜트,1,2,,,,,,,,,,,,,,,,,,,,,,,,,,,,,,,,,,,,,2,1,,1,1,,,,,,,,,,,,,,,,,,,,,,,,,,,,,,,,,,,,,,,,,,,,,,,,,,,,,,,,,,,,,,,,,,,,,,,,,,,,,,,,,,,,,,,,,,,,,,,,,,,,,,,,,,,,,,,,,,,,,,,,,,,,,,,,,,,,,,,,,,,,,,,,,,,,,,,,,,,,,,,,,,,,,,,,,,,,,,,,,,,,,,,,,,,,,,,,,,,,,,,,,,,,,,,,,,,,,,,,,,,,,,,,,,,,,,,,,,,,,False,STRUCTURAL,비데이터 행,,,unknown
621,7,HHI,EGP,CMHI-283-09 #9,EGP-2,3,2026-02-27 00:00:00,,5,30,,,,,사상,,7,,,,,,,,,,,,,,,,,,F JK플랜트,1,2,,,,,,,,,,,,,,,,,,,,,,,,,,,,,,,,,,,,,2,1,,1,1,,,,,2,,,,,,,,,,,,,,,,,,,,,,,,,,,,,,,,,,,,,,,,,,,,,,,,,,,,,,,,,,,,,,,,,,,,,,,,,,,,,,,,,,,,,,,,,,,,,,,,,,,,,,,,,,,,,,,,,,,,,,,,,,,,,,,,,,,,,,,,,,,,,,,,,,,,,,,,,,,,,,,,,,,,,,,,,,,,,,,,,,,,,,,,,,,,,,,,,,,,,,,,,,,,,,,,,,,,,,,,,,,,,,,,,,,,,,,,False,STRUCTURAL,비데이터 행,,,unknown
621,9,HHI,EGP,CMHI-283-09 #9,EGP-2,3,2026-02-27 00:00:00,,5,30,,,,,실적,,,,,,,,,,,,,,,,,,,,F JK플랜트,1,2,,,,,,,,,,,,,,,,,,,,,,,,,,,,,,,,,,,,,,,,,,,,,,,,,,,,,,,,,,,,,,,,,,,,,,,,,,,,,,,,,,,,,,,,,,,,,,,,,,,,,,,,,,,,,,,,,,,,,,,,,,,,,,,,,,,,,,,,,,,,,,,,,,,,,,,,,,,,,,,,,,,,,,,,,,,,,,,,,,,,,,,,,,,,,,,,,,,,,,,,,,,,,,,,,,,,,,,,,,,,,,,,,,,,,,,,,,,,,,,,,,,,,,,,,,,,,,,,,,,,,,,,,,,,,,,,,,,,,,False,STRUCTURAL,비데이터 행,,,unknown
622,1,HHI,SCR중,SH8315,SCR-7,3,2026-02-27 00:00:00,46056,2,30,,,,"5x5(2) , 4x4(1)",일자,D 청림,46002,46006,46007,46022,46034,46034,46049,46056,-,2026-02-10 00:00:00,46077,46078,46079,2026-02-27 00:00:00,46084,1,,,D 청림,2,2,,,계획,46002,,46006,,46007,,46022,,46024,,46034,,46035,,46056,,46058,,46063,,46064,,46077,,46078,,46079,,46080,,46084,,-----,-----,제F,,도S,,,,,도F,조S,,,,,,,,,,,,,조F,상,검,납,,,,출,,,,,,,,,,,,,,,,,,,,,,,,,,,,,,,,,,,,,,,,,,,,,,,,,,,,,,,,,,,,,,,,,,,,,,,,,,,,,,,,,,,,,,,,,,,,,,,,,,,,,,,,,,,,,,,,,,,,,,,,,,,,,,,,,,,,,,,,,,,,,,,,,,,,,,,,,,,,,,,,,,,,,,,,,,,,,,,,,,,,,,,,,,,,,,,,,,,,,,,,,,,,,,,,,,,,True,DATA_PLAN,,,,plan
622,2,HHI,SCR중,SH8315,SCR-7,3,2026-02-27 00:00:00,,2,30,,,,2/27->2/3->3/4->2/27,실행,D 청림,45959,45960,45964,45972,45973,45978,45988,45996,,2025-12-12 00:00:00,46077,46078,46084,2026-03-03 00:00:00,46106,,,,D 청림,2,2,,,,,,,,,,,,,,,,,,,,,,,,,,,,,,,,,,,,,,,,,,,,,,,,,,,,,,,,,,,,,,,,,,,,,,,,,,,,,,,,,,,,,,,,,,,,,,,,,,,,,,,,,,,,,,,,,,,,,,,,,,,,,,,,,,,,,,,,,,,,,,,,,,,,,,,,,,,,,,,,,,,,,,,,,,,,,,,,,,,,,,,,,,,,,,,,,,,,,,,,,,,,,,,,,,,,,,,,,,,,,,,,,,,,,,,,,,,,,,,,,,,,,,,,,,,,,,,,,,,,,,,,,,,,,,,,,,,,,,True,DATA_ACTUAL,,,,actual
622,3,HHI,SCR중,SH8315,SCR-7,3,2026-02-27 00:00:00,,2,30,,,,,D 청림,D 청림,43,46,43,50,61,56,61,60,-,,0,0,-5,,-22,,,,D 청림,2,2,,,실적,,45959,,45960,,45964,,45972,,45972,,45978,,,,45996,,,,46003,,,,46077,,46078,,46084,,46084,,46106,,,,,,,,,,,,,,,,,,,,,,,,,,,,,,,,,,,,,,,,,,,,,,,,,,,,,,,,,,,,,,,,,,,,,,,,,,,,,,,,,,,,,,,,,,,,,,,,,,,,,,,,,,,,,,,,,,,,,,,,,,,,,,,,,,,,,,,,,,,,,,,,,,,,,,,,,,,,,,,,,,,,,,,,,,,,,,,,,,,,,,,,,,,,,,,,,,,,,,,,,,,,,,,,,,,,,,,,,,,,,,,,,,,,,,,,,,,,,,,,,,,False,STRUCTURAL,비데이터 행,,,unknown
622,4,HHI,SCR중,SH8315,SCR-7,3,2026-02-27 00:00:00,,2,30,,,,,취부,,0,,,,,,,,,,,,,,,,,,D 청림,2,2,,,LOAD,,,,,,,,,,,,,,,,,,,,,,,,,,,,,,,,,,,,,,,,,,,,,,,,,,,,,,,,,,,,,,,,,,,,,,,,,,,,,,,,,,,,,,,,,,,,,,,,,,,,,,,,,,,,,,,,,,,,,,,,,,,,,,,,,,,,,,,,,,,,,,,,,,,,,,,,,,,,,,,,,,,,,,,,,,,,,,,,,,,,,,,,,,,,,,,,,,,,,,,,,,,,,,,,,,,,,,,,,,,,,,,,,,,,,,,,,,,,,,,,,,,,,,,,,,,,,,,,,,,,,,,,,,,,,,,,,,,False,STRUCTURAL,비데이터 행,,,unknown
622,5,HHI,SCR중,SH8315,SCR-7,3,2026-02-27 00:00:00,,2,30,,,,,용접,,0,,,,,,,,,,,,,,,,,,D 청림,2,2,,,,,,,,,,,,,,,,,,,,,,,,,,,,,,,,,,,,,,,,,,,,,,,,,,,,,,,,,,,,,,,,,,,,,,,,,,,,,,,,,,,,,,,,,,,,,,,,,,,,,,,,,,,,,,,,,,,,,,,,,,,,,,,,,,,,,,,,,,,,,,,,,,,,,,,,,,,,,,,,,,,,,,,,,,,,,,,,,,,,,,,,,,,,,,,,,,,,,,,,,,,,,,,,,,,,,,,,,,,,,,,,,,,,,,,,,,,,,,,,,,,,,,,,,,,,,,,,,,,,,,,,,,,,,,,,,,,,,,False,STRUCTURAL,비데이터 행,,,unknown
622,6,HHI,SCR중,SH8315,SCR-7,3,2026-02-27 00:00:00,,2,30,,,,,조립,,6,,,,,,,,,,,,,,,,,,D 청림,2,2,,,,,,,,,,,,,,,,,,,,,,,,,,,,,,,,,,,,,,,,,,,,,,,,,,,,,,,,,,2,2,2,,,,,,,,,,,,,,,,,,,,,,,,,,,,,,,,,,,,,,,,,,,,,,,,,,,,,,,,,,,,,,,,,,,,,,,,,,,,,,,,,,,,,,,,,,,,,,,,,,,,,,,,,,,,,,,,,,,,,,,,,,,,,,,,,,,,,,,,,,,,,,,,,,,,,,,,,,,,,,,,,,,,,,,,,,,,,,,,,,,,,,,,,,,,,,,,,,,,,,,,,,,,,,,,,,,,,,,,,,False,STRUCTURAL,비데이터 행,,,unknown
622,7,HHI,SCR중,SH8315,SCR-7,3,2026-02-27 00:00:00,,2,30,,,,,사상,,0,,,,,,,,,,,,,,,,,,D 청림,2,2,,,,,,,,,,,,,,,,,,,,,,,,,,,,,,,,,,,,,,,,,,,,,,,,,,,,,,,,,,,,,,,,,,,,,,,,,,,,,,,,,,,,,,,,,,,,,,,,,,,,,,,,,,,,,,,,,,,,,,,,,,,,,,,,,,,,,,,,,,,,,,,,,,,,,,,,,,,,,,,,,,,,,,,,,,,,,,,,,,,,,,,,,,,,,,,,,,,,,,,,,,,,,,,,,,,,,,,,,,,,,,,,,,,,,,,,,,,,,,,,,,,,,,,,,,,,,,,,,,,,,,,,,,,,,,,,,,,,,,False,STRUCTURAL,비데이터 행,,,unknown
622,9,HHI,SCR중,SH8315,SCR-7,3,2026-02-27 00:00:00,,2,30,,,,미정->청림,실적,,,,,,,,,,,,,,,,,,,,D 청림,2,2,,,,,,,,,,,,,,,,,,,,,,,,,,,,,,,,,,,,,,,,,,,,,,,,,,,,,,,,,,,,,,,,,,,,,,,,,,,,,,,,,,,,,,,,,,,,,,,,,,,,,,,,,,,,,,,,,,,,,,,,,,,,,,,,,,,,,,,,,,,,,,,,,,,,,,,,,,,,,,,,,,,,,,,,,,,,,,,,,,,,,,,,,,,,,,,,,,,,,,,,,,,,,,,,,,,,,,,,,,,,,,,,,,,,,,,,,,,,,,,,,,,,,,,,,,,,,,,,,,,,,,,,,,,,,,,,,,,,,,False,STRUCTURAL,비데이터 행,,,unknown
623,1,HHI,SCR중,0208121,SCR-7,3,2026-03-06 00:00:00,46058,2,30,,전기,수출,TEST 1SET(10/13) 진행,일자,D 청림,46006,46008,46009,46027,46036,46036,46051,46058,-,2026-02-12 00:00:00,46079,46080,46084,2026-03-04 00:00:00,46086,1,,,D 청림,2,3,,,계획,46006,,46008,,46009,,46027,,46028,,46036,,46037,,46058,,46062,,46065,,46066,,46079,,46080,,46084,,46085,,46086,,-----,-----,-----,-----,제F,,,,도S,,,도F,조S,,,,,,,,,,,,,조F,상,,,,검,포,출,납,,,,,,,,,,,,,,,,,,,,,,,,,,,,,,,,,,,,,,,,,,,,,,,,,,,,,,,,,,,,,,,,,,,,,,,,,,,,,,,,,,,,,,,,,,,,,,,,,,,,,,,,,,,,,,,,,,,,,,,,,,,,,,,,,,,,,,,,,,,,,,,,,,,,,,,,,,,,,,,,,,,,,,,,,,,,,,,,,,,,,,,,,,,,,,,,,,,,,,,,,,,,,,,,,True,DATA_PLAN,,,,plan
623,2,HHI,SCR중,0208121,SCR-7,3,2026-03-06 00:00:00,,2,30,,,,나머지 물량,실행,D 청림,45882,45883,45890,45904,45909,45916,45930,45945,,2025-10-20 00:00:00,45971,45992,46001,2025-12-15 00:00:00,46096,,,,D 청림,2,3,,,,,,,,,,,,,,,,,,,,,,,,,,,,,,,,,,,,,,,,,,,,,,,,,,,,,,,,,,,,,,,,,,,,,,,,,,,,,,,,,,,,,,,,,,,,,,,,,,,,,,,,,,,,,,,,,,,,,,,,,,,,,,,,,,,,,,,,,,,,,,,,,,,,,,,,,,,,,,,,,,,,,,,,,,,,,,,,,,,,,,,,,,,,,,,,,,,,,,,,,,,,,,,,,,,,,,,,,,,,,,,,,,,,,,,,,,,,,,,,,,,,,,,,,,,,,,,,,,,,,,,,,,,,,,,,,,,,,,True,DATA_ACTUAL,,,,actual
623,3,HHI,SCR중,0208121,SCR-7,3,2026-03-06 00:00:00,,2,30,,,,,D 청림,D 청림,124,125,119,123,127,120,121,113,-,,108,88,83,,-10,,,,D 청림,2,3,,,실적,,45882,,45883,,45890,,45904,,45904,,45916,,,,45945,,,,45950,,,,45971,,45992,,46001,,46006,,46096,,,,,,,,,,,,,,,,,,,,,,,,,,,,,,,,,,,,,,,,,,,,,,,,,,,,,,,,,,,,,,,,,,,,,,,,,,,,,,,,,,,,,,,,,,,,,,,,,,,,,,,,,,,,,,,,,,,,,,,,,,,,,,,,,,,,,,,,,,,,,,,,,,,,,,,,,,,,,,,,,,,,,,,,,,,,,,,,,,,,,,,,,,,,,,,,,,,,,,,,,,,,,,,,,,,,,,,,,,,,,,,,,,,,,,,,,,,,,,,,,,,False,STRUCTURAL,비데이터 행,,,unknown
623,4,HHI,SCR중,0208121,SCR-7,3,2026-03-06 00:00:00,,2,30,,,,,취부,,0,,,,,,,,,,,,,,,,,,D 청림,2,3,,,LOAD,,,,,,,,,,,,,,,,,,,,,,,,,,,,,,,,,,,,,,,,,,,,,,,,,,,,,,,,,,,,,,,,,,,,,,,,,,,,,,,,,,,,,,,,,,,,,,,,,,,,,,,,,,,,,,,,,,,,,,,,,,,,,,,,,,,,,,,,,,,,,,,,,,,,,,,,,,,,,,,,,,,,,,,,,,,,,,,,,,,,,,,,,,,,,,,,,,,,,,,,,,,,,,,,,,,,,,,,,,,,,,,,,,,,,,,,,,,,,,,,,,,,,,,,,,,,,,,,,,,,,,,,,,,,,,,,,,,False,STRUCTURAL,비데이터 행,,,unknown
623,5,HHI,SCR중,0208121,SCR-7,3,2026-03-06 00:00:00,,2,30,,,,,용접,,0,,,,,,,,,,,,,,,,,,D 청림,2,3,,,,,,,,,,,,,,,,,,,,,,,,,,,,,,,,,,,,,,,,,,,,,,,,,,,,,,,,,,,,,,,,,,,,,,,,,,,,,,,,,,,,,,,,,,,,,,,,,,,,,,,,,,,,,,,,,,,,,,,,,,,,,,,,,,,,,,,,,,,,,,,,,,,,,,,,,,,,,,,,,,,,,,,,,,,,,,,,,,,,,,,,,,,,,,,,,,,,,,,,,,,,,,,,,,,,,,,,,,,,,,,,,,,,,,,,,,,,,,,,,,,,,,,,,,,,,,,,,,,,,,,,,,,,,,,,,,,,,,False,STRUCTURAL,비데이터 행,,,unknown
623,6,HHI,SCR중,0208121,SCR-7,3,2026-03-06 00:00:00,,2,30,,,,,조립,,0,,,,,,,,,,,,,,,,,,D 청림,2,3,,,,,,,,,,,,,,,,,,,,,,,,,,,,,,,,,,,,,,,,,,,,,,,,,,,,,,,,,,,,,,,,,,,,,,,,,,,,,,,,,,,,,,,,,,,,,,,,,,,,,,,,,,,,,,,,,,,,,,,,,,,,,,,,,,,,,,,,,,,,,,,,,,,,,,,,,,,,,,,,,,,,,,,,,,,,,,,,,,,,,,,,,,,,,,,,,,,,,,,,,,,,,,,,,,,,,,,,,,,,,,,,,,,,,,,,,,,,,,,,,,,,,,,,,,,,,,,,,,,,,,,,,,,,,,,,,,,,,,False,STRUCTURAL,비데이터 행,,,unknown
623,7,HHI,SCR중,0208121,SCR-7,3,2026-03-06 00:00:00,,2,30,,,,,사상,,0,,,,,,,,,,,,,,,,,,D 청림,2,3,,,,,,,,,,,,,,,,,,,,,,,,,,,,,,,,,,,,,,,,,,,,,,,,,,,,,,,,,,,,,,,,,,,,,,,,,,,,,,,,,,,,,,,,,,,,,,,,,,,,,,,,,,,,,,,,,,,,,,,,,,,,,,,,,,,,,,,,,,,,,,,,,,,,,,,,,,,,,,,,,,,,,,,,,,,,,,,,,,,,,,,,,,,,,,,,,,,,,,,,,,,,,,,,,,,,,,,,,,,,,,,,,,,,,,,,,,,,,,,,,,,,,,,,,,,,,,,,,,,,,,,,,,,,,,,,,,,,,,False,STRUCTURAL,비데이터 행,,,unknown
623,9,HHI,SCR중,0208121,SCR-7,3,2026-03-06 00:00:00,,2,30,,,,,실적,,,,,,,,,,,,,,,,,,,,D 청림,2,3,,,,,,,,,,,,,,,,,,,,,,,,,,,,,,,,,,,,,,,,,,,,,,,,,,,,,,,,,,,,,,,,,,,,,,,,,,,,,,,,,,,,,,,,,,,,,,,,,,,,,,,,,,,,,,,,,,,,,,,,,,,,,,,,,,,,,,,,,,,,,,,,,,,,,,,,,,,,,,,,,,,,,,,,,,,,,,,,,,,,,,,,,,,,,,,,,,,,,,,,,,,,,,,,,,,,,,,,,,,,,,,,,,,,,,,,,,,,,,,,,,,,,,,,,,,,,,,,,,,,,,,,,,,,,,,,,,,,,,False,STRUCTURAL,비데이터 행,,,unknown
624,1,HHI,SCR중,0208122,SCR-7,4,2026-03-06 00:00:00,46058,2,30,,,,5x5(B),일자,D 청림,46006,46008,46009,46027,46036,46036,46051,46058,-,2026-02-12 00:00:00,46079,46080,46084,2026-03-04 00:00:00,46086,1,,,D 청림,2,3,,,계획,46006,,46008,,46009,,46027,,46028,,46036,,46037,,46058,,46062,,46065,,46066,,46079,,46080,,46084,,46085,,46086,,-----,-----,-----,-----,제F,,,,도S,,,도F,조S,,,,,,,,,,,,,조F,상,,,,검,포,출,납,,,,,,,,,,,,,,,,,,,,,,,,,,,,,,,,,,,,,,,,,,,,,,,,,,,,,,,,,,,,,,,,,,,,,,,,,,,,,,,,,,,,,,,,,,,,,,,,,,,,,,,,,,,,,,,,,,,,,,,,,,,,,,,,,,,,,,,,,,,,,,,,,,,,,,,,,,,,,,,,,,,,,,,,,,,,,,,,,,,,,,,,,,,,,,,,,,,,,,,,,,,,,,,,,True,DATA_PLAN,,,,plan
624,2,HHI,SCR중,0208122,SCR-7,4,2026-03-06 00:00:00,,2,30,,,,,실행,D 청림,45882,45883,45985,45999,46034,46367,46035,46049,,2026-01-29 00:00:00,46077,46077,46078,2026-03-04 00:00:00,46096,,,,D 청림,2,3,,,,,,,,,,,,,,,,,,,,,,,,,,,,,,,,,,,,,,,,,,,,,,,,,,,,,,,,,,,,,,,,,,,,,,,,,,,,,,,,,,,,,,,,,,,,,,,,,,,,,,,,,,,,,,,,,,,,,,,,,,,,,,,,,,,,,,,,,,,,,,,,,,,,,,,,,,,,,,,,,,,,,,,,,,,,,,,,,,,,,,,,,,,,,,,,,,,,,,,,,,,,,,,,,,,,,,,,,,,,,,,,,,,,,,,,,,,,,,,,,,,,,,,,,,,,,,,,,,,,,,,,,,,,,,,,,,,,,,True,DATA_ACTUAL,,,,actual
624,3,HHI,SCR중,0208122,SCR-7,4,2026-03-06 00:00:00,,2,30,,,,,D 청림,D 청림,124,125,24,28,2,-331,16,9,-,,2,3,6,,-10,,,,D 청림,2,3,,,실적,,45882,,45883,,45985,,45999,,45999,,46367,,,,46049,,,,46051,,,,46077,,46077,,46078,,46085,,46096,,,,,,,,,,,,,,,,,,,,,,,,,,,,,,,,,,,,,,,,,,,,,,,,,,,,,,,,,,,,,,,,,,,,,,,,,,,,,,,,,,,,,,,,,,,,,,,,,,,,,,,,,,,,,,,,,,,,,,,,,,,,,,,,,,,,,,,,,,,,,,,,,,,,,,,,,,,,,,,,,,,,,,,,,,,,,,,,,,,,,,,,,,,,,,,,,,,,,,,,,,,,,,,,,,,,,,,,,,,,,,,,,,,,,,,,,,,,,,,,,,,False,STRUCTURAL,비데이터 행,,,unknown
624,4,HHI,SCR중,0208122,SCR-7,4,2026-03-06 00:00:00,,2,30,,,,,취부,,0,,,,,,,,,,,,,,,,,,D 청림,2,3,,,LOAD,,,,,,,,,,,,,,,,,,,,,,,,,,,,,,,,,,,,,,,,,,,,,,,,,,,,,,,,,,,,,,,,,,,,,,,,,,,,,,,,,,,,,,,,,,,,,,,,,,,,,,,,,,,,,,,,,,,,,,,,,,,,,,,,,,,,,,,,,,,,,,,,,,,,,,,,,,,,,,,,,,,,,,,,,,,,,,,,,,,,,,,,,,,,,,,,,,,,,,,,,,,,,,,,,,,,,,,,,,,,,,,,,,,,,,,,,,,,,,,,,,,,,,,,,,,,,,,,,,,,,,,,,,,,,,,,,,,False,STRUCTURAL,비데이터 행,,,unknown
624,5,HHI,SCR중,0208122,SCR-7,4,2026-03-06 00:00:00,,2,30,,,,,용접,,0,,,,,,,,,,,,,,,,,,D 청림,2,3,,,,,,,,,,,,,,,,,,,,,,,,,,,,,,,,,,,,,,,,,,,,,,,,,,,,,,,,,,,,,,,,,,,,,,,,,,,,,,,,,,,,,,,,,,,,,,,,,,,,,,,,,,,,,,,,,,,,,,,,,,,,,,,,,,,,,,,,,,,,,,,,,,,,,,,,,,,,,,,,,,,,,,,,,,,,,,,,,,,,,,,,,,,,,,,,,,,,,,,,,,,,,,,,,,,,,,,,,,,,,,,,,,,,,,,,,,,,,,,,,,,,,,,,,,,,,,,,,,,,,,,,,,,,,,,,,,,,,,False,STRUCTURAL,비데이터 행,,,unknown
624,6,HHI,SCR중,0208122,SCR-7,4,2026-03-06 00:00:00,,2,30,,,,,조립,,6,,,,,,,,,,,,,,,,,,D 청림,2,3,,,,,,,,,,,,,,,,,,,,,,,,,,,,,,,,,,,,,,,,,,,,,,,,,,,,,,,,,,,2,2,2,,,,,,,,,,,,,,,,,,,,,,,,,,,,,,,,,,,,,,,,,,,,,,,,,,,,,,,,,,,,,,,,,,,,,,,,,,,,,,,,,,,,,,,,,,,,,,,,,,,,,,,,,,,,,,,,,,,,,,,,,,,,,,,,,,,,,,,,,,,,,,,,,,,,,,,,,,,,,,,,,,,,,,,,,,,,,,,,,,,,,,,,,,,,,,,,,,,,,,,,,,,,,,,,,,,,,,,,,False,STRUCTURAL,비데이터 행,,,unknown
624,7,HHI,SCR중,0208122,SCR-7,4,2026-03-06 00:00:00,,2,30,,,,,사상,,0,,,,,,,,,,,,,,,,,,D 청림,2,3,,,,,,,,,,,,,,,,,,,,,,,,,,,,,,,,,,,,,,,,,,,,,,,,,,,,,,,,,,,,,,,,,,,,,,,,,,,,,,,,,,,,,,,,,,,,,,,,,,,,,,,,,,,,,,,,,,,,,,,,,,,,,,,,,,,,,,,,,,,,,,,,,,,,,,,,,,,,,,,,,,,,,,,,,,,,,,,,,,,,,,,,,,,,,,,,,,,,,,,,,,,,,,,,,,,,,,,,,,,,,,,,,,,,,,,,,,,,,,,,,,,,,,,,,,,,,,,,,,,,,,,,,,,,,,,,,,,,,,False,STRUCTURAL,비데이터 행,,,unknown
624,9,HHI,SCR중,0208122,SCR-7,4,2026-03-06 00:00:00,,2,30,,,,미정->청림,실적,,,,,,,,,,,,,,,,,,,,D 청림,2,3,,,,,,,,,,,,,,,,,,,,,,,,,,,,,,,,,,,,,,,,,,,,,,,,,,,,,,,,,,,,,,,,,,,,,,,,,,,,,,,,,,,,,,,,,,,,,,,,,,,,,,,,,,,,,,,,,,,,,,,,,,,,,,,,,,,,,,,,,,,,,,,,,,,,,,,,,,,,,,,,,,,,,,,,,,,,,,,,,,,,,,,,,,,,,,,,,,,,,,,,,,,,,,,,,,,,,,,,,,,,,,,,,,,,,,,,,,,,,,,,,,,,,,,,,,,,,,,,,,,,,,,,,,,,,,,,,,,,,,False,STRUCTURAL,비데이터 행,,,unknown
625,1,HHI,SCR중,H2860,SCR-7,5,2026-03-09 00:00:00,46063,2,30,,,,6x6(B),일자,C 에이스,46009,46013,46014,46030,46041,46041,46056,46063,-,2026-02-20 00:00:00,46084,46085,46086,2026-03-06 00:00:00,46090,1,,,C 에이스,2,3,,,계획,46009,,46013,,46014,,46030,,46031,,46041,,46042,,46063,,46065,,46073,,46076,,46084,,46085,,46086,,46087,,46090,,-----,-----,-----,-----,-----,-----,-----,-----,-----,제F,,도S,,,,,,,,도F,,,조S,,,,,,,,조F,상,검,포,,,납,,,,,,,,,,,,,,,,,,,,,,,,,,,,,,,,,,,,,,,,,,,,,,,,,,,,,,,,,,,,,,,,,,,,,,,,,,,,,,,,,,,,,,,,,,,,,,,,,,,,,,,,,,,,,,,,,,,,,,,,,,,,,,,,,,,,,,,,,,,,,,,,,,,,,,,,,,,,,,,,,,,,,,,,,,,,,,,,,,,,,,,,,,,,,,,,,,,,,,,,,,,,,,True,DATA_PLAN,,,,plan
625,2,HHI,SCR중,H2860,SCR-7,5,2026-03-09 00:00:00,,2,30,,,,,실행,C 에이스,45999,46001,46003,46021,46052,46029,46055,46063,,2026-02-13 00:00:00,46093,46093,46094,2026-03-13 00:00:00,46094,,,,C 에이스,2,3,,,,,,,,,,,,,,,,,,,,,,,,,,,,,,,,,,,,,,,,,,,,,,,,,,,,,,,,,,,,,,,,,,,,,,,,,,,,,,,,,,,,,,,,,,,,,,,,,,,,,,,,,,,,,,,,,,,,,,,,,,,,,,,,,,,,,,,,,,,,,,,,,,,,,,,,,,,,,,,,,,,,,,,,,,,,,,,,,,,,,,,,,,,,,,,,,,,,,,,,,,,,,,,,,,,,,,,,,,,,,,,,,,,,,,,,,,,,,,,,,,,,,,,,,,,,,,,,,,,,,,,,,,,,,,,,,,,,,,True,DATA_ACTUAL,,,,actual
625,3,HHI,SCR중,H2860,SCR-7,5,2026-03-09 00:00:00,,2,30,,,,,C 에이스,C 에이스,10,12,11,9,-11,12,1,0,-,,-9,-8,-8,,-4,,,,C 에이스,2,3,,,실적,,45999,,46001,,46003,,46021,,46021,,46029,,,,46063,,,,46066,,,,46093,,46093,,46094,,46094,,46094,,,,,,,,,,,,,,,,,,,,,,,,,,,,,,,,,,,,,,,,,,,,,,,,,,,,,,,,,,,,,,,,,,,,,,,,,,,,,,,,,,,,,,,,,,,,,,,,,,,,,,,,,,,,,,,,,,,,,,,,,,,,,,,,,,,,,,,,,,,,,,,,,,,,,,,,,,,,,,,,,,,,,,,,,,,,,,,,,,,,,,,,,,,,,,,,,,,,,,,,,,,,,,,,,,,,,,,,,,,,,,,,,,,,,,,,,,,,,,,,,,,False,STRUCTURAL,비데이터 행,,,unknown
625,4,HHI,SCR중,H2860,SCR-7,5,2026-03-09 00:00:00,,2,30,,,,,취부,,0,,,,,,,,,,,,,,,,,,C 에이스,2,3,,,LOAD,,,,,,,,,,,,,,,,,,,,,,,,,,,,,,,,,,,,,,,,,,,,,,,,,,,,,,,,,,,,,,,,,,,,,,,,,,,,,,,,,,,,,,,,,,,,,,,,,,,,,,,,,,,,,,,,,,,,,,,,,,,,,,,,,,,,,,,,,,,,,,,,,,,,,,,,,,,,,,,,,,,,,,,,,,,,,,,,,,,,,,,,,,,,,,,,,,,,,,,,,,,,,,,,,,,,,,,,,,,,,,,,,,,,,,,,,,,,,,,,,,,,,,,,,,,,,,,,,,,,,,,,,,,,,,,,,,,False,STRUCTURAL,비데이터 행,,,unknown
625,5,HHI,SCR중,H2860,SCR-7,5,2026-03-09 00:00:00,,2,30,,,,,용접,,0,,,,,,,,,,,,,,,,,,C 에이스,2,3,,,,,,,,,,,,,,,,,,,,,,,,,,,,,,,,,,,,,,,,,,,,,,,,,,,,,,,,,,,,,,,,,,,,,,,,,,,,,,,,,,,,,,,,,,,,,,,,,,,,,,,,,,,,,,,,,,,,,,,,,,,,,,,,,,,,,,,,,,,,,,,,,,,,,,,,,,,,,,,,,,,,,,,,,,,,,,,,,,,,,,,,,,,,,,,,,,,,,,,,,,,,,,,,,,,,,,,,,,,,,,,,,,,,,,,,,,,,,,,,,,,,,,,,,,,,,,,,,,,,,,,,,,,,,,,,,,,,,,False,STRUCTURAL,비데이터 행,,,unknown
625,6,HHI,SCR중,H2860,SCR-7,5,2026-03-09 00:00:00,,2,30,,,,,조립,,6,,,,,,,,,,,,,,,,,,C 에이스,2,3,,,,,,,,,,,,,,,,,,,,,,,,,,,,,,,,,,,,,,,,,,,,,,,,,,,,,,,,,,,,,,,2,,,2,2,,,,,,,,,,,,,,,,,,,,,,,,,,,,,,,,,,,,,,,,,,,,,,,,,,,,,,,,,,,,,,,,,,,,,,,,,,,,,,,,,,,,,,,,,,,,,,,,,,,,,,,,,,,,,,,,,,,,,,,,,,,,,,,,,,,,,,,,,,,,,,,,,,,,,,,,,,,,,,,,,,,,,,,,,,,,,,,,,,,,,,,,,,,,,,,,,,,,,,,,,,,,,,,,,,,False,STRUCTURAL,비데이터 행,,,unknown
625,7,HHI,SCR중,H2860,SCR-7,5,2026-03-09 00:00:00,,2,30,,,,,사상,,0,,,,,,,,,,,,,,,,,,C 에이스,2,3,,,,,,,,,,,,,,,,,,,,,,,,,,,,,,,,,,,,,,,,,,,,,,,,,,,,,,,,,,,,,,,,,,,,,,,,,,,,,,,,,,,,,,,,,,,,,,,,,,,,,,,,,,,,,,,,,,,,,,,,,,,,,,,,,,,,,,,,,,,,,,,,,,,,,,,,,,,,,,,,,,,,,,,,,,,,,,,,,,,,,,,,,,,,,,,,,,,,,,,,,,,,,,,,,,,,,,,,,,,,,,,,,,,,,,,,,,,,,,,,,,,,,,,,,,,,,,,,,,,,,,,,,,,,,,,,,,,,,,False,STRUCTURAL,비데이터 행,,,unknown
625,9,HHI,SCR중,H2860,SCR-7,5,2026-03-09 00:00:00,,2,30,,,,,실적,,,,,,,,,,,,,,,,,,,,C 에이스,2,3,,,,,,,,,,,,,,,,,,,,,,,,,,,,,,,,,,,,,,,,,,,,,,,,,,,,,,,,,,,,,,,,,,,,,,,,,,,,,,,,,,,,,,,,,,,,,,,,,,,,,,,,,,,,,,,,,,,,,,,,,,,,,,,,,,,,,,,,,,,,,,,,,,,,,,,,,,,,,,,,,,,,,,,,,,,,,,,,,,,,,,,,,,,,,,,,,,,,,,,,,,,,,,,,,,,,,,,,,,,,,,,,,,,,,,,,,,,,,,,,,,,,,,,,,,,,,,,,,,,,,,,,,,,,,,,,,,,,,,False,STRUCTURAL,비데이터 행,,,unknown
626,1,MHI,ENC, #1 Delta Blue,ENC-3,1,2026-03-10 00:00:00,46028,3,100,,,,,일자,A 동일,45943,45945,45950,45967,45982,45982,46009,46028,-,2026-02-13 00:00:00,46077,46078,46080,2026-03-05 00:00:00,46090,1,,,A 동일,1,3,,,계획,45943,,45945,,45950,,45967,,45968,,45982,,45973,,46028,,46035,,46066,,46044,,46077,,46078,,46080,,46086,,46090,,,,,,,,,,,,,,도F,,,,,,,,,,,조F,상,,검,,,,,,포,,,,출,납,,,,,,,,,,,,,,,,,,,,,,,,,,,,,,,,,,,,,,,,,,,,,,,,,,,,,,,,,,,,,,,,,,,,,,,,,,,,,,,,,,,,,,,,,,,,,,,,,,,,,,,,,,,,,,,,,,,,,,,,,,,,,,,,,,,,,,,,,,,,,,,,,,,,,,,,,,,,,,,,,,,,,,,,,,,,,,,,,,,,,,,,,,,,,,,,,,,,,,,,,,,,,True,DATA_PLAN,,,,plan
626,2,MHI,ENC, #1 Delta Blue,ENC-3,1,2026-03-10 00:00:00,,3,100,,,,2/10->3/10,실행,A 동일,45925,45947,45952,45960,45992,45992,46387,46027,,2026-02-13 00:00:00,46076,46077,46079,2026-03-05 00:00:00,46108,,,,A 동일,1,3,,,,,,,,,,,,,,,,,,,,,,,,,,,,,,,,,,,,,,,,,,,,,,,,,,,,,,,,,,,,,,,,,,,,,,,,,,,,,,,,,,,,,,,,,,,,,,,,,,,,,,,,,,,,,,,,,,,,,,,,,,,,,,,,,,,,,,,,,,,,,,,,,,,,,,,,,,,,,,,,,,,,,,,,,,,,,,,,,,,,,,,,,,,,,,,,,,,,,,,,,,,,,,,,,,,,,,,,,,,,,,,,,,,,,,,,,,,,,,,,,,,,,,,,,,,,,,,,,,,,,,,,,,,,,,,,,,,,,,True,DATA_ACTUAL,,,,actual
626,3,MHI,ENC, #1 Delta Blue,ENC-3,1,2026-03-10 00:00:00,,3,100,,,,35Ton,A 동일,A 동일,18,-2,-2,7,-10,-10,-378,1,-,,1,1,1,,-18,,,,A 동일,1,3,,,실적,,45925,,45947,,45952,,45960,,45960,,45992,,,,46027,,,,46066,,,,46076,,46077,,46079,,46086,,46108,,,,,,,,,,,,,,,,,,,,,,,,,,,,,,,,,,,,,,,,,,,,,,,,,,,,,,,,,,,,,,,,,,,,,,,,,,,,,,,,,,,,,,,,,,,,,,,,,,,,,,,,,,,,,,,,,,,,,,,,,,,,,,,,,,,,,,,,,,,,,,,,,,,,,,,,,,,,,,,,,,,,,,,,,,,,,,,,,,,,,,,,,,,,,,,,,,,,,,,,,,,,,,,,,,,,,,,,,,,,,,,,,,,,,,,,,,,,,,,,,,,False,STRUCTURAL,비데이터 행,,,unknown
626,4,MHI,ENC, #1 Delta Blue,ENC-3,1,2026-03-10 00:00:00,,3,100,,,,,취부,,0,,,,,,,,,,,,,,,,,,A 동일,1,3,,,LOAD,,,,,,,,,,,,,,,,,,,,,,,,,,,,,,,,,,,,,,,,,,,,,,,,,,,,,,,,,,,,,,,,,,,,,,,,,,,,,,,,,,,,,,,,,,,,,,,,,,,,,,,,,,,,,,,,,,,,,,,,,,,,,,,,,,,,,,,,,,,,,,,,,,,,,,,,,,,,,,,,,,,,,,,,,,,,,,,,,,,,,,,,,,,,,,,,,,,,,,,,,,,,,,,,,,,,,,,,,,,,,,,,,,,,,,,,,,,,,,,,,,,,,,,,,,,,,,,,,,,,,,,,,,,,,,,,,,,False,STRUCTURAL,비데이터 행,,,unknown
626,5,MHI,ENC, #1 Delta Blue,ENC-3,1,2026-03-10 00:00:00,,3,100,,,,,용접,,0,,,,,,,,,,,,,,,,,,A 동일,1,3,,,,,,,,,,,,,,,,,,,,,,,,,,,,,,,,,,,,,,,,,,,,,,,,,,,,,,,,,,,,,,,,,,,,,,,,,,,,,,,,,,,,,,,,,,,,,,,,,,,,,,,,,,,,,,,,,,,,,,,,,,,,,,,,,,,,,,,,,,,,,,,,,,,,,,,,,,,,,,,,,,,,,,,,,,,,,,,,,,,,,,,,,,,,,,,,,,,,,,,,,,,,,,,,,,,,,,,,,,,,,,,,,,,,,,,,,,,,,,,,,,,,,,,,,,,,,,,,,,,,,,,,,,,,,,,,,,,,,,False,STRUCTURAL,비데이터 행,,,unknown
626,6,MHI,ENC, #1 Delta Blue,ENC-3,1,2026-03-10 00:00:00,,3,100,,,,,조립,,73,,,,,,,,,,,,,,,,,,A 동일,1,3,,,,,,,,,,,,,,,,,,,,,,,,,,,,,,,,,,,,,,,4,4,4,4,,4,4,4,4,4,4,,,,,4,4,4,,3,3,3,3,3,3,,,3,,,,,,,,,,,,,,,,,,,,,,,,,,,,,,,,,,,,,,,,,,,,,,,,,,,,,,,,,,,,,,,,,,,,,,,,,,,,,,,,,,,,,,,,,,,,,,,,,,,,,,,,,,,,,,,,,,,,,,,,,,,,,,,,,,,,,,,,,,,,,,,,,,,,,,,,,,,,,,,,,,,,,,,,,,,,,,,,,,,,,,,,,,,,,,,,,,,,,,,,,,,,,,,,,,,,False,STRUCTURAL,비데이터 행,,,unknown
626,7,MHI,ENC, #1 Delta Blue,ENC-3,1,2026-03-10 00:00:00,,3,100,,,,,사상,,0,,,,,,,,,,,,,,,,,,A 동일,1,3,,,,,,,,,,,,,,,,,,,,,,,,,,,,,,,,,,,,,,,,,,,,,,,,,,,,,,,,,,,,,,,,,,,,,,,,,,,,,,,,,,,,,,,,,,,,,,,,,,,,,,,,,,,,,,,,,,,,,,,,,,,,,,,,,,,,,,,,,,,,,,,,,,,,,,,,,,,,,,,,,,,,,,,,,,,,,,,,,,,,,,,,,,,,,,,,,,,,,,,,,,,,,,,,,,,,,,,,,,,,,,,,,,,,,,,,,,,,,,,,,,,,,,,,,,,,,,,,,,,,,,,,,,,,,,,,,,,,,,False,STRUCTURAL,비데이터 행,,,unknown
626,9,MHI,ENC, #1 Delta Blue,ENC-3,1,2026-03-10 00:00:00,,3,100,,,,,실적,,,,,,,,,,,,,,,,,,,,A 동일,1,3,,,,,,,,,,,,,,,,,,,,,,,,,,,,,,,,,,,,,,,,,,,,,,,,,,,,,,,,,,,,,,,,,,,,,,,,,,,,,,,,,,,,,,,,,,,,,,,,,,,,,,,,,,,,,,,,,,,,,,,,,,,,,,,,,,,,,,,,,,,,,,,,,,,,,,,,,,,,,,,,,,,,,,,,,,,,,,,,,,,,,,,,,,,,,,,,,,,,,,,,,,,,,,,,,,,,,,,,,,,,,,,,,,,,,,,,,,,,,,,,,,,,,,,,,,,,,,,,,,,,,,,,,,,,,,,,,,,,,,False,STRUCTURAL,비데이터 행,,,unknown
627,1,BHI,VS,현대제철CDQ #1,VS-2,2,2026-03-10 00:00:00,46063,4,20,,,,기 작업중인 제품,일자,HJ테크,46014,46022,46028,46042,46051,46051,46059,46063,-,2026-02-13 00:00:00,46080,46084,46086,2026-03-06 00:00:00,46090,0.98,,,HJ테크,2,3,,,계획,46014,,46022,,46028,,46042,,46043,,46051,,46052,,46063,,46064,,46066,,46072,,46080,,46084,,46086,,46087,,46090,,-----,-----,-----,-----,-----,-----,-----,-----,-----,제F,도S,,도F,,,,,,조S,,,,,,,,조F,,,,상,,검,포,,,출,납,,,,,,,,,,,,,,,,,,,,,,,,,,,,,,,,,,,,,,,,,,,,,,,,,,,,,,,,,,,,,,,,,,,,,,,,,,,,,,,,,,,,,,,,,,,,,,,,,,,,,,,,,,,,,,,,,,,,,,,,,,,,,,,,,,,,,,,,,,,,,,,,,,,,,,,,,,,,,,,,,,,,,,,,,,,,,,,,,,,,,,,,,,,,,,,,,,,,,,,,,,,,,True,DATA_PLAN,,,,plan
627,2,BHI,VS,현대제철CDQ #1,VS-2,2,2026-03-10 00:00:00,,4,20,,,,3/15->3/10,실행,HJ테크,45572,45580,45644,45660,45662,45695,45691,45698,,2025-02-13 00:00:00,46073,46076,46084,2026-03-06 00:00:00,,,,,HJ테크,2,3,,,,,,,,,,,,,,,,,,,,,,,,,,,,,,,,,,,,,,,,,,,,,,,,,,,,,,,,,,,,,,,,,,,,,,,,,,,,,,,,,,,,,,,,,,,,,,,,,,,,,,,,,,,,,,,,,,,,,,,,,,,,,,,,,,,,,,,,,,,,,,,,,,,,,,,,,,,,,,,,,,,,,,,,,,,,,,,,,,,,,,,,,,,,,,,,,,,,,,,,,,,,,,,,,,,,,,,,,,,,,,,,,,,,,,,,,,,,,,,,,,,,,,,,,,,,,,,,,,,,,,,,,,,,,,,,,,,,,,True,DATA_ACTUAL,,,,actual
627,3,BHI,VS,현대제철CDQ #1,VS-2,2,2026-03-10 00:00:00,,4,20,,,,,HJ테크,HJ테크,442,442,384,382,389,356,368,365,-,,7,8,2,,,,,,HJ테크,2,3,,,실적,,45572,,45580,,45644,,45660,,,,45695,,,,45698,,,,45701,,,,46073,,46076,,46084,,46087,,0,,,,,,,,,,,,,,,,,,,,,,,,,,,,,,,,,,,,,,,,,,,,,,,,,,,,,,,,,,,,,,,,,,,,,,,,,,,,,,,,,,,,,,,,,,,,,,,,,,,,,,,,,,,,,,,,,,,,,,,,,,,,,,,,,,,,,,,,,,,,,,,,,,,,,,,,,,,,,,,,,,,,,,,,,,,,,,,,,,,,,,,,,,,,,,,,,,,,,,,,,,,,,,,,,,,,,,,,,,,,,,,,,,,,,,,,,,,,,,,,,,,False,STRUCTURAL,비데이터 행,,,unknown
627,4,BHI,VS,현대제철CDQ #1,VS-2,2,2026-03-10 00:00:00,,4,20,,,,,취부,,0,,,,,,,,,,,,,,,,,,HJ테크,2,3,,,LOAD,,,,,,,,,,,,,,,,,,,,,,,,,,,,,,,,,,,,,,,,,,,,,,,,,,,,,,,,,,,,,,,,,,,,,,,,,,,,,,,,,,,,,,,,,,,,,,,,,,,,,,,,,,,,,,,,,,,,,,,,,,,,,,,,,,,,,,,,,,,,,,,,,,,,,,,,,,,,,,,,,,,,,,,,,,,,,,,,,,,,,,,,,,,,,,,,,,,,,,,,,,,,,,,,,,,,,,,,,,,,,,,,,,,,,,,,,,,,,,,,,,,,,,,,,,,,,,,,,,,,,,,,,,,,,,,,,,,False,STRUCTURAL,비데이터 행,,,unknown
627,5,BHI,VS,현대제철CDQ #1,VS-2,2,2026-03-10 00:00:00,,4,20,,,,,용접,,0,,,,,,,,,,,,,,,,,,HJ테크,2,3,,,,,,,,,,,,,,,,,,,,,,,,,,,,,,,,,,,,,,,,,,,,,,,,,,,,,,,,,,,,,,,,,,,,,,,,,,,,,,,,,,,,,,,,,,,,,,,,,,,,,,,,,,,,,,,,,,,,,,,,,,,,,,,,,,,,,,,,,,,,,,,,,,,,,,,,,,,,,,,,,,,,,,,,,,,,,,,,,,,,,,,,,,,,,,,,,,,,,,,,,,,,,,,,,,,,,,,,,,,,,,,,,,,,,,,,,,,,,,,,,,,,,,,,,,,,,,,,,,,,,,,,,,,,,,,,,,,,,,False,STRUCTURAL,비데이터 행,,,unknown
627,6,BHI,VS,현대제철CDQ #1,VS-2,2,2026-03-10 00:00:00,,4,20,,,,,조립,,1,,,,,,,,,,,,,,,,,,HJ테크,2,3,,,,,,,,,,,,,,,,,,,,,,,,,,,,,,,,,,,,,,,,,,,,,,,,,,,,,,,,,,,,,,1,,,,,,,,,,,,,,,,,,,,,,,,,,,,,,,,,,,,,,,,,,,,,,,,,,,,,,,,,,,,,,,,,,,,,,,,,,,,,,,,,,,,,,,,,,,,,,,,,,,,,,,,,,,,,,,,,,,,,,,,,,,,,,,,,,,,,,,,,,,,,,,,,,,,,,,,,,,,,,,,,,,,,,,,,,,,,,,,,,,,,,,,,,,,,,,,,,,,,,,,,,,,,,,,,,,,,,,,False,STRUCTURAL,비데이터 행,,,unknown
627,7,BHI,VS,현대제철CDQ #1,VS-2,2,2026-03-10 00:00:00,,4,20,,,,,사상,,2,,,,,,,,,,,,,,,,,,HJ테크,2,3,,,,,,,,,,,,,,,,,,,,,,,,,,,,,,,,,,,,,,,,,,,,,,,,,,,,,,,,,,,,,,1,1,,,,,,,,,,,,,,,,,,,,,,,,,,,,,,,,,,,,,,,,,,,,,,,,,,,,,,,,,,,,,,,,,,,,,,,,,,,,,,,,,,,,,,,,,,,,,,,,,,,,,,,,,,,,,,,,,,,,,,,,,,,,,,,,,,,,,,,,,,,,,,,,,,,,,,,,,,,,,,,,,,,,,,,,,,,,,,,,,,,,,,,,,,,,,,,,,,,,,,,,,,,,,,,,,,,,,,,False,STRUCTURAL,비데이터 행,,,unknown
627,9,BHI,VS,현대제철CDQ #1,VS-2,2,2026-03-10 00:00:00,,4,20,,,,,실적,,,,,,,,,,,,,,,,,,,,HJ테크,2,3,,,,,,,,,,,,,,,,,,,,,,,,,,,,,,,,,,,,,,,,,,,,,,,,,,,,,,,,,,,,,,,,,,,,,,,,,,,,,,,,,,,,,,,,,,,,,,,,,,,,,,,,,,,,,,,,,,,,,,,,,,,,,,,,,,,,,,,,,,,,,,,,,,,,,,,,,,,,,,,,,,,,,,,,,,,,,,,,,,,,,,,,,,,,,,,,,,,,,,,,,,,,,,,,,,,,,,,,,,,,,,,,,,,,,,,,,,,,,,,,,,,,,,,,,,,,,,,,,,,,,,,,,,,,,,,,,,,,,,False,STRUCTURAL,비데이터 행,,,unknown
628,1,HHI,GV,3526 #2,VS-1,1,2026-03-11 00:00:00,46090,1,30,,,,FGSS,일자,E 케이테크,46043,46045,46048,46062,46076,46076,46085,46090,-,2026-03-12 00:00:00,46101,46104,46105,2026-03-25 00:00:00,46107,1,,,E 케이테크,3,3,,,계획,46043,,46045,,46048,,46062,,46063,,46076,,46077,,46090,,46091,,46093,,46094,,46101,,46104,,46105,,46106,,46107,,,,,,,,,,발F,가S,,,,,,,,,,,,,가F,제S,-----,-----,-----,-----,-----,-----,-----,-----,-----,-----,,-----,제F,도S,납,도F,조S,,,,,,,조F,,,상,검,포,출,,,,,,,,,,,,,,,,,,,,,,,,,,,,,,,,,,,,,,,,,,,,,,,,,,,,,,,,,,,,,,,,,,,,,,,,,,,,,,,,,,,,,,,,,,,,,,,,,,,,,,,,,,,,,,,,,,,,,,,,,,,,,,,,,,,,,,,,,,,,,,,,,,,,,,,,,,,,,,,,,,,,,,,,,,,,,,,,,,,,,,,,,,,,,True,DATA_PLAN,,,,plan
628,2,HHI,GV,3526 #2,VS-1,1,2026-03-11 00:00:00,,1,30,,,,도장 사양 홀딩,실행,E 케이테크,45968,45971,46001,46029,46064,46042,46049,46077,,2026-03-04 00:00:00,46090,46091,46093,2026-03-25 00:00:00,46107,,,,E 케이테크,3,3,,,,,,,,,,,,,,,,,,,,,,,,,,,,,,,,,,,,,,,,,,,,,,,,,,,,,,,,,,,,,,,,,,,,,,,,,,,,,,,,,,,,,,,,,,,,,,,,,,,,,,,,,,,,,,,,,,,,,,,,,,,,,,,,,,,,,,,,,,,,,,,,,,,,,,,,,,,,,,,,,,,,,,,,,,,,,,,,,,,,,,,,,,,,,,,,,,,,,,,,,,,,,,,,,,,,,,,,,,,,,,,,,,,,,,,,,,,,,,,,,,,,,,,,,,,,,,,,,,,,,,,,,,,,,,,,,,,,,,True,DATA_ACTUAL,,,,actual
628,3,HHI,GV,3526 #2,VS-1,1,2026-03-11 00:00:00,,1,30,,,,,E 케이테크,E 케이테크,75,74,47,33,12,34,36,13,-,,11,13,12,,0,,,,E 케이테크,3,3,,,실적,,45968,,45971,,46001,,46029,,46029,,46042,,,,46077,,,,46085,,,,46090,,46091,,46093,,46106,,46107,,,,,,,,,,,,,,,,,,,,,,,,,,,,,,,,,,,,,,,,,,,,,,,,,,,,,,,,,,,,,,,,,,,,,,,,,,,,,,,,,,,,,,,,,,,,,,,,,,,,,,,,,,,,,,,,,,,,,,,,,,,,,,,,,,,,,,,,,,,,,,,,,,,,,,,,,,,,,,,,,,,,,,,,,,,,,,,,,,,,,,,,,,,,,,,,,,,,,,,,,,,,,,,,,,,,,,,,,,,,,,,,,,,,,,,,,,,,,,,,,,,False,STRUCTURAL,비데이터 행,,,unknown
628,4,HHI,GV,3526 #2,VS-1,1,2026-03-11 00:00:00,,1,30,,,,,취부,,7,,,,,,,,,,,,,,,,,,E 케이테크,3,3,,,LOAD,,,,,,,,,,,,,,,,,,,,,,,,,,,,,,,,,,,,,,,,,,,,,,,,,,,,,1,,1,1,1,1,1,1,,,,,,,,,,,,,,,,,,,,,,,,,,,,,,,,,,,,,,,,,,,,,,,,,,,,,,,,,,,,,,,,,,,,,,,,,,,,,,,,,,,,,,,,,,,,,,,,,,,,,,,,,,,,,,,,,,,,,,,,,,,,,,,,,,,,,,,,,,,,,,,,,,,,,,,,,,,,,,,,,,,,,,,,,,,,,,,,,,,,,,,,,,,,,,,,,,,,,,,,,,,,,,,,,,,,,,,False,STRUCTURAL,비데이터 행,,,unknown
628,5,HHI,GV,3526 #2,VS-1,1,2026-03-11 00:00:00,,1,30,,,,,용접,,6,,,,,,,,,,,,,,,,,,E 케이테크,3,3,,,,,,,,,,,,,,,,,,,,,,,,,,,,,,,,,,,,,,,,,,,,,,,,,,,,,,,,,,,1,1,1,1,1,,,1,,,,,,,,,,,,,,,,,,,,,,,,,,,,,,,,,,,,,,,,,,,,,,,,,,,,,,,,,,,,,,,,,,,,,,,,,,,,,,,,,,,,,,,,,,,,,,,,,,,,,,,,,,,,,,,,,,,,,,,,,,,,,,,,,,,,,,,,,,,,,,,,,,,,,,,,,,,,,,,,,,,,,,,,,,,,,,,,,,,,,,,,,,,,,,,,,,,,,,,,,,,,,,,,,,,,False,STRUCTURAL,비데이터 행,,,unknown
628,6,HHI,GV,3526 #2,VS-1,1,2026-03-11 00:00:00,,1,30,,,,,조립,,4,,,,,,,,,,,,,,,,,,E 케이테크,3,3,,,,,,,,,,,,,,,,,,,,,,,,,,,,,,,,,,,,,,,,,,,,,,,,,,,,,,,,,,,,,,1,1,,,1,1,,,,,,,,,,,,,,,,,,,,,,,,,,,,,,,,,,,,,,,,,,,,,,,,,,,,,,,,,,,,,,,,,,,,,,,,,,,,,,,,,,,,,,,,,,,,,,,,,,,,,,,,,,,,,,,,,,,,,,,,,,,,,,,,,,,,,,,,,,,,,,,,,,,,,,,,,,,,,,,,,,,,,,,,,,,,,,,,,,,,,,,,,,,,,,,,,,,,,,,,,,,,,,,,,,,False,STRUCTURAL,비데이터 행,,,unknown
628,7,HHI,GV,3526 #2,VS-1,1,2026-03-11 00:00:00,,1,30,,,,,사상,,6,,,,,,,,,,,,,,,,,,E 케이테크,3,3,,,,,,,,,,,,,,,,,,,,,,,,,,,,,,,,,,,,,,,,,,,,,,,,,,,,,,,,,,,,,,,1,,,1,1,1,,2.0,,,,,,,,,,,,,,,,,,,,,,,,,,,,,,,,,,,,,,,,,,,,,,,,,,,,,,,,,,,,,,,,,,,,,,,,,,,,,,,,,,,,,,,,,,,,,,,,,,,,,,,,,,,,,,,,,,,,,,,,,,,,,,,,,,,,,,,,,,,,,,,,,,,,,,,,,,,,,,,,,,,,,,,,,,,,,,,,,,,,,,,,,,,,,,,,,,,,,,,,,,,,,,,,False,STRUCTURAL,비데이터 행,,,unknown
628,9,HHI,GV,3526 #2,VS-1,1,2026-03-11 00:00:00,,1,30,,,,,실적,,,,,,,,,,,,,,,,,,,,E 케이테크,3,3,,,,,,,,,,,,,,,,,,,,,,,,,,,,,,,,,,,,,,,,,,,,,,,,,,,,,,,,,,,,,,,,,,,,,,,,,,,,,,,,,,,,,,,,,,,,,,,,,,,,,,,,,,,,,,,,,,,,,,,,,,,,,,,,,,,,,,,,,,,,,,,,,,,,,,,,,,,,,,,,,,,,,,,,,,,,,,,,,,,,,,,,,,,,,,,,,,,,,,,,,,,,,,,,,,,,,,,,,,,,,,,,,,,,,,,,,,,,,,,,,,,,,,,,,,,,,,,,,,,,,,,,,,,,,,,,,,,,,,False,STRUCTURAL,비데이터 행,,,unknown
629,1,BHI,VS,PP12 #2,VS-5,5,2026-03-12 00:00:00,46059,4,30,,,,,일자,C 에이스,46007,46014,46020,46035,46044,46044,46053,46059,-,2026-02-19 00:00:00,46084,46086,46090,2026-03-10 00:00:00,46092,0.98,,,C 에이스,2,3,,,계획,46007,,46014,,46020,,46035,,46036,,46044,,46043,,46059,,46062,,46072,,46066,,46084,,46086,,46090,,46091,,46092,,-----,-----,-----,-----,-----,제F,,,도S,,,,조S,,,,,,도F,,,,,,,,,,,,조F,,상,,,,검,포,출,납,,,,,,,,,,,,,,,,,,,,,,,,,,,,,,,,,,,,,,,,,,,,,,,,,,,,,,,,,,,,,,,,,,,,,,,,,,,,,,,,,,,,,,,,,,,,,,,,,,,,,,,,,,,,,,,,,,,,,,,,,,,,,,,,,,,,,,,,,,,,,,,,,,,,,,,,,,,,,,,,,,,,,,,,,,,,,,,,,,,,,,,,,,,,,,,,,,,,,,,,,,,True,DATA_PLAN,,,,plan
629,2,BHI,VS,PP12 #2,VS-5,5,2026-03-12 00:00:00,,4,30,,,,2/1→3/10->3/6→3/12,실행,C 에이스,45954,45960,45958,45974,46003,45986,45996,46059,,2026-02-19 00:00:00,완료,46086,46090,2026-03-06 00:00:00,,,,,C 에이스,2,3,,,,,,,,,,,,,,,,,,,,,,,,,,,,,,,,,,,,,,,,,,,,,,,,,,,,,,,,,,,,,,,,,,,,,,,,,,,,,,,,,,,,,,,,,,,,,,,,,,,,,,,,,,,,,,,,,,,,,,,,,,,,,,,,,,,,,,,,,,,,,,,,,,,,,,,,,,,,,,,,,,,,,,,,,,,,,,,,,,,,,,,,,,,,,,,,,,,,,,,,,,,,,,,,,,,,,,,,,,,,,,,,,,,,,,,,,,,,,,,,,,,,,,,,,,,,,,,,,,,,,,,,,,,,,,,,,,,,,,True,DATA_ACTUAL,,,,actual
629,3,BHI,VS,PP12 #2,VS-5,5,2026-03-12 00:00:00,,4,30,,,,,C 에이스,C 에이스,53,54,62,61,41,58,57,0,-,,,0,0,,,,,,C 에이스,2,3,,,실적,,45954,,45960,,45958,,45974,,,,45986,,,,46059,,,,46072,,,,완료,,46086,,46090,,46087,,0,,,,,,,,,,,,,,,,,,,,,,,,,,,,,,,,,,,,,,,,,,,,,,,,,,,,,,,,,,,,,,,,,,,,,,,,,,,,,,,,,,,,,,,,,,,,,,,,,,,,,,,,,,,,,,,,,,,,,,,,,,,,,,,,,,,,,,,,,,,,,,,,,,,,,,,,,,,,,,,,,,,,,,,,,,,,,,,,,,,,,,,,,,,,,,,,,,,,,,,,,,,,,,,,,,,,,,,,,,,,,,,,,,,,,,,,,,,,,,,,,,,False,STRUCTURAL,비데이터 행,,,unknown
629,4,BHI,VS,PP12 #2,VS-5,5,2026-03-12 00:00:00,,4,30,,,,,취부,,2,,,,,,,,,,,,,,,,,,C 에이스,2,3,,,LOAD,,,,,,,,,,,,,,,,,,,,,,,,,,,,,,,,,,,,,,,,,,,,,,,,,,,,,,,1,1,,,,,,,,,,,,,,,,,,,,,,,,,,,,,,,,,,,,,,,,,,,,,,,,,,,,,,,,,,,,,,,,,,,,,,,,,,,,,,,,,,,,,,,,,,,,,,,,,,,,,,,,,,,,,,,,,,,,,,,,,,,,,,,,,,,,,,,,,,,,,,,,,,,,,,,,,,,,,,,,,,,,,,,,,,,,,,,,,,,,,,,,,,,,,,,,,,,,,,,,,,,,,,,,,,,,,,,,,,,False,STRUCTURAL,비데이터 행,,,unknown
629,5,BHI,VS,PP12 #2,VS-5,5,2026-03-12 00:00:00,,4,30,,,,,용접,,3,,,,,,,,,,,,,,,,,,C 에이스,2,3,,,,,,,,,,,,,,,,,,,,,,,,,,,,,,,,,,,,,,,,,,,,,,,,,,,,,,,,,,1,1,,1,,,,,,,,,,,,,,,,,,,,,,,,,,,,,,,,,,,,,,,,,,,,,,,,,,,,,,,,,,,,,,,,,,,,,,,,,,,,,,,,,,,,,,,,,,,,,,,,,,,,,,,,,,,,,,,,,,,,,,,,,,,,,,,,,,,,,,,,,,,,,,,,,,,,,,,,,,,,,,,,,,,,,,,,,,,,,,,,,,,,,,,,,,,,,,,,,,,,,,,,,,,,,,,,,,,,,,,,,False,STRUCTURAL,비데이터 행,,,unknown
629,6,BHI,VS,PP12 #2,VS-5,5,2026-03-12 00:00:00,,4,30,,,,,조립,,4,,,,,,,,,,,,,,,,,,C 에이스,2,3,,,,,,,,,,,,,,,,,,,,,,,,,,,,,,,,,,,,,,,,,,,,,,,,,,,,,,,,,,1,1,,1,1,,,,,,,,,,,,,,,,,,,,,,,,,,,,,,,,,,,,,,,,,,,,,,,,,,,,,,,,,,,,,,,,,,,,,,,,,,,,,,,,,,,,,,,,,,,,,,,,,,,,,,,,,,,,,,,,,,,,,,,,,,,,,,,,,,,,,,,,,,,,,,,,,,,,,,,,,,,,,,,,,,,,,,,,,,,,,,,,,,,,,,,,,,,,,,,,,,,,,,,,,,,,,,,,,,,,,,,,False,STRUCTURAL,비데이터 행,,,unknown
629,7,BHI,VS,PP12 #2,VS-5,5,2026-03-12 00:00:00,,4,30,,,,,사상,,6,,,,,,,,,,,,,,,,,,C 에이스,2,3,,,,,,,,,,,,,,,,,,,,,,,,,,,,,,,,,,,,,,,,,,,,,,,,,,,,,,,,,,2,1,,1,1,,,,1,,,,,,,,,,,,,,,,,,,,,,,,,,,,,,,,,,,,,,,,,,,,,,,,,,,,,,,,,,,,,,,,,,,,,,,,,,,,,,,,,,,,,,,,,,,,,,,,,,,,,,,,,,,,,,,,,,,,,,,,,,,,,,,,,,,,,,,,,,,,,,,,,,,,,,,,,,,,,,,,,,,,,,,,,,,,,,,,,,,,,,,,,,,,,,,,,,,,,,,,,,,,,,,,,,,,False,STRUCTURAL,비데이터 행,,,unknown
629,9,BHI,VS,PP12 #2,VS-5,5,2026-03-12 00:00:00,,4,30,,,,,실적,,,,,,,,,,,,,,,,,,,,C 에이스,2,3,,,,,,,,,,,,,,,,,,,,,,,,,,,,,,,,,,,,,,,,,,,,,,,,,,,,,,,,,,,,,,,,,,,,,,,,,,,,,,,,,,,,,,,,,,,,,,,,,,,,,,,,,,,,,,,,,,,,,,,,,,,,,,,,,,,,,,,,,,,,,,,,,,,,,,,,,,,,,,,,,,,,,,,,,,,,,,,,,,,,,,,,,,,,,,,,,,,,,,,,,,,,,,,,,,,,,,,,,,,,,,,,,,,,,,,,,,,,,,,,,,,,,,,,,,,,,,,,,,,,,,,,,,,,,,,,,,,,,,False,STRUCTURAL,비데이터 행,,,unknown
630,1,HHI,SCR중,HMD8412,SCR-8,3,2026-03-13 00:00:00,46072,2,30,,전기,X,3X2(B),일자,D 청림,46014,46017,46020,46038,46049,46049,46064,46072,-,2026-02-25 00:00:00,46087,46090,46091,2026-03-11 00:00:00,46093,0.95,,,D 청림,2,3,,,계획,46014,,46017,,46020,,46038,,46041,,46049,,46050,,46072,,46073,,46078,,46079,,46087,,46090,,46091,,46092,,46093,,-----,-----,-----,-----,-----,-----,-----,-----,-----,-----,-----,-----,-----,-----,-----,-----,-----,-----,제F,도S,,,,,도F,조S,,,,,,,,조F,,,상,검,포,출,납,,,,,,,,,,,,,,,,,,,,,,,,,,,,,,,,,,,,,,,,,,,,,,,,,,,,,,,,,,,,,,,,,,,,,,,,,,,,,,,,,,,,,,,,,,,,,,,,,,,,,,,,,,,,,,,,,,,,,,,,,,,,,,,,,,,,,,,,,,,,,,,,,,,,,,,,,,,,,,,,,,,,,,,,,,,,,,,,,,,,,,,,,,,,,,,,,,,,,,,,,,True,DATA_PLAN,,,,plan
630,2,HHI,SCR중,HMD8412,SCR-8,3,2026-03-13 00:00:00,,2,30,,,,,실행,D 청림,46000,46001,46003,46013,46052,46022,46058,46073,,2026-02-25 00:00:00,46100,46100,46106,,,,,,D 청림,2,3,,,,,,,,,,,,,,,,,,,,,,,,,,,,,,,,,,,,,,,,,,,,,,,,,,,,,,,,,,,,,,,,,,,,,,,,,,,,,,,,,,,,,,,,,,,,,,,,,,,,,,,,,,,,,,,,,,,,,,,,,,,,,,,,,,,,,,,,,,,,,,,,,,,,,,,,,,,,,,,,,,,,,,,,,,,,,,,,,,,,,,,,,,,,,,,,,,,,,,,,,,,,,,,,,,,,,,,,,,,,,,,,,,,,,,,,,,,,,,,,,,,,,,,,,,,,,,,,,,,,,,,,,,,,,,,,,,,,,,True,DATA_ACTUAL,,,,actual
630,3,HHI,SCR중,HMD8412,SCR-8,3,2026-03-13 00:00:00,,2,30,,,,,D 청림,D 청림,14,16,17,25,-3,27,6,-1,-,,-13,-10,-15,,,,,,D 청림,2,3,,,실적,,46000,,46001,,46003,,46013,,46013,,46022,,,,46073,,,,46078,,,,46100,,46100,,46106,,0,,0,,,,,,,,,,,,,,,,,,,,,,,,,,,,,,,,,,,,,,,,,,,,,,,,,,,,,,,,,,,,,,,,,,,,,,,,,,,,,,,,,,,,,,,,,,,,,,,,,,,,,,,,,,,,,,,,,,,,,,,,,,,,,,,,,,,,,,,,,,,,,,,,,,,,,,,,,,,,,,,,,,,,,,,,,,,,,,,,,,,,,,,,,,,,,,,,,,,,,,,,,,,,,,,,,,,,,,,,,,,,,,,,,,,,,,,,,,,,,,,,,,,False,STRUCTURAL,비데이터 행,,,unknown
630,4,HHI,SCR중,HMD8412,SCR-8,3,2026-03-13 00:00:00,,2,30,,,,,취부,,0,,,,,,,,,,,,,,,,,,D 청림,2,3,,,LOAD,,,,,,,,,,,,,,,,,,,,,,,,,,,,,,,,,,,,,,,,,,,,,,,,,,,,,,,,,,,,,,,,,,,,,,,,,,,,,,,,,,,,,,,,,,,,,,,,,,,,,,,,,,,,,,,,,,,,,,,,,,,,,,,,,,,,,,,,,,,,,,,,,,,,,,,,,,,,,,,,,,,,,,,,,,,,,,,,,,,,,,,,,,,,,,,,,,,,,,,,,,,,,,,,,,,,,,,,,,,,,,,,,,,,,,,,,,,,,,,,,,,,,,,,,,,,,,,,,,,,,,,,,,,,,,,,,,,False,STRUCTURAL,비데이터 행,,,unknown
630,5,HHI,SCR중,HMD8412,SCR-8,3,2026-03-13 00:00:00,,2,30,,,,,용접,,0,,,,,,,,,,,,,,,,,,D 청림,2,3,,,,,,,,,,,,,,,,,,,,,,,,,,,,,,,,,,,,,,,,,,,,,,,,,,,,,,,,,,,,,,,,,,,,,,,,,,,,,,,,,,,,,,,,,,,,,,,,,,,,,,,,,,,,,,,,,,,,,,,,,,,,,,,,,,,,,,,,,,,,,,,,,,,,,,,,,,,,,,,,,,,,,,,,,,,,,,,,,,,,,,,,,,,,,,,,,,,,,,,,,,,,,,,,,,,,,,,,,,,,,,,,,,,,,,,,,,,,,,,,,,,,,,,,,,,,,,,,,,,,,,,,,,,,,,,,,,,,,,False,STRUCTURAL,비데이터 행,,,unknown
630,6,HHI,SCR중,HMD8412,SCR-8,3,2026-03-13 00:00:00,,2,30,,,,,조립,,6,,,,,,,,,,,,,,,,,,D 청림,2,3,,,,,,,,,,,,,,,,,,,,,,,,,,,,,,,,,,,,,,,,,,,,,,,,,,,,,,,,,,,,,,,,,,,2,2,2,,,,,,,,,,,,,,,,,,,,,,,,,,,,,,,,,,,,,,,,,,,,,,,,,,,,,,,,,,,,,,,,,,,,,,,,,,,,,,,,,,,,,,,,,,,,,,,,,,,,,,,,,,,,,,,,,,,,,,,,,,,,,,,,,,,,,,,,,,,,,,,,,,,,,,,,,,,,,,,,,,,,,,,,,,,,,,,,,,,,,,,,,,,,,,,,,,,,,,,,,,,,,,,,,False,STRUCTURAL,비데이터 행,,,unknown
630,7,HHI,SCR중,HMD8412,SCR-8,3,2026-03-13 00:00:00,,2,30,,,,,사상,,0,,,,,,,,,,,,,,,,,,D 청림,2,3,,,,,,,,,,,,,,,,,,,,,,,,,,,,,,,,,,,,,,,,,,,,,,,,,,,,,,,,,,,,,,,,,,,,,,,,,,,,,,,,,,,,,,,,,,,,,,,,,,,,,,,,,,,,,,,,,,,,,,,,,,,,,,,,,,,,,,,,,,,,,,,,,,,,,,,,,,,,,,,,,,,,,,,,,,,,,,,,,,,,,,,,,,,,,,,,,,,,,,,,,,,,,,,,,,,,,,,,,,,,,,,,,,,,,,,,,,,,,,,,,,,,,,,,,,,,,,,,,,,,,,,,,,,,,,,,,,,,,,False,STRUCTURAL,비데이터 행,,,unknown
630,9,HHI,SCR중,HMD8412,SCR-8,3,2026-03-13 00:00:00,,2,30,,,,,실적,,,,,,,,,,,,,,,,,,,,D 청림,2,3,,,,,,,,,,,,,,,,,,,,,,,,,,,,,,,,,,,,,,,,,,,,,,,,,,,,,,,,,,,,,,,,,,,,,,,,,,,,,,,,,,,,,,,,,,,,,,,,,,,,,,,,,,,,,,,,,,,,,,,,,,,,,,,,,,,,,,,,,,,,,,,,,,,,,,,,,,,,,,,,,,,,,,,,,,,,,,,,,,,,,,,,,,,,,,,,,,,,,,,,,,,,,,,,,,,,,,,,,,,,,,,,,,,,,,,,,,,,,,,,,,,,,,,,,,,,,,,,,,,,,,,,,,,,,,,,,,,,,,False,STRUCTURAL,비데이터 행,,,unknown
631,1,MHI,ENC, #2 Legend EH,ENC-3,1,2026-03-16 00:00:00,46041,3,100,,,,,일자,G 범안,45981,45985,45986,46003,46021,46021,46030,46041,-,2026-02-20 00:00:00,46084,46092,46093,2026-03-13 00:00:00,46094,0.98,,,G 범안,1,3,,,계획,45981,,45985,,45986,,46003,,46006,,46021,,46009,,46041,,46048,,46073,,46055,,46084,,46092,,46093,,46094,,46094,,,조S,,,,,,,,,,,,,,,,,,도F,,,,,,,,,,,조F,,,,,,,,상,검,포,,,납,,,,,,,,,,,,,,,,,,,,,,,,,,,,,,,,,,,,,,,,,,,,,,,,,,,,,,,,,,,,,,,,,,,,,,,,,,,,,,,,,,,,,,,,,,,,,,,,,,,,,,,,,,,,,,,,,,,,,,,,,,,,,,,,,,,,,,,,,,,,,,,,,,,,,,,,,,,,,,,,,,,,,,,,,,,,,,,,,,,,,,,,,,,,,,,,,,,,,,,True,DATA_PLAN,,,,plan
631,2,MHI,ENC, #2 Legend EH,ENC-3,1,2026-03-16 00:00:00,,3,100,,,,,실행,G 범안,45944,45947,45954,45964,완료,완료,46385,46043,,2026-02-20 00:00:00,46087,46087,46087,2026-03-09 00:00:00,,,,,G 범안,1,3,,,,,,,,,,,,,,,,,,,,,,,,,,,,,,,,,,,,,,,,,,,,,,,,,,,,,,,,,,,,,,,,,,,,,,,,,,,,,,,,,,,,,,,,,,,,,,,,,,,,,,,,,,,,,,,,,,,,,,,,,,,,,,,,,,,,,,,,,,,,,,,,,,,,,,,,,,,,,,,,,,,,,,,,,,,,,,,,,,,,,,,,,,,,,,,,,,,,,,,,,,,,,,,,,,,,,,,,,,,,,,,,,,,,,,,,,,,,,,,,,,,,,,,,,,,,,,,,,,,,,,,,,,,,,,,,,,,,,,True,DATA_ACTUAL,,,,actual
631,3,MHI,ENC, #2 Legend EH,ENC-3,1,2026-03-16 00:00:00,,3,100,,,,9Ton,G 범안,G 범안,37,38,32,39,,,-355,-2,-,,-3,5,6,,,,,,G 범안,1,3,,,실적,,45944,,45947,,45954,,45964,,45964,,완료,,,,46043,,,,46073,,,,46087,,46087,,46087,,46090,,0,,,,,,,,,,,,,,,,,,,,,,,,,,,,,,,,,,,,,,,,,,,,,,,,,,,,,,,,,,,,,,,,,,,,,,,,,,,,,,,,,,,,,,,,,,,,,,,,,,,,,,,,,,,,,,,,,,,,,,,,,,,,,,,,,,,,,,,,,,,,,,,,,,,,,,,,,,,,,,,,,,,,,,,,,,,,,,,,,,,,,,,,,,,,,,,,,,,,,,,,,,,,,,,,,,,,,,,,,,,,,,,,,,,,,,,,,,,,,,,,,,,False,STRUCTURAL,비데이터 행,,,unknown
631,4,MHI,ENC, #2 Legend EH,ENC-3,1,2026-03-16 00:00:00,,3,100,,,,,취부,,0,,,,,,,,,,,,,,,,,,G 범안,1,3,,,LOAD,,,,,,,,,,,,,,,,,,,,,,,,,,,,,,,,,,,,,,,,,,,,,,,,,,,,,,,,,,,,,,,,,,,,,,,,,,,,,,,,,,,,,,,,,,,,,,,,,,,,,,,,,,,,,,,,,,,,,,,,,,,,,,,,,,,,,,,,,,,,,,,,,,,,,,,,,,,,,,,,,,,,,,,,,,,,,,,,,,,,,,,,,,,,,,,,,,,,,,,,,,,,,,,,,,,,,,,,,,,,,,,,,,,,,,,,,,,,,,,,,,,,,,,,,,,,,,,,,,,,,,,,,,,,,,,,,,,False,STRUCTURAL,비데이터 행,,,unknown
631,5,MHI,ENC, #2 Legend EH,ENC-3,1,2026-03-16 00:00:00,,3,100,,,,,용접,,0,,,,,,,,,,,,,,,,,,G 범안,1,3,,,,,,,,,,,,,,,,,,,,,,,,,,,,,,,,,,,,,,,,,,,,,,,,,,,,,,,,,,,,,,,,,,,,,,,,,,,,,,,,,,,,,,,,,,,,,,,,,,,,,,,,,,,,,,,,,,,,,,,,,,,,,,,,,,,,,,,,,,,,,,,,,,,,,,,,,,,,,,,,,,,,,,,,,,,,,,,,,,,,,,,,,,,,,,,,,,,,,,,,,,,,,,,,,,,,,,,,,,,,,,,,,,,,,,,,,,,,,,,,,,,,,,,,,,,,,,,,,,,,,,,,,,,,,,,,,,,,,,False,STRUCTURAL,비데이터 행,,,unknown
631,6,MHI,ENC, #2 Legend EH,ENC-3,1,2026-03-16 00:00:00,,3,100,,,,,조립,,44,,,,,,,,,,,,,,,,,,G 범안,1,3,,,,,,,,,,,,,,,,,,,,,,,,,,,,,,,,,,,,,,,,,,,,,,,,,,,,,,,,4,,4,4,4,4,4,4,,,,,,4,4.0,,4,4,,,,,,,,,,,,,,,,,,,,,,,,,,,,,,,,,,,,,,,,,,,,,,,,,,,,,,,,,,,,,,,,,,,,,,,,,,,,,,,,,,,,,,,,,,,,,,,,,,,,,,,,,,,,,,,,,,,,,,,,,,,,,,,,,,,,,,,,,,,,,,,,,,,,,,,,,,,,,,,,,,,,,,,,,,,,,,,,,,,,,,,,,,,,,,,,,,,,,,,,,,,,,False,STRUCTURAL,비데이터 행,,,unknown
631,7,MHI,ENC, #2 Legend EH,ENC-3,1,2026-03-16 00:00:00,,3,100,,,,,사상,,0,,,,,,,,,,,,,,,,,,G 범안,1,3,,,,,,,,,,,,,,,,,,,,,,,,,,,,,,,,,,,,,,,,,,,,,,,,,,,,,,,,,,,,,,,,,,,,,,,,,,,,,,,,,,,,,,,,,,,,,,,,,,,,,,,,,,,,,,,,,,,,,,,,,,,,,,,,,,,,,,,,,,,,,,,,,,,,,,,,,,,,,,,,,,,,,,,,,,,,,,,,,,,,,,,,,,,,,,,,,,,,,,,,,,,,,,,,,,,,,,,,,,,,,,,,,,,,,,,,,,,,,,,,,,,,,,,,,,,,,,,,,,,,,,,,,,,,,,,,,,,,,,False,STRUCTURAL,비데이터 행,,,unknown
631,9,MHI,ENC, #2 Legend EH,ENC-3,1,2026-03-16 00:00:00,,3,100,,,,,실적,,,,,,,,,,,,,,,,,,,,G 범안,1,3,,,,,,,,,,,,,,,,,,,,,,,,,,,,,,,,,,,,,,,,,,,,,,,,,,,,,,,,,,,,,,,,,,,,,,,,,,,,,,,,,,,,,,,,,,,,,,,,,,,,,,,,,,,,,,,,,,,,,,,,,,,,,,,,,,,,,,,,,,,,,,,,,,,,,,,,,,,,,,,,,,,,,,,,,,,,,,,,,,,,,,,,,,,,,,,,,,,,,,,,,,,,,,,,,,,,,,,,,,,,,,,,,,,,,,,,,,,,,,,,,,,,,,,,,,,,,,,,,,,,,,,,,,,,,,,,,,,,,,False,STRUCTURAL,비데이터 행,,,unknown
632,1,HHI,SCR중,H2861,SCR-7,5,2026-03-17 00:00:00,46072,2,30,,,,6x6(B),일자,D 청림,46015,46020,46021,46036,46045,46045,46064,46072,-,2026-02-26 00:00:00,46091,46092,46093,2026-03-13 00:00:00,46097,0.95,,,D 청림,2,3,,,계획,46015,,46020,,46021,,46036,,46037,,46045,,46048,,46072,,46076,,46079,,46080,,46091,,46092,,46093,,46094,,46097,,-----,-----,-----,-----,-----,-----,-----,-----,-----,-----,-----,-----,-----,-----,-----,-----,-----,-----,제F,,,,도S,,,도F,조S,,,,,,,,,,,조F,상,검,포,,,출,납,,,,,,,,,,,,,,,,,,,,,,,,,,,,,,,,,,,,,,,,,,,,,,,,,,,,,,,,,,,,,,,,,,,,,,,,,,,,,,,,,,,,,,,,,,,,,,,,,,,,,,,,,,,,,,,,,,,,,,,,,,,,,,,,,,,,,,,,,,,,,,,,,,,,,,,,,,,,,,,,,,,,,,,,,,,,,,,,,,,,,,,,,,,,,,,,,,,,,,True,DATA_PLAN,,,,plan
632,2,HHI,SCR중,H2861,SCR-7,5,2026-03-17 00:00:00,,2,30,,,,"TEST NO1,3,5",실행,D 청림,45999,46001,46003,46021,46052,46031,46056,46072,,2026-02-23 00:00:00,46104,46104,46105,,,,,,D 청림,2,3,,,,,,,,,,,,,,,,,,,,,,,,,,,,,,,,,,,,,,,,,,,,,,,,,,,,,,,,,,,,,,,,,,,,,,,,,,,,,,,,,,,,,,,,,,,,,,,,,,,,,,,,,,,,,,,,,,,,,,,,,,,,,,,,,,,,,,,,,,,,,,,,,,,,,,,,,,,,,,,,,,,,,,,,,,,,,,,,,,,,,,,,,,,,,,,,,,,,,,,,,,,,,,,,,,,,,,,,,,,,,,,,,,,,,,,,,,,,,,,,,,,,,,,,,,,,,,,,,,,,,,,,,,,,,,,,,,,,,,True,DATA_ACTUAL,,,,actual
632,3,HHI,SCR중,H2861,SCR-7,5,2026-03-17 00:00:00,,2,30,,,,"2/19,3/4,3/14",D 청림,D 청림,16,19,18,15,-7,14,8,0,-,,-13,-12,-12,,,,,,D 청림,2,3,,,실적,,45999,,46001,,46003,,46021,,46021,,46031,,,,46072,,,,46076,,,,46104,,46104,,46105,,0,,0,,,,,,,,,,,,,,,,,,,,,,,,,,,,,,,,,,,,,,,,,,,,,,,,,,,,,,,,,,,,,,,,,,,,,,,,,,,,,,,,,,,,,,,,,,,,,,,,,,,,,,,,,,,,,,,,,,,,,,,,,,,,,,,,,,,,,,,,,,,,,,,,,,,,,,,,,,,,,,,,,,,,,,,,,,,,,,,,,,,,,,,,,,,,,,,,,,,,,,,,,,,,,,,,,,,,,,,,,,,,,,,,,,,,,,,,,,,,,,,,,,,False,STRUCTURAL,비데이터 행,,,unknown
632,4,HHI,SCR중,H2861,SCR-7,5,2026-03-17 00:00:00,,2,30,,,,,취부,,0,,,,,,,,,,,,,,,,,,D 청림,2,3,,,LOAD,,,,,,,,,,,,,,,,,,,,,,,,,,,,,,,,,,,,,,,,,,,,,,,,,,,,,,,,,,,,,,,,,,,,,,,,,,,,,,,,,,,,,,,,,,,,,,,,,,,,,,,,,,,,,,,,,,,,,,,,,,,,,,,,,,,,,,,,,,,,,,,,,,,,,,,,,,,,,,,,,,,,,,,,,,,,,,,,,,,,,,,,,,,,,,,,,,,,,,,,,,,,,,,,,,,,,,,,,,,,,,,,,,,,,,,,,,,,,,,,,,,,,,,,,,,,,,,,,,,,,,,,,,,,,,,,,,,False,STRUCTURAL,비데이터 행,,,unknown
632,5,HHI,SCR중,H2861,SCR-7,5,2026-03-17 00:00:00,,2,30,,,,,용접,,0,,,,,,,,,,,,,,,,,,D 청림,2,3,,,,,,,,,,,,,,,,,,,,,,,,,,,,,,,,,,,,,,,,,,,,,,,,,,,,,,,,,,,,,,,,,,,,,,,,,,,,,,,,,,,,,,,,,,,,,,,,,,,,,,,,,,,,,,,,,,,,,,,,,,,,,,,,,,,,,,,,,,,,,,,,,,,,,,,,,,,,,,,,,,,,,,,,,,,,,,,,,,,,,,,,,,,,,,,,,,,,,,,,,,,,,,,,,,,,,,,,,,,,,,,,,,,,,,,,,,,,,,,,,,,,,,,,,,,,,,,,,,,,,,,,,,,,,,,,,,,,,,False,STRUCTURAL,비데이터 행,,,unknown
632,6,HHI,SCR중,H2861,SCR-7,5,2026-03-17 00:00:00,,2,30,,,,,조립,,6,,,,,,,,,,,,,,,,,,D 청림,2,3,,,,,,,,,,,,,,,,,,,,,,,,,,,,,,,,,,,,,,,,,,,,,,,,,,,,,,,,,,,,,,,,,,,,,,2.0,,2,2,,,,,,,,,,,,,,,,,,,,,,,,,,,,,,,,,,,,,,,,,,,,,,,,,,,,,,,,,,,,,,,,,,,,,,,,,,,,,,,,,,,,,,,,,,,,,,,,,,,,,,,,,,,,,,,,,,,,,,,,,,,,,,,,,,,,,,,,,,,,,,,,,,,,,,,,,,,,,,,,,,,,,,,,,,,,,,,,,,,,,,,,,,,,,,,,,,,,,,,,,,,,,False,STRUCTURAL,비데이터 행,,,unknown
632,7,HHI,SCR중,H2861,SCR-7,5,2026-03-17 00:00:00,,2,30,,,,3/5->3/17->2/19,사상,,0,,,,,,,,,,,,,,,,,,D 청림,2,3,,,,,,,,,,,,,,,,,,,,,,,,,,,,,,,,,,,,,,,,,,,,,,,,,,,,,,,,,,,,,,,,,,,,,,,,,,,,,,,,,,,,,,,,,,,,,,,,,,,,,,,,,,,,,,,,,,,,,,,,,,,,,,,,,,,,,,,,,,,,,,,,,,,,,,,,,,,,,,,,,,,,,,,,,,,,,,,,,,,,,,,,,,,,,,,,,,,,,,,,,,,,,,,,,,,,,,,,,,,,,,,,,,,,,,,,,,,,,,,,,,,,,,,,,,,,,,,,,,,,,,,,,,,,,,,,,,,,,,False,STRUCTURAL,비데이터 행,,,unknown
632,9,HHI,SCR중,H2861,SCR-7,5,2026-03-17 00:00:00,,2,30,,,,에이스->청림,실적,,,,,,,,,,,,,,,,,,,,D 청림,2,3,,,,,,,,,,,,,,,,,,,,,,,,,,,,,,,,,,,,,,,,,,,,,,,,,,,,,,,,,,,,,,,,,,,,,,,,,,,,,,,,,,,,,,,,,,,,,,,,,,,,,,,,,,,,,,,,,,,,,,,,,,,,,,,,,,,,,,,,,,,,,,,,,,,,,,,,,,,,,,,,,,,,,,,,,,,,,,,,,,,,,,,,,,,,,,,,,,,,,,,,,,,,,,,,,,,,,,,,,,,,,,,,,,,,,,,,,,,,,,,,,,,,,,,,,,,,,,,,,,,,,,,,,,,,,,,,,,,,,,False,STRUCTURAL,비데이터 행,,,unknown
633,1,HPS,VS,E_QA_Siad,VS-2,1,2026-03-17 00:00:00,46078,4,30,,,,,일자,C 에이스,46029,46036,46041,46055,46064,46064,46073,46078,-,2026-03-03 00:00:00,46090,46091,46093,2026-03-13 00:00:00,46097,1,,,C 에이스,2,3,,,계획,46029,,46036,,46041,,46055,,46056,,46064,,46065,,46078,,46079,,46084,,46085,,46090,,46091,,46093,,46094,,46097,,,발F,가S,,,,,,,,가F,제S,-----,-----,-----,-----,-----,-----,-----,-----,-----,-----,-----,-----,제F,도S,,,,,도F,조S,,,,,조F,상,,검,포,,,출,납,,,,-----,,,,,,,,,,,,,,,,,,,,,,,,,,,,,,,,,,,,,,,,,,,,,,,,,,,,,,,,,,,,,,,,,,,,,,,,,,,,,,,,,,,,,,,,,,,,,,,,,,,,,,,,,,,,,,,,,,,,,,,,,,,,,,,,,,,,,,,,,,,,,,,,,,,,,,,,,,,,,,,,,,,,,,,,,,,,,,,,,,,,,,,,,,,,,,,,,,True,DATA_PLAN,,,,plan
633,2,HPS,VS,E_QA_Siad,VS-2,1,2026-03-17 00:00:00,,4,30,,,,,실행,C 에이스,46029,46035,46036,46041,46064,46045,46066,46076,,2026-03-03 00:00:00,46090,46095,46097,2026-03-18 00:00:00,46106,,,,C 에이스,2,3,,,,,,,,,,,,,,,,,,,,,,,,,,,,,,,,,,,,,,,,,,,,,,,,,,,,,,,,,,,,,,,,,,,,,,,,,,,,,,,,,,,,,,,,,,,,,,,,,,,,,,,,,,,,,,,,,,,,,,,,,,,,,,,,,,,,,,,,,,,,,,,,,,,,,,,,,,,,,,,,,,,,,,,,,,,,,,,,,,,,,,,,,,,,,,,,,,,,,,,,,,,,,,,,,,,,,,,,,,,,,,,,,,,,,,,,,,,,,,,,,,,,,,,,,,,,,,,,,,,,,,,,,,,,,,,,,,,,,,True,DATA_ACTUAL,,,,actual
633,3,HPS,VS,E_QA_Siad,VS-2,1,2026-03-17 00:00:00,,4,30,,,,,C 에이스,C 에이스,0,1,5,14,0,19,7,2,-,,0,-4,-4,,-9,,,,C 에이스,2,3,,,실적,,46029,,46035,,46036,,46041,,,,46045,,,,46076,,,,46084,,,,46090,,46095,,46097,,46099,,46106,,,,,,,,,,,,,,,,,,,,,,,,,,,,,,,,,,,,,,,,,,,,,,,,,,,,,,,,,,,,,,,,,,,,,,,,,,,,,,,,,,,,,,,,,,,,,,,,,,,,,,,,,,,,,,,,,,,,,,,,,,,,,,,,,,,,,,,,,,,,,,,,,,,,,,,,,,,,,,,,,,,,,,,,,,,,,,,,,,,,,,,,,,,,,,,,,,,,,,,,,,,,,,,,,,,,,,,,,,,,,,,,,,,,,,,,,,,,,,,,,,,False,STRUCTURAL,비데이터 행,,,unknown
633,4,HPS,VS,E_QA_Siad,VS-2,1,2026-03-17 00:00:00,,4,30,,,,,취부,,6,,,,,,,,,,,,,,,,,,C 에이스,2,3,,,LOAD,,,,,,,,,,,,,,,,,,,,,,,,,,,,,,,,,,,,,,,,,,,,,,,,,,,,,,,,,,,1,1,,,1,1,1,,,,1,,,,,,,,,,,,,,,,,,,,,,,,,,,,,,,,,,,,,,,,,,,,,,,,,,,,,,,,,,,,,,,,,,,,,,,,,,,,,,,,,,,,,,,,,,,,,,,,,,,,,,,,,,,,,,,,,,,,,,,,,,,,,,,,,,,,,,,,,,,,,,,,,,,,,,,,,,,,,,,,,,,,,,,,,,,,,,,,,,,,,,,,,,,,,,,,,,,,,,,,,,,,,,False,STRUCTURAL,비데이터 행,,,unknown
633,5,HPS,VS,E_QA_Siad,VS-2,1,2026-03-17 00:00:00,,4,30,,,,,용접,,7,,,,,,,,,,,,,,,,,,C 에이스,2,3,,,,,,,,,,,,,,,,,,,,,,,,,,,,,,,,,,,,,,,,,,,,,,,,,,,,,,,,,,,,,,,1,,,1,1,1,1,,,1,1,,,,,,,,,,,,,,,,,,,,,,,,,,,,,,,,,,,,,,,,,,,,,,,,,,,,,,,,,,,,,,,,,,,,,,,,,,,,,,,,,,,,,,,,,,,,,,,,,,,,,,,,,,,,,,,,,,,,,,,,,,,,,,,,,,,,,,,,,,,,,,,,,,,,,,,,,,,,,,,,,,,,,,,,,,,,,,,,,,,,,,,,,,,,,,,,,,,,,,,,,,,,,False,STRUCTURAL,비데이터 행,,,unknown
633,6,HPS,VS,E_QA_Siad,VS-2,1,2026-03-17 00:00:00,,4,30,,,,,조립,,8,,,,,,,,,,,,,,,,,,C 에이스,2,3,,,,,,,,,,,,,,,,,,,,,,,,,,,,,,,,,,,,,,,,,,,,,,,,,,,,,,,,,,,,,,,,,,1,1,1,1,1.0,,1,1,1,,,,,,,,,,,,,,,,,,,,,,,,,,,,,,,,,,,,,,,,,,,,,,,,,,,,,,,,,,,,,,,,,,,,,,,,,,,,,,,,,,,,,,,,,,,,,,,,,,,,,,,,,,,,,,,,,,,,,,,,,,,,,,,,,,,,,,,,,,,,,,,,,,,,,,,,,,,,,,,,,,,,,,,,,,,,,,,,,,,,,,,,,,,,,,,,,,,,,,,,,,,,False,STRUCTURAL,비데이터 행,,,unknown
633,7,HPS,VS,E_QA_Siad,VS-2,1,2026-03-17 00:00:00,,4,30,,,,,사상,,8,,,,,,,,,,,,,,,,,,C 에이스,2,3,,,,,,,,,,,,,,,,,,,,,,,,,,,,,,,,,,,,,,,,,,,,,,,,,,,,,,,,,,,,,,,,,,,1,1,1,1.0,,1,1,1,1,,,,,,,,,,,,,,,,,,,,,,,,,,,,,,,,,,,,,,,,,,,,,,,,,,,,,,,,,,,,,,,,,,,,,,,,,,,,,,,,,,,,,,,,,,,,,,,,,,,,,,,,,,,,,,,,,,,,,,,,,,,,,,,,,,,,,,,,,,,,,,,,,,,,,,,,,,,,,,,,,,,,,,,,,,,,,,,,,,,,,,,,,,,,,,,,,,,,,,,,,,,False,STRUCTURAL,비데이터 행,,,unknown
633,9,HPS,VS,E_QA_Siad,VS-2,1,2026-03-17 00:00:00,,4,30,,,,,실적,,,,,,,,,,,,,,,,,,,,C 에이스,2,3,,,,,,,,,,,,,,,,,,,,,,,,,,,,,,,,,,,,,,,,,,,,,,,,,,,,,,,,,,,,,,,,,,,,,,,,,,,,,,,,,,,,,,,,,,,,,,,,,,,,,,,,,,,,,,,,,,,,,,,,,,,,,,,,,,,,,,,,,,,,,,,,,,,,,,,,,,,,,,,,,,,,,,,,,,,,,,,,,,,,,,,,,,,,,,,,,,,,,,,,,,,,,,,,,,,,,,,,,,,,,,,,,,,,,,,,,,,,,,,,,,,,,,,,,,,,,,,,,,,,,,,,,,,,,,,,,,,,,,False,STRUCTURAL,비데이터 행,,,unknown
634,1,HHI,SCR중,T300K-131,SCR-8,3,2026-03-17 00:00:00,46076,2,30,,전기,X,3X3(B),일자,C 에이스,46017,46021,46022,46042,46051,46051,46068,46076,-,2026-02-27 00:00:00,46091,46092,46093,2026-03-13 00:00:00,46097,1,,,C 에이스,2,3,,,계획,46017,,46021,,46022,,46042,,46043,,46051,,46052,,46076,,46077,,46080,,46084,,46091,,46092,,46093,,46094,,46097,,-----,-----,-----,-----,-----,-----,-----,-----,-----,-----,-----,-----,-----,-----,-----,-----,-----,-----,-----,-----,-----,-----,제F,도S,,,도F,,,,조S,,,,,,,조F,상,검,포,,,출,납,,,,-----,,,,,,,,,,,,,,,,,,,,,,,,,,,,,,,,,,,,,,,,,,,,,,,,,,,,,,,,,,,,,,,,,,,,,,,,,,,,,,,,,,,,,,,,,,,,,,,,,,,,,,,,,,,,,,,,,,,,,,,,,,,,,,,,,,,,,,,,,,,,,,,,,,,,,,,,,,,,,,,,,,,,,,,,,,,,,,,,,,,,,,,,,,,,,,,,,,True,DATA_PLAN,,,,plan
634,2,HHI,SCR중,T300K-131,SCR-8,3,2026-03-17 00:00:00,,2,30,,,,3/20->3/17,실행,C 에이스,45996,45997,46000,46009,46051,46021,46065,46073,,2026-02-27 00:00:00,46097,46097,46098,2026-03-18 00:00:00,46100,,,,C 에이스,2,3,,,,,,,,,,,,,,,,,,,,,,,,,,,,,,,,,,,,,,,,,,,,,,,,,,,,,,,,,,,,,,,,,,,,,,,,,,,,,,,,,,,,,,,,,,,,,,,,,,,,,,,,,,,,,,,,,,,,,,,,,,,,,,,,,,,,,,,,,,,,,,,,,,,,,,,,,,,,,,,,,,,,,,,,,,,,,,,,,,,,,,,,,,,,,,,,,,,,,,,,,,,,,,,,,,,,,,,,,,,,,,,,,,,,,,,,,,,,,,,,,,,,,,,,,,,,,,,,,,,,,,,,,,,,,,,,,,,,,,True,DATA_ACTUAL,,,,actual
634,3,HHI,SCR중,T300K-131,SCR-8,3,2026-03-17 00:00:00,,2,30,,,,,C 에이스,C 에이스,21,24,22,33,0,30,3,3,-,,-6,-5,-5,,-3,,,,C 에이스,2,3,,,실적,,45996,,45997,,46000,,46009,,46009,,46021,,,,46073,,,,46080,,,,46097,,46097,,46098,,46099,,46100,,,,,,,,,,,,,,,,,,,,,,,,,,,,,,,,,,,,,,,,,,,,,,,,,,,,,,,,,,,,,,,,,,,,,,,,,,,,,,,,,,,,,,,,,,,,,,,,,,,,,,,,,,,,,,,,,,,,,,,,,,,,,,,,,,,,,,,,,,,,,,,,,,,,,,,,,,,,,,,,,,,,,,,,,,,,,,,,,,,,,,,,,,,,,,,,,,,,,,,,,,,,,,,,,,,,,,,,,,,,,,,,,,,,,,,,,,,,,,,,,,,False,STRUCTURAL,비데이터 행,,,unknown
634,4,HHI,SCR중,T300K-131,SCR-8,3,2026-03-17 00:00:00,,2,30,,,,,취부,,0,,,,,,,,,,,,,,,,,,C 에이스,2,3,,,LOAD,,,,,,,,,,,,,,,,,,,,,,,,,,,,,,,,,,,,,,,,,,,,,,,,,,,,,,,,,,,,,,,,,,,,,,,,,,,,,,,,,,,,,,,,,,,,,,,,,,,,,,,,,,,,,,,,,,,,,,,,,,,,,,,,,,,,,,,,,,,,,,,,,,,,,,,,,,,,,,,,,,,,,,,,,,,,,,,,,,,,,,,,,,,,,,,,,,,,,,,,,,,,,,,,,,,,,,,,,,,,,,,,,,,,,,,,,,,,,,,,,,,,,,,,,,,,,,,,,,,,,,,,,,,,,,,,,,,False,STRUCTURAL,비데이터 행,,,unknown
634,5,HHI,SCR중,T300K-131,SCR-8,3,2026-03-17 00:00:00,,2,30,,,,,용접,,0,,,,,,,,,,,,,,,,,,C 에이스,2,3,,,,,,,,,,,,,,,,,,,,,,,,,,,,,,,,,,,,,,,,,,,,,,,,,,,,,,,,,,,,,,,,,,,,,,,,,,,,,,,,,,,,,,,,,,,,,,,,,,,,,,,,,,,,,,,,,,,,,,,,,,,,,,,,,,,,,,,,,,,,,,,,,,,,,,,,,,,,,,,,,,,,,,,,,,,,,,,,,,,,,,,,,,,,,,,,,,,,,,,,,,,,,,,,,,,,,,,,,,,,,,,,,,,,,,,,,,,,,,,,,,,,,,,,,,,,,,,,,,,,,,,,,,,,,,,,,,,,,,False,STRUCTURAL,비데이터 행,,,unknown
634,6,HHI,SCR중,T300K-131,SCR-8,3,2026-03-17 00:00:00,,2,30,,,,,조립,,6,,,,,,,,,,,,,,,,,,C 에이스,2,3,,,,,,,,,,,,,,,,,,,,,,,,,,,,,,,,,,,,,,,,,,,,,,,,,,,,,,,,,,,,,,,,,,,,,,,,2,2,2,,,,,,,,,,,,,,,,,,,,,,,,,,,,,,,,,,,,,,,,,,,,,,,,,,,,,,,,,,,,,,,,,,,,,,,,,,,,,,,,,,,,,,,,,,,,,,,,,,,,,,,,,,,,,,,,,,,,,,,,,,,,,,,,,,,,,,,,,,,,,,,,,,,,,,,,,,,,,,,,,,,,,,,,,,,,,,,,,,,,,,,,,,,,,,,,,,,,,,,,,,,,False,STRUCTURAL,비데이터 행,,,unknown
634,7,HHI,SCR중,T300K-131,SCR-8,3,2026-03-17 00:00:00,,2,30,,,,,사상,,0,,,,,,,,,,,,,,,,,,C 에이스,2,3,,,,,,,,,,,,,,,,,,,,,,,,,,,,,,,,,,,,,,,,,,,,,,,,,,,,,,,,,,,,,,,,,,,,,,,,,,,,,,,,,,,,,,,,,,,,,,,,,,,,,,,,,,,,,,,,,,,,,,,,,,,,,,,,,,,,,,,,,,,,,,,,,,,,,,,,,,,,,,,,,,,,,,,,,,,,,,,,,,,,,,,,,,,,,,,,,,,,,,,,,,,,,,,,,,,,,,,,,,,,,,,,,,,,,,,,,,,,,,,,,,,,,,,,,,,,,,,,,,,,,,,,,,,,,,,,,,,,,,False,STRUCTURAL,비데이터 행,,,unknown
634,9,HHI,SCR중,T300K-131,SCR-8,3,2026-03-17 00:00:00,,2,30,,,,미정->에이스,실적,,,,,,,,,,,,,,,,,,,,C 에이스,2,3,,,,,,,,,,,,,,,,,,,,,,,,,,,,,,,,,,,,,,,,,,,,,,,,,,,,,,,,,,,,,,,,,,,,,,,,,,,,,,,,,,,,,,,,,,,,,,,,,,,,,,,,,,,,,,,,,,,,,,,,,,,,,,,,,,,,,,,,,,,,,,,,,,,,,,,,,,,,,,,,,,,,,,,,,,,,,,,,,,,,,,,,,,,,,,,,,,,,,,,,,,,,,,,,,,,,,,,,,,,,,,,,,,,,,,,,,,,,,,,,,,,,,,,,,,,,,,,,,,,,,,,,,,,,,,,,,,,,,,False,STRUCTURAL,비데이터 행,,,unknown
635,1,HHI,SCR중,SH8323,SCR-8,3,2026-03-19 00:00:00,46076,2,30,,전기,X,3X3,일자,C 에이스,46020,46022,46024,46038,46049,46049,46067,46076,-,2026-03-03 00:00:00,46093,46094,46097,2026-03-17 00:00:00,46099,0.9,,,C 에이스,2,3,,,계획,46020,,46022,,46024,,46038,,46041,,46049,,46050,,46076,,46078,,46084,,46085,,46093,,46094,,46097,,46098,,46099,,-----,-----,-----,-----,-----,-----,-----,-----,-----,-----,-----,-----,-----,-----,-----,-----,-----,-----,-----,-----,-----,-----,제F,,도S,,,,,,도F,조S,,,,,,,,조F,상,,,검,포,출,납,,-----,,,,,,,,,,,,,,,,,,,,,,,,,,,,,,,,,,,,,,,,,,,,,,,,,,,,,,,,,,,,,,,,,,,,,,,,,,,,,,,,,,,,,,,,,,,,,,,,,,,,,,,,,,,,,,,,,,,,,,,,,,,,,,,,,,,,,,,,,,,,,,,,,,,,,,,,,,,,,,,,,,,,,,,,,,,,,,,,,,,,,,,,,,,,,,,,,,True,DATA_PLAN,,,,plan
635,2,HHI,SCR중,SH8323,SCR-8,3,2026-03-19 00:00:00,,2,30,,,,,실행,C 에이스,46006,46006,46007,46021,46052,46036,46057,46065,,2026-02-25 00:00:00,46101,46101,,,,,,,C 에이스,2,3,,,,,,,,,,,,,,,,,,,,,,,,,,,,,,,,,,,,,,,,,,,,,,,,,,,,,,,,,,,,,,,,,,,,,,,,,,,,,,,,,,,,,,,,,,,,,,,,,,,,,,,,,,,,,,,,,,,,,,,,,,,,,,,,,,,,,,,,,,,,,,,,,,,,,,,,,,,,,,,,,,,,,,,,,,,,,,,,,,,,,,,,,,,,,,,,,,,,,,,,,,,,,,,,,,,,,,,,,,,,,,,,,,,,,,,,,,,,,,,,,,,,,,,,,,,,,,,,,,,,,,,,,,,,,,,,,,,,,,True,DATA_ACTUAL,,,,actual
635,3,HHI,SCR중,SH8323,SCR-8,3,2026-03-19 00:00:00,,2,30,,,,,C 에이스,C 에이스,14,16,17,17,-3,13,10,11,-,,-8,-7,,,,,,,C 에이스,2,3,,,실적,,46006,,46006,,46007,,46021,,46021,,46036,,,,46065,,,,46078,,,,46101,,46101,,0,,0,,0,,,,,,,,,,,,,,,,,,,,,,,,,,,,,,,,,,,,,,,,,,,,,,,,,,,,,,,,,,,,,,,,,,,,,,,,,,,,,,,,,,,,,,,,,,,,,,,,,,,,,,,,,,,,,,,,,,,,,,,,,,,,,,,,,,,,,,,,,,,,,,,,,,,,,,,,,,,,,,,,,,,,,,,,,,,,,,,,,,,,,,,,,,,,,,,,,,,,,,,,,,,,,,,,,,,,,,,,,,,,,,,,,,,,,,,,,,,,,,,,,,,False,STRUCTURAL,비데이터 행,,,unknown
635,4,HHI,SCR중,SH8323,SCR-8,3,2026-03-19 00:00:00,,2,30,,,,,취부,,0,,,,,,,,,,,,,,,,,,C 에이스,2,3,,,LOAD,,,,,,,,,,,,,,,,,,,,,,,,,,,,,,,,,,,,,,,,,,,,,,,,,,,,,,,,,,,,,,,,,,,,,,,,,,,,,,,,,,,,,,,,,,,,,,,,,,,,,,,,,,,,,,,,,,,,,,,,,,,,,,,,,,,,,,,,,,,,,,,,,,,,,,,,,,,,,,,,,,,,,,,,,,,,,,,,,,,,,,,,,,,,,,,,,,,,,,,,,,,,,,,,,,,,,,,,,,,,,,,,,,,,,,,,,,,,,,,,,,,,,,,,,,,,,,,,,,,,,,,,,,,,,,,,,,,False,STRUCTURAL,비데이터 행,,,unknown
635,5,HHI,SCR중,SH8323,SCR-8,3,2026-03-19 00:00:00,,2,30,,,,,용접,,0,,,,,,,,,,,,,,,,,,C 에이스,2,3,,,,,,,,,,,,,,,,,,,,,,,,,,,,,,,,,,,,,,,,,,,,,,,,,,,,,,,,,,,,,,,,,,,,,,,,,,,,,,,,,,,,,,,,,,,,,,,,,,,,,,,,,,,,,,,,,,,,,,,,,,,,,,,,,,,,,,,,,,,,,,,,,,,,,,,,,,,,,,,,,,,,,,,,,,,,,,,,,,,,,,,,,,,,,,,,,,,,,,,,,,,,,,,,,,,,,,,,,,,,,,,,,,,,,,,,,,,,,,,,,,,,,,,,,,,,,,,,,,,,,,,,,,,,,,,,,,,,,,False,STRUCTURAL,비데이터 행,,,unknown
635,6,HHI,SCR중,SH8323,SCR-8,3,2026-03-19 00:00:00,,2,30,,,,,조립,,6,,,,,,,,,,,,,,,,,,C 에이스,2,3,,,,,,,,,,,,,,,,,,,,,,,,,,,,,,,,,,,,,,,,,,,,,,,,,,,,,,,,,,,,,,,,,,,,,,,,,2,2,2,,,,,,,,,,,,,,,,,,,,,,,,,,,,,,,,,,,,,,,,,,,,,,,,,,,,,,,,,,,,,,,,,,,,,,,,,,,,,,,,,,,,,,,,,,,,,,,,,,,,,,,,,,,,,,,,,,,,,,,,,,,,,,,,,,,,,,,,,,,,,,,,,,,,,,,,,,,,,,,,,,,,,,,,,,,,,,,,,,,,,,,,,,,,,,,,,,,,,,,,,,,False,STRUCTURAL,비데이터 행,,,unknown
635,7,HHI,SCR중,SH8323,SCR-8,3,2026-03-19 00:00:00,,2,30,,,,2/13->3/19,사상,,0,,,,,,,,,,,,,,,,,,C 에이스,2,3,,,,,,,,,,,,,,,,,,,,,,,,,,,,,,,,,,,,,,,,,,,,,,,,,,,,,,,,,,,,,,,,,,,,,,,,,,,,,,,,,,,,,,,,,,,,,,,,,,,,,,,,,,,,,,,,,,,,,,,,,,,,,,,,,,,,,,,,,,,,,,,,,,,,,,,,,,,,,,,,,,,,,,,,,,,,,,,,,,,,,,,,,,,,,,,,,,,,,,,,,,,,,,,,,,,,,,,,,,,,,,,,,,,,,,,,,,,,,,,,,,,,,,,,,,,,,,,,,,,,,,,,,,,,,,,,,,,,,,False,STRUCTURAL,비데이터 행,,,unknown
635,9,HHI,SCR중,SH8323,SCR-8,3,2026-03-19 00:00:00,,2,30,,,,미정->에이스,실적,,,,,,,,,,,,,,,,,,,,C 에이스,2,3,,,,,,,,,,,,,,,,,,,,,,,,,,,,,,,,,,,,,,,,,,,,,,,,,,,,,,,,,,,,,,,,,,,,,,,,,,,,,,,,,,,,,,,,,,,,,,,,,,,,,,,,,,,,,,,,,,,,,,,,,,,,,,,,,,,,,,,,,,,,,,,,,,,,,,,,,,,,,,,,,,,,,,,,,,,,,,,,,,,,,,,,,,,,,,,,,,,,,,,,,,,,,,,,,,,,,,,,,,,,,,,,,,,,,,,,,,,,,,,,,,,,,,,,,,,,,,,,,,,,,,,,,,,,,,,,,,,,,,False,STRUCTURAL,비데이터 행,,,unknown
636,1,DLE & C,VS,Biomass,VS-5,1,2026-03-20 00:00:00,46078,5,30,,,,SBS,일자,C 에이스,46028,46035,46038,46052,46063,46063,46073,46078,-,2026-03-03 00:00:00,46093,46094,46098,2026-03-18 00:00:00,46100,1,,,C 에이스,2,3,,,계획,46028,,46035,,46038,,46052,,46055,,46063,,46064,,46078,,46079,,46084,,46085,,46093,,46094,,46098,,46099,,46100,,,가S,,,,,,,,가F,제S,-----,-----,-----,-----,-----,-----,-----,-----,-----,-----,-----,-----,-----,제F,도S,,,,,도F,조S,,,,,,,,조F,상,,,,검,포,출,납,-----,,,,,,,,,,,,,,,,,,,,,,,,,,,,,,,,,,,,,,,,,,,,,,,,,,,,,,,,,,,,,,,,,,,,,,,,,,,,,,,,,,,,,,,,,,,,,,,,,,,,,,,,,,,,,,,,,,,,,,,,,,,,,,,,,,,,,,,,,,,,,,,,,,,,,,,,,,,,,,,,,,,,,,,,,,,,,,,,,,,,,,,,,,,,,,,,,,True,DATA_PLAN,,,,plan
636,2,DLE & C,VS,Biomass,VS-5,1,2026-03-20 00:00:00,,5,30,,,,,실행,C 에이스,46029,46035,46037,46044,46037,46046,46072,46075,,2026-03-03 00:00:00,46090,46094,46094,완료,46100,,,,C 에이스,2,3,,,,,,,,,,,,,,,,,,,,,,,,,,,,,,,,,,,,,,,,,,,,,,,,,,,,,,,,,,,,,,,,,,,,,,,,,,,,,,,,,,,,,,,,,,,,,,,,,,,,,,,,,,,,,,,,,,,,,,,,,,,,,,,,,,,,,,,,,,,,,,,,,,,,,,,,,,,,,,,,,,,,,,,,,,,,,,,,,,,,,,,,,,,,,,,,,,,,,,,,,,,,,,,,,,,,,,,,,,,,,,,,,,,,,,,,,,,,,,,,,,,,,,,,,,,,,,,,,,,,,,,,,,,,,,,,,,,,,,True,DATA_ACTUAL,,,,actual
636,3,DLE & C,VS,Biomass,VS-5,1,2026-03-20 00:00:00,,5,30,,,,,C 에이스,C 에이스,-1,0,1,8,26,17,1,3,-,,3,0,4,,0,,,,C 에이스,2,3,,,실적,,46029,,46035,,46037,,46044,,,,46046,,,,46075,,,,46084,,,,46090,,46094,,46094,,완료,,46100,,,,,,,,,,,,,,,,,,,,,,,,,,,,,,,,,,,,,,,,,,,,,,,,,,,,,,,,,,,,,,,,,,,,,,,,,,,,,,,,,,,,,,,,,,,,,,,,,,,,,,,,,,,,,,,,,,,,,,,,,,,,,,,,,,,,,,,,,,,,,,,,,,,,,,,,,,,,,,,,,,,,,,,,,,,,,,,,,,,,,,,,,,,,,,,,,,,,,,,,,,,,,,,,,,,,,,,,,,,,,,,,,,,,,,,,,,,,,,,,,,,False,STRUCTURAL,비데이터 행,,,unknown
636,4,DLE & C,VS,Biomass,VS-5,1,2026-03-20 00:00:00,,5,30,,,,,취부,,5,,,,,,,,,,,,,,,,,,C 에이스,2,3,,,LOAD,,,,,,,,,,,,,,,,,,,,,,,,,,,,,,,,,,,,,,,,,,,,,,,,,,,,,,,,,,,,,,,,1,1,1,1.0,,1,,,,,,,,,,,,,,,,,,,,,,,,,,,,,,,,,,,,,,,,,,,,,,,,,,,,,,,,,,,,,,,,,,,,,,,,,,,,,,,,,,,,,,,,,,,,,,,,,,,,,,,,,,,,,,,,,,,,,,,,,,,,,,,,,,,,,,,,,,,,,,,,,,,,,,,,,,,,,,,,,,,,,,,,,,,,,,,,,,,,,,,,,,,,,,,,,,,,,,,,,,,,,,False,STRUCTURAL,비데이터 행,,,unknown
636,5,DLE & C,VS,Biomass,VS-5,1,2026-03-20 00:00:00,,5,30,,,,,용접,,5,,,,,,,,,,,,,,,,,,C 에이스,2,3,,,,,,,,,,,,,,,,,,,,,,,,,,,,,,,,,,,,,,,,,,,,,,,,,,,,,,,,,,,,,,,,,,,,1,1,1.0,,1,1,,,,,,,,,,,,,,,,,,,,,,,,,,,,,,,,,,,,,,,,,,,,,,,,,,,,,,,,,,,,,,,,,,,,,,,,,,,,,,,,,,,,,,,,,,,,,,,,,,,,,,,,,,,,,,,,,,,,,,,,,,,,,,,,,,,,,,,,,,,,,,,,,,,,,,,,,,,,,,,,,,,,,,,,,,,,,,,,,,,,,,,,,,,,,,,,,,,,,,,,,,,,,False,STRUCTURAL,비데이터 행,,,unknown
636,6,DLE & C,VS,Biomass,VS-5,1,2026-03-20 00:00:00,,5,30,,,,,조립,,5,,,,,,,,,,,,,,,,,,C 에이스,2,3,,,,,,,,,,,,,,,,,,,,,,,,,,,,,,,,,,,,,,,,,,,,,,,,,,,,,,,,,,,,,,,,,,,,,1,1.0,,1,1,1,,,,,,,,,,,,,,,,,,,,,,,,,,,,,,,,,,,,,,,,,,,,,,,,,,,,,,,,,,,,,,,,,,,,,,,,,,,,,,,,,,,,,,,,,,,,,,,,,,,,,,,,,,,,,,,,,,,,,,,,,,,,,,,,,,,,,,,,,,,,,,,,,,,,,,,,,,,,,,,,,,,,,,,,,,,,,,,,,,,,,,,,,,,,,,,,,,,,,,,,,,,,False,STRUCTURAL,비데이터 행,,,unknown
636,7,DLE & C,VS,Biomass,VS-5,1,2026-03-20 00:00:00,,5,30,,,,,사상,,5,,,,,,,,,,,,,,,,,,C 에이스,2,3,,,,,,,,,,,,,,,,,,,,,,,,,,,,,,,,,,,,,,,,,,,,,,,,,,,,,,,,,,,,,,,,,,,,,,1.0,,1,1,1,1,,,,,,,,,,,,,,,,,,,,,,,,,,,,,,,,,,,,,,,,,,,,,,,,,,,,,,,,,,,,,,,,,,,,,,,,,,,,,,,,,,,,,,,,,,,,,,,,,,,,,,,,,,,,,,,,,,,,,,,,,,,,,,,,,,,,,,,,,,,,,,,,,,,,,,,,,,,,,,,,,,,,,,,,,,,,,,,,,,,,,,,,,,,,,,,,,,,,,,,,,,,False,STRUCTURAL,비데이터 행,,,unknown
636,9,DLE & C,VS,Biomass,VS-5,1,2026-03-20 00:00:00,,5,30,,,,,실적,,,,,,,,,,,,,,,,,,,,C 에이스,2,3,,,,,,,,,,,,,,,,,,,,,,,,,,,,,,,,,,,,,,,,,,,,,,,,,,,,,,,,,,,,,,,,,,,,,,,,,,,,,,,,,,,,,,,,,,,,,,,,,,,,,,,,,,,,,,,,,,,,,,,,,,,,,,,,,,,,,,,,,,,,,,,,,,,,,,,,,,,,,,,,,,,,,,,,,,,,,,,,,,,,,,,,,,,,,,,,,,,,,,,,,,,,,,,,,,,,,,,,,,,,,,,,,,,,,,,,,,,,,,,,,,,,,,,,,,,,,,,,,,,,,,,,,,,,,,,,,,,,,,False,STRUCTURAL,비데이터 행,,,unknown
637,1,HHI,SCR중,3579,SCR-8,2,2026-03-20 00:00:00,46079,2,30,,,,3X3,일자,D 청림,46022,46027,46028,46045,46056,46056,46071,46079,-,2026-03-05 00:00:00,46094,46097,46098,2026-03-18 00:00:00,46100,0.98,,,D 청림,2,3,,,계획,46022,,46027,,46028,,46045,,46048,,46056,,46057,,46079,,46080,,46086,,46087,,46094,,46097,,46098,,46099,,46100,,,,가F,제S,-----,-----,-----,-----,-----,-----,-----,-----,-----,-----,-----,-----,-----,-----,-----,-----,-----,-----,-----,-----,-----,제F,도S,,,,,,도F,조S,,,,,,,조F,,,상,검,포,출,납,-----,,,,,,,,,,,,,,,,,,,,,,,,,,,,,,,,,,,,,,,,,,,,,,,,,,,,,,,,,,,,,,,,,,,,,,,,,,,,,,,,,,,,,,,,,,,,,,,,,,,,,,,,,,,,,,,,,,,,,,,,,,,,,,,,,,,,,,,,,,,,,,,,,,,,,,,,,,,,,,,,,,,,,,,,,,,,,,,,,,,,,,,,,,,,,,,,,,True,DATA_PLAN,,,,plan
637,2,HHI,SCR중,3579,SCR-8,2,2026-03-20 00:00:00,,2,30,,,,,실행,D 청림,45908,45918,45950,45960,45963,45963,45994,46013,,2025-12-26 00:00:00,46028,46028,46029,2026-01-10 00:00:00,,,,,D 청림,2,3,,,,,,,,,,,,,,,,,,,,,,,,,,,,,,,,,,,,,,,,,,,,,,,,,,,,,,,,,,,,,,,,,,,,,,,,,,,,,,,,,,,,,,,,,,,,,,,,,,,,,,,,,,,,,,,,,,,,,,,,,,,,,,,,,,,,,,,,,,,,,,,,,,,,,,,,,,,,,,,,,,,,,,,,,,,,,,,,,,,,,,,,,,,,,,,,,,,,,,,,,,,,,,,,,,,,,,,,,,,,,,,,,,,,,,,,,,,,,,,,,,,,,,,,,,,,,,,,,,,,,,,,,,,,,,,,,,,,,,True,DATA_ACTUAL,,,,actual
637,3,HHI,SCR중,3579,SCR-8,2,2026-03-20 00:00:00,,2,30,,,,,D 청림,D 청림,114,109,78,85,93,93,77,66,-,,66,69,69,,,,,,D 청림,2,3,,,실적,,45908,,45918,,45950,,45960,,45960,,45963,,,,46013,,,,46017,,,,46028,,46028,,46029,,46032,,0,,,,,,,,,,,,,,,,,,,,,,,,,,,,,,,,,,,,,,,,,,,,,,,,,,,,,,,,,,,,,,,,,,,,,,,,,,,,,,,,,,,,,,,,,,,,,,,,,,,,,,,,,,,,,,,,,,,,,,,,,,,,,,,,,,,,,,,,,,,,,,,,,,,,,,,,,,,,,,,,,,,,,,,,,,,,,,,,,,,,,,,,,,,,,,,,,,,,,,,,,,,,,,,,,,,,,,,,,,,,,,,,,,,,,,,,,,,,,,,,,,,False,STRUCTURAL,비데이터 행,,,unknown
637,4,HHI,SCR중,3579,SCR-8,2,2026-03-20 00:00:00,,2,30,,,,,취부,,0,,,,,,,,,,,,,,,,,,D 청림,2,3,,,LOAD,,,,,,,,,,,,,,,,,,,,,,,,,,,,,,,,,,,,,,,,,,,,,,,,,,,,,,,,,,,,,,,,,,,,,,,,,,,,,,,,,,,,,,,,,,,,,,,,,,,,,,,,,,,,,,,,,,,,,,,,,,,,,,,,,,,,,,,,,,,,,,,,,,,,,,,,,,,,,,,,,,,,,,,,,,,,,,,,,,,,,,,,,,,,,,,,,,,,,,,,,,,,,,,,,,,,,,,,,,,,,,,,,,,,,,,,,,,,,,,,,,,,,,,,,,,,,,,,,,,,,,,,,,,,,,,,,,,False,STRUCTURAL,비데이터 행,,,unknown
637,5,HHI,SCR중,3579,SCR-8,2,2026-03-20 00:00:00,,2,30,,,,,용접,,0,,,,,,,,,,,,,,,,,,D 청림,2,3,,,,,,,,,,,,,,,,,,,,,,,,,,,,,,,,,,,,,,,,,,,,,,,,,,,,,,,,,,,,,,,,,,,,,,,,,,,,,,,,,,,,,,,,,,,,,,,,,,,,,,,,,,,,,,,,,,,,,,,,,,,,,,,,,,,,,,,,,,,,,,,,,,,,,,,,,,,,,,,,,,,,,,,,,,,,,,,,,,,,,,,,,,,,,,,,,,,,,,,,,,,,,,,,,,,,,,,,,,,,,,,,,,,,,,,,,,,,,,,,,,,,,,,,,,,,,,,,,,,,,,,,,,,,,,,,,,,,,,False,STRUCTURAL,비데이터 행,,,unknown
637,6,HHI,SCR중,3579,SCR-8,2,2026-03-20 00:00:00,,2,30,,,,,조립,,6,,,,,,,,,,,,,,,,,,D 청림,2,3,,,,,,,,,,,,,,,,,,,,,,,,,,,,,,,,,,,,,,,,,,,,,,,,,,,,,,,,,,,,,,,,,,,,,,,,,,2,2,2,,,,,,,,,,,,,,,,,,,,,,,,,,,,,,,,,,,,,,,,,,,,,,,,,,,,,,,,,,,,,,,,,,,,,,,,,,,,,,,,,,,,,,,,,,,,,,,,,,,,,,,,,,,,,,,,,,,,,,,,,,,,,,,,,,,,,,,,,,,,,,,,,,,,,,,,,,,,,,,,,,,,,,,,,,,,,,,,,,,,,,,,,,,,,,,,,,,,,,,,,,False,STRUCTURAL,비데이터 행,,,unknown
637,7,HHI,SCR중,3579,SCR-8,2,2026-03-20 00:00:00,,2,30,,,,,사상,,0,,,,,,,,,,,,,,,,,,D 청림,2,3,,,,,,,,,,,,,,,,,,,,,,,,,,,,,,,,,,,,,,,,,,,,,,,,,,,,,,,,,,,,,,,,,,,,,,,,,,,,,,,,,,,,,,,,,,,,,,,,,,,,,,,,,,,,,,,,,,,,,,,,,,,,,,,,,,,,,,,,,,,,,,,,,,,,,,,,,,,,,,,,,,,,,,,,,,,,,,,,,,,,,,,,,,,,,,,,,,,,,,,,,,,,,,,,,,,,,,,,,,,,,,,,,,,,,,,,,,,,,,,,,,,,,,,,,,,,,,,,,,,,,,,,,,,,,,,,,,,,,,False,STRUCTURAL,비데이터 행,,,unknown
637,9,HHI,SCR중,3579,SCR-8,2,2026-03-20 00:00:00,,2,30,,,,,실적,,,,,,,,,,,,,,,,,,,,D 청림,2,3,,,,,,,,,,,,,,,,,,,,,,,,,,,,,,,,,,,,,,,,,,,,,,,,,,,,,,,,,,,,,,,,,,,,,,,,,,,,,,,,,,,,,,,,,,,,,,,,,,,,,,,,,,,,,,,,,,,,,,,,,,,,,,,,,,,,,,,,,,,,,,,,,,,,,,,,,,,,,,,,,,,,,,,,,,,,,,,,,,,,,,,,,,,,,,,,,,,,,,,,,,,,,,,,,,,,,,,,,,,,,,,,,,,,,,,,,,,,,,,,,,,,,,,,,,,,,,,,,,,,,,,,,,,,,,,,,,,,,,False,STRUCTURAL,비데이터 행,,,unknown
638,1,SHI,DS,SN2318,DUCT-2,4,2026-03-24 00:00:00,46080,1,30,-,,,"3,4_3/24, 1,2_4/12",일자,C 에이스,46036,46043,46044,46058,46072,46072,46075,46080,-,2026-03-09 00:00:00,46098,46099,46100,2026-03-20 00:00:00,46104,0.98,,,C 에이스,2,3,,,계획,46036,,46043,,46044,,46058,,46059,,46072,,46066,,46080,,46086,,46090,,46091,,46098,,46099,,46100,,46101,,46104,,,,,,발F,가S,,,,,,,제S,-----,-----,-----,-----,-----,가F,-----,-----,-----,-----,-----,-----,-----,제F,,,,,,도S,,,,도F,조S,,,,,,,조F,상,검,포,-----,,출,납,,,,,,,,,,,,,,,,,,,,,,,,,,,,,,,,,,,,,,,,,,,,,,,,,,,,,,,,,,,,,,,,,,,,,,,,,,,,,,,,,,,,,,,,,,,,,,,,,,,,,,,,,,,,,,,,,,,,,,,,,,,,,,,,,,,,,,,,,,,,,,,,,,,,,,,,,,,,,,,,,,,,,,,,,,,,,,,,,,,,,,,,,,,,,,,True,DATA_PLAN,,,,plan
638,2,HHI,DS,SN2318,DUCT-2,4,2026-03-24 00:00:00,,1,30,,,,,실행,C 에이스,45904,45905,45911,45922,45925,45925,45932,45943,,2025-10-15 00:00:00,46097,46098,46099,2026-03-18 00:00:00,,,,,C 에이스,2,3,,,,,,,,,,,,,,,,,,,,,,,,,,,,,,,,,,,,,,,,,,,,,,,,,,,,,,,,,,,,,,,,,,,,,,,,,,,,,,,,,,,,,,,,,,,,,,,,,,,,,,,,,,,,,,,,,,,,,,,,,,,,,,,,,,,,,,,,,,,,,,,,,,,,,,,,,,,,,,,,,,,,,,,,,,,,,,,,,,,,,,,,,,,,,,,,,,,,,,,,,,,,,,,,,,,,,,,,,,,,,,,,,,,,,,,,,,,,,,,,,,,,,,,,,,,,,,,,,,,,,,,,,,,,,,,,,,,,,,True,DATA_ACTUAL,,,,actual
638,3,HHI,DS,SN2318,DUCT-2,4,2026-03-24 00:00:00,,1,30,,,,,C 에이스,C 에이스,132,138,133,136,147,147,143,137,-,,1,1,1,,,,,,C 에이스,2,3,,,실적,,45904,,45905,,45911,,45922,,,,45925,,,,45943,,,,45945,,,,46097,,46098,,46099,,46099,,0,,,,,,,,,,,,,,,,,,,,,,,,,,,,,,,,,,,,,,,,,,,,,,,,,,,,,,,,,,,,,,,,,,,,,,,,,,,,,,,,,,,,,,,,,,,,,,,,,,,,,,,,,,,,,,,,,,,,,,,,,,,,,,,,,,,,,,,,,,,,,,,,,,,,,,,,,,,,,,,,,,,,,,,,,,,,,,,,,,,,,,,,,,,,,,,,,,,,,,,,,,,,,,,,,,,,,,,,,,,,,,,,,,,,,,,,,,,,,,,,,,,False,STRUCTURAL,비데이터 행,,,unknown
638,4,HHI,DS,SN2318,DUCT-2,4,2026-03-24 00:00:00,,1,30,,,,,취부,,9,,,,,,,,,,,,,,,,,,C 에이스,2,3,,,LOAD,,,,,,,,,,,,,,,,,,,,,,,,,,,,,,,,,,,,,,,,,,,,,,,,,,,,,,,,,,,,,,,,,,,,,2,2,1,1,,,,1,1,1,,,,,,,,,,,,,,,,,,,,,,,,,,,,,,,,,,,,,,,,,,,,,,,,,,,,,,,,,,,,,,,,,,,,,,,,,,,,,,,,,,,,,,,,,,,,,,,,,,,,,,,,,,,,,,,,,,,,,,,,,,,,,,,,,,,,,,,,,,,,,,,,,,,,,,,,,,,,,,,,,,,,,,,,,,,,,,,,,,,,,,,,,,,,,,,,,,,,,False,STRUCTURAL,비데이터 행,,,unknown
638,5,HHI,DS,SN2318,DUCT-2,4,2026-03-24 00:00:00,,1,30,,,,,용접,,12,,,,,,,,,,,,,,,,,,C 에이스,2,3,,,,,,,,,,,,,,,,,,,,,,,,,,,,,,,,,,,,,,,,,,,,,,,,,,,,,,,,,,,,,,,,,,,,,,,,2,2,2,2,,,,1,1,1,1,,,,,,,,,,,,,,,,,,,,,,,,,,,,,,,,,,,,,,,,,,,,,,,,,,,,,,,,,,,,,,,,,,,,,,,,,,,,,,,,,,,,,,,,,,,,,,,,,,,,,,,,,,,,,,,,,,,,,,,,,,,,,,,,,,,,,,,,,,,,,,,,,,,,,,,,,,,,,,,,,,,,,,,,,,,,,,,,,,,,,,,,,,,,,,,,,,,,False,STRUCTURAL,비데이터 행,,,unknown
638,6,HHI,DS,SN2318,DUCT-2,4,2026-03-24 00:00:00,,1,30,,,,,조립,,9,,,,,,,,,,,,,,,,,,C 에이스,2,3,,,,,,,,,,,,,,,,,,,,,,,,,,,,,,,,,,,,,,,,,,,,,,,,,,,,,,,,,,,,,,,,,,,,,,,,,,2,2,,,,1,1,1,1,1,,,,,,,,,,,,,,,,,,,,,,,,,,,,,,,,,,,,,,,,,,,,,,,,,,,,,,,,,,,,,,,,,,,,,,,,,,,,,,,,,,,,,,,,,,,,,,,,,,,,,,,,,,,,,,,,,,,,,,,,,,,,,,,,,,,,,,,,,,,,,,,,,,,,,,,,,,,,,,,,,,,,,,,,,,,,,,,,,,,,,,,,,,,,,,,,,,,False,STRUCTURAL,비데이터 행,,,unknown
638,7,HHI,DS,SN2318,DUCT-2,4,2026-03-24 00:00:00,,1,30,,,,,사상,,7,,,,,,,,,,,,,,,,,,C 에이스,2,3,,,,,,,,,,,,,,,,,,,,,,,,,,,,,,,,,,,,,,,,,,,,,,,,,,,,,,,,,,,,,,,,,,,,,,,,,,,1,,,,1,1,1,1,1,1,,,,,,,,,,,,,,,,,,,,,,,,,,,,,,,,,,,,,,,,,,,,,,,,,,,,,,,,,,,,,,,,,,,,,,,,,,,,,,,,,,,,,,,,,,,,,,,,,,,,,,,,,,,,,,,,,,,,,,,,,,,,,,,,,,,,,,,,,,,,,,,,,,,,,,,,,,,,,,,,,,,,,,,,,,,,,,,,,,,,,,,,,,,,,,,,,,False,STRUCTURAL,비데이터 행,,,unknown
638,9,HHI,DS,SN2318,DUCT-2,4,2026-03-24 00:00:00,,1,30,,,,,실적,,,,,,,,,,,,,,,,,,,,C 에이스,2,3,,,,,,,,,,,,,,,,,,,,,,,,,,,,,,,,,,,,,,,,,,,,,,,,,,,,,,,,,,,,,,,,,,,,,,,,,,,,,,,,,,,,,,,,,,,,,,,,,,,,,,,,,,,,,,,,,,,,,,,,,,,,,,,,,,,,,,,,,,,,,,,,,,,,,,,,,,,,,,,,,,,,,,,,,,,,,,,,,,,,,,,,,,,,,,,,,,,,,,,,,,,,,,,,,,,,,,,,,,,,,,,,,,,,,,,,,,,,,,,,,,,,,,,,,,,,,,,,,,,,,,,,,,,,,,,,,,,,,,False,STRUCTURAL,비데이터 행,,,unknown
639,1,STXE,Reactor,PC24K #3,SCR-7,6,2026-03-25 00:00:00,46080,3,40,,,,,일자,C 에이스,45965,45967,45968,46035,46048,46048,46069,46080,-,2026-03-09 00:00:00,46099,46100,46101,2026-03-23 00:00:00,46105,0.98,,,C 에이스,2,3,,,계획,45965,,45967,,45968,,46035,,46036,,46048,,46049,,46080,,46084,,46090,,46091,,46099,,46100,,46101,,46104,,46105,,-----,-----,-----,-----,-----,-----,-----,-----,-----,-----,-----,-----,-----,-----,-----,-----,-----,-----,-----,-----,-----,-----,-----,-----,-----,-----,제F,,,,도S,,,,,,도F,조S,,,,,,,,조F,상,검,-----,,포,출,납,,,,,,,,,,,,,,,,,,,,,,,,,,,,,,,,,,,,,,,,,,,,,,,,,,,,,,,,,,,,,,,,,,,,,,,,,,,,,,,,,,,,,,,,,,,,,,,,,,,,,,,,,,,,,,,,,,,,,,,,,,,,,,,,,,,,,,,,,,,,,,,,,,,,,,,,,,,,,,,,,,,,,,,,,,,,,,,,,,,,,,,,,,,,,,True,DATA_PLAN,,,,plan
639,2,STXE,Reactor,PC24K #3,SCR-7,6,2026-03-25 00:00:00,,3,40,,,,3/3->3/10->3/25,실행,C 에이스,45819,45820,45923,45981,46021,45994,46025,46045,,2026-03-04 00:00:00,46099,46100,46104,2026-03-25 00:00:00,,,,,C 에이스,2,3,,,,,,,,,,,,,,,,,,,,,,,,,,,,,,,,,,,,,,,,,,,,,,,,,,,,,,,,,,,,,,,,,,,,,,,,,,,,,,,,,,,,,,,,,,,,,,,,,,,,,,,,,,,,,,,,,,,,,,,,,,,,,,,,,,,,,,,,,,,,,,,,,,,,,,,,,,,,,,,,,,,,,,,,,,,,,,,,,,,,,,,,,,,,,,,,,,,,,,,,,,,,,,,,,,,,,,,,,,,,,,,,,,,,,,,,,,,,,,,,,,,,,,,,,,,,,,,,,,,,,,,,,,,,,,,,,,,,,,True,DATA_ACTUAL,,,,actual
639,3,STXE,Reactor,PC24K #3,SCR-7,6,2026-03-25 00:00:00,,3,40,,,,,C 에이스,C 에이스,146,147,45,54,27,54,44,35,-,,0,0,-3,,,,,,C 에이스,2,3,,,실적,,45819,,45820,,45923,,45981,,45981,,45994,,,,46045,,,,46085,,,,46099,,46100,,46104,,46106,,0,,,,,,,,,,,,,,,,,,,,,,,,,,,,,,,,,,,,,,,,,,,,,,,,,,,,,,,,,,,,,,,,,,,,,,,,,,,,,,,,,,,,,,,,,,,,,,,,,,,,,,,,,,,,,,,,,,,,,,,,,,,,,,,,,,,,,,,,,,,,,,,,,,,,,,,,,,,,,,,,,,,,,,,,,,,,,,,,,,,,,,,,,,,,,,,,,,,,,,,,,,,,,,,,,,,,,,,,,,,,,,,,,,,,,,,,,,,,,,,,,,,False,STRUCTURAL,비데이터 행,,,unknown
639,4,STXE,Reactor,PC24K #3,SCR-7,6,2026-03-25 00:00:00,,3,40,,,,,취부,,0,,,,,,,,,,,,,,,,,,C 에이스,2,3,,,LOAD,,,,,,,,,,,,,,,,,,,,,,,,,,,,,,,,,,,,,,,,,,,,,,,,,,,,,,,,,,,,,,,,,,,,,,,,,,,,,,,,,,,,,,,,,,,,,,,,,,,,,,,,,,,,,,,,,,,,,,,,,,,,,,,,,,,,,,,,,,,,,,,,,,,,,,,,,,,,,,,,,,,,,,,,,,,,,,,,,,,,,,,,,,,,,,,,,,,,,,,,,,,,,,,,,,,,,,,,,,,,,,,,,,,,,,,,,,,,,,,,,,,,,,,,,,,,,,,,,,,,,,,,,,,,,,,,,,,False,STRUCTURAL,비데이터 행,,,unknown
639,5,STXE,Reactor,PC24K #3,SCR-7,6,2026-03-25 00:00:00,,3,40,,,,,용접,,0,,,,,,,,,,,,,,,,,,C 에이스,2,3,,,,,,,,,,,,,,,,,,,,,,,,,,,,,,,,,,,,,,,,,,,,,,,,,,,,,,,,,,,,,,,,,,,,,,,,,,,,,,,,,,,,,,,,,,,,,,,,,,,,,,,,,,,,,,,,,,,,,,,,,,,,,,,,,,,,,,,,,,,,,,,,,,,,,,,,,,,,,,,,,,,,,,,,,,,,,,,,,,,,,,,,,,,,,,,,,,,,,,,,,,,,,,,,,,,,,,,,,,,,,,,,,,,,,,,,,,,,,,,,,,,,,,,,,,,,,,,,,,,,,,,,,,,,,,,,,,,,,,False,STRUCTURAL,비데이터 행,,,unknown
639,6,STXE,Reactor,PC24K #3,SCR-7,6,2026-03-25 00:00:00,,3,40,,,,,조립,,6,,,,,,,,,,,,,,,,,,C 에이스,2,3,,,,,,,,,,,,,,,,,,,,,,,,,,,,,,,,,,,,,,,,,,,,,,,,,,,,,,,,,,,,,,2,2,,,2,,,,,,,,,,,,,,,,,,,,,,,,,,,,,,,,,,,,,,,,,,,,,,,,,,,,,,,,,,,,,,,,,,,,,,,,,,,,,,,,,,,,,,,,,,,,,,,,,,,,,,,,,,,,,,,,,,,,,,,,,,,,,,,,,,,,,,,,,,,,,,,,,,,,,,,,,,,,,,,,,,,,,,,,,,,,,,,,,,,,,,,,,,,,,,,,,,,,,,,,,,,,,,,,,,,,False,STRUCTURAL,비데이터 행,,,unknown
639,7,STXE,Reactor,PC24K #3,SCR-7,6,2026-03-25 00:00:00,,3,40,,,,,사상,,2,,,,,,,,,,,,,,,,,,C 에이스,2,3,,,,,,,,,,,,,,,,,,,,,,,,,,,,,,,,,,,,,,,,,,,,,,,,,,,,,,,,,,,,,1,1,,,,,,,,,,,,,,,,,,,,,,,,,,,,,,,,,,,,,,,,,,,,,,,,,,,,,,,,,,,,,,,,,,,,,,,,,,,,,,,,,,,,,,,,,,,,,,,,,,,,,,,,,,,,,,,,,,,,,,,,,,,,,,,,,,,,,,,,,,,,,,,,,,,,,,,,,,,,,,,,,,,,,,,,,,,,,,,,,,,,,,,,,,,,,,,,,,,,,,,,,,,,,,,,,,,,,,,,False,STRUCTURAL,비데이터 행,,,unknown
639,9,STXE,Reactor,PC24K #3,SCR-7,6,2026-03-25 00:00:00,,3,40,,,,생산->에이스,실적,,,,,,,,,,,,,,,,,,,,C 에이스,2,3,,,,,,,,,,,,,,,,,,,,,,,,,,,,,,,,,,,,,,,,,,,,,,,,,,,,,,,,,,,,,,,,,,,,,,,,,,,,,,,,,,,,,,,,,,,,,,,,,,,,,,,,,,,,,,,,,,,,,,,,,,,,,,,,,,,,,,,,,,,,,,,,,,,,,,,,,,,,,,,,,,,,,,,,,,,,,,,,,,,,,,,,,,,,,,,,,,,,,,,,,,,,,,,,,,,,,,,,,,,,,,,,,,,,,,,,,,,,,,,,,,,,,,,,,,,,,,,,,,,,,,,,,,,,,,,,,,,,,,False,STRUCTURAL,비데이터 행,,,unknown
640,1,STXE,Reactor,PC24K #4,SCR-7,6,2026-03-25 00:00:00,46080,3,40,,,,,일자,C 에이스,45965,45967,45968,46035,46048,46048,46069,46080,-,2026-03-09 00:00:00,46099,46100,46101,2026-03-23 00:00:00,46105,0.98,,,C 에이스,2,3,,,계획,45965,,45967,,45968,,46035,,46036,,46048,,46049,,46080,,46084,,46090,,46091,,46099,,46100,,46101,,46104,,46105,,-----,-----,-----,-----,-----,-----,-----,-----,-----,-----,-----,-----,-----,-----,-----,-----,-----,-----,-----,-----,-----,-----,-----,-----,-----,-----,제F,,,,도S,,,,,,도F,조S,,,,,,,,조F,상,검,-----,,포,출,납,,,,,,,,,,,,,,,,,,,,,,,,,,,,,,,,,,,,,,,,,,,,,,,,,,,,,,,,,,,,,,,,,,,,,,,,,,,,,,,,,,,,,,,,,,,,,,,,,,,,,,,,,,,,,,,,,,,,,,,,,,,,,,,,,,,,,,,,,,,,,,,,,,,,,,,,,,,,,,,,,,,,,,,,,,,,,,,,,,,,,,,,,,,,,,True,DATA_PLAN,,,,plan
640,2,STXE,Reactor,PC24K #4,SCR-7,6,2026-03-25 00:00:00,,3,40,,,,3/19->3/10->3/25,실행,C 에이스,45819,45820,45923,45981,46021,45994,46025,46045,,2026-03-04 00:00:00,46099,46100,46104,2026-03-26 00:00:00,,,,,C 에이스,2,3,,,,,,,,,,,,,,,,,,,,,,,,,,,,,,,,,,,,,,,,,,,,,,,,,,,,,,,,,,,,,,,,,,,,,,,,,,,,,,,,,,,,,,,,,,,,,,,,,,,,,,,,,,,,,,,,,,,,,,,,,,,,,,,,,,,,,,,,,,,,,,,,,,,,,,,,,,,,,,,,,,,,,,,,,,,,,,,,,,,,,,,,,,,,,,,,,,,,,,,,,,,,,,,,,,,,,,,,,,,,,,,,,,,,,,,,,,,,,,,,,,,,,,,,,,,,,,,,,,,,,,,,,,,,,,,,,,,,,,True,DATA_ACTUAL,,,,actual
640,3,STXE,Reactor,PC24K #4,SCR-7,6,2026-03-25 00:00:00,,3,40,,,,,C 에이스,C 에이스,146,147,45,54,27,54,44,35,-,,0,0,-3,,,,,,C 에이스,2,3,,,실적,,45819,,45820,,45923,,45981,,45981,,45994,,,,46045,,,,46085,,,,46099,,46100,,46104,,46107,,0,,,,,,,,,,,,,,,,,,,,,,,,,,,,,,,,,,,,,,,,,,,,,,,,,,,,,,,,,,,,,,,,,,,,,,,,,,,,,,,,,,,,,,,,,,,,,,,,,,,,,,,,,,,,,,,,,,,,,,,,,,,,,,,,,,,,,,,,,,,,,,,,,,,,,,,,,,,,,,,,,,,,,,,,,,,,,,,,,,,,,,,,,,,,,,,,,,,,,,,,,,,,,,,,,,,,,,,,,,,,,,,,,,,,,,,,,,,,,,,,,,,False,STRUCTURAL,비데이터 행,,,unknown
640,4,STXE,Reactor,PC24K #4,SCR-7,6,2026-03-25 00:00:00,,3,40,,,,,취부,,0,,,,,,,,,,,,,,,,,,C 에이스,2,3,,,LOAD,,,,,,,,,,,,,,,,,,,,,,,,,,,,,,,,,,,,,,,,,,,,,,,,,,,,,,,,,,,,,,,,,,,,,,,,,,,,,,,,,,,,,,,,,,,,,,,,,,,,,,,,,,,,,,,,,,,,,,,,,,,,,,,,,,,,,,,,,,,,,,,,,,,,,,,,,,,,,,,,,,,,,,,,,,,,,,,,,,,,,,,,,,,,,,,,,,,,,,,,,,,,,,,,,,,,,,,,,,,,,,,,,,,,,,,,,,,,,,,,,,,,,,,,,,,,,,,,,,,,,,,,,,,,,,,,,,,False,STRUCTURAL,비데이터 행,,,unknown
640,5,STXE,Reactor,PC24K #4,SCR-7,6,2026-03-25 00:00:00,,3,40,,,,,용접,,0,,,,,,,,,,,,,,,,,,C 에이스,2,3,,,,,,,,,,,,,,,,,,,,,,,,,,,,,,,,,,,,,,,,,,,,,,,,,,,,,,,,,,,,,,,,,,,,,,,,,,,,,,,,,,,,,,,,,,,,,,,,,,,,,,,,,,,,,,,,,,,,,,,,,,,,,,,,,,,,,,,,,,,,,,,,,,,,,,,,,,,,,,,,,,,,,,,,,,,,,,,,,,,,,,,,,,,,,,,,,,,,,,,,,,,,,,,,,,,,,,,,,,,,,,,,,,,,,,,,,,,,,,,,,,,,,,,,,,,,,,,,,,,,,,,,,,,,,,,,,,,,,,False,STRUCTURAL,비데이터 행,,,unknown
640,6,STXE,Reactor,PC24K #4,SCR-7,6,2026-03-25 00:00:00,,3,40,,,,,조립,,6,,,,,,,,,,,,,,,,,,C 에이스,2,3,,,,,,,,,,,,,,,,,,,,,,,,,,,,,,,,,,,,,,,,,,,,,,,,,,,,,,,,,,,,,,,,,,,2,2,2,,,,,,,,,,,,,,,,,,,,,,,,,,,,,,,,,,,,,,,,,,,,,,,,,,,,,,,,,,,,,,,,,,,,,,,,,,,,,,,,,,,,,,,,,,,,,,,,,,,,,,,,,,,,,,,,,,,,,,,,,,,,,,,,,,,,,,,,,,,,,,,,,,,,,,,,,,,,,,,,,,,,,,,,,,,,,,,,,,,,,,,,,,,,,,,,,,,,,,,,,,,,,,,,,False,STRUCTURAL,비데이터 행,,,unknown
640,7,STXE,Reactor,PC24K #4,SCR-7,6,2026-03-25 00:00:00,,3,40,,,,,사상,,2,,,,,,,,,,,,,,,,,,C 에이스,2,3,,,,,,,,,,,,,,,,,,,,,,,,,,,,,,,,,,,,,,,,,,,,,,,,,,,,,,,,,,,,,,,,,,1,1,,,,,,,,,,,,,,,,,,,,,,,,,,,,,,,,,,,,,,,,,,,,,,,,,,,,,,,,,,,,,,,,,,,,,,,,,,,,,,,,,,,,,,,,,,,,,,,,,,,,,,,,,,,,,,,,,,,,,,,,,,,,,,,,,,,,,,,,,,,,,,,,,,,,,,,,,,,,,,,,,,,,,,,,,,,,,,,,,,,,,,,,,,,,,,,,,,,,,,,,,,,,,,,,,,,False,STRUCTURAL,비데이터 행,,,unknown
640,9,STXE,Reactor,PC24K #4,SCR-7,6,2026-03-25 00:00:00,,3,40,,,,생산->에이스,실적,,,,,,,,,,,,,,,,,,,,C 에이스,2,3,,,,,,,,,,,,,,,,,,,,,,,,,,,,,,,,,,,,,,,,,,,,,,,,,,,,,,,,,,,,,,,,,,,,,,,,,,,,,,,,,,,,,,,,,,,,,,,,,,,,,,,,,,,,,,,,,,,,,,,,,,,,,,,,,,,,,,,,,,,,,,,,,,,,,,,,,,,,,,,,,,,,,,,,,,,,,,,,,,,,,,,,,,,,,,,,,,,,,,,,,,,,,,,,,,,,,,,,,,,,,,,,,,,,,,,,,,,,,,,,,,,,,,,,,,,,,,,,,,,,,,,,,,,,,,,,,,,,,,False,STRUCTURAL,비데이터 행,,,unknown
641,1,HHI,EGP,N291,EGP-2,4,2026-03-25 00:00:00,46076,5,30,,,,,일자,C 에이스,46022,46030,46031,46045,46056,46056,46069,46076,-,2026-02-26 00:00:00,46099,46100,46101,2026-03-23 00:00:00,46105,0.98,,,C 에이스,2,3,,,계획,46022,,46030,,46031,,46045,,46048,,46056,,46057,,46076,,46078,,46079,,46080,,46099,,46100,,46101,,46104,,46105,,,,가F,제S,-----,-----,-----,-----,-----,-----,-----,-----,-----,-----,-----,-----,-----,-----,-----,-----,-----,-----,제F,,도S,도F,조S,,,,,,,,,,,,,,,,,,,조F,상,검,-----,,포,출,납,,,,,,,,,,,,,,,,,,,,,,,,,,,,,,,,,,,,,,,,,,,,,,,,,,,,,,,,,,,,,,,,,,,,,,,,,,,,,,,,,,,,,,,,,,,,,,,,,,,,,,,,,,,,,,,,,,,,,,,,,,,,,,,,,,,,,,,,,,,,,,,,,,,,,,,,,,,,,,,,,,,,,,,,,,,,,,,,,,,,,,,,,,,,,,True,DATA_PLAN,,,,plan
641,2,HHI,EGP,N291,EGP-2,4,2026-03-25 00:00:00,,5,30,,,,3/5→2/26->3/25,실행,C 에이스,45947,45960,45959,45965,45967,45968,45973,45985,,2026-02-03 00:00:00,46076,46087,46093,2026-03-23 00:00:00,,,,,C 에이스,2,3,,,,,,,,,,,,,,,,,,,,,,,,,,,,,,,,,,,,,,,,,,,,,,,,,,,,,,,,,,,,,,,,,,,,,,,,,,,,,,,,,,,,,,,,,,,,,,,,,,,,,,,,,,,,,,,,,,,,,,,,,,,,,,,,,,,,,,,,,,,,,,,,,,,,,,,,,,,,,,,,,,,,,,,,,,,,,,,,,,,,,,,,,,,,,,,,,,,,,,,,,,,,,,,,,,,,,,,,,,,,,,,,,,,,,,,,,,,,,,,,,,,,,,,,,,,,,,,,,,,,,,,,,,,,,,,,,,,,,,True,DATA_ACTUAL,,,,actual
641,3,HHI,EGP,N291,EGP-2,4,2026-03-25 00:00:00,,5,30,,,,,C 에이스,C 에이스,75,70,72,80,89,88,96,91,-,,23,13,8,,,,,,C 에이스,2,3,,,실적,,45947,,45960,,45959,,45965,,,,45968,,,,45985,,,,46056,,,,46076,,46087,,46093,,46104,,0,,,,,,,,,,,,,,,,,,,,,,,,,,,,,,,,,,,,,,,,,,,,,,,,,,,,,,,,,,,,,,,,,,,,,,,,,,,,,,,,,,,,,,,,,,,,,,,,,,,,,,,,,,,,,,,,,,,,,,,,,,,,,,,,,,,,,,,,,,,,,,,,,,,,,,,,,,,,,,,,,,,,,,,,,,,,,,,,,,,,,,,,,,,,,,,,,,,,,,,,,,,,,,,,,,,,,,,,,,,,,,,,,,,,,,,,,,,,,,,,,,,False,STRUCTURAL,비데이터 행,,,unknown
641,4,HHI,EGP,N291,EGP-2,4,2026-03-25 00:00:00,,5,30,,,,,취부,,0,,,,,,,,,,,,,,,,,,C 에이스,2,3,,,LOAD,,,,,,,,,,,,,,,,,,,,,,,,,,,,,,,,,,,,,,,,,,,,,,,,,,,,,,,,,,,,,,,,,,,,,,,,,,,,,,,,,,,,,,,,,,,,,,,,,,,,,,,,,,,,,,,,,,,,,,,,,,,,,,,,,,,,,,,,,,,,,,,,,,,,,,,,,,,,,,,,,,,,,,,,,,,,,,,,,,,,,,,,,,,,,,,,,,,,,,,,,,,,,,,,,,,,,,,,,,,,,,,,,,,,,,,,,,,,,,,,,,,,,,,,,,,,,,,,,,,,,,,,,,,,,,,,,,,False,STRUCTURAL,비데이터 행,,,unknown
641,5,HHI,EGP,N291,EGP-2,4,2026-03-25 00:00:00,,5,30,,,,,용접,,2,,,,,,,,,,,,,,,,,,C 에이스,2,3,,,,,,,,,,,,,,,,,,,,,,,,,,,,,,,,,,,,,,,,,,,,,,,,,,,,,,2,,,,,,,,,,,,,,,,,,,,,,,,,,,,,,,,,,,,,,,,,,,,,,,,,,,,,,,,,,,,,,,,,,,,,,,,,,,,,,,,,,,,,,,,,,,,,,,,,,,,,,,,,,,,,,,,,,,,,,,,,,,,,,,,,,,,,,,,,,,,,,,,,,,,,,,,,,,,,,,,,,,,,,,,,,,,,,,,,,,,,,,,,,,,,,,,,,,,,,,,,,,,,,,,,,,,,,,,,,,,,,,,False,STRUCTURAL,비데이터 행,,,unknown
641,6,HHI,EGP,N291,EGP-2,4,2026-03-25 00:00:00,,5,30,,,,,조립,,8,,,,,,,,,,,,,,,,,,C 에이스,2,3,,,,,,,,,,,,,,,,,,,,,,,,,,,,,,,,,,,,,,,,,,,,,,,,,,,,,,2,2,,,,2,2,,,,,,,,,,,,,,,,,,,,,,,,,,,,,,,,,,,,,,,,,,,,,,,,,,,,,,,,,,,,,,,,,,,,,,,,,,,,,,,,,,,,,,,,,,,,,,,,,,,,,,,,,,,,,,,,,,,,,,,,,,,,,,,,,,,,,,,,,,,,,,,,,,,,,,,,,,,,,,,,,,,,,,,,,,,,,,,,,,,,,,,,,,,,,,,,,,,,,,,,,,,,,,,,,,,,,,,,,,False,STRUCTURAL,비데이터 행,,,unknown
641,7,HHI,EGP,N291,EGP-2,4,2026-03-25 00:00:00,,5,30,,,,,사상,,6,,,,,,,,,,,,,,,,,,C 에이스,2,3,,,,,,,,,,,,,,,,,,,,,,,,,,,,,,,,,,,,,,,,,,,,,,,,,,,,,,2,2,2,,,,,,,,,,,,,,,,,,,,,,,,,,,,,,,,,,,,,,,,,,,,,,,,,,,,,,,,,,,,,,,,,,,,,,,,,,,,,,,,,,,,,,,,,,,,,,,,,,,,,,,,,,,,,,,,,,,,,,,,,,,,,,,,,,,,,,,,,,,,,,,,,,,,,,,,,,,,,,,,,,,,,,,,,,,,,,,,,,,,,,,,,,,,,,,,,,,,,,,,,,,,,,,,,,,,,,,,,,,,,,False,STRUCTURAL,비데이터 행,,,unknown
641,9,HHI,EGP,N291,EGP-2,4,2026-03-25 00:00:00,,5,30,,,,,실적,,,,,,,,,,,,,,,,,,,,C 에이스,2,3,,,,,,,,,,,,,,,,,,,,,,,,,,,,,,,,,,,,,,,,,,,,,,,,,,,,,,,,,,,,,,,,,,,,,,,,,,,,,,,,,,,,,,,,,,,,,,,,,,,,,,,,,,,,,,,,,,,,,,,,,,,,,,,,,,,,,,,,,,,,,,,,,,,,,,,,,,,,,,,,,,,,,,,,,,,,,,,,,,,,,,,,,,,,,,,,,,,,,,,,,,,,,,,,,,,,,,,,,,,,,,,,,,,,,,,,,,,,,,,,,,,,,,,,,,,,,,,,,,,,,,,,,,,,,,,,,,,,,,False,STRUCTURAL,비데이터 행,,,unknown
642,1,한화엔진,GV,H2602,VS-2,3,2026-03-25 00:00:00,46111,1,30,,,,2월 긴급수주,일자,E 케이테크,46062,46064,46065,46085,46094,46094,46106,46111,-,2026-04-02 00:00:00,46122,46125,46127,2026-04-16 00:00:00,46129,0.35,,,E 케이테크,3,3,,,계획,46062,,46064,,46065,,46085,,46086,,46094,,46097,,46111,,46112,,46114,,46115,,46122,,46125,,46127,,46128,,46129,,,,,,,,,,D,,K,발S,,,,,,,,,,,,,,,,,,,,발F,가S,,,,,,,,가F,,,제S,-----,-----,-----,-----,,-----,-----,-----,납,-----,-----,,-----,제F,도S,,도F,조S,,,,,,,조F,,,상,,검,포,출,,,,,,,,,,,,,,,,,,,,,,,,,,,,,,,,,,,,,,,,,,,,,,,,,,,,,,,,,,,,,,,,,,,,,,,,,,,,,,,,,,,,,,,,,,,,,,,,,,,,,,,,,,,,,,,,,,,,,,,,,,,,,,,,,,,,,,,,,,,,,,,,,,,,,,,,,,,,,,,,,,,,,,,True,DATA_PLAN,,,,plan
642,2,한화엔진,GV,H2602,VS-2,3,2026-03-25 00:00:00,,1,30,,,,,실행,E 케이테크,45853,45854,46065,46073,46092,46084,완료,,,,,,,,,,,,E 케이테크,3,3,,,,,,,,,,,,,,,,,,,,,,,,,,,,,,,,,,,,,,,,,,,,,,,,,,,,,,,,,,,,,,,,,,,,,,,,,,,,,,,,,,,,,,,,,,,,,,,,,,,,,,,,,,,,,,,,,,,,,,,,,,,,,,,,,,,,,,,,,,,,,,,,,,,,,,,,,,,,,,,,,,,,,,,,,,,,,,,,,,,,,,,,,,,,,,,,,,,,,,,,,,,,,,,,,,,,,,,,,,,,,,,,,,,,,,,,,,,,,,,,,,,,,,,,,,,,,,,,,,,,,,,,,,,,,,,,,,,,,,True,DATA_ACTUAL,,,,actual
642,3,한화엔진,GV,H2602,VS-2,3,2026-03-25 00:00:00,,1,30,,,,,E 케이테크,E 케이테크,209,210,0,12,2,10,,,-,,,,,,,,,,E 케이테크,3,3,,,실적,,45853,,45854,,46065,,46073,,46073,,46084,,,,0,,,,0,,,,0,,0,,0,,0,,0,,,,,,,,,,,,,,,,,,,,,,,,,,,,,,,,,,,,,,,,,,,,,,,,,,,,,,,,,,,,,,,,,,,,,,,,,,,,,,,,,,,,,,,,,,,,,,,,,,,,,,,,,,,,,,,,,,,,,,,,,,,,,,,,,,,,,,,,,,,,,,,,,,,,,,,,,,,,,,,,,,,,,,,,,,,,,,,,,,,,,,,,,,,,,,,,,,,,,,,,,,,,,,,,,,,,,,,,,,,,,,,,,,,,,,,,,,,,,,,,,,,False,STRUCTURAL,비데이터 행,,,unknown
642,4,한화엔진,GV,H2602,VS-2,3,2026-03-25 00:00:00,,1,30,,,,,취부,,21,,,,,,,,,,,,,,,,,,E 케이테크,3,3,,,LOAD,,,,,,,,,,,,,,,,,,,,,,,,,,,,,,,,,,,,,,,,,,,,,,,,,,,,,,,,,,,,2,,,2,2,2,2,1.0,,2,2,2,1,1,1.0,,1,,,,,,,,,,,,,,,,,,,,,,,,,,,,,,,,,,,,,,,,,,,,,,,,,,,,,,,,,,,,,,,,,,,,,,,,,,,,,,,,,,,,,,,,,,,,,,,,,,,,,,,,,,,,,,,,,,,,,,,,,,,,,,,,,,,,,,,,,,,,,,,,,,,,,,,,,,,,,,,,,,,,,,,,,,,,,,,,,,,,,,,,,,,,,,,,,,,,,,,False,STRUCTURAL,비데이터 행,,,unknown
642,5,한화엔진,GV,H2602,VS-2,3,2026-03-25 00:00:00,,1,30,,,,,용접,,23,,,,,,,,,,,,,,,,,,E 케이테크,3,3,,,,,,,,,,,,,,,,,,,,,,,,,,,,,,,,,,,,,,,,,,,,,,,,,,,,,,,,,,,,,,,,,,2,2,2,2,2.0,,2,2,2,2,2,1.0,,1,1,,,,,,,,,,,,,,,,,,,,,,,,,,,,,,,,,,,,,,,,,,,,,,,,,,,,,,,,,,,,,,,,,,,,,,,,,,,,,,,,,,,,,,,,,,,,,,,,,,,,,,,,,,,,,,,,,,,,,,,,,,,,,,,,,,,,,,,,,,,,,,,,,,,,,,,,,,,,,,,,,,,,,,,,,,,,,,,,,,,,,,,,,,,,,,,,,,,,,,False,STRUCTURAL,비데이터 행,,,unknown
642,6,한화엔진,GV,H2602,VS-2,3,2026-03-25 00:00:00,,1,30,,,,,조립,,15,,,,,,,,,,,,,,,,,,E 케이테크,3,3,,,,,,,,,,,,,,,,,,,,,,,,,,,,,,,,,,,,,,,,,,,,,,,,,,,,,,,,,,,,,,,,,,,,2,2,1.0,,,2,2,1,1,1.0,,1,1,1,,,,,,,,,,,,,,,,,,,,,,,,,,,,,,,,,,,,,,,,,,,,,,,,,,,,,,,,,,,,,,,,,,,,,,,,,,,,,,,,,,,,,,,,,,,,,,,,,,,,,,,,,,,,,,,,,,,,,,,,,,,,,,,,,,,,,,,,,,,,,,,,,,,,,,,,,,,,,,,,,,,,,,,,,,,,,,,,,,,,,,,,,,,,,,,,,,,,,False,STRUCTURAL,비데이터 행,,,unknown
642,7,한화엔진,GV,H2602,VS-2,3,2026-03-25 00:00:00,,1,30,,,,,사상,,18,,,,,,,,,,,,,,,,,,E 케이테크,3,3,,,,,,,,,,,,,,,,,,,,,,,,,,,,,,,,,,,,,,,,,,,,,,,,,,,,,,,,,,,,,,,,,,,,2,2,1.0,,,2,2,1,1,1.0,,1,1,1,1,,2,,,,,,,,,,,,,,,,,,,,,,,,,,,,,,,,,,,,,,,,,,,,,,,,,,,,,,,,,,,,,,,,,,,,,,,,,,,,,,,,,,,,,,,,,,,,,,,,,,,,,,,,,,,,,,,,,,,,,,,,,,,,,,,,,,,,,,,,,,,,,,,,,,,,,,,,,,,,,,,,,,,,,,,,,,,,,,,,,,,,,,,,,,,,,,,,,,False,STRUCTURAL,비데이터 행,,,unknown
642,9,한화엔진,GV,H2602,VS-2,3,2026-03-25 00:00:00,,1,30,,,,,실적,,,,,,,,,,,,,,,,,,,,E 케이테크,3,3,,,,,,,,,,,,,,,,,,,,,,,,,,,,,,,,,,,,,,,,,,,,,,,,,,,,,,,,,,,,,,,,,,,,,,,,,,,,,,,,,,,,,,,,,,,,,,,,,,,,,,,,,,,,,,,,,,,,,,,,,,,,,,,,,,,,,,,,,,,,,,,,,,,,,,,,,,,,,,,,,,,,,,,,,,,,,,,,,,,,,,,,,,,,,,,,,,,,,,,,,,,,,,,,,,,,,,,,,,,,,,,,,,,,,,,,,,,,,,,,,,,,,,,,,,,,,,,,,,,,,,,,,,,,,,,,,,,,,,False,STRUCTURAL,비데이터 행,,,unknown
643,1,HHI,GV,3556 #1,VS-1,1,2026-03-27 00:00:00,46090,1,30,,,,FGSS,일자,E 케이테크,46043,46045,46048,46062,46076,46076,46085,46090,-,2026-03-12 00:00:00,46101,46112,46113,2026-04-01 00:00:00,46114,0.9,,,E 케이테크,3,3,,,계획,46043,,46045,,46048,,46062,,46063,,46076,,46077,,46090,,46091,,46093,,46094,,46101,,46112,,46113,,46113,,46114,,,,,,,,,,발F,가S,,,,,,,,,,,,,가F,제S,-----,-----,-----,-----,-----,-----,-----,-----,-----,-----,,-----,제F,도S,,도F,조S,,,,,,,조F,,,,,,,납,,,,상,검,출,,,,,,,,,,,,,,,,,,,,,,,,,,,,,,,,,,,,,,,,,,,,,,,,,,,,,,,,,,,,,,,,,,,,,,,,,,,,,,,,,,,,,,,,,,,,,,,,,,,,,,,,,,,,,,,,,,,,,,,,,,,,,,,,,,,,,,,,,,,,,,,,,,,,,,,,,,,,,,,,,,,,,,,,,,,,,,,,,,,,,,True,DATA_PLAN,,,,plan
643,2,HHI,GV,3556 #1,VS-1,1,2026-03-27 00:00:00,,1,30,,,,도면 1/22 배포,실행,E 케이테크,46044,46045,46048,46056,46076,46076,46087,46095,,2026-03-17 00:00:00,46107,46111,,,,,,,E 케이테크,3,3,,,,,,,,,,,,,,,,,,,,,,,,,,,,,,,,,,,,,,,,,,,,,,,,,,,,,,,,,,,,,,,,,,,,,,,,,,,,,,,,,,,,,,,,,,,,,,,,,,,,,,,,,,,,,,,,,,,,,,,,,,,,,,,,,,,,,,,,,,,,,,,,,,,,,,,,,,,,,,,,,,,,,,,,,,,,,,,,,,,,,,,,,,,,,,,,,,,,,,,,,,,,,,,,,,,,,,,,,,,,,,,,,,,,,,,,,,,,,,,,,,,,,,,,,,,,,,,,,,,,,,,,,,,,,,,,,,,,,,True,DATA_ACTUAL,,,,actual
643,3,HHI,GV,3556 #1,VS-1,1,2026-03-27 00:00:00,,1,30,,,,,E 케이테크,E 케이테크,-1,0,0,6,0,0,-2,-5,-,,-6,1,,,,,,,E 케이테크,3,3,,,실적,,46044,,46045,,46048,,46056,,46056,,46076,,,,46095,,,,46098,,,,46107,,46111,,0,,0,,0,,,,,,,,,,,,,,,,,,,,,,,,,,,,,,,,,,,,,,,,,,,,,,,,,,,,,,,,,,,,,,,,,,,,,,,,,,,,,,,,,,,,,,,,,,,,,,,,,,,,,,,,,,,,,,,,,,,,,,,,,,,,,,,,,,,,,,,,,,,,,,,,,,,,,,,,,,,,,,,,,,,,,,,,,,,,,,,,,,,,,,,,,,,,,,,,,,,,,,,,,,,,,,,,,,,,,,,,,,,,,,,,,,,,,,,,,,,,,,,,,,,False,STRUCTURAL,비데이터 행,,,unknown
643,4,HHI,GV,3556 #1,VS-1,1,2026-03-27 00:00:00,,1,30,,,,,취부,,7,,,,,,,,,,,,,,,,,,E 케이테크,3,3,,,LOAD,,,,,,,,,,,,,,,,,,,,,,,,,,,,,,,,,,,,,,,,,,,,,,,,,,,,,,,,,,,,,,,,,,,,,,,1,1,1,1.0,,1,1,1,,,,,,,,,,,,,,,,,,,,,,,,,,,,,,,,,,,,,,,,,,,,,,,,,,,,,,,,,,,,,,,,,,,,,,,,,,,,,,,,,,,,,,,,,,,,,,,,,,,,,,,,,,,,,,,,,,,,,,,,,,,,,,,,,,,,,,,,,,,,,,,,,,,,,,,,,,,,,,,,,,,,,,,,,,,,,,,,,,,,,,,,,,,,,,,,,,,,,False,STRUCTURAL,비데이터 행,,,unknown
643,5,HHI,GV,3556 #1,VS-1,1,2026-03-27 00:00:00,,1,30,,,,,용접,,6,,,,,,,,,,,,,,,,,,E 케이테크,3,3,,,,,,,,,,,,,,,,,,,,,,,,,,,,,,,,,,,,,,,,,,,,,,,,,,,,,,,,,,,,,,,,,,,,,,,,,,,,1,1.0,,1,1,1,,1,,,,,,,,,,,,,,,,,,,,,,,,,,,,,,,,,,,,,,,,,,,,,,,,,,,,,,,,,,,,,,,,,,,,,,,,,,,,,,,,,,,,,,,,,,,,,,,,,,,,,,,,,,,,,,,,,,,,,,,,,,,,,,,,,,,,,,,,,,,,,,,,,,,,,,,,,,,,,,,,,,,,,,,,,,,,,,,,,,,,,,,,,,,,,,,,,,,False,STRUCTURAL,비데이터 행,,,unknown
643,6,HHI,GV,3556 #1,VS-1,1,2026-03-27 00:00:00,,1,30,,,,,조립,,4,,,,,,,,,,,,,,,,,,E 케이테크,3,3,,,,,,,,,,,,,,,,,,,,,,,,,,,,,,,,,,,,,,,,,,,,,,,,,,,,,,,,,,,,,,,,,,,,,,,,,,,,,,,,1,1,,1,1,,,,,,,,,,,,,,,,,,,,,,,,,,,,,,,,,,,,,,,,,,,,,,,,,,,,,,,,,,,,,,,,,,,,,,,,,,,,,,,,,,,,,,,,,,,,,,,,,,,,,,,,,,,,,,,,,,,,,,,,,,,,,,,,,,,,,,,,,,,,,,,,,,,,,,,,,,,,,,,,,,,,,,,,,,,,,,,,,,,,,,,,,,,,,,,,,,False,STRUCTURAL,비데이터 행,,,unknown
643,7,HHI,GV,3556 #1,VS-1,1,2026-03-27 00:00:00,,1,30,,,,,사상,,6,,,,,,,,,,,,,,,,,,E 케이테크,3,3,,,,,,,,,,,,,,,,,,,,,,,,,,,,,,,,,,,,,,,,,,,,,,,,,,,,,,,,,,,,,,,,,,,,,,,,,,,,,,,,,1,,1,1,,1,,2,,,,,,,,,,,,,,,,,,,,,,,,,,,,,,,,,,,,,,,,,,,,,,,,,,,,,,,,,,,,,,,,,,,,,,,,,,,,,,,,,,,,,,,,,,,,,,,,,,,,,,,,,,,,,,,,,,,,,,,,,,,,,,,,,,,,,,,,,,,,,,,,,,,,,,,,,,,,,,,,,,,,,,,,,,,,,,,,,,,,,,,,,,,,,,False,STRUCTURAL,비데이터 행,,,unknown
643,9,HHI,GV,3556 #1,VS-1,1,2026-03-27 00:00:00,,1,30,,,,,실적,,,,,,,,,,,,,,,,,,,,E 케이테크,3,3,,,,,,,,,,,,,,,,,,,,,,,,,,,,,,,,,,,,,,,,,,,,,,,,,,,,,,,,,,,,,,,,,,,,,,,,,,,,,,,,,,,,,,,,,,,,,,,,,,,,,,,,,,,,,,,,,,,,,,,,,,,,,,,,,,,,,,,,,,,,,,,,,,,,,,,,,,,,,,,,,,,,,,,,,,,,,,,,,,,,,,,,,,,,,,,,,,,,,,,,,,,,,,,,,,,,,,,,,,,,,,,,,,,,,,,,,,,,,,,,,,,,,,,,,,,,,,,,,,,,,,,,,,,,,,,,,,,,,,False,STRUCTURAL,비데이터 행,,,unknown
644,1,HHI,EGP,H2843,EGP-2,3,2026-03-29 00:00:00,46078,4,30,,,,외부함석,일자,J 해림ENG,46027,46034,46035,46049,46058,46058,46071,46078,-,2026-03-03 00:00:00,46101,46104,46105,2026-03-25 00:00:00,46107,0.98,,,J 해림ENG,2,3,,,계획,46027,,46034,,46035,,46049,,46050,,46058,,46059,,46078,,46080,,46084,,46085,,46101,,46104,,46105,,46106,,46107,,,,,,가F,제S,-----,-----,-----,-----,-----,-----,-----,-----,-----,-----,-----,-----,-----,-----,-----,-----,-----,-----,제F,,도S,,,,도F,조S,,,,,,,,,,,,,,,,조F,-----,,상,검,포,출,,,납,,,,,,,,,,,,,,,,,,,,,,,,,,,,,,,,,,,,,,,,,,,,,,,,,,,,,,,,,,,,,,,,,,,,,,,,,,,,,,,,,,,,,,,,,,,,,,,,,,,,,,,,,,,,,,,,,,,,,,,,,,,,,,,,,,,,,,,,,,,,,,,,,,,,,,,,,,,,,,,,,,,,,,,,,,,,,,,,,,,,,,,,,,True,DATA_PLAN,,,,plan
644,2,HHI,EGP,H2843,EGP-2,3,2026-03-29 00:00:00,,4,30,,,,2/21->3/29,실행,J 해림ENG,45961,45974,45981,45986,1130,45993,46379,46034,,2026-01-15 00:00:00,46064,46065,46078,2026-02-25 00:00:00,,,,,J 해림ENG,2,3,,,,,,,,,,,,,,,,,,,,,,,,,,,,,,,,,,,,,,,,,,,,,,,,,,,,,,,,,,,,,,,,,,,,,,,,,,,,,,,,,,,,,,,,,,,,,,,,,,,,,,,,,,,,,,,,,,,,,,,,,,,,,,,,,,,,,,,,,,,,,,,,,,,,,,,,,,,,,,,,,,,,,,,,,,,,,,,,,,,,,,,,,,,,,,,,,,,,,,,,,,,,,,,,,,,,,,,,,,,,,,,,,,,,,,,,,,,,,,,,,,,,,,,,,,,,,,,,,,,,,,,,,,,,,,,,,,,,,,True,DATA_ACTUAL,,,,actual
644,3,HHI,EGP,H2843,EGP-2,3,2026-03-29 00:00:00,,4,30,,,,,J 해림ENG,J 해림ENG,66,60,54,63,44928,65,-308,44,-,,37,39,27,,,,,,J 해림ENG,2,3,,,실적,,45961,,45974,,45981,,45986,,,,45993,,,,46034,,,,46037,,,,46064,,46065,,46078,,46078,,0,,,,,,,,,,,,,,,,,,,,,,,,,,,,,,,,,,,,,,,,,,,,,,,,,,,,,,,,,,,,,,,,,,,,,,,,,,,,,,,,,,,,,,,,,,,,,,,,,,,,,,,,,,,,,,,,,,,,,,,,,,,,,,,,,,,,,,,,,,,,,,,,,,,,,,,,,,,,,,,,,,,,,,,,,,,,,,,,,,,,,,,,,,,,,,,,,,,,,,,,,,,,,,,,,,,,,,,,,,,,,,,,,,,,,,,,,,,,,,,,,,,False,STRUCTURAL,비데이터 행,,,unknown
644,4,HHI,EGP,H2843,EGP-2,3,2026-03-29 00:00:00,,4,30,,,,,취부,,0,,,,,,,,,,,,,,,,,,J 해림ENG,2,3,,,LOAD,,,,,,,,,,,,,,,,,,,,,,,,,,,,,,,,,,,,,,,,,,,,,,,,,,,,,,,,,,,,,,,,,,,,,,,,,,,,,,,,,,,,,,,,,,,,,,,,,,,,,,,,,,,,,,,,,,,,,,,,,,,,,,,,,,,,,,,,,,,,,,,,,,,,,,,,,,,,,,,,,,,,,,,,,,,,,,,,,,,,,,,,,,,,,,,,,,,,,,,,,,,,,,,,,,,,,,,,,,,,,,,,,,,,,,,,,,,,,,,,,,,,,,,,,,,,,,,,,,,,,,,,,,,,,,,,,,,False,STRUCTURAL,비데이터 행,,,unknown
644,5,HHI,EGP,H2843,EGP-2,3,2026-03-29 00:00:00,,4,30,,,,,용접,,0,,,,,,,,,,,,,,,,,,J 해림ENG,2,3,,,,,,,,,,,,,,,,,,,,,,,,,,,,,,,,,,,,,,,,,,,,,,,,,,,,,,,,,,,,,,,,,,,,,,,,,,,,,,,,,,,,,,,,,,,,,,,,,,,,,,,,,,,,,,,,,,,,,,,,,,,,,,,,,,,,,,,,,,,,,,,,,,,,,,,,,,,,,,,,,,,,,,,,,,,,,,,,,,,,,,,,,,,,,,,,,,,,,,,,,,,,,,,,,,,,,,,,,,,,,,,,,,,,,,,,,,,,,,,,,,,,,,,,,,,,,,,,,,,,,,,,,,,,,,,,,,,,,,False,STRUCTURAL,비데이터 행,,,unknown
644,6,HHI,EGP,H2843,EGP-2,3,2026-03-29 00:00:00,,4,30,,,,,조립,,6,,,,,,,,,,,,,,,,,,J 해림ENG,2,3,,,,,,,,,,,,,,,,,,,,,,,,,,,,,,,,,,,,,,,,,,,,,,,,,,,,,,,,,,,,,,,,,,,,,,,,,,,,,,,2,2,2,,,,,,,,,,,,,,,,,,,,,,,,,,,,,,,,,,,,,,,,,,,,,,,,,,,,,,,,,,,,,,,,,,,,,,,,,,,,,,,,,,,,,,,,,,,,,,,,,,,,,,,,,,,,,,,,,,,,,,,,,,,,,,,,,,,,,,,,,,,,,,,,,,,,,,,,,,,,,,,,,,,,,,,,,,,,,,,,,,,,,,,,,,,,,,,,,,,,,False,STRUCTURAL,비데이터 행,,,unknown
644,7,HHI,EGP,H2843,EGP-2,3,2026-03-29 00:00:00,,4,30,,,,,사상,,0,,,,,,,,,,,,,,,,,,J 해림ENG,2,3,,,,,,,,,,,,,,,,,,,,,,,,,,,,,,,,,,,,,,,,,,,,,,,,,,,,,,,,,,,,,,,,,,,,,,,,,,,,,,,,,,,,,,,,,,,,,,,,,,,,,,,,,,,,,,,,,,,,,,,,,,,,,,,,,,,,,,,,,,,,,,,,,,,,,,,,,,,,,,,,,,,,,,,,,,,,,,,,,,,,,,,,,,,,,,,,,,,,,,,,,,,,,,,,,,,,,,,,,,,,,,,,,,,,,,,,,,,,,,,,,,,,,,,,,,,,,,,,,,,,,,,,,,,,,,,,,,,,,,False,STRUCTURAL,비데이터 행,,,unknown
644,9,HHI,EGP,H2843,EGP-2,3,2026-03-29 00:00:00,,4,30,,,,,실적,,,,,,,,,,,,,,,,,,,,J 해림ENG,2,3,,,,,,,,,,,,,,,,,,,,,,,,,,,,,,,,,,,,,,,,,,,,,,,,,,,,,,,,,,,,,,,,,,,,,,,,,,,,,,,,,,,,,,,,,,,,,,,,,,,,,,,,,,,,,,,,,,,,,,,,,,,,,,,,,,,,,,,,,,,,,,,,,,,,,,,,,,,,,,,,,,,,,,,,,,,,,,,,,,,,,,,,,,,,,,,,,,,,,,,,,,,,,,,,,,,,,,,,,,,,,,,,,,,,,,,,,,,,,,,,,,,,,,,,,,,,,,,,,,,,,,,,,,,,,,,,,,,,,,False,STRUCTURAL,비데이터 행,,,unknown
645,1,HHI,EGP,H2861,EGP-2,5,2026-03-30 00:00:00,46076,5,30,,,,"8H_2,7H_2,9H_1set",일자,F JK플랜트,46017,46027,46028,46042,46051,46051,46068,46076,-,2026-03-04 00:00:00,46104,46105,46106,2026-03-26 00:00:00,46108,0.98,,,F JK플랜트,2,3,,,계획,46017,,46027,,46028,,46042,,46043,,46051,,46052,,46076,,46079,,46085,,46084,,46104,,46105,,46106,,46107,,46108,,-----,-----,-----,-----,-----,-----,-----,-----,-----,-----,-----,-----,-----,-----,-----,-----,-----,-----,-----,-----,-----,-----,제F,,,도S,,,,,조S,도F,,,,,,,,,,,,,,,,,-----,,조F,상,검,포,출,,,납,,,,,,,,,,,,,,,,,,,,,,,,,,,,,,,,,,,,,,,,,,,,,,,,,,,,,,,,,,,,,,,,,,,,,,,,,,,,,,,,,,,,,,,,,,,,,,,,,,,,,,,,,,,,,,,,,,,,,,,,,,,,,,,,,,,,,,,,,,,,,,,,,,,,,,,,,,,,,,,,,,,,,,,,,,,,,,,,,,,,,,,,,True,DATA_PLAN,,,,plan
645,2,HHI,EGP,H2861,EGP-2,5,2026-03-30 00:00:00,,5,30,,,,5/4->2/20→3/30,실행,F JK플랜트,45932,45943,45959,45989,46028,45996,46029,46048,,2026-01-26 00:00:00,46095,46095,46097,2026-03-16 00:00:00,,,,,F JK플랜트,2,3,,,,,,,,,,,,,,,,,,,,,,,,,,,,,,,,,,,,,,,,,,,,,,,,,,,,,,,,,,,,,,,,,,,,,,,,,,,,,,,,,,,,,,,,,,,,,,,,,,,,,,,,,,,,,,,,,,,,,,,,,,,,,,,,,,,,,,,,,,,,,,,,,,,,,,,,,,,,,,,,,,,,,,,,,,,,,,,,,,,,,,,,,,,,,,,,,,,,,,,,,,,,,,,,,,,,,,,,,,,,,,,,,,,,,,,,,,,,,,,,,,,,,,,,,,,,,,,,,,,,,,,,,,,,,,,,,,,,,,True,DATA_ACTUAL,,,,actual
645,3,HHI,EGP,H2861,EGP-2,5,2026-03-30 00:00:00,,5,30,,,,,F JK플랜트,F JK플랜트,85,84,69,53,23,55,39,28,-,,9,10,9,,,,,,F JK플랜트,2,3,,,실적,,45932,,45943,,45959,,45989,,,,45996,,,,46048,,,,46048,,,,46095,,46095,,46097,,46097,,0,,,,,,,,,,,,,,,,,,,,,,,,,,,,,,,,,,,,,,,,,,,,,,,,,,,,,,,,,,,,,,,,,,,,,,,,,,,,,,,,,,,,,,,,,,,,,,,,,,,,,,,,,,,,,,,,,,,,,,,,,,,,,,,,,,,,,,,,,,,,,,,,,,,,,,,,,,,,,,,,,,,,,,,,,,,,,,,,,,,,,,,,,,,,,,,,,,,,,,,,,,,,,,,,,,,,,,,,,,,,,,,,,,,,,,,,,,,,,,,,,,,False,STRUCTURAL,비데이터 행,,,unknown
645,4,HHI,EGP,H2861,EGP-2,5,2026-03-30 00:00:00,,5,30,,,,,취부,,0,,,,,,,,,,,,,,,,,,F JK플랜트,2,3,,,LOAD,,,,,,,,,,,,,,,,,,,,,,,,,,,,,,,,,,,,,,,,,,,,,,,,,,,,,,,,,,,,,,,,,,,,,,,,,,,,,,,,,,,,,,,,,,,,,,,,,,,,,,,,,,,,,,,,,,,,,,,,,,,,,,,,,,,,,,,,,,,,,,,,,,,,,,,,,,,,,,,,,,,,,,,,,,,,,,,,,,,,,,,,,,,,,,,,,,,,,,,,,,,,,,,,,,,,,,,,,,,,,,,,,,,,,,,,,,,,,,,,,,,,,,,,,,,,,,,,,,,,,,,,,,,,,,,,,,,False,STRUCTURAL,비데이터 행,,,unknown
645,5,HHI,EGP,H2861,EGP-2,5,2026-03-30 00:00:00,,5,30,,,,,용접,,0,,,,,,,,,,,,,,,,,,F JK플랜트,2,3,,,,,,,,,,,,,,,,,,,,,,,,,,,,,,,,,,,,,,,,,,,,,,,,,,,,,,,,,,,,,,,,,,,,,,,,,,,,,,,,,,,,,,,,,,,,,,,,,,,,,,,,,,,,,,,,,,,,,,,,,,,,,,,,,,,,,,,,,,,,,,,,,,,,,,,,,,,,,,,,,,,,,,,,,,,,,,,,,,,,,,,,,,,,,,,,,,,,,,,,,,,,,,,,,,,,,,,,,,,,,,,,,,,,,,,,,,,,,,,,,,,,,,,,,,,,,,,,,,,,,,,,,,,,,,,,,,,,,,False,STRUCTURAL,비데이터 행,,,unknown
645,6,HHI,EGP,H2861,EGP-2,5,2026-03-30 00:00:00,,5,30,,,,,조립,,10,,,,,,,,,,,,,,,,,,F JK플랜트,2,3,,,,,,,,,,,,,,,,,,,,,,,,,,,,,,,,,,,,,,,,,,,,2,2,,,,,,,,,,,,,,,,,,,,,,,,,,,,,,,,,,2,2,2,,,,,,,,,,,,,,,,,,,,,,,,,,,,,,,,,,,,,,,,,,,,,,,,,,,,,,,,,,,,,,,,,,,,,,,,,,,,,,,,,,,,,,,,,,,,,,,,,,,,,,,,,,,,,,,,,,,,,,,,,,,,,,,,,,,,,,,,,,,,,,,,,,,,,,,,,,,,,,,,,,,,,,,,,,,,,,,,,,,,,,,,,,,,,,,,,,,,,False,STRUCTURAL,비데이터 행,,,unknown
645,7,HHI,EGP,H2861,EGP-2,5,2026-03-30 00:00:00,,5,30,,,,,사상,,1,,,,,,,,,,,,,,,,,,F JK플랜트,2,3,,,,,,,,,,,,,,,,,,,,,,,,,,,,,,,,,,,,,1,,,,,,,,,,,,,,,,,,,,,,,,,,,,,,,,,,,,,,,,,,,,,,,,,,,,,,,,,,,,,,,,,,,,,,,,,,,,,,,,,,,,,,,,,,,,,,,,,,,,,,,,,,,,,,,,,,,,,,,,,,,,,,,,,,,,,,,,,,,,,,,,,,,,,,,,,,,,,,,,,,,,,,,,,,,,,,,,,,,,,,,,,,,,,,,,,,,,,,,,,,,,,,,,,,,,,,,,,,,,,,,,,,,,,,,,,,,,,,,,,False,STRUCTURAL,비데이터 행,,,unknown
645,9,HHI,EGP,H2861,EGP-2,5,2026-03-30 00:00:00,,5,30,,,,,실적,,,,,,,,,,,,,,,,,,,,F JK플랜트,2,3,,,,,,,,,,,,,,,,,,,,,,,,,,,,,,,,,,,,,,,,,,,,,,,,,,,,,,,,,,,,,,,,,,,,,,,,,,,,,,,,,,,,,,,,,,,,,,,,,,,,,,,,,,,,,,,,,,,,,,,,,,,,,,,,,,,,,,,,,,,,,,,,,,,,,,,,,,,,,,,,,,,,,,,,,,,,,,,,,,,,,,,,,,,,,,,,,,,,,,,,,,,,,,,,,,,,,,,,,,,,,,,,,,,,,,,,,,,,,,,,,,,,,,,,,,,,,,,,,,,,,,,,,,,,,,,,,,,,,,False,STRUCTURAL,비데이터 행,,,unknown
646,1,HHI,SCR중,S1937,SCR-7,5,2026-03-31 00:00:00,46087,2,20,,X,수출,6x6(B)(3) 5x5(B)(2),일자,D 청림,46031,46035,46036,46050,46059,46059,46078,46087,-,2026-03-13 00:00:00,46105,46106,46107,2026-03-27 00:00:00,46111,0.95,,,D 청림,3,3,,,계획,46031,,46035,,46036,,46050,,46051,,46059,,46062,,46087,,46091,,46094,,46097,,46105,,46106,,46107,,46108,,46111,,,,,,,가F,,,제S,-----,-----,-----,-----,-----,-----,-----,-----,-----,-----,-----,-----,-----,-----,-----,-----,-----,-----,-----,-----,-----,-----,-----,-----,제F,,,,도S,,,도F,,,조S,,,,,-----,,,조F,상,검,포,,,출,납,,,,,,,,,,,,,,,,,,,,,,,,,,,,,,,,,,,,,,,,,,,,,,,,,,,,,,,,,,,,,,,,,,,,,,,,,,,,,,,,,,,,,,,,,,,,,,,,,,,,,,,,,,,,,,,,,,,,,,,,,,,,,,,,,,,,,,,,,,,,,,,,,,,,,,,,,,,,,,,,,,,,,,,,,,,,,,,,,,,,,,,,True,DATA_PLAN,,,,plan
646,2,HHI,SCR중,S1937,SCR-7,5,2026-03-31 00:00:00,,2,20,,,,,실행,D 청림,46028,46028,46022,46034,46052,46041,46078,46091,,2026-03-16 00:00:00,46104,46104,46106,,,,,,D 청림,3,3,,,,,,,,,,,,,,,,,,,,,,,,,,,,,,,,,,,,,,,,,,,,,,,,,,,,,,,,,,,,,,,,,,,,,,,,,,,,,,,,,,,,,,,,,,,,,,,,,,,,,,,,,,,,,,,,,,,,,,,,,,,,,,,,,,,,,,,,,,,,,,,,,,,,,,,,,,,,,,,,,,,,,,,,,,,,,,,,,,,,,,,,,,,,,,,,,,,,,,,,,,,,,,,,,,,,,,,,,,,,,,,,,,,,,,,,,,,,,,,,,,,,,,,,,,,,,,,,,,,,,,,,,,,,,,,,,,,,,,True,DATA_ACTUAL,,,,actual
646,3,HHI,SCR중,S1937,SCR-7,5,2026-03-31 00:00:00,,2,20,,,,,D 청림,D 청림,3,7,14,16,7,18,0,-4,-,,1,2,1,,,,,,D 청림,3,3,,,실적,,46028,,46028,,46022,,46034,,46034,,46041,,,,46091,,,,46097,,,,46104,,46104,,46106,,0,,0,,,,,,,,,,,,,,,,,,,,,,,,,,,,,,,,,,,,,,,,,,,,,,,,,,,,,,,,,,,,,,,,,,,,,,,,,,,,,,,,,,,,,,,,,,,,,,,,,,,,,,,,,,,,,,,,,,,,,,,,,,,,,,,,,,,,,,,,,,,,,,,,,,,,,,,,,,,,,,,,,,,,,,,,,,,,,,,,,,,,,,,,,,,,,,,,,,,,,,,,,,,,,,,,,,,,,,,,,,,,,,,,,,,,,,,,,,,,,,,,,,,False,STRUCTURAL,비데이터 행,,,unknown
646,4,HHI,SCR중,S1937,SCR-7,5,2026-03-31 00:00:00,,2,20,,,,,취부,,0,,,,,,,,,,,,,,,,,,D 청림,3,3,,,LOAD,,,,,,,,,,,,,,,,,,,,,,,,,,,,,,,,,,,,,,,,,,,,,,,,,,,,,,,,,,,,,,,,,,,,,,,,,,,,,,,,,,,,,,,,,,,,,,,,,,,,,,,,,,,,,,,,,,,,,,,,,,,,,,,,,,,,,,,,,,,,,,,,,,,,,,,,,,,,,,,,,,,,,,,,,,,,,,,,,,,,,,,,,,,,,,,,,,,,,,,,,,,,,,,,,,,,,,,,,,,,,,,,,,,,,,,,,,,,,,,,,,,,,,,,,,,,,,,,,,,,,,,,,,,,,,,,,,,False,STRUCTURAL,비데이터 행,,,unknown
646,5,HHI,SCR중,S1937,SCR-7,5,2026-03-31 00:00:00,,2,20,,,,,용접,,0,,,,,,,,,,,,,,,,,,D 청림,3,3,,,,,,,,,,,,,,,,,,,,,,,,,,,,,,,,,,,,,,,,,,,,,,,,,,,,,,,,,,,,,,,,,,,,,,,,,,,,,,,,,,,,,,,,,,,,,,,,,,,,,,,,,,,,,,,,,,,,,,,,,,,,,,,,,,,,,,,,,,,,,,,,,,,,,,,,,,,,,,,,,,,,,,,,,,,,,,,,,,,,,,,,,,,,,,,,,,,,,,,,,,,,,,,,,,,,,,,,,,,,,,,,,,,,,,,,,,,,,,,,,,,,,,,,,,,,,,,,,,,,,,,,,,,,,,,,,,,,,,False,STRUCTURAL,비데이터 행,,,unknown
646,6,HHI,SCR중,S1937,SCR-7,5,2026-03-31 00:00:00,,2,20,,,,,조립,,6,,,,,,,,,,,,,,,,,,D 청림,3,3,,,,,,,,,,,,,,,,,,,,,,,,,,,,,,,,,,,,,,,,,,,,,,,,,,,,,,,,,,,,,,,,,,,,,,,,,,,,,,,,,,2,2,2,,,,,,,,,,,,,,,,,,,,,,,,,,,,,,,,,,,,,,,,,,,,,,,,,,,,,,,,,,,,,,,,,,,,,,,,,,,,,,,,,,,,,,,,,,,,,,,,,,,,,,,,,,,,,,,,,,,,,,,,,,,,,,,,,,,,,,,,,,,,,,,,,,,,,,,,,,,,,,,,,,,,,,,,,,,,,,,,,,,,,,,,,,,,,,,,,,False,STRUCTURAL,비데이터 행,,,unknown
646,7,HHI,SCR중,S1937,SCR-7,5,2026-03-31 00:00:00,,2,20,,,,,사상,,0,,,,,,,,,,,,,,,,,,D 청림,3,3,,,,,,,,,,,,,,,,,,,,,,,,,,,,,,,,,,,,,,,,,,,,,,,,,,,,,,,,,,,,,,,,,,,,,,,,,,,,,,,,,,,,,,,,,,,,,,,,,,,,,,,,,,,,,,,,,,,,,,,,,,,,,,,,,,,,,,,,,,,,,,,,,,,,,,,,,,,,,,,,,,,,,,,,,,,,,,,,,,,,,,,,,,,,,,,,,,,,,,,,,,,,,,,,,,,,,,,,,,,,,,,,,,,,,,,,,,,,,,,,,,,,,,,,,,,,,,,,,,,,,,,,,,,,,,,,,,,,,,False,STRUCTURAL,비데이터 행,,,unknown
646,9,HHI,SCR중,S1937,SCR-7,5,2026-03-31 00:00:00,,2,20,,,,,실적,,,,,,,,,,,,,,,,,,,,D 청림,3,3,,,,,,,,,,,,,,,,,,,,,,,,,,,,,,,,,,,,,,,,,,,,,,,,,,,,,,,,,,,,,,,,,,,,,,,,,,,,,,,,,,,,,,,,,,,,,,,,,,,,,,,,,,,,,,,,,,,,,,,,,,,,,,,,,,,,,,,,,,,,,,,,,,,,,,,,,,,,,,,,,,,,,,,,,,,,,,,,,,,,,,,,,,,,,,,,,,,,,,,,,,,,,,,,,,,,,,,,,,,,,,,,,,,,,,,,,,,,,,,,,,,,,,,,,,,,,,,,,,,,,,,,,,,,,,,,,,,,,,False,STRUCTURAL,비데이터 행,,,unknown
647,1,HHI,SCR중,0208123,SCR-7,4,2026-04-07 00:00:00,46094,1,30,,전기,수출,TEST 1SET(10/13) 진행,일자,C 에이스,46038,46042,46043,46057,46066,46066,46086,46094,-,2026-03-20 00:00:00,46112,46113,46114,2026-04-03 00:00:00,46118,0.85,,,C 에이스,3,4,,,계획,46038,,46042,,46043,,46057,,46058,,46066,,46072,,46094,,46098,,46101,,46104,,46112,,46113,,46114,,46115,,46118,,,,,발F,가S,,,,,,,,가F,,,,,,제S,-----,-----,-----,-----,-----,-----,-----,-----,-----,-----,-----,-----,-----,-----,-----,,-----,-----,-----,-----,-----,제F,,,,도S,,,도F,-----,,조S,,,,,,,,조F,상,검,포,,,출,납,,,,,,,,,,,,,,,,,,,,,,,,,,,,,,,,,,,,,,,,,,,,,,,,,,,,,,,,,,,,,,,,,,,,,,,,,,,,,,,,,,,,,,,,,,,,,,,,,,,,,,,,,,,,,,,,,,,,,,,,,,,,,,,,,,,,,,,,,,,,,,,,,,,,,,,,,,,,,,,,,,,,,,,,,,,,,,,,,True,DATA_PLAN,,,,plan
647,2,HHI,SCR중,0208123,SCR-7,4,2026-04-07 00:00:00,,1,30,,,,나머지 물량,실행,C 에이스,46028,46028,46022,46034,46051,46042,46072,46084,,2026-03-09 00:00:00,46106,,,,,,,,C 에이스,3,4,,,,,,,,,,,,,,,,,,,,,,,,,,,,,,,,,,,,,,,,,,,,,,,,,,,,,,,,,,,,,,,,,,,,,,,,,,,,,,,,,,,,,,,,,,,,,,,,,,,,,,,,,,,,,,,,,,,,,,,,,,,,,,,,,,,,,,,,,,,,,,,,,,,,,,,,,,,,,,,,,,,,,,,,,,,,,,,,,,,,,,,,,,,,,,,,,,,,,,,,,,,,,,,,,,,,,,,,,,,,,,,,,,,,,,,,,,,,,,,,,,,,,,,,,,,,,,,,,,,,,,,,,,,,,,,,,,,,,,True,DATA_ACTUAL,,,,actual
647,3,HHI,SCR중,0208123,SCR-7,4,2026-04-07 00:00:00,,1,30,,,,,C 에이스,C 에이스,10,14,21,23,15,24,14,10,-,,6,,,,,,,,C 에이스,3,4,,,실적,,46028,,46028,,46022,,46034,,46034,,46042,,,,46084,,,,46090,,,,46106,,0,,0,,0,,0,,,,,,,,,,,,,,,,,,,,,,,,,,,,,,,,,,,,,,,,,,,,,,,,,,,,,,,,,,,,,,,,,,,,,,,,,,,,,,,,,,,,,,,,,,,,,,,,,,,,,,,,,,,,,,,,,,,,,,,,,,,,,,,,,,,,,,,,,,,,,,,,,,,,,,,,,,,,,,,,,,,,,,,,,,,,,,,,,,,,,,,,,,,,,,,,,,,,,,,,,,,,,,,,,,,,,,,,,,,,,,,,,,,,,,,,,,,,,,,,,,,False,STRUCTURAL,비데이터 행,,,unknown
647,4,HHI,SCR중,0208123,SCR-7,4,2026-04-07 00:00:00,,1,30,,,,,취부,,0,,,,,,,,,,,,,,,,,,C 에이스,3,4,,,LOAD,,,,,,,,,,,,,,,,,,,,,,,,,,,,,,,,,,,,,,,,,,,,,,,,,,,,,,,,,,,,,,,,,,,,,,,,,,,,,,,,,,,,,,,,,,,,,,,,,,,,,,,,,,,,,,,,,,,,,,,,,,,,,,,,,,,,,,,,,,,,,,,,,,,,,,,,,,,,,,,,,,,,,,,,,,,,,,,,,,,,,,,,,,,,,,,,,,,,,,,,,,,,,,,,,,,,,,,,,,,,,,,,,,,,,,,,,,,,,,,,,,,,,,,,,,,,,,,,,,,,,,,,,,,,,,,,,,,False,STRUCTURAL,비데이터 행,,,unknown
647,5,HHI,SCR중,0208123,SCR-7,4,2026-04-07 00:00:00,,1,30,,,,,용접,,0,,,,,,,,,,,,,,,,,,C 에이스,3,4,,,,,,,,,,,,,,,,,,,,,,,,,,,,,,,,,,,,,,,,,,,,,,,,,,,,,,,,,,,,,,,,,,,,,,,,,,,,,,,,,,,,,,,,,,,,,,,,,,,,,,,,,,,,,,,,,,,,,,,,,,,,,,,,,,,,,,,,,,,,,,,,,,,,,,,,,,,,,,,,,,,,,,,,,,,,,,,,,,,,,,,,,,,,,,,,,,,,,,,,,,,,,,,,,,,,,,,,,,,,,,,,,,,,,,,,,,,,,,,,,,,,,,,,,,,,,,,,,,,,,,,,,,,,,,,,,,,,,,False,STRUCTURAL,비데이터 행,,,unknown
647,6,HHI,SCR중,0208123,SCR-7,4,2026-04-07 00:00:00,,1,30,,,,,조립,,6,,,,,,,,,,,,,,,,,,C 에이스,3,4,,,,,,,,,,,,,,,,,,,,,,,,,,,,,,,,,,,,,,,,,,,,,,,,,,,,,,,,,,,,,,,,,,,,,,,,,,,,,,,,,,,,,,,,,,2,2.0,,2,,,,,,,,,,,,,,,,,,,,,,,,,,,,,,,,,,,,,,,,,,,,,,,,,,,,,,,,,,,,,,,,,,,,,,,,,,,,,,,,,,,,,,,,,,,,,,,,,,,,,,,,,,,,,,,,,,,,,,,,,,,,,,,,,,,,,,,,,,,,,,,,,,,,,,,,,,,,,,,,,,,,,,,,,,,,,,,,,,,,,,,,,False,STRUCTURAL,비데이터 행,,,unknown
647,7,HHI,SCR중,0208123,SCR-7,4,2026-04-07 00:00:00,,1,30,,,,,사상,,0,,,,,,,,,,,,,,,,,,C 에이스,3,4,,,,,,,,,,,,,,,,,,,,,,,,,,,,,,,,,,,,,,,,,,,,,,,,,,,,,,,,,,,,,,,,,,,,,,,,,,,,,,,,,,,,,,,,,,,,,,,,,,,,,,,,,,,,,,,,,,,,,,,,,,,,,,,,,,,,,,,,,,,,,,,,,,,,,,,,,,,,,,,,,,,,,,,,,,,,,,,,,,,,,,,,,,,,,,,,,,,,,,,,,,,,,,,,,,,,,,,,,,,,,,,,,,,,,,,,,,,,,,,,,,,,,,,,,,,,,,,,,,,,,,,,,,,,,,,,,,,,,,False,STRUCTURAL,비데이터 행,,,unknown
647,9,HHI,SCR중,0208123,SCR-7,4,2026-04-07 00:00:00,,1,30,,,,,실적,,,,,,,,,,,,,,,,,,,,C 에이스,3,4,,,,,,,,,,,,,,,,,,,,,,,,,,,,,,,,,,,,,,,,,,,,,,,,,,,,,,,,,,,,,,,,,,,,,,,,,,,,,,,,,,,,,,,,,,,,,,,,,,,,,,,,,,,,,,,,,,,,,,,,,,,,,,,,,,,,,,,,,,,,,,,,,,,,,,,,,,,,,,,,,,,,,,,,,,,,,,,,,,,,,,,,,,,,,,,,,,,,,,,,,,,,,,,,,,,,,,,,,,,,,,,,,,,,,,,,,,,,,,,,,,,,,,,,,,,,,,,,,,,,,,,,,,,,,,,,,,,,,,False,STRUCTURAL,비데이터 행,,,unknown
648,1,HHI,SCR중,0208124,SCR-7,4,2026-04-07 00:00:00,46094,3,40,,전기,수출,TEST 1SET(10/13) 진행,일자,D 청림,46038,46042,46043,46057,46066,46066,46086,46094,-,2026-03-20 00:00:00,46112,46113,46114,2026-04-03 00:00:00,46118,0.7,,,D 청림,3,4,,,계획,46038,,46042,,46043,,46057,,46058,,46066,,46072,,46094,,46098,,46101,,46104,,46112,,46113,,46114,,46115,,46118,,,,,발F,가S,,,,,,,,가F,,,,,,제S,-----,-----,-----,-----,-----,-----,-----,-----,-----,-----,-----,-----,-----,-----,-----,,-----,-----,-----,-----,-----,제F,,,,도S,,,도F,-----,,조S,,,,,,,,조F,상,검,포,,,출,납,,,,,,,,,,,,,,,,,,,,,,,,,,,,,,,,,,,,,,,,,,,,,,,,,,,,,,,,,,,,,,,,,,,,,,,,,,,,,,,,,,,,,,,,,,,,,,,,,,,,,,,,,,,,,,,,,,,,,,,,,,,,,,,,,,,,,,,,,,,,,,,,,,,,,,,,,,,,,,,,,,,,,,,,,,,,,,,,,True,DATA_PLAN,,,,plan
648,2,HHI,SCR중,0208124,SCR-7,4,2026-04-07 00:00:00,,3,40,,,,나머지 물량,실행,D 청림,46028,46028,46031,46044,46051,46058,46080,46098,,2026-03-20 00:00:00,,,,,,,,,D 청림,3,4,,,,,,,,,,,,,,,,,,,,,,,,,,,,,,,,,,,,,,,,,,,,,,,,,,,,,,,,,,,,,,,,,,,,,,,,,,,,,,,,,,,,,,,,,,,,,,,,,,,,,,,,,,,,,,,,,,,,,,,,,,,,,,,,,,,,,,,,,,,,,,,,,,,,,,,,,,,,,,,,,,,,,,,,,,,,,,,,,,,,,,,,,,,,,,,,,,,,,,,,,,,,,,,,,,,,,,,,,,,,,,,,,,,,,,,,,,,,,,,,,,,,,,,,,,,,,,,,,,,,,,,,,,,,,,,,,,,,,,True,DATA_ACTUAL,,,,actual
648,3,HHI,SCR중,0208124,SCR-7,4,2026-04-07 00:00:00,,3,40,,,,,D 청림,D 청림,10,14,12,13,15,8,6,-4,-,,,,,,,,,,D 청림,3,4,,,실적,,46028,,46028,,46031,,46044,,46044,,46058,,,,46098,,,,46101,,,,0,,0,,0,,0,,0,,,,,,,,,,,,,,,,,,,,,,,,,,,,,,,,,,,,,,,,,,,,,,,,,,,,,,,,,,,,,,,,,,,,,,,,,,,,,,,,,,,,,,,,,,,,,,,,,,,,,,,,,,,,,,,,,,,,,,,,,,,,,,,,,,,,,,,,,,,,,,,,,,,,,,,,,,,,,,,,,,,,,,,,,,,,,,,,,,,,,,,,,,,,,,,,,,,,,,,,,,,,,,,,,,,,,,,,,,,,,,,,,,,,,,,,,,,,,,,,,,,False,STRUCTURAL,비데이터 행,,,unknown
648,4,HHI,SCR중,0208124,SCR-7,4,2026-04-07 00:00:00,,3,40,,,,,취부,,0,,,,,,,,,,,,,,,,,,D 청림,3,4,,,LOAD,,,,,,,,,,,,,,,,,,,,,,,,,,,,,,,,,,,,,,,,,,,,,,,,,,,,,,,,,,,,,,,,,,,,,,,,,,,,,,,,,,,,,,,,,,,,,,,,,,,,,,,,,,,,,,,,,,,,,,,,,,,,,,,,,,,,,,,,,,,,,,,,,,,,,,,,,,,,,,,,,,,,,,,,,,,,,,,,,,,,,,,,,,,,,,,,,,,,,,,,,,,,,,,,,,,,,,,,,,,,,,,,,,,,,,,,,,,,,,,,,,,,,,,,,,,,,,,,,,,,,,,,,,,,,,,,,,,False,STRUCTURAL,비데이터 행,,,unknown
648,5,HHI,SCR중,0208124,SCR-7,4,2026-04-07 00:00:00,,3,40,,,,,용접,,0,,,,,,,,,,,,,,,,,,D 청림,3,4,,,,,,,,,,,,,,,,,,,,,,,,,,,,,,,,,,,,,,,,,,,,,,,,,,,,,,,,,,,,,,,,,,,,,,,,,,,,,,,,,,,,,,,,,,,,,,,,,,,,,,,,,,,,,,,,,,,,,,,,,,,,,,,,,,,,,,,,,,,,,,,,,,,,,,,,,,,,,,,,,,,,,,,,,,,,,,,,,,,,,,,,,,,,,,,,,,,,,,,,,,,,,,,,,,,,,,,,,,,,,,,,,,,,,,,,,,,,,,,,,,,,,,,,,,,,,,,,,,,,,,,,,,,,,,,,,,,,,,False,STRUCTURAL,비데이터 행,,,unknown
648,6,HHI,SCR중,0208124,SCR-7,4,2026-04-07 00:00:00,,3,40,,,,,조립,,6,,,,,,,,,,,,,,,,,,D 청림,3,4,,,,,,,,,,,,,,,,,,,,,,,,,,,,,,,,,,,,,,,,,,,,,,,,,,,,,,,,,,,,,,,,,,,,,,,,,,,,,,,,,,,,,,,,,,2,2.0,,2,,,,,,,,,,,,,,,,,,,,,,,,,,,,,,,,,,,,,,,,,,,,,,,,,,,,,,,,,,,,,,,,,,,,,,,,,,,,,,,,,,,,,,,,,,,,,,,,,,,,,,,,,,,,,,,,,,,,,,,,,,,,,,,,,,,,,,,,,,,,,,,,,,,,,,,,,,,,,,,,,,,,,,,,,,,,,,,,,,,,,,,,,False,STRUCTURAL,비데이터 행,,,unknown
648,7,HHI,SCR중,0208124,SCR-7,4,2026-04-07 00:00:00,,3,40,,,,,사상,,0,,,,,,,,,,,,,,,,,,D 청림,3,4,,,,,,,,,,,,,,,,,,,,,,,,,,,,,,,,,,,,,,,,,,,,,,,,,,,,,,,,,,,,,,,,,,,,,,,,,,,,,,,,,,,,,,,,,,,,,,,,,,,,,,,,,,,,,,,,,,,,,,,,,,,,,,,,,,,,,,,,,,,,,,,,,,,,,,,,,,,,,,,,,,,,,,,,,,,,,,,,,,,,,,,,,,,,,,,,,,,,,,,,,,,,,,,,,,,,,,,,,,,,,,,,,,,,,,,,,,,,,,,,,,,,,,,,,,,,,,,,,,,,,,,,,,,,,,,,,,,,,,False,STRUCTURAL,비데이터 행,,,unknown
648,9,HHI,SCR중,0208124,SCR-7,4,2026-04-07 00:00:00,,3,40,,,,,실적,,,,,,,,,,,,,,,,,,,,D 청림,3,4,,,,,,,,,,,,,,,,,,,,,,,,,,,,,,,,,,,,,,,,,,,,,,,,,,,,,,,,,,,,,,,,,,,,,,,,,,,,,,,,,,,,,,,,,,,,,,,,,,,,,,,,,,,,,,,,,,,,,,,,,,,,,,,,,,,,,,,,,,,,,,,,,,,,,,,,,,,,,,,,,,,,,,,,,,,,,,,,,,,,,,,,,,,,,,,,,,,,,,,,,,,,,,,,,,,,,,,,,,,,,,,,,,,,,,,,,,,,,,,,,,,,,,,,,,,,,,,,,,,,,,,,,,,,,,,,,,,,,,False,STRUCTURAL,비데이터 행,,,unknown
649,1,HHI,SCR중,HMDS573,SCR-8,3,2026-04-09 00:00:00,46100,2,30,,전기,수출,3X3(B),일자,D 청림,46043,46045,46048,46065,46079,46079,46093,46100,-,2026-03-25 00:00:00,46114,46115,46118,2026-04-07 00:00:00,46120,0.7,,,D 청림,3,4,,,계획,46043,,46045,,46048,,46065,,46066,,46079,,46080,,46100,,46101,,46106,,46107,,46114,,46115,,46118,,46119,,46120,,,,,,,,,,,,,발F,가S,,,,,,,,,,,,,가F,제S,-----,-----,-----,-----,-----,-----,-----,,-----,-----,-----,-----,-----,-----,,-----,-----,-----,-----,제F,도S,,,,,도F,조S,,,,,,,조F,상,,,검,포,출,납,,,,,,,,,,,,,,,,,,,,,,,,,,,,,,,,,,,,,,,,,,,,,,,,,,,,,,,,,,,,,,,,,,,,,,,,,,,,,,,,,,,,,,,,,,,,,,,,,,,,,,,,,,,,,,,,,,,,,,,,,,,,,,,,,,,,,,,,,,,,,,,,,,,,,,,,,,,,,,,,,,,,,,,,,,,,,,,True,DATA_PLAN,,,,plan
649,2,HHI,SCR중,HMDS573,SCR-8,3,2026-04-09 00:00:00,,2,30,,,,6/16->4/9,실행,D 청림,46035,46036,46037,46052,46051,46055,46072,46086,,2026-03-16 00:00:00,,,,,,,,,D 청림,3,4,,,,,,,,,,,,,,,,,,,,,,,,,,,,,,,,,,,,,,,,,,,,,,,,,,,,,,,,,,,,,,,,,,,,,,,,,,,,,,,,,,,,,,,,,,,,,,,,,,,,,,,,,,,,,,,,,,,,,,,,,,,,,,,,,,,,,,,,,,,,,,,,,,,,,,,,,,,,,,,,,,,,,,,,,,,,,,,,,,,,,,,,,,,,,,,,,,,,,,,,,,,,,,,,,,,,,,,,,,,,,,,,,,,,,,,,,,,,,,,,,,,,,,,,,,,,,,,,,,,,,,,,,,,,,,,,,,,,,,True,DATA_ACTUAL,,,,actual
649,3,HHI,SCR중,HMDS573,SCR-8,3,2026-04-09 00:00:00,,2,30,,,,,D 청림,D 청림,8,9,11,13,28,24,21,14,-,,,,,,,,,,D 청림,3,4,,,실적,,46035,,46036,,46037,,46052,,46052,,46055,,,,46086,,,,46097,,,,0,,0,,0,,0,,0,,,,,,,,,,,,,,,,,,,,,,,,,,,,,,,,,,,,,,,,,,,,,,,,,,,,,,,,,,,,,,,,,,,,,,,,,,,,,,,,,,,,,,,,,,,,,,,,,,,,,,,,,,,,,,,,,,,,,,,,,,,,,,,,,,,,,,,,,,,,,,,,,,,,,,,,,,,,,,,,,,,,,,,,,,,,,,,,,,,,,,,,,,,,,,,,,,,,,,,,,,,,,,,,,,,,,,,,,,,,,,,,,,,,,,,,,,,,,,,,,,,False,STRUCTURAL,비데이터 행,,,unknown
649,4,HHI,SCR중,HMDS573,SCR-8,3,2026-04-09 00:00:00,,2,30,,,,,취부,,0,,,,,,,,,,,,,,,,,,D 청림,3,4,,,LOAD,,,,,,,,,,,,,,,,,,,,,,,,,,,,,,,,,,,,,,,,,,,,,,,,,,,,,,,,,,,,,,,,,,,,,,,,,,,,,,,,,,,,,,,,,,,,,,,,,,,,,,,,,,,,,,,,,,,,,,,,,,,,,,,,,,,,,,,,,,,,,,,,,,,,,,,,,,,,,,,,,,,,,,,,,,,,,,,,,,,,,,,,,,,,,,,,,,,,,,,,,,,,,,,,,,,,,,,,,,,,,,,,,,,,,,,,,,,,,,,,,,,,,,,,,,,,,,,,,,,,,,,,,,,,,,,,,,,False,STRUCTURAL,비데이터 행,,,unknown
649,5,HHI,SCR중,HMDS573,SCR-8,3,2026-04-09 00:00:00,,2,30,,,,,용접,,0,,,,,,,,,,,,,,,,,,D 청림,3,4,,,,,,,,,,,,,,,,,,,,,,,,,,,,,,,,,,,,,,,,,,,,,,,,,,,,,,,,,,,,,,,,,,,,,,,,,,,,,,,,,,,,,,,,,,,,,,,,,,,,,,,,,,,,,,,,,,,,,,,,,,,,,,,,,,,,,,,,,,,,,,,,,,,,,,,,,,,,,,,,,,,,,,,,,,,,,,,,,,,,,,,,,,,,,,,,,,,,,,,,,,,,,,,,,,,,,,,,,,,,,,,,,,,,,,,,,,,,,,,,,,,,,,,,,,,,,,,,,,,,,,,,,,,,,,,,,,,,,,False,STRUCTURAL,비데이터 행,,,unknown
649,6,HHI,SCR중,HMDS573,SCR-8,3,2026-04-09 00:00:00,,2,30,,,,,조립,,6,,,,,,,,,,,,,,,,,,D 청림,3,4,,,,,,,,,,,,,,,,,,,,,,,,,,,,,,,,,,,,,,,,,,,,,,,,,,,,,,,,,,,,,,,,,,,,,,,,,,,,,,,,,,,,,,,,,,2,2.0,,2,,,,,,,,,,,,,,,,,,,,,,,,,,,,,,,,,,,,,,,,,,,,,,,,,,,,,,,,,,,,,,,,,,,,,,,,,,,,,,,,,,,,,,,,,,,,,,,,,,,,,,,,,,,,,,,,,,,,,,,,,,,,,,,,,,,,,,,,,,,,,,,,,,,,,,,,,,,,,,,,,,,,,,,,,,,,,,,,,,,,,,,,,False,STRUCTURAL,비데이터 행,,,unknown
649,7,HHI,SCR중,HMDS573,SCR-8,3,2026-04-09 00:00:00,,2,30,,,,,사상,,0,,,,,,,,,,,,,,,,,,D 청림,3,4,,,,,,,,,,,,,,,,,,,,,,,,,,,,,,,,,,,,,,,,,,,,,,,,,,,,,,,,,,,,,,,,,,,,,,,,,,,,,,,,,,,,,,,,,,,,,,,,,,,,,,,,,,,,,,,,,,,,,,,,,,,,,,,,,,,,,,,,,,,,,,,,,,,,,,,,,,,,,,,,,,,,,,,,,,,,,,,,,,,,,,,,,,,,,,,,,,,,,,,,,,,,,,,,,,,,,,,,,,,,,,,,,,,,,,,,,,,,,,,,,,,,,,,,,,,,,,,,,,,,,,,,,,,,,,,,,,,,,,False,STRUCTURAL,비데이터 행,,,unknown
649,9,HHI,SCR중,HMDS573,SCR-8,3,2026-04-09 00:00:00,,2,30,,,,미정->청림,실적,,,,,,,,,,,,,,,,,,,,D 청림,3,4,,,,,,,,,,,,,,,,,,,,,,,,,,,,,,,,,,,,,,,,,,,,,,,,,,,,,,,,,,,,,,,,,,,,,,,,,,,,,,,,,,,,,,,,,,,,,,,,,,,,,,,,,,,,,,,,,,,,,,,,,,,,,,,,,,,,,,,,,,,,,,,,,,,,,,,,,,,,,,,,,,,,,,,,,,,,,,,,,,,,,,,,,,,,,,,,,,,,,,,,,,,,,,,,,,,,,,,,,,,,,,,,,,,,,,,,,,,,,,,,,,,,,,,,,,,,,,,,,,,,,,,,,,,,,,,,,,,,,,False,STRUCTURAL,비데이터 행,,,unknown
650,1,BHI,VS,공주 HRSG,VS-5,8,2026-04-10 00:00:00,46093,5,60,,,,,일자,H 남민테크,46028,46035,46038,46052,46064,46064,46083,46093,-,2026-03-19 00:00:00,46112,46114,46118,2026-04-08 00:00:00,46121,1,,,H 남민테크,3,4,,,계획,46028,,46035,,46038,,46052,,46055,,46064,,46063,,46093,,46090,,46100,,46097,,46112,,46114,,46118,,46120,,46121,,,가S,,,,,,,,제S,가F,-----,-----,-----,-----,-----,-----,-----,-----,-----,-----,-----,-----,-----,-----,-----,-----,-----,-----,-----,-----,-----,-----,-----,,-----,도S,-----,-----,제F,,,,조S,,,도F,,-----,,,,,,,,,,조F,,상,,,,검,,포,출,납,,,,,,,,,,,,,,,,,,,,,,,,,,,,,,,,,,,,,,,,,,,,,,,,,,,,,,,,,,,,,,,,,,,,,,,,,,,,,,,,,,,,,,,,,,,,,,,,,,,,,,,,,,,,,,,,,,,,,,,,,,,,,,,,,,,,,,,,,,,,,,,,,,,,,,,,,,,,,,,,,,,,,,,,,,,,,,True,DATA_PLAN,,,,plan
650,2,BHI,VS,공주 HRSG,VS-5,8,2026-04-10 00:00:00,,5,60,,,,12/2->2/2->2/20→4/10,실행,H 남민테크,45968,45979,45922,45935,46001,46001,46034,46037,,2026-02-04 00:00:00,46077,46079,46080,2026-02-28 00:00:00,46084,,,,H 남민테크,3,4,,,,,,,,,,,,,,,,,,,,,,,,,,,,,,,,,,,,,,,,,,,,,,,,,,,,,,,,,,,,,,,,,,,,,,,,,,,,,,,,,,,,,,,,,,,,,,,,,,,,,,,,,,,,,,,,,,,,,,,,,,,,,,,,,,,,,,,,,,,,,,,,,,,,,,,,,,,,,,,,,,,,,,,,,,,,,,,,,,,,,,,,,,,,,,,,,,,,,,,,,,,,,,,,,,,,,,,,,,,,,,,,,,,,,,,,,,,,,,,,,,,,,,,,,,,,,,,,,,,,,,,,,,,,,,,,,,,,,,True,DATA_ACTUAL,,,,actual
650,3,BHI,VS,공주 HRSG,VS-5,8,2026-04-10 00:00:00,,5,60,,,,,H 남민테크,H 남민테크,60,56,116,117,63,63,49,56,-,,35,35,38,,37,,,,H 남민테크,3,4,,,실적,,45968,,45979,,45922,,45935,,,,46001,,,,46037,,,,46057,,,,46077,,46079,,46080,,46081,,46084,,,,,,,,,,,,,,,,,,,,,,,,,,,,,,,,,,,,,,,,,,,,,,,,,,,,,,,,,,,,,,,,,,,,,,,,,,,,,,,,,,,,,,,,,,,,,,,,,,,,,,,,,,,,,,,,,,,,,,,,,,,,,,,,,,,,,,,,,,,,,,,,,,,,,,,,,,,,,,,,,,,,,,,,,,,,,,,,,,,,,,,,,,,,,,,,,,,,,,,,,,,,,,,,,,,,,,,,,,,,,,,,,,,,,,,,,,,,,,,,,,,False,STRUCTURAL,비데이터 행,,,unknown
650,4,BHI,VS,공주 HRSG,VS-5,8,2026-04-10 00:00:00,,5,60,,,,,취부,,10,,,,,,,,,,,,,,,,,,H 남민테크,3,4,,,LOAD,,,,,,,,,,,,,,,,,,,,,,,,,,,,,,,,,,,,,,,,,3,2,2,2,1,,,,,,,,,,,,,,,,,,,,,,,,,,,,,,,,,,,,,,,,,,,,,,,,,,,,,,,,,,,,,,,,,,,,,,,,,,,,,,,,,,,,,,,,,,,,,,,,,,,,,,,,,,,,,,,,,,,,,,,,,,,,,,,,,,,,,,,,,,,,,,,,,,,,,,,,,,,,,,,,,,,,,,,,,,,,,,,,,,,,,,,,,,,,,,,,,,,,,,,,,,,,,,,,,,,,,,,,,,,,,,,,,,,,,,False,STRUCTURAL,비데이터 행,,,unknown
650,5,BHI,VS,공주 HRSG,VS-5,8,2026-04-10 00:00:00,,5,60,,,,,용접,,13,,,,,,,,,,,,,,,,,,H 남민테크,3,4,,,,,,,,,,,,,,,,,,,,,,,,,,,,,,,,,,,,,1,1,,,,,,3,2,2,2,1,,,,,,1,,,,,,,,,,,,,,,,,,,,,,,,,,,,,,,,,,,,,,,,,,,,,,,,,,,,,,,,,,,,,,,,,,,,,,,,,,,,,,,,,,,,,,,,,,,,,,,,,,,,,,,,,,,,,,,,,,,,,,,,,,,,,,,,,,,,,,,,,,,,,,,,,,,,,,,,,,,,,,,,,,,,,,,,,,,,,,,,,,,,,,,,,,,,,,,,,,,,,,,,,,,,,,,,,,,,,,,,,,,,,,,,False,STRUCTURAL,비데이터 행,,,unknown
650,6,BHI,VS,공주 HRSG,VS-5,8,2026-04-10 00:00:00,,5,60,,,,,조립,,15,,,,,,,,,,,,,,,,,,H 남민테크,3,4,,,,,,,,,,,,,,,,,,,,,,,,,,,,,,,,,,,,,1,1,1,,,,,3,2,2,2,1,,,,,,1,1,,,,,,,,,,,,,,,,,,,,,,,,,,,,,,,,,,,,,,,,,,,,,,,,,,,,,,,,,,,,,,,,,,,,,,,,,,,,,,,,,,,,,,,,,,,,,,,,,,,,,,,,,,,,,,,,,,,,,,,,,,,,,,,,,,,,,,,,,,,,,,,,,,,,,,,,,,,,,,,,,,,,,,,,,,,,,,,,,,,,,,,,,,,,,,,,,,,,,,,,,,,,,,,,,,,,,,,,,,,,,,,False,STRUCTURAL,비데이터 행,,,unknown
650,7,BHI,VS,공주 HRSG,VS-5,8,2026-04-10 00:00:00,,5,60,,,,,사상,,17,,,,,,,,,,,,,,,,,,H 남민테크,3,4,,,,,,,,,,,,,,,,,,,,,,,,,,,,,,,,,,,,,1,1,1,1,,,,3,2,2,2,1,,,,,,1,1,1,,,,,,,,,,,,,,,,,,,,,,,,,,,,,,,,,,,,,,,,,,,,,,,,,,,,,,,,,,,,,,,,,,,,,,,,,,,,,,,,,,,,,,,,,,,,,,,,,,,,,,,,,,,,,,,,,,,,,,,,,,,,,,,,,,,,,,,,,,,,,,,,,,,,,,,,,,,,,,,,,,,,,,,,,,,,,,,,,,,,,,,,,,,,,,,,,,,,,,,,,,,,,,,,,,,,,,,,,,,,,,False,STRUCTURAL,비데이터 행,,,unknown
650,9,BHI,VS,공주 HRSG,VS-5,8,2026-04-10 00:00:00,,5,60,,,,,실적,,,,,,,,,,,,,,,,,,,,H 남민테크,3,4,,,,,,,,,,,,,,,,,,,,,,,,,,,,,,,,,,,,,,,,,,,,,,,,,,,,,,,,,,,,,,,,,,,,,,,,,,,,,,,,,,,,,,,,,,,,,,,,,,,,,,,,,,,,,,,,,,,,,,,,,,,,,,,,,,,,,,,,,,,,,,,,,,,,,,,,,,,,,,,,,,,,,,,,,,,,,,,,,,,,,,,,,,,,,,,,,,,,,,,,,,,,,,,,,,,,,,,,,,,,,,,,,,,,,,,,,,,,,,,,,,,,,,,,,,,,,,,,,,,,,,,,,,,,,,,,,,,,,,False,STRUCTURAL,비데이터 행,,,unknown
651,1,HHI,SCR중,SH8322,SCR-8,3,2026-04-10 00:00:00,46101,3,30,,,,3X3,일자,C 에이스,46044,46048,46049,46066,46080,46080,46095,46101,-,2026-03-26 00:00:00,46115,46118,46119,2026-04-08 00:00:00,46121,0.7,,,C 에이스,3,4,,,계획,46044,,46048,,46049,,46066,,46072,,46080,,46084,,46101,,46104,,46107,,46108,,46115,,46118,,46119,,46120,,46121,,,,,,,,,,,,,,발F,,,,,,가S,,,,,,,,가F,,,,제S,-----,-----,-----,,-----,-----,-----,-----,-----,-----,,-----,-----,-----,-----,-----,제F,,,도S,,,도F,조S,,,,,,,조F,,,상,검,포,출,납,,,,,,,,,,,,,,,,,,,,,,,,,,,,,,,,,,,,,,,,,,,,,,,,,,,,,,,,,,,,,,,,,,,,,,,,,,,,,,,,,,,,,,,,,,,,,,,,,,,,,,,,,,,,,,,,,,,,,,,,,,,,,,,,,,,,,,,,,,,,,,,,,,,,,,,,,,,,,,,,,,,,,,,,,,,,,,True,DATA_PLAN,,,,plan
651,2,HHI,SCR중,SH8322,SCR-8,3,2026-04-10 00:00:00,,3,30,,,,,실행,C 에이스,46028,46028,46035,46043,46052,46045,46072,46077,,2026-02-27 00:00:00,,,,,,,,,C 에이스,3,4,,,,,,,,,,,,,,,,,,,,,,,,,,,,,,,,,,,,,,,,,,,,,,,,,,,,,,,,,,,,,,,,,,,,,,,,,,,,,,,,,,,,,,,,,,,,,,,,,,,,,,,,,,,,,,,,,,,,,,,,,,,,,,,,,,,,,,,,,,,,,,,,,,,,,,,,,,,,,,,,,,,,,,,,,,,,,,,,,,,,,,,,,,,,,,,,,,,,,,,,,,,,,,,,,,,,,,,,,,,,,,,,,,,,,,,,,,,,,,,,,,,,,,,,,,,,,,,,,,,,,,,,,,,,,,,,,,,,,,True,DATA_ACTUAL,,,,actual
651,3,HHI,SCR중,SH8322,SCR-8,3,2026-04-10 00:00:00,,3,30,,,,,C 에이스,C 에이스,16,20,14,23,28,35,23,24,-,,,,,,,,,,C 에이스,3,4,,,실적,,46028,,46028,,46035,,46043,,46043,,46045,,,,46077,,,,46080,,,,0,,0,,0,,0,,0,,,,,,,,,,,,,,,,,,,,,,,,,,,,,,,,,,,,,,,,,,,,,,,,,,,,,,,,,,,,,,,,,,,,,,,,,,,,,,,,,,,,,,,,,,,,,,,,,,,,,,,,,,,,,,,,,,,,,,,,,,,,,,,,,,,,,,,,,,,,,,,,,,,,,,,,,,,,,,,,,,,,,,,,,,,,,,,,,,,,,,,,,,,,,,,,,,,,,,,,,,,,,,,,,,,,,,,,,,,,,,,,,,,,,,,,,,,,,,,,,,,False,STRUCTURAL,비데이터 행,,,unknown
651,4,HHI,SCR중,SH8322,SCR-8,3,2026-04-10 00:00:00,,3,30,,,,,취부,,0,,,,,,,,,,,,,,,,,,C 에이스,3,4,,,LOAD,,,,,,,,,,,,,,,,,,,,,,,,,,,,,,,,,,,,,,,,,,,,,,,,,,,,,,,,,,,,,,,,,,,,,,,,,,,,,,,,,,,,,,,,,,,,,,,,,,,,,,,,,,,,,,,,,,,,,,,,,,,,,,,,,,,,,,,,,,,,,,,,,,,,,,,,,,,,,,,,,,,,,,,,,,,,,,,,,,,,,,,,,,,,,,,,,,,,,,,,,,,,,,,,,,,,,,,,,,,,,,,,,,,,,,,,,,,,,,,,,,,,,,,,,,,,,,,,,,,,,,,,,,,,,,,,,,,False,STRUCTURAL,비데이터 행,,,unknown
651,5,HHI,SCR중,SH8322,SCR-8,3,2026-04-10 00:00:00,,3,30,,,,,용접,,0,,,,,,,,,,,,,,,,,,C 에이스,3,4,,,,,,,,,,,,,,,,,,,,,,,,,,,,,,,,,,,,,,,,,,,,,,,,,,,,,,,,,,,,,,,,,,,,,,,,,,,,,,,,,,,,,,,,,,,,,,,,,,,,,,,,,,,,,,,,,,,,,,,,,,,,,,,,,,,,,,,,,,,,,,,,,,,,,,,,,,,,,,,,,,,,,,,,,,,,,,,,,,,,,,,,,,,,,,,,,,,,,,,,,,,,,,,,,,,,,,,,,,,,,,,,,,,,,,,,,,,,,,,,,,,,,,,,,,,,,,,,,,,,,,,,,,,,,,,,,,,,,,False,STRUCTURAL,비데이터 행,,,unknown
651,6,HHI,SCR중,SH8322,SCR-8,3,2026-04-10 00:00:00,,3,30,,,,,조립,,4,,,,,,,,,,,,,,,,,,C 에이스,3,4,,,,,,,,,,,,,,,,,,,,,,,,,,,,,,,,,,,,,,,,,,,,,,,,,,,,,,,,,,,,,,,,,,,,,,,,,,,,,,,,,,,,,,,,,,,,,,,,2,2,,,,,,,,,,,,,,,,,,,,,,,,,,,,,,,,,,,,,,,,,,,,,,,,,,,,,,,,,,,,,,,,,,,,,,,,,,,,,,,,,,,,,,,,,,,,,,,,,,,,,,,,,,,,,,,,,,,,,,,,,,,,,,,,,,,,,,,,,,,,,,,,,,,,,,,,,,,,,,,,,,,,,,,,,,,,,,,,,,,,,False,STRUCTURAL,비데이터 행,,,unknown
651,7,HHI,SCR중,SH8322,SCR-8,3,2026-04-10 00:00:00,,3,30,,,,,사상,,0,,,,,,,,,,,,,,,,,,C 에이스,3,4,,,,,,,,,,,,,,,,,,,,,,,,,,,,,,,,,,,,,,,,,,,,,,,,,,,,,,,,,,,,,,,,,,,,,,,,,,,,,,,,,,,,,,,,,,,,,,,,,,,,,,,,,,,,,,,,,,,,,,,,,,,,,,,,,,,,,,,,,,,,,,,,,,,,,,,,,,,,,,,,,,,,,,,,,,,,,,,,,,,,,,,,,,,,,,,,,,,,,,,,,,,,,,,,,,,,,,,,,,,,,,,,,,,,,,,,,,,,,,,,,,,,,,,,,,,,,,,,,,,,,,,,,,,,,,,,,,,,,,False,STRUCTURAL,비데이터 행,,,unknown
651,9,HHI,SCR중,SH8322,SCR-8,3,2026-04-10 00:00:00,,3,30,,,,,실적,,,,,,,,,,,,,,,,,,,,C 에이스,3,4,,,,,,,,,,,,,,,,,,,,,,,,,,,,,,,,,,,,,,,,,,,,,,,,,,,,,,,,,,,,,,,,,,,,,,,,,,,,,,,,,,,,,,,,,,,,,,,,,,,,,,,,,,,,,,,,,,,,,,,,,,,,,,,,,,,,,,,,,,,,,,,,,,,,,,,,,,,,,,,,,,,,,,,,,,,,,,,,,,,,,,,,,,,,,,,,,,,,,,,,,,,,,,,,,,,,,,,,,,,,,,,,,,,,,,,,,,,,,,,,,,,,,,,,,,,,,,,,,,,,,,,,,,,,,,,,,,,,,,False,STRUCTURAL,비데이터 행,,,unknown
652,1,HHI,SCR중,3524,SCR-8,3,2026-04-10 00:00:00,46101,1,20,,전기,X,3X3,일자,D 청림,46044,46048,46049,46066,46080,46080,46095,46101,-,2026-03-26 00:00:00,46115,46118,46119,2026-04-08 00:00:00,46121,0.7,,,D 청림,3,4,,,계획,46044,,46048,,46049,,46066,,46072,,46080,,46084,,46101,,46104,,46107,,46108,,46115,,46118,,46119,,46120,,46121,,,,,,,,,,,,,,발F,,,,,,가S,,,,,,,,가F,,,,제S,-----,-----,-----,,-----,-----,-----,-----,-----,-----,,-----,-----,-----,-----,-----,제F,,,도S,,,도F,조S,,,,,,,조F,,,상,검,포,출,납,,,,,,,,,,,,,,,,,,,,,,,,,,,,,,,,,,,,,,,,,,,,,,,,,,,,,,,,,,,,,,,,,,,,,,,,,,,,,,,,,,,,,,,,,,,,,,,,,,,,,,,,,,,,,,,,,,,,,,,,,,,,,,,,,,,,,,,,,,,,,,,,,,,,,,,,,,,,,,,,,,,,,,,,,,,,,,True,DATA_PLAN,,,,plan
652,2,HHI,SCR중,3524,SCR-8,3,2026-04-10 00:00:00,,1,20,,,,,실행,D 청림,46028,46028,46031,46042,46051,46044,46094,46098,,2026-03-23 00:00:00,,,,,,,,,D 청림,3,4,,,,,,,,,,,,,,,,,,,,,,,,,,,,,,,,,,,,,,,,,,,,,,,,,,,,,,,,,,,,,,,,,,,,,,,,,,,,,,,,,,,,,,,,,,,,,,,,,,,,,,,,,,,,,,,,,,,,,,,,,,,,,,,,,,,,,,,,,,,,,,,,,,,,,,,,,,,,,,,,,,,,,,,,,,,,,,,,,,,,,,,,,,,,,,,,,,,,,,,,,,,,,,,,,,,,,,,,,,,,,,,,,,,,,,,,,,,,,,,,,,,,,,,,,,,,,,,,,,,,,,,,,,,,,,,,,,,,,,True,DATA_ACTUAL,,,,actual
652,3,HHI,SCR중,3524,SCR-8,3,2026-04-10 00:00:00,,1,20,,,,,D 청림,D 청림,16,20,18,24,29,36,1,3,-,,,,,,,,,,D 청림,3,4,,,실적,,46028,,46028,,46031,,46042,,46042,,46044,,,,46098,,,,46104,,,,0,,0,,0,,0,,0,,,,,,,,,,,,,,,,,,,,,,,,,,,,,,,,,,,,,,,,,,,,,,,,,,,,,,,,,,,,,,,,,,,,,,,,,,,,,,,,,,,,,,,,,,,,,,,,,,,,,,,,,,,,,,,,,,,,,,,,,,,,,,,,,,,,,,,,,,,,,,,,,,,,,,,,,,,,,,,,,,,,,,,,,,,,,,,,,,,,,,,,,,,,,,,,,,,,,,,,,,,,,,,,,,,,,,,,,,,,,,,,,,,,,,,,,,,,,,,,,,,False,STRUCTURAL,비데이터 행,,,unknown
652,4,HHI,SCR중,3524,SCR-8,3,2026-04-10 00:00:00,,1,20,,,,,취부,,0,,,,,,,,,,,,,,,,,,D 청림,3,4,,,LOAD,,,,,,,,,,,,,,,,,,,,,,,,,,,,,,,,,,,,,,,,,,,,,,,,,,,,,,,,,,,,,,,,,,,,,,,,,,,,,,,,,,,,,,,,,,,,,,,,,,,,,,,,,,,,,,,,,,,,,,,,,,,,,,,,,,,,,,,,,,,,,,,,,,,,,,,,,,,,,,,,,,,,,,,,,,,,,,,,,,,,,,,,,,,,,,,,,,,,,,,,,,,,,,,,,,,,,,,,,,,,,,,,,,,,,,,,,,,,,,,,,,,,,,,,,,,,,,,,,,,,,,,,,,,,,,,,,,,False,STRUCTURAL,비데이터 행,,,unknown
652,5,HHI,SCR중,3524,SCR-8,3,2026-04-10 00:00:00,,1,20,,,,,용접,,0,,,,,,,,,,,,,,,,,,D 청림,3,4,,,,,,,,,,,,,,,,,,,,,,,,,,,,,,,,,,,,,,,,,,,,,,,,,,,,,,,,,,,,,,,,,,,,,,,,,,,,,,,,,,,,,,,,,,,,,,,,,,,,,,,,,,,,,,,,,,,,,,,,,,,,,,,,,,,,,,,,,,,,,,,,,,,,,,,,,,,,,,,,,,,,,,,,,,,,,,,,,,,,,,,,,,,,,,,,,,,,,,,,,,,,,,,,,,,,,,,,,,,,,,,,,,,,,,,,,,,,,,,,,,,,,,,,,,,,,,,,,,,,,,,,,,,,,,,,,,,,,,False,STRUCTURAL,비데이터 행,,,unknown
652,6,HHI,SCR중,3524,SCR-8,3,2026-04-10 00:00:00,,1,20,,,,,조립,,6,,,,,,,,,,,,,,,,,,D 청림,3,4,,,,,,,,,,,,,,,,,,,,,,,,,,,,,,,,,,,,,,,,,,,,,,,,,,,,,,,,,,,,,,,,,,,,,,,,,,,,,,,,,,,,,,,,,,,,,,,2,2,2,,,,,,,,,,,,,,,,,,,,,,,,,,,,,,,,,,,,,,,,,,,,,,,,,,,,,,,,,,,,,,,,,,,,,,,,,,,,,,,,,,,,,,,,,,,,,,,,,,,,,,,,,,,,,,,,,,,,,,,,,,,,,,,,,,,,,,,,,,,,,,,,,,,,,,,,,,,,,,,,,,,,,,,,,,,,,,,,,,,,,False,STRUCTURAL,비데이터 행,,,unknown
652,7,HHI,SCR중,3524,SCR-8,3,2026-04-10 00:00:00,,1,20,,,,3/12->4/14,사상,,0,,,,,,,,,,,,,,,,,,D 청림,3,4,,,,,,,,,,,,,,,,,,,,,,,,,,,,,,,,,,,,,,,,,,,,,,,,,,,,,,,,,,,,,,,,,,,,,,,,,,,,,,,,,,,,,,,,,,,,,,,,,,,,,,,,,,,,,,,,,,,,,,,,,,,,,,,,,,,,,,,,,,,,,,,,,,,,,,,,,,,,,,,,,,,,,,,,,,,,,,,,,,,,,,,,,,,,,,,,,,,,,,,,,,,,,,,,,,,,,,,,,,,,,,,,,,,,,,,,,,,,,,,,,,,,,,,,,,,,,,,,,,,,,,,,,,,,,,,,,,,,,,False,STRUCTURAL,비데이터 행,,,unknown
652,9,HHI,SCR중,3524,SCR-8,3,2026-04-10 00:00:00,,1,20,,,,4/14->4/10,실적,,,,,,,,,,,,,,,,,,,,D 청림,3,4,,,,,,,,,,,,,,,,,,,,,,,,,,,,,,,,,,,,,,,,,,,,,,,,,,,,,,,,,,,,,,,,,,,,,,,,,,,,,,,,,,,,,,,,,,,,,,,,,,,,,,,,,,,,,,,,,,,,,,,,,,,,,,,,,,,,,,,,,,,,,,,,,,,,,,,,,,,,,,,,,,,,,,,,,,,,,,,,,,,,,,,,,,,,,,,,,,,,,,,,,,,,,,,,,,,,,,,,,,,,,,,,,,,,,,,,,,,,,,,,,,,,,,,,,,,,,,,,,,,,,,,,,,,,,,,,,,,,,,False,STRUCTURAL,비데이터 행,,,unknown
653,1,HHI,SCR중,2307,SCR-8,3,2026-04-10 00:00:00,46101,1,30,,,,4X4(B),일자,D 청림,46044,46048,46049,46066,46080,46080,46095,46101,-,2026-03-26 00:00:00,46115,46118,46119,2026-04-08 00:00:00,46121,0.7,,,D 청림,3,4,,,계획,46044,,46048,,46049,,46066,,46072,,46080,,46084,,46101,,46104,,46107,,46108,,46115,,46118,,46119,,46120,,46121,,,,,,,,,,,,,,발F,,,,,,가S,,,,,,,,가F,,,,제S,-----,-----,-----,,-----,-----,-----,-----,-----,-----,,-----,-----,-----,-----,-----,제F,,,도S,,,도F,조S,,,,,,,조F,,,상,검,포,출,납,,,,,,,,,,,,,,,,,,,,,,,,,,,,,,,,,,,,,,,,,,,,,,,,,,,,,,,,,,,,,,,,,,,,,,,,,,,,,,,,,,,,,,,,,,,,,,,,,,,,,,,,,,,,,,,,,,,,,,,,,,,,,,,,,,,,,,,,,,,,,,,,,,,,,,,,,,,,,,,,,,,,,,,,,,,,,,True,DATA_PLAN,,,,plan
653,2,HHI,SCR중,2307,SCR-8,3,2026-04-10 00:00:00,,1,30,,,,4/21->4/10,실행,D 청림,46045,46056,46056,46080,46079,46085,46093,46105,,2026-03-26 00:00:00,,,,,,,,,D 청림,3,4,,,,,,,,,,,,,,,,,,,,,,,,,,,,,,,,,,,,,,,,,,,,,,,,,,,,,,,,,,,,,,,,,,,,,,,,,,,,,,,,,,,,,,,,,,,,,,,,,,,,,,,,,,,,,,,,,,,,,,,,,,,,,,,,,,,,,,,,,,,,,,,,,,,,,,,,,,,,,,,,,,,,,,,,,,,,,,,,,,,,,,,,,,,,,,,,,,,,,,,,,,,,,,,,,,,,,,,,,,,,,,,,,,,,,,,,,,,,,,,,,,,,,,,,,,,,,,,,,,,,,,,,,,,,,,,,,,,,,,True,DATA_ACTUAL,,,,actual
653,3,HHI,SCR중,2307,SCR-8,3,2026-04-10 00:00:00,,1,30,,,,,D 청림,D 청림,-1,-8,-7,-14,1,-5,2,-4,-,,,,,,,,,,D 청림,3,4,,,실적,,46045,,46056,,46056,,46080,,46080,,46085,,,,46105,,,,46107,,,,0,,0,,0,,0,,0,,,,,,,,,,,,,,,,,,,,,,,,,,,,,,,,,,,,,,,,,,,,,,,,,,,,,,,,,,,,,,,,,,,,,,,,,,,,,,,,,,,,,,,,,,,,,,,,,,,,,,,,,,,,,,,,,,,,,,,,,,,,,,,,,,,,,,,,,,,,,,,,,,,,,,,,,,,,,,,,,,,,,,,,,,,,,,,,,,,,,,,,,,,,,,,,,,,,,,,,,,,,,,,,,,,,,,,,,,,,,,,,,,,,,,,,,,,,,,,,,,,False,STRUCTURAL,비데이터 행,,,unknown
653,4,HHI,SCR중,2307,SCR-8,3,2026-04-10 00:00:00,,1,30,,,,,취부,,0,,,,,,,,,,,,,,,,,,D 청림,3,4,,,LOAD,,,,,,,,,,,,,,,,,,,,,,,,,,,,,,,,,,,,,,,,,,,,,,,,,,,,,,,,,,,,,,,,,,,,,,,,,,,,,,,,,,,,,,,,,,,,,,,,,,,,,,,,,,,,,,,,,,,,,,,,,,,,,,,,,,,,,,,,,,,,,,,,,,,,,,,,,,,,,,,,,,,,,,,,,,,,,,,,,,,,,,,,,,,,,,,,,,,,,,,,,,,,,,,,,,,,,,,,,,,,,,,,,,,,,,,,,,,,,,,,,,,,,,,,,,,,,,,,,,,,,,,,,,,,,,,,,,,False,STRUCTURAL,비데이터 행,,,unknown
653,5,HHI,SCR중,2307,SCR-8,3,2026-04-10 00:00:00,,1,30,,,,,용접,,0,,,,,,,,,,,,,,,,,,D 청림,3,4,,,,,,,,,,,,,,,,,,,,,,,,,,,,,,,,,,,,,,,,,,,,,,,,,,,,,,,,,,,,,,,,,,,,,,,,,,,,,,,,,,,,,,,,,,,,,,,,,,,,,,,,,,,,,,,,,,,,,,,,,,,,,,,,,,,,,,,,,,,,,,,,,,,,,,,,,,,,,,,,,,,,,,,,,,,,,,,,,,,,,,,,,,,,,,,,,,,,,,,,,,,,,,,,,,,,,,,,,,,,,,,,,,,,,,,,,,,,,,,,,,,,,,,,,,,,,,,,,,,,,,,,,,,,,,,,,,,,,,False,STRUCTURAL,비데이터 행,,,unknown
653,6,HHI,SCR중,2307,SCR-8,3,2026-04-10 00:00:00,,1,30,,,,,조립,,6,,,,,,,,,,,,,,,,,,D 청림,3,4,,,,,,,,,,,,,,,,,,,,,,,,,,,,,,,,,,,,,,,,,,,,,,,,,,,,,,,,,,,,,,,,,,,,,,,,,,,,,,,,,,,,,,,,,,,,,,,,,,,,,2,2,2,,,,,,,,,,,,,,,,,,,,,,,,,,,,,,,,,,,,,,,,,,,,,,,,,,,,,,,,,,,,,,,,,,,,,,,,,,,,,,,,,,,,,,,,,,,,,,,,,,,,,,,,,,,,,,,,,,,,,,,,,,,,,,,,,,,,,,,,,,,,,,,,,,,,,,,,,,,,,,,,,,,,,,,,,,,,,,,False,STRUCTURAL,비데이터 행,,,unknown
653,7,HHI,SCR중,2307,SCR-8,3,2026-04-10 00:00:00,,1,30,,,,,사상,,0,,,,,,,,,,,,,,,,,,D 청림,3,4,,,,,,,,,,,,,,,,,,,,,,,,,,,,,,,,,,,,,,,,,,,,,,,,,,,,,,,,,,,,,,,,,,,,,,,,,,,,,,,,,,,,,,,,,,,,,,,,,,,,,,,,,,,,,,,,,,,,,,,,,,,,,,,,,,,,,,,,,,,,,,,,,,,,,,,,,,,,,,,,,,,,,,,,,,,,,,,,,,,,,,,,,,,,,,,,,,,,,,,,,,,,,,,,,,,,,,,,,,,,,,,,,,,,,,,,,,,,,,,,,,,,,,,,,,,,,,,,,,,,,,,,,,,,,,,,,,,,,,False,STRUCTURAL,비데이터 행,,,unknown
653,9,HHI,SCR중,2307,SCR-8,3,2026-04-10 00:00:00,,1,30,,,,에이스->청림,실적,,,,,,,,,,,,,,,,,,,,D 청림,3,4,,,,,,,,,,,,,,,,,,,,,,,,,,,,,,,,,,,,,,,,,,,,,,,,,,,,,,,,,,,,,,,,,,,,,,,,,,,,,,,,,,,,,,,,,,,,,,,,,,,,,,,,,,,,,,,,,,,,,,,,,,,,,,,,,,,,,,,,,,,,,,,,,,,,,,,,,,,,,,,,,,,,,,,,,,,,,,,,,,,,,,,,,,,,,,,,,,,,,,,,,,,,,,,,,,,,,,,,,,,,,,,,,,,,,,,,,,,,,,,,,,,,,,,,,,,,,,,,,,,,,,,,,,,,,,,,,,,,,,False,STRUCTURAL,비데이터 행,,,unknown
654,1,BHI,VS,PP12 #3,VS-5,5,2026-04-12 00:00:00,46094,4,50,,,,,일자,C 에이스,46038,46045,46050,46064,46078,46078,46088,46094,-,2026-03-23 00:00:00,46113,46115,46119,2026-04-08 00:00:00,46121,0.98,,,C 에이스,3,4,,,계획,46038,,46045,,46050,,46064,,46065,,46078,,46077,,46094,,46097,,46104,,46101,,46113,,46115,,46119,,46120,,46121,,,,,,,,,,,,발F,가S,,,,,,,,,,,,제S,가F,-----,-----,-----,-----,-----,-----,-----,-----,-----,,-----,-----,-----,-----,-----,제F,,,도S,,,,조S,,,도F,,,,,,,,,조F,,상,,,,검,포,출,,,납,,,,,,,,,,,,,,,,,,,,,,,,,,,,,,,,,,,,,,,,,,,,,,,,,,,,,,,,,,,,,,,,,,,,,,,,,,,,,,,,,,,,,,,,,,,,,,,,,,,,,,,,,,,,,,,,,,,,,,,,,,,,,,,,,,,,,,,,,,,,,,,,,,,,,,,,,,,,,,,,,,,,,,,,,,,,True,DATA_PLAN,,,,plan
654,2,BHI,VS,PP12 #3,VS-5,5,2026-04-12 00:00:00,,4,50,,,,3/1→3/10->4/6→4/12,실행,C 에이스,45954,45960,45958,45974,46003,45986,45996,완료,,완료,완료,46086,46090,2026-03-10 00:00:00,,,,,C 에이스,3,4,,,,,,,,,,,,,,,,,,,,,,,,,,,,,,,,,,,,,,,,,,,,,,,,,,,,,,,,,,,,,,,,,,,,,,,,,,,,,,,,,,,,,,,,,,,,,,,,,,,,,,,,,,,,,,,,,,,,,,,,,,,,,,,,,,,,,,,,,,,,,,,,,,,,,,,,,,,,,,,,,,,,,,,,,,,,,,,,,,,,,,,,,,,,,,,,,,,,,,,,,,,,,,,,,,,,,,,,,,,,,,,,,,,,,,,,,,,,,,,,,,,,,,,,,,,,,,,,,,,,,,,,,,,,,,,,,,,,,,True,DATA_ACTUAL,,,,actual
654,3,BHI,VS,PP12 #3,VS-5,5,2026-04-12 00:00:00,,4,50,,,,,C 에이스,C 에이스,84,85,92,90,75,92,92,,-,,,29,29,,,,,,C 에이스,3,4,,,실적,,45954,,45960,,45958,,45974,,,,45986,,,,완료,,,,완료,,,,완료,,46086,,46090,,46091,,0,,,,,,,,,,,,,,,,,,,,,,,,,,,,,,,,,,,,,,,,,,,,,,,,,,,,,,,,,,,,,,,,,,,,,,,,,,,,,,,,,,,,,,,,,,,,,,,,,,,,,,,,,,,,,,,,,,,,,,,,,,,,,,,,,,,,,,,,,,,,,,,,,,,,,,,,,,,,,,,,,,,,,,,,,,,,,,,,,,,,,,,,,,,,,,,,,,,,,,,,,,,,,,,,,,,,,,,,,,,,,,,,,,,,,,,,,,,,,,,,,,,False,STRUCTURAL,비데이터 행,,,unknown
654,4,BHI,VS,PP12 #3,VS-5,5,2026-04-12 00:00:00,,4,50,,,,,취부,,0,,,,,,,,,,,,,,,,,,C 에이스,3,4,,,LOAD,,,,,,,,,,,,,,,,,,,,,,,,,,,,,,,,,,,,,,,,,,,,,,,,,,,,,,,,,,,,,,,,,,,,,,,,,,,,,,,,,,,,,,,,,,,,,,,,,,,,,,,,,,,,,,,,,,,,,,,,,,,,,,,,,,,,,,,,,,,,,,,,,,,,,,,,,,,,,,,,,,,,,,,,,,,,,,,,,,,,,,,,,,,,,,,,,,,,,,,,,,,,,,,,,,,,,,,,,,,,,,,,,,,,,,,,,,,,,,,,,,,,,,,,,,,,,,,,,,,,,,,,,,,,,,,,,,,False,STRUCTURAL,비데이터 행,,,unknown
654,5,BHI,VS,PP12 #3,VS-5,5,2026-04-12 00:00:00,,4,50,,,,,용접,,0,,,,,,,,,,,,,,,,,,C 에이스,3,4,,,,,,,,,,,,,,,,,,,,,,,,,,,,,,,,,,,,,,,,,,,,,,,,,,,,,,,,,,,,,,,,,,,,,,,,,,,,,,,,,,,,,,,,,,,,,,,,,,,,,,,,,,,,,,,,,,,,,,,,,,,,,,,,,,,,,,,,,,,,,,,,,,,,,,,,,,,,,,,,,,,,,,,,,,,,,,,,,,,,,,,,,,,,,,,,,,,,,,,,,,,,,,,,,,,,,,,,,,,,,,,,,,,,,,,,,,,,,,,,,,,,,,,,,,,,,,,,,,,,,,,,,,,,,,,,,,,,,,False,STRUCTURAL,비데이터 행,,,unknown
654,6,BHI,VS,PP12 #3,VS-5,5,2026-04-12 00:00:00,,4,50,,,,,조립,,0,,,,,,,,,,,,,,,,,,C 에이스,3,4,,,,,,,,,,,,,,,,,,,,,,,,,,,,,,,,,,,,,,,,,,,,,,,,,,,,,,,,,,,,,,,,,,,,,,,,,,,,,,,,,,,,,,,,,,,,,,,,,,,,,,,,,,,,,,,,,,,,,,,,,,,,,,,,,,,,,,,,,,,,,,,,,,,,,,,,,,,,,,,,,,,,,,,,,,,,,,,,,,,,,,,,,,,,,,,,,,,,,,,,,,,,,,,,,,,,,,,,,,,,,,,,,,,,,,,,,,,,,,,,,,,,,,,,,,,,,,,,,,,,,,,,,,,,,,,,,,,,,,False,STRUCTURAL,비데이터 행,,,unknown
654,7,BHI,VS,PP12 #3,VS-5,5,2026-04-12 00:00:00,,4,50,,,,,사상,,0,,,,,,,,,,,,,,,,,,C 에이스,3,4,,,,,,,,,,,,,,,,,,,,,,,,,,,,,,,,,,,,,,,,,,,,,,,,,,,,,,,,,,,,,,,,,,,,,,,,,,,,,,,,,,,,,,,,,,,,,,,,,,,,,,,,,,,,,,,,,,,,,,,,,,,,,,,,,,,,,,,,,,,,,,,,,,,,,,,,,,,,,,,,,,,,,,,,,,,,,,,,,,,,,,,,,,,,,,,,,,,,,,,,,,,,,,,,,,,,,,,,,,,,,,,,,,,,,,,,,,,,,,,,,,,,,,,,,,,,,,,,,,,,,,,,,,,,,,,,,,,,,,False,STRUCTURAL,비데이터 행,,,unknown
654,9,BHI,VS,PP12 #3,VS-5,5,2026-04-12 00:00:00,,4,50,,,,,실적,,,,,,,,,,,,,,,,,,,,C 에이스,3,4,,,,,,,,,,,,,,,,,,,,,,,,,,,,,,,,,,,,,,,,,,,,,,,,,,,,,,,,,,,,,,,,,,,,,,,,,,,,,,,,,,,,,,,,,,,,,,,,,,,,,,,,,,,,,,,,,,,,,,,,,,,,,,,,,,,,,,,,,,,,,,,,,,,,,,,,,,,,,,,,,,,,,,,,,,,,,,,,,,,,,,,,,,,,,,,,,,,,,,,,,,,,,,,,,,,,,,,,,,,,,,,,,,,,,,,,,,,,,,,,,,,,,,,,,,,,,,,,,,,,,,,,,,,,,,,,,,,,,,False,STRUCTURAL,비데이터 행,,,unknown
655,1,HHI,GV,H3495,VS-2,1,2026-04-13 00:00:00,46105,1,50,,,,,일자,E 케이테크,46058,46062,46063,46080,46092,46092,46101,46105,-,2026-03-27 00:00:00,46115,46118,46120,2026-04-09 00:00:00,46122,0.95,,,E 케이테크,3,4,,,계획,46058,,46062,,46063,,46080,,46084,,46092,,46093,,46105,,46106,,46108,,46111,,46115,,46118,,46120,,46121,,46122,,,,,,D,,,,K,발S,,,,,,,,,,,,,,,,,발F,,,,가S,,,,,,,,가F,제S,-----,,-----,-----,-----,-----,-----,-----,,-----,-----,제F,도S,,도F,,,조S,,,,조F,,,상,,검,포,출,,,납,,,,,,,,,,,,,,,,,,,,,,,,,,,,,,,,,,,,,,,,,,,,,,,,,,,,,,,,,,,,,,,,,,,,,,,,,,,,,,,,,,,,,,,,,,,,,,,,,,,,,,,,,,,,,,,,,,,,,,,,,,,,,,,,,,,,,,,,,,,,,,,,,,,,,,,,,,,,,,,,,,,,,,,,,,,True,DATA_PLAN,,,,plan
655,2,HHI,GV,H3495,VS-2,1,2026-04-13 00:00:00,,1,50,,,,,실행,E 케이테크,45917,45924,46056,46056,46066,46070,46084,46092,,2026-03-16 00:00:00,46107,46108,46111,,,,,,E 케이테크,3,4,,,,,,,,,,,,,,,,,,,,,,,,,,,,,,,,,,,,,,,,,,,,,,,,,,,,,,,,,,,,,,,,,,,,,,,,,,,,,,,,,,,,,,,,,,,,,,,,,,,,,,,,,,,,,,,,,,,,,,,,,,,,,,,,,,,,,,,,,,,,,,,,,,,,,,,,,,,,,,,,,,,,,,,,,,,,,,,,,,,,,,,,,,,,,,,,,,,,,,,,,,,,,,,,,,,,,,,,,,,,,,,,,,,,,,,,,,,,,,,,,,,,,,,,,,,,,,,,,,,,,,,,,,,,,,,,,,,,,,True,DATA_ACTUAL,,,,actual
655,3,HHI,GV,H3495,VS-2,1,2026-04-13 00:00:00,,1,50,,,,,E 케이테크,E 케이테크,141,138,7,24,26,22,17,13,-,,8,10,9,,,,,,E 케이테크,3,4,,,실적,,45917,,45924,,46056,,46056,,,,46070,,,,46092,,,,46097,,,,46107,,46108,,46111,,0,,0,,,,,,,,,,,,,,,,,,,,,,,,,,,,,,,,,,,,,,,,,,,,,,,,,,,,,,,,,,,,,,,,,,,,,,,,,,,,,,,,,,,,,,,,,,,,,,,,,,,,,,,,,,,,,,,,,,,,,,,,,,,,,,,,,,,,,,,,,,,,,,,,,,,,,,,,,,,,,,,,,,,,,,,,,,,,,,,,,,,,,,,,,,,,,,,,,,,,,,,,,,,,,,,,,,,,,,,,,,,,,,,,,,,,,,,,,,,,,,,,,,,False,STRUCTURAL,비데이터 행,,,unknown
655,4,HHI,GV,H3495,VS-2,1,2026-04-13 00:00:00,,1,50,,,,,취부,,5,,,,,,,,,,,,,,,,,,E 케이테크,3,4,,,LOAD,,,,,,,,,,,,,,,,,,,,,,,,,,,,,,,,,,,,,,,,,,,,,,,,,,,,,,,,,,,,,,,,,,,,,,,,,,,,,,,,,1,,1,,1,1,1,,,,,,,,,,,,,,,,,,,,,,,,,,,,,,,,,,,,,,,,,,,,,,,,,,,,,,,,,,,,,,,,,,,,,,,,,,,,,,,,,,,,,,,,,,,,,,,,,,,,,,,,,,,,,,,,,,,,,,,,,,,,,,,,,,,,,,,,,,,,,,,,,,,,,,,,,,,,,,,,,,,,,,,,,,,,,,,,,,,,,,,,,,,,False,STRUCTURAL,비데이터 행,,,unknown
655,5,HHI,GV,H3495,VS-2,1,2026-04-13 00:00:00,,1,50,,,,,용접,,6,,,,,,,,,,,,,,,,,,E 케이테크,3,4,,,,,,,,,,,,,,,,,,,,,,,,,,,,,,,,,,,,,,,,,,,,,,,,,,,,,,,,,,,,,,,,,,,,,,,,,,,,,,,,,,,,,,1,,1,1,1,1.0,,1,,,,,,,,,,,,,,,,,,,,,,,,,,,,,,,,,,,,,,,,,,,,,,,,,,,,,,,,,,,,,,,,,,,,,,,,,,,,,,,,,,,,,,,,,,,,,,,,,,,,,,,,,,,,,,,,,,,,,,,,,,,,,,,,,,,,,,,,,,,,,,,,,,,,,,,,,,,,,,,,,,,,,,,,,,,,,,,,,,,,,,,,,False,STRUCTURAL,비데이터 행,,,unknown
655,6,HHI,GV,H3495,VS-2,1,2026-04-13 00:00:00,,1,50,,,,,조립,,5,,,,,,,,,,,,,,,,,,E 케이테크,3,4,,,,,,,,,,,,,,,,,,,,,,,,,,,,,,,,,,,,,,,,,,,,,,,,,,,,,,,,,,,,,,,,,,,,,,,,,,,,,,,,,,,,,,,,,1,1,1.0,,1,1,,,,,,,,,,,,,,,,,,,,,,,,,,,,,,,,,,,,,,,,,,,,,,,,,,,,,,,,,,,,,,,,,,,,,,,,,,,,,,,,,,,,,,,,,,,,,,,,,,,,,,,,,,,,,,,,,,,,,,,,,,,,,,,,,,,,,,,,,,,,,,,,,,,,,,,,,,,,,,,,,,,,,,,,,,,,,,,,,,,,,,,,False,STRUCTURAL,비데이터 행,,,unknown
655,7,HHI,GV,H3495,VS-2,1,2026-04-13 00:00:00,,1,50,,,,,사상,,7,,,,,,,,,,,,,,,,,,E 케이테크,3,4,,,,,,,,,,,,,,,,,,,,,,,,,,,,,,,,,,,,,,,,,,,,,,,,,,,,,,,,,,,,,,,,,,,,,,,,,,,,,,,,,,,,,,,,,,1,1.0,,1,1,,1,2,,,,,,,,,,,,,,,,,,,,,,,,,,,,,,,,,,,,,,,,,,,,,,,,,,,,,,,,,,,,,,,,,,,,,,,,,,,,,,,,,,,,,,,,,,,,,,,,,,,,,,,,,,,,,,,,,,,,,,,,,,,,,,,,,,,,,,,,,,,,,,,,,,,,,,,,,,,,,,,,,,,,,,,,,,,,,,,,,,,,,False,STRUCTURAL,비데이터 행,,,unknown
655,9,HHI,GV,H3495,VS-2,1,2026-04-13 00:00:00,,1,50,,,,,실적,,,,,,,,,,,,,,,,,,,,E 케이테크,3,4,,,,,,,,,,,,,,,,,,,,,,,,,,,,,,,,,,,,,,,,,,,,,,,,,,,,,,,,,,,,,,,,,,,,,,,,,,,,,,,,,,,,,,,,1,,,,,,,,,,,,,,,,,,,,,,,,,,,,,,,,,,,,,,,,,,,,,,,,,,,,,,,,,,,,,,,,,,,,,,,,,,,,,,,,,,,,,,,,,,,,,,,,,,,,,,,,,,,,,,,,,,,,,,,,,,,,,,,,,,,,,,,,,,,,,,,,,,,,,,,,,,,,,,,,,,,,,,,,,,,,,,,,,,,,,,,,,,,,,,False,STRUCTURAL,비데이터 행,,,unknown
656,1,HHI,GV,3525,VS-5,1,2026-04-14 00:00:00,46106,1,50,,,,MEGI,일자,E 케이테크,46059,46063,46064,46084,46093,46093,46102,46106,-,2026-03-30 00:00:00,46118,46119,46121,2026-04-10 00:00:00,46125,0.98,,,E 케이테크,3,4,,,계획,46059,,46063,,46064,,46084,,46085,,46093,,46094,,46106,,46107,,46111,,46112,,46118,,46119,,46121,,46122,,46125,,,,,,,D,,,,K,발S,,,,,,,,,,,,,,,,,,,,발F,가S,,,,,,,,가F,제S,,-----,-----,-----,-----,-----,-----,,-----,-----,-----,제F,도S,,,,도F,조S,,,,,,조F,상,,검,포,,,출,납,,,,,,,,,,,,,,,,,,,,,,,,,,,,,,,,,,,,,,,,,,,,,,,,,,,,,,,,,,,,,,,,,,,,,,,,,,,,,,,,,,,,,,,,,,,,,,,,,,,,,,,,,,,,,,,,,,,,,,,,,,,,,,,,,,,,,,,,,,,,,,,,,,,,,,,,,,,,,,,,,,,,,,,,,,True,DATA_PLAN,,,,plan
656,2,HHI,GV,3525,VS-5,1,2026-04-14 00:00:00,,1,50,,,,SH8300 대체납품,실행,E 케이테크,45968,45971,45995,46001,46044,46042,46043,46045,,2026-01-24 00:00:00,46049,46050,46051,2026-01-29 00:00:00,,,,,E 케이테크,3,4,,,,,,,,,,,,,,,,,,,,,,,,,,,,,,,,,,,,,,,,,,,,,,,,,,,,,,,,,,,,,,,,,,,,,,,,,,,,,,,,,,,,,,,,,,,,,,,,,,,,,,,,,,,,,,,,,,,,,,,,,,,,,,,,,,,,,,,,,,,,,,,,,,,,,,,,,,,,,,,,,,,,,,,,,,,,,,,,,,,,,,,,,,,,,,,,,,,,,,,,,,,,,,,,,,,,,,,,,,,,,,,,,,,,,,,,,,,,,,,,,,,,,,,,,,,,,,,,,,,,,,,,,,,,,,,,,,,,,,True,DATA_ACTUAL,,,,actual
656,3,HHI,GV,3525,VS-5,1,2026-04-14 00:00:00,,1,50,,,,,E 케이테크,E 케이테크,91,92,69,83,49,51,59,61,-,,69,69,70,,,,,,E 케이테크,3,4,,,실적,,45968,,45971,,45995,,46001,,46001,,46042,,,,46045,,,,46046,,,,46049,,46050,,46051,,46051,,0,,,,,,,,,,,,,,,,,,,,,,,,,,,,,,,,,,,,,,,,,,,,,,,,,,,,,,,,,,,,,,,,,,,,,,,,,,,,,,,,,,,,,,,,,,,,,,,,,,,,,,,,,,,,,,,,,,,,,,,,,,,,,,,,,,,,,,,,,,,,,,,,,,,,,,,,,,,,,,,,,,,,,,,,,,,,,,,,,,,,,,,,,,,,,,,,,,,,,,,,,,,,,,,,,,,,,,,,,,,,,,,,,,,,,,,,,,,,,,,,,,,False,STRUCTURAL,비데이터 행,,,unknown
656,4,HHI,GV,3525,VS-5,1,2026-04-14 00:00:00,,1,50,,,,,취부,,7,,,,,,,,,,,,,,,,,,E 케이테크,3,4,,,LOAD,,,,,,,,,,,,,,,,,,,,,,,,,,,,,,,,,,,,,,,,,,,,,,,,,,,,,,,,,,,,,,,,,,,,,,,,,,,,,,,,,,,,,1,1,1,1.0,,1,1,1,,,,,,,,,,,,,,,,,,,,,,,,,,,,,,,,,,,,,,,,,,,,,,,,,,,,,,,,,,,,,,,,,,,,,,,,,,,,,,,,,,,,,,,,,,,,,,,,,,,,,,,,,,,,,,,,,,,,,,,,,,,,,,,,,,,,,,,,,,,,,,,,,,,,,,,,,,,,,,,,,,,,,,,,,,,,,,,,,,,,,,,False,STRUCTURAL,비데이터 행,,,unknown
656,5,HHI,GV,3525,VS-5,1,2026-04-14 00:00:00,,1,50,,,,,용접,,7,,,,,,,,,,,,,,,,,,E 케이테크,3,4,,,,,,,,,,,,,,,,,,,,,,,,,,,,,,,,,,,,,,,,,,,,,,,,,,,,,,,,,,,,,,,,,,,,,,,,,,,,,,,,,,,,,,,,,1,1,1.0,,1,1,1,1,,,,,,,,,,,,,,,,,,,,,,,,,,,,,,,,,,,,,,,,,,,,,,,,,,,,,,,,,,,,,,,,,,,,,,,,,,,,,,,,,,,,,,,,,,,,,,,,,,,,,,,,,,,,,,,,,,,,,,,,,,,,,,,,,,,,,,,,,,,,,,,,,,,,,,,,,,,,,,,,,,,,,,,,,,,,,,,,,,,,,,False,STRUCTURAL,비데이터 행,,,unknown
656,6,HHI,GV,3525,VS-5,1,2026-04-14 00:00:00,,1,50,,,,,조립,,4,,,,,,,,,,,,,,,,,,E 케이테크,3,4,,,,,,,,,,,,,,,,,,,,,,,,,,,,,,,,,,,,,,,,,,,,,,,,,,,,,,,,,,,,,,,,,,,,,,,,,,,,,,,,,,,,,,,,,,,,,,1,1,1,1,,,,,,,,,,,,,,,,,,,,,,,,,,,,,,,,,,,,,,,,,,,,,,,,,,,,,,,,,,,,,,,,,,,,,,,,,,,,,,,,,,,,,,,,,,,,,,,,,,,,,,,,,,,,,,,,,,,,,,,,,,,,,,,,,,,,,,,,,,,,,,,,,,,,,,,,,,,,,,,,,,,,,,,,,,,,,,,,,,,,,False,STRUCTURAL,비데이터 행,,,unknown
656,7,HHI,GV,3525,VS-5,1,2026-04-14 00:00:00,,1,50,,,,,사상,,4,,,,,,,,,,,,,,,,,,E 케이테크,3,4,,,,,,,,,,,,,,,,,,,,,,,,,,,,,,,,,,,,,,,,,,,,,,,,,,,,,,,,,,,,,,,,,,,,,,,,,,,,,,,,,,,,,,,,,,,,,,,1,1,1,1,,,,,,,,,,,,,,,,,,,,,,,,,,,,,,,,,,,,,,,,,,,,,,,,,,,,,,,,,,,,,,,,,,,,,,,,,,,,,,,,,,,,,,,,,,,,,,,,,,,,,,,,,,,,,,,,,,,,,,,,,,,,,,,,,,,,,,,,,,,,,,,,,,,,,,,,,,,,,,,,,,,,,,,,,,,,,,,,,,,,False,STRUCTURAL,비데이터 행,,,unknown
656,9,HHI,GV,3525,VS-5,1,2026-04-14 00:00:00,,1,50,,,,,실적,,,,,,,,,,,,,,,,,,,,E 케이테크,3,4,,,,,,,,,,,,,,,,,,,,,,,,,,,,,,,,,,,,,,,,,,,,,,,,,,,,,,,,,,,,,,,,,,,,,,,,,,,,,,,,,,,,,,,,,,,,,,,,,,,,,,,,,,,,,,,,,,,,,,,,,,,,,,,,,,,,,,,,,,,,,,,,,,,,,,,,,,,,,,,,,,,,,,,,,,,,,,,,,,,,,,,,,,,,,,,,,,,,,,,,,,,,,,,,,,,,,,,,,,,,,,,,,,,,,,,,,,,,,,,,,,,,,,,,,,,,,,,,,,,,,,,,,,,,,,,,,,,,,,False,STRUCTURAL,비데이터 행,,,unknown
657,1,HHI,SCR중,CO01320,SCR-7,5,2026-04-14 00:00:00,46104,3,30,,,,3X3(B)(1) 4X4(B)(2),일자,C 에이스,46048,46050,46051,46065,46079,46079,46096,46104,-,2026-03-30 00:00:00,46119,46120,46121,2026-04-10 00:00:00,46125,0.7,,,C 에이스,3,4,,,계획,46048,,46050,,46051,,46065,,46066,,46079,,46080,,46104,,46106,,46111,,46112,,46119,,46120,,46121,,46122,,46125,,,,,,,,,,,,,발F,가S,,,,,,,,,,,,,가F,제S,-----,-----,-----,-----,-----,-----,-----,,-----,-----,-----,-----,-----,-----,,-----,-----,-----,-----,-----,-----,,-----,제F,,도S,,,,,도F,조S,,,,,,,조F,상,검,포,,,출,납,,,,,,,,,,,,,,,,,,,,,,,,,,,,,,,,,,,,,,,,,,,,,,,,,,,,,,,,,,,,,,,,,,,,,,,,,,,,,,,,,,,,,,,,,,,,,,,,,,,,,,,,,,,,,,,,,,,,,,,,,,,,,,,,,,,,,,,,,,,,,,,,,,,,,,,,,,,,,,,,,,,,,,,,,,True,DATA_PLAN,,,,plan
657,2,HHI,SCR중,CO01320,SCR-7,5,2026-04-14 00:00:00,,3,30,,,,4X4(2),실행,C 에이스,46038,46041,46046,46057,46077,46080,46085,46089,,2026-03-19 00:00:00,,,,,,,,,C 에이스,3,4,,,,,,,,,,,,,,,,,,,,,,,,,,,,,,,,,,,,,,,,,,,,,,,,,,,,,,,,,,,,,,,,,,,,,,,,,,,,,,,,,,,,,,,,,,,,,,,,,,,,,,,,,,,,,,,,,,,,,,,,,,,,,,,,,,,,,,,,,,,,,,,,,,,,,,,,,,,,,,,,,,,,,,,,,,,,,,,,,,,,,,,,,,,,,,,,,,,,,,,,,,,,,,,,,,,,,,,,,,,,,,,,,,,,,,,,,,,,,,,,,,,,,,,,,,,,,,,,,,,,,,,,,,,,,,,,,,,,,,True,DATA_ACTUAL,,,,actual
657,3,HHI,SCR중,CO01320,SCR-7,5,2026-04-14 00:00:00,,3,30,,,,,C 에이스,C 에이스,10,9,5,8,2,-1,11,15,-,,,,,,,,,,C 에이스,3,4,,,실적,,46038,,46041,,46046,,46057,,46057,,46080,,,,46089,,,,46100,,,,0,,0,,0,,0,,0,,,,,,,,,,,,,,,,,,,,,,,,,,,,,,,,,,,,,,,,,,,,,,,,,,,,,,,,,,,,,,,,,,,,,,,,,,,,,,,,,,,,,,,,,,,,,,,,,,,,,,,,,,,,,,,,,,,,,,,,,,,,,,,,,,,,,,,,,,,,,,,,,,,,,,,,,,,,,,,,,,,,,,,,,,,,,,,,,,,,,,,,,,,,,,,,,,,,,,,,,,,,,,,,,,,,,,,,,,,,,,,,,,,,,,,,,,,,,,,,,,,False,STRUCTURAL,비데이터 행,,,unknown
657,4,HHI,SCR중,CO01320,SCR-7,5,2026-04-14 00:00:00,,3,30,,,,,취부,,0,,,,,,,,,,,,,,,,,,C 에이스,3,4,,,LOAD,,,,,,,,,,,,,,,,,,,,,,,,,,,,,,,,,,,,,,,,,,,,,,,,,,,,,,,,,,,,,,,,,,,,,,,,,,,,,,,,,,,,,,,,,,,,,,,,,,,,,,,,,,,,,,,,,,,,,,,,,,,,,,,,,,,,,,,,,,,,,,,,,,,,,,,,,,,,,,,,,,,,,,,,,,,,,,,,,,,,,,,,,,,,,,,,,,,,,,,,,,,,,,,,,,,,,,,,,,,,,,,,,,,,,,,,,,,,,,,,,,,,,,,,,,,,,,,,,,,,,,,,,,,,,,,,,,,False,STRUCTURAL,비데이터 행,,,unknown
657,5,HHI,SCR중,CO01320,SCR-7,5,2026-04-14 00:00:00,,3,30,,,,,용접,,0,,,,,,,,,,,,,,,,,,C 에이스,3,4,,,,,,,,,,,,,,,,,,,,,,,,,,,,,,,,,,,,,,,,,,,,,,,,,,,,,,,,,,,,,,,,,,,,,,,,,,,,,,,,,,,,,,,,,,,,,,,,,,,,,,,,,,,,,,,,,,,,,,,,,,,,,,,,,,,,,,,,,,,,,,,,,,,,,,,,,,,,,,,,,,,,,,,,,,,,,,,,,,,,,,,,,,,,,,,,,,,,,,,,,,,,,,,,,,,,,,,,,,,,,,,,,,,,,,,,,,,,,,,,,,,,,,,,,,,,,,,,,,,,,,,,,,,,,,,,,,,,,,False,STRUCTURAL,비데이터 행,,,unknown
657,6,HHI,SCR중,CO01320,SCR-7,5,2026-04-14 00:00:00,,3,30,,,,,조립,,6,,,,,,,,,,,,,,,,,,C 에이스,3,4,,,,,,,,,,,,,,,,,,,,,,,,,,,,,,,,,,,,,,,,,,,,,,,,,,,,,,,,,,,,,,,,,,,,,,,,,,,,,,,,,,,,,,,,,,2,2.0,,2,,,,,,,,,,,,,,,,,,,,,,,,,,,,,,,,,,,,,,,,,,,,,,,,,,,,,,,,,,,,,,,,,,,,,,,,,,,,,,,,,,,,,,,,,,,,,,,,,,,,,,,,,,,,,,,,,,,,,,,,,,,,,,,,,,,,,,,,,,,,,,,,,,,,,,,,,,,,,,,,,,,,,,,,,,,,,,,,,,,,,,,,,False,STRUCTURAL,비데이터 행,,,unknown
657,7,HHI,SCR중,CO01320,SCR-7,5,2026-04-14 00:00:00,,3,30,,,,3/31->4/13->4/6->4/14,사상,,0,,,,,,,,,,,,,,,,,,C 에이스,3,4,,,,,,,,,,,,,,,,,,,,,,,,,,,,,,,,,,,,,,,,,,,,,,,,,,,,,,,,,,,,,,,,,,,,,,,,,,,,,,,,,,,,,,,,,,,,,,,,,,,,,,,,,,,,,,,,,,,,,,,,,,,,,,,,,,,,,,,,,,,,,,,,,,,,,,,,,,,,,,,,,,,,,,,,,,,,,,,,,,,,,,,,,,,,,,,,,,,,,,,,,,,,,,,,,,,,,,,,,,,,,,,,,,,,,,,,,,,,,,,,,,,,,,,,,,,,,,,,,,,,,,,,,,,,,,,,,,,,,,False,STRUCTURAL,비데이터 행,,,unknown
657,9,HHI,SCR중,CO01320,SCR-7,5,2026-04-14 00:00:00,,3,30,,,,청림->에이스,실적,,,,,,,,,,,,,,,,,,,,C 에이스,3,4,,,,,,,,,,,,,,,,,,,,,,,,,,,,,,,,,,,,,,,,,,,,,,,,,,,,,,,,,,,,,,,,,,,,,,,,,,,,,,,,,,,,,,,,,,,,,,,,,,,,,,,,,,,,,,,,,,,,,,,,,,,,,,,,,,,,,,,,,,,,,,,,,,,,,,,,,,,,,,,,,,,,,,,,,,,,,,,,,,,,,,,,,,,,,,,,,,,,,,,,,,,,,,,,,,,,,,,,,,,,,,,,,,,,,,,,,,,,,,,,,,,,,,,,,,,,,,,,,,,,,,,,,,,,,,,,,,,,,,False,STRUCTURAL,비데이터 행,,,unknown
658,1,HHI,SCR중,S041,SCR-7,4,2026-04-15 00:00:00,46105,2,30,,전기,수출,3X3(B)(2) 4X4(B)(2),일자,D 청림,46049,46051,46052,46066,46080,46080,46098,46105,-,2026-03-31 00:00:00,46120,46121,46122,2026-04-13 00:00:00,46126,0.98,,,D 청림,3,4,,,계획,46049,,46051,,46052,,46066,,46072,,46080,,46084,,46105,,46107,,46112,,46113,,46120,,46121,,46122,,46125,,46126,,,,,,,,,,,,,,발F,,,,,,가S,,,,,,,,가F,,,,제S,-----,-----,-----,,-----,-----,-----,-----,-----,-----,,-----,-----,-----,-----,-----,-----,,-----,-----,제F,,도S,,,,,도F,조S,,,,,,,조F,상,검,,,포,출,납,,,,,,,,,,,,,,,,,,,,,,,,,,,,,,,,,,,,,,,,,,,,,,,,,,,,,,,,,,,,,,,,,,,,,,,,,,,,,,,,,,,,,,,,,,,,,,,,,,,,,,,,,,,,,,,,,,,,,,,,,,,,,,,,,,,,,,,,,,,,,,,,,,,,,,,,,,,,,,,,,,,,,,,,,True,DATA_PLAN,,,,plan
658,2,HHI,SCR중,S041,SCR-7,4,2026-04-15 00:00:00,,2,30,,,,1/16->4/15,실행,D 청림,45931,45931,45950,45957,46000,45964,45977,46008,,2025-12-23 00:00:00,46031,46034,46044,2026-01-22 00:00:00,,,,,D 청림,3,4,,,,,,,,,,,,,,,,,,,,,,,,,,,,,,,,,,,,,,,,,,,,,,,,,,,,,,,,,,,,,,,,,,,,,,,,,,,,,,,,,,,,,,,,,,,,,,,,,,,,,,,,,,,,,,,,,,,,,,,,,,,,,,,,,,,,,,,,,,,,,,,,,,,,,,,,,,,,,,,,,,,,,,,,,,,,,,,,,,,,,,,,,,,,,,,,,,,,,,,,,,,,,,,,,,,,,,,,,,,,,,,,,,,,,,,,,,,,,,,,,,,,,,,,,,,,,,,,,,,,,,,,,,,,,,,,,,,,,,True,DATA_ACTUAL,,,,actual
658,3,HHI,SCR중,S041,SCR-7,4,2026-04-15 00:00:00,,2,30,,,,,D 청림,D 청림,118,120,102,109,80,116,121,97,-,,89,87,78,,,,,,D 청림,3,4,,,실적,,45931,,45931,,45950,,45957,,45957,,45964,,,,46008,,,,46014,,,,46031,,46034,,46044,,46044,,0,,,,,,,,,,,,,,,,,,,,,,,,,,,,,,,,,,,,,,,,,,,,,,,,,,,,,,,,,,,,,,,,,,,,,,,,,,,,,,,,,,,,,,,,,,,,,,,,,,,,,,,,,,,,,,,,,,,,,,,,,,,,,,,,,,,,,,,,,,,,,,,,,,,,,,,,,,,,,,,,,,,,,,,,,,,,,,,,,,,,,,,,,,,,,,,,,,,,,,,,,,,,,,,,,,,,,,,,,,,,,,,,,,,,,,,,,,,,,,,,,,,False,STRUCTURAL,비데이터 행,,,unknown
658,4,HHI,SCR중,S041,SCR-7,4,2026-04-15 00:00:00,,2,30,,,,,취부,,0,,,,,,,,,,,,,,,,,,D 청림,3,4,,,LOAD,,,,,,,,,,,,,,,,,,,,,,,,,,,,,,,,,,,,,,,,,,,,,,,,,,,,,,,,,,,,,,,,,,,,,,,,,,,,,,,,,,,,,,,,,,,,,,,,,,,,,,,,,,,,,,,,,,,,,,,,,,,,,,,,,,,,,,,,,,,,,,,,,,,,,,,,,,,,,,,,,,,,,,,,,,,,,,,,,,,,,,,,,,,,,,,,,,,,,,,,,,,,,,,,,,,,,,,,,,,,,,,,,,,,,,,,,,,,,,,,,,,,,,,,,,,,,,,,,,,,,,,,,,,,,,,,,,,False,STRUCTURAL,비데이터 행,,,unknown
658,5,HHI,SCR중,S041,SCR-7,4,2026-04-15 00:00:00,,2,30,,,,,용접,,0,,,,,,,,,,,,,,,,,,D 청림,3,4,,,,,,,,,,,,,,,,,,,,,,,,,,,,,,,,,,,,,,,,,,,,,,,,,,,,,,,,,,,,,,,,,,,,,,,,,,,,,,,,,,,,,,,,,,,,,,,,,,,,,,,,,,,,,,,,,,,,,,,,,,,,,,,,,,,,,,,,,,,,,,,,,,,,,,,,,,,,,,,,,,,,,,,,,,,,,,,,,,,,,,,,,,,,,,,,,,,,,,,,,,,,,,,,,,,,,,,,,,,,,,,,,,,,,,,,,,,,,,,,,,,,,,,,,,,,,,,,,,,,,,,,,,,,,,,,,,,,,,False,STRUCTURAL,비데이터 행,,,unknown
658,6,HHI,SCR중,S041,SCR-7,4,2026-04-15 00:00:00,,2,30,,,,,조립,,0,,,,,,,,,,,,,,,,,,D 청림,3,4,,,,,,,,,,,,,,,,,,,,,,,,,,,,,,,,,,,,,,,,,,,,,,,,,,,,,,,,,,,,,,,,,,,,,,,,,,,,,,,,,,,,,,,,,,,,,,,,,,,,,,,,,,,,,,,,,,,,,,,,,,,,,,,,,,,,,,,,,,,,,,,,,,,,,,,,,,,,,,,,,,,,,,,,,,,,,,,,,,,,,,,,,,,,,,,,,,,,,,,,,,,,,,,,,,,,,,,,,,,,,,,,,,,,,,,,,,,,,,,,,,,,,,,,,,,,,,,,,,,,,,,,,,,,,,,,,,,,,,False,STRUCTURAL,비데이터 행,,,unknown
658,7,HHI,SCR중,S041,SCR-7,4,2026-04-15 00:00:00,,2,30,,,,,사상,,0,,,,,,,,,,,,,,,,,,D 청림,3,4,,,,,,,,,,,,,,,,,,,,,,,,,,,,,,,,,,,,,,,,,,,,,,,,,,,,,,,,,,,,,,,,,,,,,,,,,,,,,,,,,,,,,,,,,,,,,,,,,,,,,,,,,,,,,,,,,,,,,,,,,,,,,,,,,,,,,,,,,,,,,,,,,,,,,,,,,,,,,,,,,,,,,,,,,,,,,,,,,,,,,,,,,,,,,,,,,,,,,,,,,,,,,,,,,,,,,,,,,,,,,,,,,,,,,,,,,,,,,,,,,,,,,,,,,,,,,,,,,,,,,,,,,,,,,,,,,,,,,,False,STRUCTURAL,비데이터 행,,,unknown
658,9,HHI,SCR중,S041,SCR-7,4,2026-04-15 00:00:00,,2,30,,,,,실적,,,,,,,,,,,,,,,,,,,,D 청림,3,4,,,,,,,,,,,,,,,,,,,,,,,,,,,,,,,,,,,,,,,,,,,,,,,,,,,,,,,,,,,,,,,,,,,,,,,,,,,,,,,,,,,,,,,,,,,,,,,,,,,,,,,,,,,,,,,,,,,,,,,,,,,,,,,,,,,,,,,,,,,,,,,,,,,,,,,,,,,,,,,,,,,,,,,,,,,,,,,,,,,,,,,,,,,,,,,,,,,,,,,,,,,,,,,,,,,,,,,,,,,,,,,,,,,,,,,,,,,,,,,,,,,,,,,,,,,,,,,,,,,,,,,,,,,,,,,,,,,,,,False,STRUCTURAL,비데이터 행,,,unknown
659,1,HHI,EGP,N288,VS-2,4,2026-04-16 00:00:00,46099,4,60,,,,외부함석 없음,일자,C 에이스,46045,46052,46055,46072,46084,46084,46094,46099,-,2026-03-23 00:00:00,46121,46122,46125,2026-04-14 00:00:00,46127,0.7,,,C 에이스,3,4,,,계획,46045,,46052,,46055,,46072,,46073,,46084,,46085,,46099,,46101,,46104,,46105,,46121,,46122,,46125,,46126,,46127,,,발S,,,,,,,,,,,,,,,,,발F,가S,,,,,,,,,,,가F,제S,-----,-----,,-----,-----,-----,-----,-----,-----,,-----,-----,-----,제F,,도S,,,도F,조S,,,,,,,,,,,,,,,,조F,상,,,검,포,출,납,,,,,,,,,,,,,,,,,,,,,,,,,,,,,,,,,,,,,,,,,,,,,,,,,,,,,,,,,,,,,,,,,,,,,,,,,,,,,,,,,,,,,,,,,,,,,,,,,,,,,,,,,,,,,,,,,,,,,,,,,,,,,,,,,,,,,,,,,,,,,,,,,,,,,,,,,,,,,,,,,,,,,,,,True,DATA_PLAN,,,,plan
659,2,HHI,EGP,N288,VS-2,4,2026-04-16 00:00:00,,4,60,,,,5/18→4/16,실행,C 에이스,45947,45960,46078,46086,46091,46091,46097,46104,,2026-03-25 00:00:00,,,,,,,,,C 에이스,3,4,,,,,,,,,,,,,,,,,,,,,,,,,,,,,,,,,,,,,,,,,,,,,,,,,,,,,,,,,,,,,,,,,,,,,,,,,,,,,,,,,,,,,,,,,,,,,,,,,,,,,,,,,,,,,,,,,,,,,,,,,,,,,,,,,,,,,,,,,,,,,,,,,,,,,,,,,,,,,,,,,,,,,,,,,,,,,,,,,,,,,,,,,,,,,,,,,,,,,,,,,,,,,,,,,,,,,,,,,,,,,,,,,,,,,,,,,,,,,,,,,,,,,,,,,,,,,,,,,,,,,,,,,,,,,,,,,,,,,,True,DATA_ACTUAL,,,,actual
659,3,HHI,EGP,N288,VS-2,4,2026-04-16 00:00:00,,4,60,,,,,C 에이스,C 에이스,98,92,-23,-14,-7,-7,-3,-5,-,,,,,,,,,,C 에이스,3,4,,,실적,,45947,,45960,,46078,,46086,,,,46091,,,,46104,,,,46106,,,,0,,0,,0,,0,,0,,,,,,,,,,,,,,,,,,,,,,,,,,,,,,,,,,,,,,,,,,,,,,,,,,,,,,,,,,,,,,,,,,,,,,,,,,,,,,,,,,,,,,,,,,,,,,,,,,,,,,,,,,,,,,,,,,,,,,,,,,,,,,,,,,,,,,,,,,,,,,,,,,,,,,,,,,,,,,,,,,,,,,,,,,,,,,,,,,,,,,,,,,,,,,,,,,,,,,,,,,,,,,,,,,,,,,,,,,,,,,,,,,,,,,,,,,,,,,,,,,,False,STRUCTURAL,비데이터 행,,,unknown
659,4,HHI,EGP,N288,VS-2,4,2026-04-16 00:00:00,,4,60,,,,,취부,,12,,,,,,,,,,,,,,,,,,C 에이스,3,4,,,LOAD,,,,,,,,,,,,,,,,,,,,,,,,,,,,,,,,,,,,,,,,,,,,,,,,,,,,,,,,,,,,,,,,,,,,,,,,,,,,,,,,,,,2,2,2,2,,,,2,2,,,,,,,,,,,,,,,,,,,,,,,,,,,,,,,,,,,,,,,,,,,,,,,,,,,,,,,,,,,,,,,,,,,,,,,,,,,,,,,,,,,,,,,,,,,,,,,,,,,,,,,,,,,,,,,,,,,,,,,,,,,,,,,,,,,,,,,,,,,,,,,,,,,,,,,,,,,,,,,,,,,,,,,,,,,,,,,,,,,,,,,,False,STRUCTURAL,비데이터 행,,,unknown
659,5,HHI,EGP,N288,VS-2,4,2026-04-16 00:00:00,,4,60,,,,,용접,,12,,,,,,,,,,,,,,,,,,C 에이스,3,4,,,,,,,,,,,,,,,,,,,,,,,,,,,,,,,,,,,,,,,,,,,,,,,,,,,,,,,,,,,,,,,,,,,,,,,,,,,,,,,,,,,,,,,2,2,2,,,,2,2,2,,,,,,,,,,,,,,,,,,,,,,,,,,,,,,,,,,,,,,,,,,,,,,,,,,,,,,,,,,,,,,,,,,,,,,,,,,,,,,,,,,,,,,,,,,,,,,,,,,,,,,,,,,,,,,,,,,,,,,,,,,,,,,,,,,,,,,,,,,,,,,,,,,,,,,,,,,,,,,,,,,,,,,,,,,,,,,,,,,,,,,,False,STRUCTURAL,비데이터 행,,,unknown
659,6,HHI,EGP,N288,VS-2,4,2026-04-16 00:00:00,,4,60,,,,,조립,,16,,,,,,,,,,,,,,,,,,C 에이스,3,4,,,,,,,,,,,,,,,,,,,,,,,,,,,,,,,,,,,,,,,,,,,,,,,,,,,,,,,,,,,,,,,,,,,,,,,,,,,,,,,,,,,,,,,,2,2,,,,2,2,2,2,,,,,,,,2,2,,,,,,,,,,,,,,,,,,,,,,,,,,,,,,,,,,,,,,,,,,,,,,,,,,,,,,,,,,,,,,,,,,,,,,,,,,,,,,,,,,,,,,,,,,,,,,,,,,,,,,,,,,,,,,,,,,,,,,,,,,,,,,,,,,,,,,,,,,,,,,,,,,,,,,,,,,,,,,,,,,,,,,,,,,,,,False,STRUCTURAL,비데이터 행,,,unknown
659,7,HHI,EGP,N288,VS-2,4,2026-04-16 00:00:00,,4,60,,,,,사상,,12,,,,,,,,,,,,,,,,,,C 에이스,3,4,,,,,,,,,,,,,,,,,,,,,,,,,,,,,,,,,,,,,,,,,,,,,,,,,,,,,,,,,,,,,,,,,,,,,,,,,,,,,,,,,,,,,,,,,2,,,,2,2,2,2,2,,,,,,,,,,,,,,,,,,,,,,,,,,,,,,,,,,,,,,,,,,,,,,,,,,,,,,,,,,,,,,,,,,,,,,,,,,,,,,,,,,,,,,,,,,,,,,,,,,,,,,,,,,,,,,,,,,,,,,,,,,,,,,,,,,,,,,,,,,,,,,,,,,,,,,,,,,,,,,,,,,,,,,,,,,,,,,,,,,,,,False,STRUCTURAL,비데이터 행,,,unknown
659,9,HHI,EGP,N288,VS-2,4,2026-04-16 00:00:00,,4,60,,,,,실적,,,,,,,,,,,,,,,,,,,,C 에이스,3,4,,,,,,,,,,,,,,,,,,,,,,,,,,,,,,,,,,,,,,,,,,,,,,,,,,,,,,,,,,,,,,,,,,,,,,,,,,,,,,,,,,,,,,,,,,,,,,,,,,,,,,,,,,,,,,,,,,,,,,,,,,,,,,,,,,,,,,,,,,,,,,,,,,,,,,,,,,,,,,,,,,,,,,,,,,,,,,,,,,,,,,,,,,,,,,,,,,,,,,,,,,,,,,,,,,,,,,,,,,,,,,,,,,,,,,,,,,,,,,,,,,,,,,,,,,,,,,,,,,,,,,,,,,,,,,,,,,,,,,False,STRUCTURAL,비데이터 행,,,unknown
660,1,HHI,GV,3526 #2,VS-1,1,2026-04-17 00:00:00,46111,1,50,,,,MEGI,일자,E 케이테크,46064,46066,46072,46087,46098,46098,46107,46111,-,2026-04-02 00:00:00,46122,46125,46126,2026-04-15 00:00:00,46128,0.55,,,E 케이테크,3,4,,,계획,46064,,46066,,46072,,46087,,46090,,46098,,46099,,46111,,46112,,46114,,46115,,46122,,46125,,46126,,46127,,46128,,,,,,,,,,,,D,,K,,,,,,발S,,,,,,,,,,,,,,,발F,,,가S,,,,,,,,가F,제S,-----,-----,,-----,-----,-----,-----,-----,-----,,-----,제F,도S,,도F,조S,,,,,,,조F,,,상,검,포,출,납,,,,,,,,,,,,,,,,,,,,,,,,,,,,,,,,,,,,,,,,,,,,,,,,,,,,,,,,,,,,,,,,,,,,,,,,,,,,,,,,,,,,,,,,,,,,,,,,,,,,,,,,,,,,,,,,,,,,,,,,,,,,,,,,,,,,,,,,,,,,,,,,,,,,,,,,,,,,,,,,,,,,,,,True,DATA_PLAN,,,,plan
660,2,HHI,GV,3526 #2,VS-1,1,2026-04-17 00:00:00,,1,50,,,,,실행,E 케이테크,45968,45971,46001,46029,46064,46042,46049,46077,,,,,,,,,,,E 케이테크,3,4,,,,,,,,,,,,,,,,,,,,,,,,,,,,,,,,,,,,,,,,,,,,,,,,,,,,,,,,,,,,,,,,,,,,,,,,,,,,,,,,,,,,,,,,,,,,,,,,,,,,,,,,,,,,,,,,,,,,,,,,,,,,,,,,,,,,,,,,,,,,,,,,,,,,,,,,,,,,,,,,,,,,,,,,,,,,,,,,,,,,,,,,,,,,,,,,,,,,,,,,,,,,,,,,,,,,,,,,,,,,,,,,,,,,,,,,,,,,,,,,,,,,,,,,,,,,,,,,,,,,,,,,,,,,,,,,,,,,,,True,DATA_ACTUAL,,,,actual
660,3,HHI,GV,3526 #2,VS-1,1,2026-04-17 00:00:00,,1,50,,,,,E 케이테크,E 케이테크,96,95,71,58,34,56,58,34,-,,,,,,,,,,E 케이테크,3,4,,,실적,,45968,,45971,,46001,,46029,,46029,,46042,,,,46077,,,,0,,,,0,,0,,0,,0,,0,,,,,,,,,,,,,,,,,,,,,,,,,,,,,,,,,,,,,,,,,,,,,,,,,,,,,,,,,,,,,,,,,,,,,,,,,,,,,,,,,,,,,,,,,,,,,,,,,,,,,,,,,,,,,,,,,,,,,,,,,,,,,,,,,,,,,,,,,,,,,,,,,,,,,,,,,,,,,,,,,,,,,,,,,,,,,,,,,,,,,,,,,,,,,,,,,,,,,,,,,,,,,,,,,,,,,,,,,,,,,,,,,,,,,,,,,,,,,,,,,,,False,STRUCTURAL,비데이터 행,,,unknown
660,4,HHI,GV,3526 #2,VS-1,1,2026-04-17 00:00:00,,1,50,,,,,취부,,7,,,,,,,,,,,,,,,,,,E 케이테크,3,4,,,LOAD,,,,,,,,,,,,,,,,,,,,,,,,,,,,,,,,,,,,,,,,,,,,,,,,,,,,,,,,,,,,,,,,,,,,,,,,,,,,,,,,,,,,,,,,1.0,,1,1,1,1,1,1,,,,,,,,,,,,,,,,,,,,,,,,,,,,,,,,,,,,,,,,,,,,,,,,,,,,,,,,,,,,,,,,,,,,,,,,,,,,,,,,,,,,,,,,,,,,,,,,,,,,,,,,,,,,,,,,,,,,,,,,,,,,,,,,,,,,,,,,,,,,,,,,,,,,,,,,,,,,,,,,,,,,,,,,,,,,,,,,,,,,False,STRUCTURAL,비데이터 행,,,unknown
660,5,HHI,GV,3526 #2,VS-1,1,2026-04-17 00:00:00,,1,50,,,,,용접,,6,,,,,,,,,,,,,,,,,,E 케이테크,3,4,,,,,,,,,,,,,,,,,,,,,,,,,,,,,,,,,,,,,,,,,,,,,,,,,,,,,,,,,,,,,,,,,,,,,,,,,,,,,,,,,,,,,,,,,,,,,,1,1,1,1,1,,1,,,,,,,,,,,,,,,,,,,,,,,,,,,,,,,,,,,,,,,,,,,,,,,,,,,,,,,,,,,,,,,,,,,,,,,,,,,,,,,,,,,,,,,,,,,,,,,,,,,,,,,,,,,,,,,,,,,,,,,,,,,,,,,,,,,,,,,,,,,,,,,,,,,,,,,,,,,,,,,,,,,,,,,,,,,,,,,,,,False,STRUCTURAL,비데이터 행,,,unknown
660,6,HHI,GV,3526 #2,VS-1,1,2026-04-17 00:00:00,,1,50,,,,,조립,,4,,,,,,,,,,,,,,,,,,E 케이테크,3,4,,,,,,,,,,,,,,,,,,,,,,,,,,,,,,,,,,,,,,,,,,,,,,,,,,,,,,,,,,,,,,,,,,,,,,,,,,,,,,,,,,,,,,,,,,,,,,,,,1,1,,1,1,,,,,,,,,,,,,,,,,,,,,,,,,,,,,,,,,,,,,,,,,,,,,,,,,,,,,,,,,,,,,,,,,,,,,,,,,,,,,,,,,,,,,,,,,,,,,,,,,,,,,,,,,,,,,,,,,,,,,,,,,,,,,,,,,,,,,,,,,,,,,,,,,,,,,,,,,,,,,,,,,,,,,,,,,,,,,,,,,False,STRUCTURAL,비데이터 행,,,unknown
660,7,HHI,GV,3526 #2,VS-1,1,2026-04-17 00:00:00,,1,50,,,,,사상,,4,,,,,,,,,,,,,,,,,,E 케이테크,3,4,,,,,,,,,,,,,,,,,,,,,,,,,,,,,,,,,,,,,,,,,,,,,,,,,,,,,,,,,,,,,,,,,,,,,,,,,,,,,,,,,,,,,,,,,,,,,,,,,,1,,1,1,1,,,,,,,,,,,,,,,,,,,,,,,,,,,,,,,,,,,,,,,,,,,,,,,,,,,,,,,,,,,,,,,,,,,,,,,,,,,,,,,,,,,,,,,,,,,,,,,,,,,,,,,,,,,,,,,,,,,,,,,,,,,,,,,,,,,,,,,,,,,,,,,,,,,,,,,,,,,,,,,,,,,,,,,,,,,,,,,,False,STRUCTURAL,비데이터 행,,,unknown
660,9,HHI,GV,3526 #2,VS-1,1,2026-04-17 00:00:00,,1,50,,,,,실적,,,,,,,,,,,,,,,,,,,,E 케이테크,3,4,,,,,,,,,,,,,,,,,,,,,,,,,,,,,,,,,,,,,,,,,,,,,,,,,,,,,,,,,,,,,,,,,,,,,,,,,,,,,,,,,,,,,,,,,,,,,,,,,,,,,,,,,,,,,,,,,,,,,,,,,,,,,,,,,,,,,,,,,,,,,,,,,,,,,,,,,,,,,,,,,,,,,,,,,,,,,,,,,,,,,,,,,,,,,,,,,,,,,,,,,,,,,,,,,,,,,,,,,,,,,,,,,,,,,,,,,,,,,,,,,,,,,,,,,,,,,,,,,,,,,,,,,,,,,,,,,,,,,,False,STRUCTURAL,비데이터 행,,,unknown
661,1,MHI,ENC,#2 Legend,ENC-3,1,2026-04-20 00:00:00,46092,2,50,,,,,일자,G 범안,45982,45986,45989,46008,46027,46027,46066,46092,-,2026-04-08 00:00:00,46122,46125,46126,2026-04-15 00:00:00,46129,0.55,,,G 범안,3,4,,,계획,45982,,45986,,45989,,46008,,46009,,46027,,46014,,46092,,46079,,46120,,46091,,46122,,46125,,46126,,46127,,46129,,-----,-----,-----,-----,-----,-----,-----,-----,-----,-----,-----,-----,-----,-----,-----,-----,-----,-----,-----,-----,-----,-----,-----,-----,-----,도S,-----,-----,-----,-----,-----,-----,-----,-----,,-----,-----,조S,제F,,,,,,,,,,-----,,,,,,,,,,,,,,,,,,도F,,조F,,,상,검,포,,출,,,납,,,,,,,,,,,,,,,,,,,,,,,,,,,,,,,,,,,,,,,,,,,,,,,,,,,,,,,,,,,,,,,,,,,,,,,,,,,,,,,,,,,,,,,,,,,,,,,,,,,,,,,,,,,,,,,,,,,,,,,,,,,,,,,,,,,,,,,,,,,,,,,,,,,,,,,,,,,,,,,,,,,,True,DATA_PLAN,,,,plan
661,2,MHI,ENC,#2 Legend,ENC-3,1,2026-04-20 00:00:00,,2,50,,,,4/1->4/20,실행,G 범안,45925,45951,45994,46006,완료,진행중,46058,46104,,,,,,,,,,,G 범안,3,4,,,,,,,,,,,,,,,,,,,,,,,,,,,,,,,,,,,,,,,,,,,,,,,,,,,,,,,,,,,,,,,,,,,,,,,,,,,,,,,,,,,,,,,,,,,,,,,,,,,,,,,,,,,,,,,,,,,,,,,,,,,,,,,,,,,,,,,,,,,,,,,,,,,,,,,,,,,,,,,,,,,,,,,,,,,,,,,,,,,,,,,,,,,,,,,,,,,,,,,,,,,,,,,,,,,,,,,,,,,,,,,,,,,,,,,,,,,,,,,,,,,,,,,,,,,,,,,,,,,,,,,,,,,,,,,,,,,,,,True,DATA_ACTUAL,,,,actual
661,3,MHI,ENC,#2 Legend,ENC-3,1,2026-04-20 00:00:00,,2,50,,,,35Ton,G 범안,G 범안,57,35,-5,2,,,8,-12,-,,,,,,,,,,G 범안,3,4,,,실적,,45925,,45951,,45994,,46006,,46006,,진행중,,,,46104,,,,0,,,,0,,0,,0,,0,,0,,,,,,,,,,,,,,,,,,,,,,,,,,,,,,,,,,,,,,,,,,,,,,,,,,,,,,,,,,,,,,,,,,,,,,,,,,,,,,,,,,,,,,,,,,,,,,,,,,,,,,,,,,,,,,,,,,,,,,,,,,,,,,,,,,,,,,,,,,,,,,,,,,,,,,,,,,,,,,,,,,,,,,,,,,,,,,,,,,,,,,,,,,,,,,,,,,,,,,,,,,,,,,,,,,,,,,,,,,,,,,,,,,,,,,,,,,,,,,,,,,,False,STRUCTURAL,비데이터 행,,,unknown
661,4,MHI,ENC,#2 Legend,ENC-3,1,2026-04-20 00:00:00,,2,50,,,,,취부,,0,,,,,,,,,,,,,,,,,,G 범안,3,4,,,LOAD,,,,,,,,,,,,,,,,,,,,,,,,,,,,,,,,,,,,,,,,,,,,,,,,,,,,,,,,,,,,,,,,,,,,,,,,,,,,,,,,,,,,,,,,,,,,,,,,,,,,,,,,,,,,,,,,,,,,,,,,,,,,,,,,,,,,,,,,,,,,,,,,,,,,,,,,,,,,,,,,,,,,,,,,,,,,,,,,,,,,,,,,,,,,,,,,,,,,,,,,,,,,,,,,,,,,,,,,,,,,,,,,,,,,,,,,,,,,,,,,,,,,,,,,,,,,,,,,,,,,,,,,,,,,,,,,,,,False,STRUCTURAL,비데이터 행,,,unknown
661,5,MHI,ENC,#2 Legend,ENC-3,1,2026-04-20 00:00:00,,2,50,,,,,용접,,0,,,,,,,,,,,,,,,,,,G 범안,3,4,,,,,,,,,,,,,,,,,,,,,,,,,,,,,,,,,,,,,,,,,,,,,,,,,,,,,,,,,,,,,,,,,,,,,,,,,,,,,,,,,,,,,,,,,,,,,,,,,,,,,,,,,,,,,,,,,,,,,,,,,,,,,,,,,,,,,,,,,,,,,,,,,,,,,,,,,,,,,,,,,,,,,,,,,,,,,,,,,,,,,,,,,,,,,,,,,,,,,,,,,,,,,,,,,,,,,,,,,,,,,,,,,,,,,,,,,,,,,,,,,,,,,,,,,,,,,,,,,,,,,,,,,,,,,,,,,,,,,,False,STRUCTURAL,비데이터 행,,,unknown
661,6,MHI,ENC,#2 Legend,ENC-3,1,2026-04-20 00:00:00,,2,50,,,,,조립,,80,,,,,,,,,,,,,,,,,,G 범안,3,4,,,,,,,,,,,,,,,,,,,,,,,,,,,,,,,,,,,,,,,,,,,,,,,,,,,,,,,,,,,,,,,,,,,,,,,,,,,,,,,,,,,,,,4,4,4,4,4,4.0,,4,4,4,4,4,4,,4,4,4,4,4,4,,4,4,,,,,,,,,,,,,,,,,,,,,,,,,,,,,,,,,,,,,,,,,,,,,,,,,,,,,,,,,,,,,,,,,,,,,,,,,,,,,,,,,,,,,,,,,,,,,,,,,,,,,,,,,,,,,,,,,,,,,,,,,,,,,,,,,,,,,,,,,,,,,,,,,,,,,,,,,,,,,,,,,,,,,,,,,,False,STRUCTURAL,비데이터 행,,,unknown
661,7,MHI,ENC,#2 Legend,ENC-3,1,2026-04-20 00:00:00,,2,50,,,,,사상,,0,,,,,,,,,,,,,,,,,,G 범안,3,4,,,,,,,,,,,,,,,,,,,,,,,,,,,,,,,,,,,,,,,,,,,,,,,,,,,,,,,,,,,,,,,,,,,,,,,,,,,,,,,,,,,,,,,,,,,,,,,,,,,,,,,,,,,,,,,,,,,,,,,,,,,,,,,,,,,,,,,,,,,,,,,,,,,,,,,,,,,,,,,,,,,,,,,,,,,,,,,,,,,,,,,,,,,,,,,,,,,,,,,,,,,,,,,,,,,,,,,,,,,,,,,,,,,,,,,,,,,,,,,,,,,,,,,,,,,,,,,,,,,,,,,,,,,,,,,,,,,,,,False,STRUCTURAL,비데이터 행,,,unknown
661,9,MHI,ENC,#2 Legend,ENC-3,1,2026-04-20 00:00:00,,2,50,,,,,실적,,,,,,,,,,,,,,,,,,,,G 범안,3,4,,,,,,,,,,,,,,,,,,,,,,,,,,,,,,,,,,,,,,,,,,,,,,,,,,,,,,,,,,,,,,,,,,,,,,,,,,,,,,,,,,,,,,,,,,,,,,,,,,,,,,,,,,,,,,,,,,,,,,,,,,,,,,,,,,,,,,,,,,,,,,,,,,,,,,,,,,,,,,,,,,,,,,,,,,,,,,,,,,,,,,,,,,,,,,,,,,,,,,,,,,,,,,,,,,,,,,,,,,,,,,,,,,,,,,,,,,,,,,,,,,,,,,,,,,,,,,,,,,,,,,,,,,,,,,,,,,,,,,False,STRUCTURAL,비데이터 행,,,unknown
662,1,HHI,SCR중,AA047M,SCR-8,4,2026-04-22 00:00:00,46111,5,30,,전기,수출,"4X4(2),4X3(2)",일자,D 청림,46055,46057,46058,46077,46087,46087,46104,46111,-,2026-04-06 00:00:00,46127,46128,46129,2026-04-20 00:00:00,46133,0.55,,,D 청림,3,4,,,계획,46055,,46057,,46058,,46077,,46078,,46087,,46090,,46111,,46113,,46118,,46119,,46127,,46128,,46129,,46132,,46133,,,D,,K,발S,,,,,,,,,,,,,,,,,,,발F,가S,,,,,,,,,가F,,,제S,-----,-----,-----,-----,,-----,-----,-----,-----,-----,-----,,-----,-----,-----,-----,-----,-----,,-----,제F,,도S,,,,,도F,조S,,,,,,,,조F,상,검,,,포,출,납,,,,,,,,,,,,,,,,,,,,,,,,,,,,,,,,,,,,,,,,,,,,,,,,,,,,,,,,,,,,,,,,,,,,,,,,,,,,,,,,,,,,,,,,,,,,,,,,,,,,,,,,,,,,,,,,,,,,,,,,,,,,,,,,,,,,,,,,,,,,,,,,,,,,,,,,,,,,,,,,,,True,DATA_PLAN,,,,plan
662,2,HHI,SCR중,AA047M,SCR-8,4,2026-04-22 00:00:00,,5,30,,,,4/7->4/22,실행,D 청림,46055,46055,46064,46080,46078,46085,46104,46112,,,,,,,,,,,D 청림,3,4,,,,,,,,,,,,,,,,,,,,,,,,,,,,,,,,,,,,,,,,,,,,,,,,,,,,,,,,,,,,,,,,,,,,,,,,,,,,,,,,,,,,,,,,,,,,,,,,,,,,,,,,,,,,,,,,,,,,,,,,,,,,,,,,,,,,,,,,,,,,,,,,,,,,,,,,,,,,,,,,,,,,,,,,,,,,,,,,,,,,,,,,,,,,,,,,,,,,,,,,,,,,,,,,,,,,,,,,,,,,,,,,,,,,,,,,,,,,,,,,,,,,,,,,,,,,,,,,,,,,,,,,,,,,,,,,,,,,,,True,DATA_ACTUAL,,,,actual
662,3,HHI,SCR중,AA047M,SCR-8,4,2026-04-22 00:00:00,,5,30,,,,,D 청림,D 청림,0,2,-6,-3,9,2,0,-1,-,,,,,,,,,,D 청림,3,4,,,실적,,46055,,46055,,46064,,46080,,46080,,46085,,,,46112,,,,0,,,,0,,0,,0,,0,,0,,,,,,,,,,,,,,,,,,,,,,,,,,,,,,,,,,,,,,,,,,,,,,,,,,,,,,,,,,,,,,,,,,,,,,,,,,,,,,,,,,,,,,,,,,,,,,,,,,,,,,,,,,,,,,,,,,,,,,,,,,,,,,,,,,,,,,,,,,,,,,,,,,,,,,,,,,,,,,,,,,,,,,,,,,,,,,,,,,,,,,,,,,,,,,,,,,,,,,,,,,,,,,,,,,,,,,,,,,,,,,,,,,,,,,,,,,,,,,,,,,,False,STRUCTURAL,비데이터 행,,,unknown
662,4,HHI,SCR중,AA047M,SCR-8,4,2026-04-22 00:00:00,,5,30,,,,,취부,,0,,,,,,,,,,,,,,,,,,D 청림,3,4,,,LOAD,,,,,,,,,,,,,,,,,,,,,,,,,,,,,,,,,,,,,,,,,,,,,,,,,,,,,,,,,,,,,,,,,,,,,,,,,,,,,,,,,,,,,,,,,,,,,,,,,,,,,,,,,,,,,,,,,,,,,,,,,,,,,,,,,,,,,,,,,,,,,,,,,,,,,,,,,,,,,,,,,,,,,,,,,,,,,,,,,,,,,,,,,,,,,,,,,,,,,,,,,,,,,,,,,,,,,,,,,,,,,,,,,,,,,,,,,,,,,,,,,,,,,,,,,,,,,,,,,,,,,,,,,,,,,,,,,,,False,STRUCTURAL,비데이터 행,,,unknown
662,5,HHI,SCR중,AA047M,SCR-8,4,2026-04-22 00:00:00,,5,30,,,,,용접,,0,,,,,,,,,,,,,,,,,,D 청림,3,4,,,,,,,,,,,,,,,,,,,,,,,,,,,,,,,,,,,,,,,,,,,,,,,,,,,,,,,,,,,,,,,,,,,,,,,,,,,,,,,,,,,,,,,,,,,,,,,,,,,,,,,,,,,,,,,,,,,,,,,,,,,,,,,,,,,,,,,,,,,,,,,,,,,,,,,,,,,,,,,,,,,,,,,,,,,,,,,,,,,,,,,,,,,,,,,,,,,,,,,,,,,,,,,,,,,,,,,,,,,,,,,,,,,,,,,,,,,,,,,,,,,,,,,,,,,,,,,,,,,,,,,,,,,,,,,,,,,,,,False,STRUCTURAL,비데이터 행,,,unknown
662,6,HHI,SCR중,AA047M,SCR-8,4,2026-04-22 00:00:00,,5,30,,,,,조립,,6,,,,,,,,,,,,,,,,,,D 청림,3,4,,,,,,,,,,,,,,,,,,,,,,,,,,,,,,,,,,,,,,,,,,,,,,,,,,,,,,,,,,,,,,,,,,,,,,,,,,,,,,,,,,,,,,,,,,,,,,,,,,,,,,,,,,,2,2,2,,,,,,,,,,,,,,,,,,,,,,,,,,,,,,,,,,,,,,,,,,,,,,,,,,,,,,,,,,,,,,,,,,,,,,,,,,,,,,,,,,,,,,,,,,,,,,,,,,,,,,,,,,,,,,,,,,,,,,,,,,,,,,,,,,,,,,,,,,,,,,,,,,,,,,,,,,,,,,,,,,,,,,,,,False,STRUCTURAL,비데이터 행,,,unknown
662,7,HHI,SCR중,AA047M,SCR-8,4,2026-04-22 00:00:00,,5,30,,,,,사상,,0,,,,,,,,,,,,,,,,,,D 청림,3,4,,,,,,,,,,,,,,,,,,,,,,,,,,,,,,,,,,,,,,,,,,,,,,,,,,,,,,,,,,,,,,,,,,,,,,,,,,,,,,,,,,,,,,,,,,,,,,,,,,,,,,,,,,,,,,,,,,,,,,,,,,,,,,,,,,,,,,,,,,,,,,,,,,,,,,,,,,,,,,,,,,,,,,,,,,,,,,,,,,,,,,,,,,,,,,,,,,,,,,,,,,,,,,,,,,,,,,,,,,,,,,,,,,,,,,,,,,,,,,,,,,,,,,,,,,,,,,,,,,,,,,,,,,,,,,,,,,,,,,False,STRUCTURAL,비데이터 행,,,unknown
662,9,HHI,SCR중,AA047M,SCR-8,4,2026-04-22 00:00:00,,5,30,,,,에이스->청림,실적,,,,,,,,,,,,,,,,,,,,D 청림,3,4,,,,,,,,,,,,,,,,,,,,,,,,,,,,,,,,,,,,,,,,,,,,,,,,,,,,,,,,,,,,,,,,,,,,,,,,,,,,,,,,,,,,,,,,,,,,,,,,,,,,,,,,,,,,,,,,,,,,,,,,,,,,,,,,,,,,,,,,,,,,,,,,,,,,,,,,,,,,,,,,,,,,,,,,,,,,,,,,,,,,,,,,,,,,,,,,,,,,,,,,,,,,,,,,,,,,,,,,,,,,,,,,,,,,,,,,,,,,,,,,,,,,,,,,,,,,,,,,,,,,,,,,,,,,,,,,,,,,,,False,STRUCTURAL,비데이터 행,,,unknown
663,1,HHI,SCR중,3531,SCR-8,3,2026-04-24 00:00:00,46115,3,40,,,,3X3(B),일자,D 청림,46058,46062,46063,46086,46097,46097,46109,46115,-,2026-04-09 00:00:00,46129,46132,46133,2026-04-22 00:00:00,46135,0.35,,,D 청림,4,4,,,계획,46058,,46062,,46063,,46086,,46087,,46097,,46098,,46115,,46118,,46121,,46122,,46129,,46132,,46133,,46134,,46135,,,,,,D,,,,K,발S,,,,,,,,,,,,,,,,,,,,,,,발F,가S,,,,,,,,,,가F,제S,-----,-----,-----,,-----,-----,-----,-----,-----,-----,,-----,-----,-----,-----,-----,제F,,,도S,,,도F,조S,,,,,,,조F,,,상,검,포,출,납,,,,,,,,,,,,,,,,,,,,,,,,,,,,,,,,,,,,,,,,,,,,,,,,,,,,,,,,,,,,,,,,,,,,,,,,,,,,,,,,,,,,,,,,,,,,,,,,,,,,,,,,,,,,,,,,,,,,,,,,,,,,,,,,,,,,,,,,,,,,,,,,,,,,,,,,,,,,,,,,True,DATA_PLAN,,,,plan
663,2,HHI,SCR중,3531,SCR-8,3,2026-04-24 00:00:00,,3,40,,,,,실행,D 청림,46058,46058,46064,46081,46079,46085,46110,,,,,,,,,,,,D 청림,4,4,,,,,,,,,,,,,,,,,,,,,,,,,,,,,,,,,,,,,,,,,,,,,,,,,,,,,,,,,,,,,,,,,,,,,,,,,,,,,,,,,,,,,,,,,,,,,,,,,,,,,,,,,,,,,,,,,,,,,,,,,,,,,,,,,,,,,,,,,,,,,,,,,,,,,,,,,,,,,,,,,,,,,,,,,,,,,,,,,,,,,,,,,,,,,,,,,,,,,,,,,,,,,,,,,,,,,,,,,,,,,,,,,,,,,,,,,,,,,,,,,,,,,,,,,,,,,,,,,,,,,,,,,,,,,,,,,,,,,,True,DATA_ACTUAL,,,,actual
663,3,HHI,SCR중,3531,SCR-8,3,2026-04-24 00:00:00,,3,40,,,,,D 청림,D 청림,0,4,-1,5,18,12,-1,,-,,,,,,,,,,D 청림,4,4,,,실적,,46058,,46058,,46064,,46081,,46081,,46085,,,,0,,,,0,,,,0,,0,,0,,0,,0,,,,,,,,,,,,,,,,,,,,,,,,,,,,,,,,,,,,,,,,,,,,,,,,,,,,,,,,,,,,,,,,,,,,,,,,,,,,,,,,,,,,,,,,,,,,,,,,,,,,,,,,,,,,,,,,,,,,,,,,,,,,,,,,,,,,,,,,,,,,,,,,,,,,,,,,,,,,,,,,,,,,,,,,,,,,,,,,,,,,,,,,,,,,,,,,,,,,,,,,,,,,,,,,,,,,,,,,,,,,,,,,,,,,,,,,,,,,,,,,,,,False,STRUCTURAL,비데이터 행,,,unknown
663,4,HHI,SCR중,3531,SCR-8,3,2026-04-24 00:00:00,,3,40,,,,,취부,,0,,,,,,,,,,,,,,,,,,D 청림,4,4,,,LOAD,,,,,,,,,,,,,,,,,,,,,,,,,,,,,,,,,,,,,,,,,,,,,,,,,,,,,,,,,,,,,,,,,,,,,,,,,,,,,,,,,,,,,,,,,,,,,,,,,,,,,,,,,,,,,,,,,,,,,,,,,,,,,,,,,,,,,,,,,,,,,,,,,,,,,,,,,,,,,,,,,,,,,,,,,,,,,,,,,,,,,,,,,,,,,,,,,,,,,,,,,,,,,,,,,,,,,,,,,,,,,,,,,,,,,,,,,,,,,,,,,,,,,,,,,,,,,,,,,,,,,,,,,,,,,,,,,,,False,STRUCTURAL,비데이터 행,,,unknown
663,5,HHI,SCR중,3531,SCR-8,3,2026-04-24 00:00:00,,3,40,,,,,용접,,0,,,,,,,,,,,,,,,,,,D 청림,4,4,,,,,,,,,,,,,,,,,,,,,,,,,,,,,,,,,,,,,,,,,,,,,,,,,,,,,,,,,,,,,,,,,,,,,,,,,,,,,,,,,,,,,,,,,,,,,,,,,,,,,,,,,,,,,,,,,,,,,,,,,,,,,,,,,,,,,,,,,,,,,,,,,,,,,,,,,,,,,,,,,,,,,,,,,,,,,,,,,,,,,,,,,,,,,,,,,,,,,,,,,,,,,,,,,,,,,,,,,,,,,,,,,,,,,,,,,,,,,,,,,,,,,,,,,,,,,,,,,,,,,,,,,,,,,,,,,,,,,,False,STRUCTURAL,비데이터 행,,,unknown
663,6,HHI,SCR중,3531,SCR-8,3,2026-04-24 00:00:00,,3,40,,,,,조립,,6,,,,,,,,,,,,,,,,,,D 청림,4,4,,,,,,,,,,,,,,,,,,,,,,,,,,,,,,,,,,,,,,,,,,,,,,,,,,,,,,,,,,,,,,,,,,,,,,,,,,,,,,,,,,,,,,,,,,,,,,,,,,,,,,,,,,,,,2,2,2,,,,,,,,,,,,,,,,,,,,,,,,,,,,,,,,,,,,,,,,,,,,,,,,,,,,,,,,,,,,,,,,,,,,,,,,,,,,,,,,,,,,,,,,,,,,,,,,,,,,,,,,,,,,,,,,,,,,,,,,,,,,,,,,,,,,,,,,,,,,,,,,,,,,,,,,,,,,,,,,,,,,,,,False,STRUCTURAL,비데이터 행,,,unknown
663,7,HHI,SCR중,3531,SCR-8,3,2026-04-24 00:00:00,,3,40,,,,,사상,,0,,,,,,,,,,,,,,,,,,D 청림,4,4,,,,,,,,,,,,,,,,,,,,,,,,,,,,,,,,,,,,,,,,,,,,,,,,,,,,,,,,,,,,,,,,,,,,,,,,,,,,,,,,,,,,,,,,,,,,,,,,,,,,,,,,,,,,,,,,,,,,,,,,,,,,,,,,,,,,,,,,,,,,,,,,,,,,,,,,,,,,,,,,,,,,,,,,,,,,,,,,,,,,,,,,,,,,,,,,,,,,,,,,,,,,,,,,,,,,,,,,,,,,,,,,,,,,,,,,,,,,,,,,,,,,,,,,,,,,,,,,,,,,,,,,,,,,,,,,,,,,,,False,STRUCTURAL,비데이터 행,,,unknown
663,9,HHI,SCR중,3531,SCR-8,3,2026-04-24 00:00:00,,3,40,,,,미정->청림,실적,,,,,,,,,,,,,,,,,,,,D 청림,4,4,,,,,,,,,,,,,,,,,,,,,,,,,,,,,,,,,,,,,,,,,,,,,,,,,,,,,,,,,,,,,,,,,,,,,,,,,,,,,,,,,,,,,,,,,,,,,,,,,,,,,,,,,,,,,,,,,,,,,,,,,,,,,,,,,,,,,,,,,,,,,,,,,,,,,,,,,,,,,,,,,,,,,,,,,,,,,,,,,,,,,,,,,,,,,,,,,,,,,,,,,,,,,,,,,,,,,,,,,,,,,,,,,,,,,,,,,,,,,,,,,,,,,,,,,,,,,,,,,,,,,,,,,,,,,,,,,,,,,,False,STRUCTURAL,비데이터 행,,,unknown
664,1,HHI,GV,SH8300 #1,VS-2,1,2026-04-30 00:00:00,46121,1,50,,,,도면 1/22 배포,일자,E 케이테크,46077,46079,46080,46097,46106,46106,46116,46121,-,2026-04-14 00:00:00,46134,46135,46139,2026-04-28 00:00:00,46141,0.35,,,E 케이테크,4,4,,,계획,46077,,46079,,46080,,46097,,46098,,46106,,46107,,46121,,46122,,46126,,46127,,46134,,46135,,46139,,46140,,46141,,,,,,,,,,,,,,,,,,,,,,,,,D,,K,발S,,,,,,,,,,,,,,,,,발F,가S,,,,,,,,가F,제S,-----,,-----,-----,-----,-----,-----,-----,-----,-----,-----,-----,-----,제F,도S,,,,도F,조S,,,,,,,조F,상,,,,검,포,출,납,,,,,,,,,,,,,,,,,,,,,,,,,,,,,,,,,,,,,,,,,,,,,,,,,,,,,,,,,,,,,,,,,,,,,,,,,,,,,,,,,,,,,,,,,,,,,,,,,,,,,,,,,,,,,,,,,,,,,,,,,,,,,,,,,,,,,,,,,,,,,,,,,,,,,,,,,,True,DATA_PLAN,,,,plan
664,2,HHI,GV,SH8300 #1,VS-2,1,2026-04-30 00:00:00,,1,50,,,,FGSS,실행,E 케이테크,46044,46045,46048,46056,46064,46073,,,,,,,,,,,,,E 케이테크,4,4,,,,,,,,,,,,,,,,,,,,,,,,,,,,,,,,,,,,,,,,,,,,,,,,,,,,,,,,,,,,,,,,,,,,,,,,,,,,,,,,,,,,,,,,,,,,,,,,,,,,,,,,,,,,,,,,,,,,,,,,,,,,,,,,,,,,,,,,,,,,,,,,,,,,,,,,,,,,,,,,,,,,,,,,,,,,,,,,,,,,,,,,,,,,,,,,,,,,,,,,,,,,,,,,,,,,,,,,,,,,,,,,,,,,,,,,,,,,,,,,,,,,,,,,,,,,,,,,,,,,,,,,,,,,,,,,,,,,,,True,DATA_ACTUAL,,,,actual
664,3,HHI,GV,SH8300 #1,VS-2,1,2026-04-30 00:00:00,,1,50,,,,,E 케이테크,E 케이테크,33,34,32,41,42,33,,,-,,,,,,,,,,E 케이테크,4,4,,,실적,,46044,,46045,,46048,,46056,,46056,,46073,,,,0,,,,0,,,,0,,0,,0,,0,,0,,,,,,,,,,,,,,,,,,,,,,,,,,,,,,,,,,,,,,,,,,,,,,,,,,,,,,,,,,,,,,,,,,,,,,,,,,,,,,,,,,,,,,,,,,,,,,,,,,,,,,,,,,,,,,,,,,,,,,,,,,,,,,,,,,,,,,,,,,,,,,,,,,,,,,,,,,,,,,,,,,,,,,,,,,,,,,,,,,,,,,,,,,,,,,,,,,,,,,,,,,,,,,,,,,,,,,,,,,,,,,,,,,,,,,,,,,,,,,,,,,,False,STRUCTURAL,비데이터 행,,,unknown
664,4,HHI,GV,SH8300 #1,VS-2,1,2026-04-30 00:00:00,,1,50,,,,,취부,,9,,,,,,,,,,,,,,,,,,E 케이테크,4,4,,,LOAD,,,,,,,,,,,,,,,,,,,,,,,,,,,,,,,,,,,,,,,,,,,,,,,,,,,,,,,,,,,,,,,,,,,,,,,,,,,,,,,,,,,,,,,,,,,,,,,,,,,,2,2,1,,1,1,1,1,,,,,,,,,,,,,,,,,,,,,,,,,,,,,,,,,,,,,,,,,,,,,,,,,,,,,,,,,,,,,,,,,,,,,,,,,,,,,,,,,,,,,,,,,,,,,,,,,,,,,,,,,,,,,,,,,,,,,,,,,,,,,,,,,,,,,,,,,,,,,,,,,,,,,,,,,,,,,,,,,,,,,,,,False,STRUCTURAL,비데이터 행,,,unknown
664,5,HHI,GV,SH8300 #1,VS-2,1,2026-04-30 00:00:00,,1,50,,,,,용접,,10,,,,,,,,,,,,,,,,,,E 케이테크,4,4,,,,,,,,,,,,,,,,,,,,,,,,,,,,,,,,,,,,,,,,,,,,,,,,,,,,,,,,,,,,,,,,,,,,,,,,,,,,,,,,,,,,,,,,,,,,,,,,,,,,,,,,2,2,,2,1,1,1,1,,,,,,,,,,,,,,,,,,,,,,,,,,,,,,,,,,,,,,,,,,,,,,,,,,,,,,,,,,,,,,,,,,,,,,,,,,,,,,,,,,,,,,,,,,,,,,,,,,,,,,,,,,,,,,,,,,,,,,,,,,,,,,,,,,,,,,,,,,,,,,,,,,,,,,,,,,,,,,,,,,,,,,,False,STRUCTURAL,비데이터 행,,,unknown
664,6,HHI,GV,SH8300 #1,VS-2,1,2026-04-30 00:00:00,,1,50,,,,,조립,,9,,,,,,,,,,,,,,,,,,E 케이테크,4,4,,,,,,,,,,,,,,,,,,,,,,,,,,,,,,,,,,,,,,,,,,,,,,,,,,,,,,,,,,,,,,,,,,,,,,,,,,,,,,,,,,,,,,,,,,,,,,,,,,,,,,,,,2,,2,1,1,1,1,1,,,,,,,,,,,,,,,,,,,,,,,,,,,,,,,,,,,,,,,,,,,,,,,,,,,,,,,,,,,,,,,,,,,,,,,,,,,,,,,,,,,,,,,,,,,,,,,,,,,,,,,,,,,,,,,,,,,,,,,,,,,,,,,,,,,,,,,,,,,,,,,,,,,,,,,,,,,,,,,,,,,,,,False,STRUCTURAL,비데이터 행,,,unknown
664,7,HHI,GV,SH8300 #1,VS-2,1,2026-04-30 00:00:00,,1,50,,,,,사상,,9,,,,,,,,,,,,,,,,,,E 케이테크,4,4,,,,,,,,,,,,,,,,,,,,,,,,,,,,,,,,,,,,,,,,,,,,,,,,,,,,,,,,,,,,,,,,,,,,,,,,,,,,,,,,,,,,,,,,,,,,,,,,,,,,,,,,,,,1,1,1,1,1,1,,1,,2,,,,,,,,,,,,,,,,,,,,,,,,,,,,,,,,,,,,,,,,,,,,,,,,,,,,,,,,,,,,,,,,,,,,,,,,,,,,,,,,,,,,,,,,,,,,,,,,,,,,,,,,,,,,,,,,,,,,,,,,,,,,,,,,,,,,,,,,,,,,,,,,,,,,,,,,,,,,,,,,,,False,STRUCTURAL,비데이터 행,,,unknown
664,9,HHI,GV,SH8300 #1,VS-2,1,2026-04-30 00:00:00,,1,50,,,,,실적,,,,,,,,,,,,,,,,,,,,E 케이테크,4,4,,,,,,,,,,,,,,,,,,,,,,,,,,,,,,,,,,,,,,,,,,,,,,,,,,,,,,,,,,,,,,,,,,,,,,,,,,,,,,,,,,,,,,,,,,,,,,,,,,,,,,,,,,,,,,,,,,,,,,,,,,,,,,,,,,,,,,,,,,,,,,,,,,,,,,,,,,,,,,,,,,,,,,,,,,,,,,,,,,,,,,,,,,,,,,,,,,,,,,,,,,,,,,,,,,,,,,,,,,,,,,,,,,,,,,,,,,,,,,,,,,,,,,,,,,,,,,,,,,,,,,,,,,,,,,,,,,,,,,False,STRUCTURAL,비데이터 행,,,unknown
665,1,HHI,SCR중,S5614,SCR-7,4,2026-04-30 00:00:00,46119,3,30,,,,5X5(B)(4),일자,D 청림,46063,46065,46066,46086,46097,46097,46112,46119,-,2026-04-14 00:00:00,46135,46136,46139,2026-04-28 00:00:00,46141,0.35,,,D 청림,4,4,,,계획,46063,,46065,,46066,,46086,,46087,,46097,,46098,,46119,,46121,,46126,,46127,,46135,,46136,,46139,,46140,,46141,,,,,,,,,,,D,,K,발S,,,,,,,,,,,,,,,,,,,,발F,가S,,,,,,,,,,가F,제S,-----,-----,-----,,-----,-----,-----,-----,-----,-----,,-----,-----,-----,-----,-----,-----,-----,-----,-----,제F,,도S,,,,,도F,조S,,,,,,,,조F,상,,,검,포,출,납,,,,,,,,,,,,,,,,,,,,,,,,,,,,,,,,,,,,,,,,,,,,,,,,,,,,,,,,,,,,,,,,,,,,,,,,,,,,,,,,,,,,,,,,,,,,,,,,,,,,,,,,,,,,,,,,,,,,,,,,,,,,,,,,,,,,,,,,,,,,,,,,,,,,,,,,,,True,DATA_PLAN,,,,plan
665,2,HHI,SCR중,S5614,SCR-7,4,2026-04-30 00:00:00,,3,30,,,,,실행,D 청림,46059,46059,46065,46080,46078,46085,46112,,,,,,,,,,,,D 청림,4,4,,,,,,,,,,,,,,,,,,,,,,,,,,,,,,,,,,,,,,,,,,,,,,,,,,,,,,,,,,,,,,,,,,,,,,,,,,,,,,,,,,,,,,,,,,,,,,,,,,,,,,,,,,,,,,,,,,,,,,,,,,,,,,,,,,,,,,,,,,,,,,,,,,,,,,,,,,,,,,,,,,,,,,,,,,,,,,,,,,,,,,,,,,,,,,,,,,,,,,,,,,,,,,,,,,,,,,,,,,,,,,,,,,,,,,,,,,,,,,,,,,,,,,,,,,,,,,,,,,,,,,,,,,,,,,,,,,,,,,True,DATA_ACTUAL,,,,actual
665,3,HHI,SCR중,S5614,SCR-7,4,2026-04-30 00:00:00,,3,30,,,,,D 청림,D 청림,4,6,1,6,19,12,0,,-,,,,,,,,,,D 청림,4,4,,,실적,,46059,,46059,,46065,,46080,,46080,,46085,,,,0,,,,0,,,,0,,0,,0,,0,,0,,,,,,,,,,,,,,,,,,,,,,,,,,,,,,,,,,,,,,,,,,,,,,,,,,,,,,,,,,,,,,,,,,,,,,,,,,,,,,,,,,,,,,,,,,,,,,,,,,,,,,,,,,,,,,,,,,,,,,,,,,,,,,,,,,,,,,,,,,,,,,,,,,,,,,,,,,,,,,,,,,,,,,,,,,,,,,,,,,,,,,,,,,,,,,,,,,,,,,,,,,,,,,,,,,,,,,,,,,,,,,,,,,,,,,,,,,,,,,,,,,,False,STRUCTURAL,비데이터 행,,,unknown
665,4,HHI,SCR중,S5614,SCR-7,4,2026-04-30 00:00:00,,3,30,,,,,취부,,0,,,,,,,,,,,,,,,,,,D 청림,4,4,,,LOAD,,,,,,,,,,,,,,,,,,,,,,,,,,,,,,,,,,,,,,,,,,,,,,,,,,,,,,,,,,,,,,,,,,,,,,,,,,,,,,,,,,,,,,,,,,,,,,,,,,,,,,,,,,,,,,,,,,,,,,,,,,,,,,,,,,,,,,,,,,,,,,,,,,,,,,,,,,,,,,,,,,,,,,,,,,,,,,,,,,,,,,,,,,,,,,,,,,,,,,,,,,,,,,,,,,,,,,,,,,,,,,,,,,,,,,,,,,,,,,,,,,,,,,,,,,,,,,,,,,,,,,,,,,,,,,,,,,,False,STRUCTURAL,비데이터 행,,,unknown
665,5,HHI,SCR중,S5614,SCR-7,4,2026-04-30 00:00:00,,3,30,,,,,용접,,0,,,,,,,,,,,,,,,,,,D 청림,4,4,,,,,,,,,,,,,,,,,,,,,,,,,,,,,,,,,,,,,,,,,,,,,,,,,,,,,,,,,,,,,,,,,,,,,,,,,,,,,,,,,,,,,,,,,,,,,,,,,,,,,,,,,,,,,,,,,,,,,,,,,,,,,,,,,,,,,,,,,,,,,,,,,,,,,,,,,,,,,,,,,,,,,,,,,,,,,,,,,,,,,,,,,,,,,,,,,,,,,,,,,,,,,,,,,,,,,,,,,,,,,,,,,,,,,,,,,,,,,,,,,,,,,,,,,,,,,,,,,,,,,,,,,,,,,,,,,,,,,,False,STRUCTURAL,비데이터 행,,,unknown
665,6,HHI,SCR중,S5614,SCR-7,4,2026-04-30 00:00:00,,3,30,,,,,조립,,6,,,,,,,,,,,,,,,,,,D 청림,4,4,,,,,,,,,,,,,,,,,,,,,,,,,,,,,,,,,,,,,,,,,,,,,,,,,,,,,,,,,,,,,,,,,,,,,,,,,,,,,,,,,,,,,,,,,,,,,,,,,,,,,,,,,,,,,,,,,,,2,2,2,,,,,,,,,,,,,,,,,,,,,,,,,,,,,,,,,,,,,,,,,,,,,,,,,,,,,,,,,,,,,,,,,,,,,,,,,,,,,,,,,,,,,,,,,,,,,,,,,,,,,,,,,,,,,,,,,,,,,,,,,,,,,,,,,,,,,,,,,,,,,,,,,,,,,,,,,,,,,,,,,False,STRUCTURAL,비데이터 행,,,unknown
665,7,HHI,SCR중,S5614,SCR-7,4,2026-04-30 00:00:00,,3,30,,,,,사상,,0,,,,,,,,,,,,,,,,,,D 청림,4,4,,,,,,,,,,,,,,,,,,,,,,,,,,,,,,,,,,,,,,,,,,,,,,,,,,,,,,,,,,,,,,,,,,,,,,,,,,,,,,,,,,,,,,,,,,,,,,,,,,,,,,,,,,,,,,,,,,,,,,,,,,,,,,,,,,,,,,,,,,,,,,,,,,,,,,,,,,,,,,,,,,,,,,,,,,,,,,,,,,,,,,,,,,,,,,,,,,,,,,,,,,,,,,,,,,,,,,,,,,,,,,,,,,,,,,,,,,,,,,,,,,,,,,,,,,,,,,,,,,,,,,,,,,,,,,,,,,,,,,False,STRUCTURAL,비데이터 행,,,unknown
665,9,HHI,SCR중,S5614,SCR-7,4,2026-04-30 00:00:00,,3,30,,,,미정->청림,실적,,,,,,,,,,,,,,,,,,,,D 청림,4,4,,,,,,,,,,,,,,,,,,,,,,,,,,,,,,,,,,,,,,,,,,,,,,,,,,,,,,,,,,,,,,,,,,,,,,,,,,,,,,,,,,,,,,,,,,,,,,,,,,,,,,,,,,,,,,,,,,,,,,,,,,,,,,,,,,,,,,,,,,,,,,,,,,,,,,,,,,,,,,,,,,,,,,,,,,,,,,,,,,,,,,,,,,,,,,,,,,,,,,,,,,,,,,,,,,,,,,,,,,,,,,,,,,,,,,,,,,,,,,,,,,,,,,,,,,,,,,,,,,,,,,,,,,,,,,,,,,,,,,False,STRUCTURAL,비데이터 행,,,unknown
666,1,HHI,SCR중,SH8316,SCR-7,5,2026-05-06 00:00:00,46121,2,20,,,,5x5(B) Scheme A Test 용,일자,C 에이스,46065,46072,46073,46090,46099,46099,46114,46121,-,2026-04-16 00:00:00,46136,46139,46140,2026-04-29 00:00:00,46142,0.35,,,C 에이스,4,5,,,계획,46065,,46072,,46073,,46090,,46091,,46099,,46100,,46121,,46125,,46128,,46129,,46136,,46139,,46140,,46141,,46142,,,,,,,,,,,,,D,,,,,,,K,발S,,,,,,,,,,,,,,,,,발F,가S,,,,,,,,가F,제S,-----,,-----,-----,-----,-----,-----,-----,,-----,-----,-----,-----,-----,-----,-----,-----,-----,-----,-----,제F,,,,도S,,,도F,조S,,,,,,,조F,,,상,검,포,출,,,,,,납,,,,,,,,,,,,,,,,,,,,,,,,,,,,,,,,,,,,,,,,,,,,,,,,,,,,,,,,,,,,,,,,,,,,,,,,,,,,,,,,,,,,,,,,,,,,,,,,,,,,,,,,,,,,,,,,,,,,,,,,,,,,,,,,,,,,,,,,,,,,,,,,,,,,True,DATA_PLAN,,,,plan
666,2,HHI,SCR중,SH8316,SCR-7,5,2026-05-06 00:00:00,,2,20,,,,6/26->4/18->5/6,실행,C 에이스,46059,46060,46065,46079,46078,46094,46108,,,,,,,,,,,,C 에이스,4,5,,,,,,,,,,,,,,,,,,,,,,,,,,,,,,,,,,,,,,,,,,,,,,,,,,,,,,,,,,,,,,,,,,,,,,,,,,,,,,,,,,,,,,,,,,,,,,,,,,,,,,,,,,,,,,,,,,,,,,,,,,,,,,,,,,,,,,,,,,,,,,,,,,,,,,,,,,,,,,,,,,,,,,,,,,,,,,,,,,,,,,,,,,,,,,,,,,,,,,,,,,,,,,,,,,,,,,,,,,,,,,,,,,,,,,,,,,,,,,,,,,,,,,,,,,,,,,,,,,,,,,,,,,,,,,,,,,,,,,True,DATA_ACTUAL,,,,actual
666,3,HHI,SCR중,SH8316,SCR-7,5,2026-05-06 00:00:00,,2,20,,,,"4/18,5/2 TEST 본품6/26",C 에이스,C 에이스,6,12,8,11,21,5,6,,-,,,,,,,,,,C 에이스,4,5,,,실적,,46059,,46060,,46065,,46079,,46079,,46094,,,,0,,,,0,,,,0,,0,,0,,0,,0,,,,,,,,,,,,,,,,,,,,,,,,,,,,,,,,,,,,,,,,,,,,,,,,,,,,,,,,,,,,,,,,,,,,,,,,,,,,,,,,,,,,,,,,,,,,,,,,,,,,,,,,,,,,,,,,,,,,,,,,,,,,,,,,,,,,,,,,,,,,,,,,,,,,,,,,,,,,,,,,,,,,,,,,,,,,,,,,,,,,,,,,,,,,,,,,,,,,,,,,,,,,,,,,,,,,,,,,,,,,,,,,,,,,,,,,,,,,,,,,,,,False,STRUCTURAL,비데이터 행,,,unknown
666,4,HHI,SCR중,SH8316,SCR-7,5,2026-05-06 00:00:00,,2,20,,,,,취부,,0,,,,,,,,,,,,,,,,,,C 에이스,4,5,,,LOAD,,,,,,,,,,,,,,,,,,,,,,,,,,,,,,,,,,,,,,,,,,,,,,,,,,,,,,,,,,,,,,,,,,,,,,,,,,,,,,,,,,,,,,,,,,,,,,,,,,,,,,,,,,,,,,,,,,,,,,,,,,,,,,,,,,,,,,,,,,,,,,,,,,,,,,,,,,,,,,,,,,,,,,,,,,,,,,,,,,,,,,,,,,,,,,,,,,,,,,,,,,,,,,,,,,,,,,,,,,,,,,,,,,,,,,,,,,,,,,,,,,,,,,,,,,,,,,,,,,,,,,,,,,,,,,,,,,,False,STRUCTURAL,비데이터 행,,,unknown
666,5,HHI,SCR중,SH8316,SCR-7,5,2026-05-06 00:00:00,,2,20,,,,,용접,,0,,,,,,,,,,,,,,,,,,C 에이스,4,5,,,,,,,,,,,,,,,,,,,,,,,,,,,,,,,,,,,,,,,,,,,,,,,,,,,,,,,,,,,,,,,,,,,,,,,,,,,,,,,,,,,,,,,,,,,,,,,,,,,,,,,,,,,,,,,,,,,,,,,,,,,,,,,,,,,,,,,,,,,,,,,,,,,,,,,,,,,,,,,,,,,,,,,,,,,,,,,,,,,,,,,,,,,,,,,,,,,,,,,,,,,,,,,,,,,,,,,,,,,,,,,,,,,,,,,,,,,,,,,,,,,,,,,,,,,,,,,,,,,,,,,,,,,,,,,,,,,,,,False,STRUCTURAL,비데이터 행,,,unknown
666,6,HHI,SCR중,SH8316,SCR-7,5,2026-05-06 00:00:00,,2,20,,,,,조립,,6,,,,,,,,,,,,,,,,,,C 에이스,4,5,,,,,,,,,,,,,,,,,,,,,,,,,,,,,,,,,,,,,,,,,,,,,,,,,,,,,,,,,,,,,,,,,,,,,,,,,,,,,,,,,,,,,,,,,,,,,,,,,,,,,,,,,,,,,,,,,,,,2,2,2,,,,,,,,,,,,,,,,,,,,,,,,,,,,,,,,,,,,,,,,,,,,,,,,,,,,,,,,,,,,,,,,,,,,,,,,,,,,,,,,,,,,,,,,,,,,,,,,,,,,,,,,,,,,,,,,,,,,,,,,,,,,,,,,,,,,,,,,,,,,,,,,,,,,,,,,,,,,,,,,False,STRUCTURAL,비데이터 행,,,unknown
666,7,HHI,SCR중,SH8316,SCR-7,5,2026-05-06 00:00:00,,2,20,,,,,사상,,0,,,,,,,,,,,,,,,,,,C 에이스,4,5,,,,,,,,,,,,,,,,,,,,,,,,,,,,,,,,,,,,,,,,,,,,,,,,,,,,,,,,,,,,,,,,,,,,,,,,,,,,,,,,,,,,,,,,,,,,,,,,,,,,,,,,,,,,,,,,,,,,,,,,,,,,,,,,,,,,,,,,,,,,,,,,,,,,,,,,,,,,,,,,,,,,,,,,,,,,,,,,,,,,,,,,,,,,,,,,,,,,,,,,,,,,,,,,,,,,,,,,,,,,,,,,,,,,,,,,,,,,,,,,,,,,,,,,,,,,,,,,,,,,,,,,,,,,,,,,,,,,,,False,STRUCTURAL,비데이터 행,,,unknown
666,9,HHI,SCR중,SH8316,SCR-7,5,2026-05-06 00:00:00,,2,20,,,,미정->에이스,실적,,,,,,,,,,,,,,,,,,,,C 에이스,4,5,,,,,,,,,,,,,,,,,,,,,,,,,,,,,,,,,,,,,,,,,,,,,,,,,,,,,,,,,,,,,,,,,,,,,,,,,,,,,,,,,,,,,,,,,,,,,,,,,,,,,,,,,,,,,,,,,,,,,,,,,,,,,,,,,,,,,,,,,,,,,,,,,,,,,,,,,,,,,,,,,,,,,,,,,,,,,,,,,,,,,,,,,,,,,,,,,,,,,,,,,,,,,,,,,,,,,,,,,,,,,,,,,,,,,,,,,,,,,,,,,,,,,,,,,,,,,,,,,,,,,,,,,,,,,,,,,,,,,,False,STRUCTURAL,비데이터 행,,,unknown
667,1,STXE,REACTOR,H1633,STX-1,4,2026-05-07 00:00:00,46126,3,30,,,,,일자,C 에이스,46015,46020,46021,46091,46100,46100,46117,46126,-,2026-04-21 00:00:00,46139,46140,46141,2026-04-30 00:00:00,46148,0.35,,,C 에이스,4,5,,,계획,46015,,46020,,46021,,46091,,46092,,46100,,46101,,46126,,46127,,46133,,46134,,46139,,46140,,46141,,46142,,46148,,,,,,,,,,,,,,,,,,,,,,,,,,,,,,,,,,,,,,,발F,가S,,,,,,,,가F,제S,,-----,-----,-----,-----,-----,-----,,-----,-----,-----,-----,-----,-----,-----,-----,-----,-----,-----,-----,-----,-----,-----,-----,제F,도S,,,,,,도F,조S,,,,,조F,상,검,포,,,,,,출,납,,,,,,,,,,,,,,,,,,,,,,,,,,,,,,,,,,,,,,,,,,,,,,,,,,,,,,,,,,,,,,,,,,,,,,,,,,,,,,,,,,,,,,,,,,,,,,,,,,,,,,,,,,,,,,,,,,,,,,,,,,,,,,,,,,,,,,,,,,,,,,,,,,,True,DATA_PLAN,,,,plan
667,2,STXE,REACTOR,H1633,STX-1,4,2026-05-07 00:00:00,,3,30,,,,도면 미출도(납기 6월로 변경중),실행,C 에이스,46035,46042,46046,46073,46091,46087,,,,,,,,,,,,,C 에이스,4,5,,,,,,,,,,,,,,,,,,,,,,,,,,,,,,,,,,,,,,,,,,,,,,,,,,,,,,,,,,,,,,,,,,,,,,,,,,,,,,,,,,,,,,,,,,,,,,,,,,,,,,,,,,,,,,,,,,,,,,,,,,,,,,,,,,,,,,,,,,,,,,,,,,,,,,,,,,,,,,,,,,,,,,,,,,,,,,,,,,,,,,,,,,,,,,,,,,,,,,,,,,,,,,,,,,,,,,,,,,,,,,,,,,,,,,,,,,,,,,,,,,,,,,,,,,,,,,,,,,,,,,,,,,,,,,,,,,,,,,True,DATA_ACTUAL,,,,actual
667,3,STXE,REACTOR,H1633,STX-1,4,2026-05-07 00:00:00,,3,30,,,,,C 에이스,C 에이스,-20,-22,-25,18,9,13,,,-,,,,,,,,,,C 에이스,4,5,,,실적,,46035,,46042,,46046,,46073,,46073,,46087,,,,0,,,,0,,,,0,,0,,0,,0,,0,,,,,,,,,,,,,,,,,,,,,,,,,,,,,,,,,,,,,,,,,,,,,,,,,,,,,,,,,,,,,,,,,,,,,,,,,,,,,,,,,,,,,,,,,,,,,,,,,,,,,,,,,,,,,,,,,,,,,,,,,,,,,,,,,,,,,,,,,,,,,,,,,,,,,,,,,,,,,,,,,,,,,,,,,,,,,,,,,,,,,,,,,,,,,,,,,,,,,,,,,,,,,,,,,,,,,,,,,,,,,,,,,,,,,,,,,,,,,,,,,,,False,STRUCTURAL,비데이터 행,,,unknown
667,4,STXE,REACTOR,H1633,STX-1,4,2026-05-07 00:00:00,,3,30,,,,,취부,,0,,,,,,,,,,,,,,,,,,C 에이스,4,5,,,LOAD,,,,,,,,,,,,,,,,,,,,,,,,,,,,,,,,,,,,,,,,,,,,,,,,,,,,,,,,,,,,,,,,,,,,,,,,,,,,,,,,,,,,,,,,,,,,,,,,,,,,,,,,,,,,,,,,,,,,,,,,,,,,,,,,,,,,,,,,,,,,,,,,,,,,,,,,,,,,,,,,,,,,,,,,,,,,,,,,,,,,,,,,,,,,,,,,,,,,,,,,,,,,,,,,,,,,,,,,,,,,,,,,,,,,,,,,,,,,,,,,,,,,,,,,,,,,,,,,,,,,,,,,,,,,,,,,,,,False,STRUCTURAL,비데이터 행,,,unknown
667,5,STXE,REACTOR,H1633,STX-1,4,2026-05-07 00:00:00,,3,30,,,,,용접,,0,,,,,,,,,,,,,,,,,,C 에이스,4,5,,,,,,,,,,,,,,,,,,,,,,,,,,,,,,,,,,,,,,,,,,,,,,,,,,,,,,,,,,,,,,,,,,,,,,,,,,,,,,,,,,,,,,,,,,,,,,,,,,,,,,,,,,,,,,,,,,,,,,,,,,,,,,,,,,,,,,,,,,,,,,,,,,,,,,,,,,,,,,,,,,,,,,,,,,,,,,,,,,,,,,,,,,,,,,,,,,,,,,,,,,,,,,,,,,,,,,,,,,,,,,,,,,,,,,,,,,,,,,,,,,,,,,,,,,,,,,,,,,,,,,,,,,,,,,,,,,,,,,False,STRUCTURAL,비데이터 행,,,unknown
667,6,STXE,REACTOR,H1633,STX-1,4,2026-05-07 00:00:00,,3,30,,,,,조립,,6,,,,,,,,,,,,,,,,,,C 에이스,4,5,,,,,,,,,,,,,,,,,,,,,,,,,,,,,,,,,,,,,,,,,,,,,,,,,,,,,,,,,,,,,,,,,,,,,,,,,,,,,,,,,,,,,,,,,,,,,,,,,,,,,,,,,,,,,,,,,,,,,,2,2,,2,,,,,,,,,,,,,,,,,,,,,,,,,,,,,,,,,,,,,,,,,,,,,,,,,,,,,,,,,,,,,,,,,,,,,,,,,,,,,,,,,,,,,,,,,,,,,,,,,,,,,,,,,,,,,,,,,,,,,,,,,,,,,,,,,,,,,,,,,,,,,,,,,,,,,,,,,,,,,False,STRUCTURAL,비데이터 행,,,unknown
667,7,STXE,REACTOR,H1633,STX-1,4,2026-05-07 00:00:00,,3,30,,,,,사상,,2,,,,,,,,,,,,,,,,,,C 에이스,4,5,,,,,,,,,,,,,,,,,,,,,,,,,,,,,,,,,,,,,,,,,,,,,,,,,,,,,,,,,,,,,,,,,,,,,,,,,,,,,,,,,,,,,,,,,,,,,,,,,,,,,,,,,,,,,,,,,,,,,1,1,,,,,,,,,,,,,,,,,,,,,,,,,,,,,,,,,,,,,,,,,,,,,,,,,,,,,,,,,,,,,,,,,,,,,,,,,,,,,,,,,,,,,,,,,,,,,,,,,,,,,,,,,,,,,,,,,,,,,,,,,,,,,,,,,,,,,,,,,,,,,,,,,,,,,,,,,,,,,,,,False,STRUCTURAL,비데이터 행,,,unknown
667,9,STXE,REACTOR,H1633,STX-1,4,2026-05-07 00:00:00,,3,30,,,,1/13 출도,실적,,,,,,,,,,,,,,,,,,,,C 에이스,4,5,,,,,,,,,,,,,,,,,,,,,,,,,,,,,,,,,,,,,,,,,,,,,,,,,,,,,,,,,,,,,,,,,,,,,,,,,,,,,,,,,,,,,,,,,,,,,,,,,,,,,,,,,,,,,,,,,,,,,,,,,,,,,,,,,,,,,,,,,,,,,,,,,,,,,,,,,,,,,,,,,,,,,,,,,,,,,,,,,,,,,,,,,,,,,,,,,,,,,,,,,,,,,,,,,,,,,,,,,,,,,,,,,,,,,,,,,,,,,,,,,,,,,,,,,,,,,,,,,,,,,,,,,,,,,,,,,,,,,,False,STRUCTURAL,비데이터 행,,,unknown
668,1,HHI,GV,SN2730,VS-1,1,2026-05-08 00:00:00,46127,1,30,,,,도면 2/20 배포,일자,E 케이테크,46086,46090,46091,46105,46114,46114,46123,46127,-,2026-04-20 00:00:00,46140,46141,46142,2026-05-06 00:00:00,46149,0.3,,,E 케이테크,4,5,,,계획,46086,,46090,,46091,,46105,,46106,,46114,,46115,,46127,,46128,,46132,,46133,,46140,,46141,,46142,,46148,,46149,,,,,,,,,,,,,,,,,,,,,,,,,,,,,,,,,,D,,,,K,발S,,,,,,,,,,,,,,발F,가S,,,,,,,,가F,제S,-----,-----,-----,-----,-----,-----,-----,-----,-----,-----,-----,제F,도S,,,,도F,조S,,,,,,,조F,상,검,,,,,,포,출,납,,,,,,,,,,,,,,,,,,,,,,,,,,,,,,,,,,,,,,,,,,,,,,,,,,,,,,,,,,,,,,,,,,,,,,,,,,,,,,,,,,,,,,,,,,,,,,,,,,,,,,,,,,,,,,,,,,,,,,,,,,,,,,,,,,,,,,,,,,,,,,,,,,True,DATA_PLAN,,,,plan
668,2,HHI,GV,SN2730,VS-1,1,2026-05-08 00:00:00,,1,30,,,,,실행,E 케이테크,46073,46073,46085,46090,,,,,,,,,,,,,,,E 케이테크,4,5,,,,,,,,,,,,,,,,,,,,,,,,,,,,,,,,,,,,,,,,,,,,,,,,,,,,,,,,,,,,,,,,,,,,,,,,,,,,,,,,,,,,,,,,,,,,,,,,,,,,,,,,,,,,,,,,,,,,,,,,,,,,,,,,,,,,,,,,,,,,,,,,,,,,,,,,,,,,,,,,,,,,,,,,,,,,,,,,,,,,,,,,,,,,,,,,,,,,,,,,,,,,,,,,,,,,,,,,,,,,,,,,,,,,,,,,,,,,,,,,,,,,,,,,,,,,,,,,,,,,,,,,,,,,,,,,,,,,,,True,DATA_ACTUAL,,,,actual
668,3,HHI,GV,SN2730,VS-1,1,2026-05-08 00:00:00,,1,30,,,,,E 케이테크,E 케이테크,13,17,6,15,,,,,-,,,,,,,,,,E 케이테크,4,5,,,실적,,46073,,46073,,46085,,46090,,46090,,0,,,,0,,,,0,,,,0,,0,,0,,0,,0,,,,,,,,,,,,,,,,,,,,,,,,,,,,,,,,,,,,,,,,,,,,,,,,,,,,,,,,,,,,,,,,,,,,,,,,,,,,,,,,,,,,,,,,,,,,,,,,,,,,,,,,,,,,,,,,,,,,,,,,,,,,,,,,,,,,,,,,,,,,,,,,,,,,,,,,,,,,,,,,,,,,,,,,,,,,,,,,,,,,,,,,,,,,,,,,,,,,,,,,,,,,,,,,,,,,,,,,,,,,,,,,,,,,,,,,,,,,,,,,,,,False,STRUCTURAL,비데이터 행,,,unknown
668,4,HHI,GV,SN2730,VS-1,1,2026-05-08 00:00:00,,1,30,,,,,취부,,7,,,,,,,,,,,,,,,,,,E 케이테크,4,5,,,LOAD,,,,,,,,,,,,,,,,,,,,,,,,,,,,,,,,,,,,,,,,,,,,,,,,,,,,,,,,,,,,,,,,,,,,,,,,,,,,,,,,,,,,,,,,,,,,,,,,,,,,,,,,,,1,1,1,1,,1,1,1,,,,,,,,,,,,,,,,,,,,,,,,,,,,,,,,,,,,,,,,,,,,,,,,,,,,,,,,,,,,,,,,,,,,,,,,,,,,,,,,,,,,,,,,,,,,,,,,,,,,,,,,,,,,,,,,,,,,,,,,,,,,,,,,,,,,,,,,,,,,,,,,,,,,,,,,,,,,,,,,,,False,STRUCTURAL,비데이터 행,,,unknown
668,5,HHI,GV,SN2730,VS-1,1,2026-05-08 00:00:00,,1,30,,,,,용접,,6,,,,,,,,,,,,,,,,,,E 케이테크,4,5,,,,,,,,,,,,,,,,,,,,,,,,,,,,,,,,,,,,,,,,,,,,,,,,,,,,,,,,,,,,,,,,,,,,,,,,,,,,,,,,,,,,,,,,,,,,,,,,,,,,,,,,,,,,,,,1,1,,1,1,1,1,,,,,,,,,,,,,,,,,,,,,,,,,,,,,,,,,,,,,,,,,,,,,,,,,,,,,,,,,,,,,,,,,,,,,,,,,,,,,,,,,,,,,,,,,,,,,,,,,,,,,,,,,,,,,,,,,,,,,,,,,,,,,,,,,,,,,,,,,,,,,,,,,,,,,,,,,,,,,,,,,False,STRUCTURAL,비데이터 행,,,unknown
668,6,HHI,GV,SN2730,VS-1,1,2026-05-08 00:00:00,,1,30,,,,,조립,,4,,,,,,,,,,,,,,,,,,E 케이테크,4,5,,,,,,,,,,,,,,,,,,,,,,,,,,,,,,,,,,,,,,,,,,,,,,,,,,,,,,,,,,,,,,,,,,,,,,,,,,,,,,,,,,,,,,,,,,,,,,,,,,,,,,,,,,,,,,,,,,,1,1,1,1,,,,,,,,,,,,,,,,,,,,,,,,,,,,,,,,,,,,,,,,,,,,,,,,,,,,,,,,,,,,,,,,,,,,,,,,,,,,,,,,,,,,,,,,,,,,,,,,,,,,,,,,,,,,,,,,,,,,,,,,,,,,,,,,,,,,,,,,,,,,,,,,,,,,,,,,,,,,,,,,False,STRUCTURAL,비데이터 행,,,unknown
668,7,HHI,GV,SN2730,VS-1,1,2026-05-08 00:00:00,,1,30,,,,,사상,,6,,,,,,,,,,,,,,,,,,E 케이테크,4,5,,,,,,,,,,,,,,,,,,,,,,,,,,,,,,,,,,,,,,,,,,,,,,,,,,,,,,,,,,,,,,,,,,,,,,,,,,,,,,,,,,,,,,,,,,,,,,,,,,,,,,,,,,,,,,,,,,,,1,1,1,1,,,2,,,,,,,,,,,,,,,,,,,,,,,,,,,,,,,,,,,,,,,,,,,,,,,,,,,,,,,,,,,,,,,,,,,,,,,,,,,,,,,,,,,,,,,,,,,,,,,,,,,,,,,,,,,,,,,,,,,,,,,,,,,,,,,,,,,,,,,,,,,,,,,,,,,,,,,,,,,,False,STRUCTURAL,비데이터 행,,,unknown
668,9,HHI,GV,SN2730,VS-1,1,2026-05-08 00:00:00,,1,30,,,,,실적,,,,,,,,,,,,,,,,,,,,E 케이테크,4,5,,,,,,,,,,,,,,,,,,,,,,,,,,,,,,,,,,,,,,,,,,,,,,,,,,,,,,,,,,,,,,,,,,,,,,,,,,,,,,,,,,,,,,,,,,,,,,,,,,,,,,,,,,,,,,,,,,,,,,,,,,,,,,,,,,,,,,,,,,,,,,,,,,,,,,,,,,,,,,,,,,,,,,,,,,,,,,,,,,,,,,,,,,,,,,,,,,,,,,,,,,,,,,,,,,,,,,,,,,,,,,,,,,,,,,,,,,,,,,,,,,,,,,,,,,,,,,,,,,,,,,,,,,,,,,,,,,,,,,False,STRUCTURAL,비데이터 행,,,unknown
669,1,HHI,EGP,H2862,EGP-2,5,2026-05-13 00:00:00,46118,4,50,,,,"8H_2,7H_2,9H_1set",일자,F JK플랜트,46059,46066,46072,46087,46098,46098,46111,46118,-,2026-04-14 00:00:00,46148,46149,46150,2026-05-11 00:00:00,46154,0.55,,,F JK플랜트,4,5,,,계획,46059,,46066,,46072,,46087,,46090,,46098,,46099,,46118,,46121,,46126,,46125,,46148,,46149,,46150,,46153,,46154,,,,,,,D,,,,,,,K,,,,,,발S,,,,,,,,,,,,,,,발F,,,가S,,,,,,,,가F,제S,-----,-----,,-----,-----,-----,-----,-----,-----,,-----,-----,-----,-----,-----,-----,-----,-----,제F,,,도S,,,,조S,도F,,,,,,,,,,,,,,,,,,,,,,조F,상,검,,,포,출,납,,,,,,,,,,,,,,,,,,,,,,,,,,,,,,,,,,,,,,,,,,,,,,,,,,,,,,,,,,,,,,,,,,,,,,,,,,,,,,,,,,,,,,,,,,,,,,,,,,,,,,,,,,,,,,,,,,,,,,,,,,,,,,,,,,,,,,,,,,,,,True,DATA_PLAN,,,,plan
669,2,HHI,EGP,H2862,EGP-2,5,2026-05-13 00:00:00,,4,50,,,,6/17->4/6→5/13,실행,F JK플랜트,46027,46027,46028,46042,46062,46050,46087,46090,,,,,,,,,,,F JK플랜트,4,5,,,,,,,,,,,,,,,,,,,,,,,,,,,,,,,,,,,,,,,,,,,,,,,,,,,,,,,,,,,,,,,,,,,,,,,,,,,,,,,,,,,,,,,,,,,,,,,,,,,,,,,,,,,,,,,,,,,,,,,,,,,,,,,,,,,,,,,,,,,,,,,,,,,,,,,,,,,,,,,,,,,,,,,,,,,,,,,,,,,,,,,,,,,,,,,,,,,,,,,,,,,,,,,,,,,,,,,,,,,,,,,,,,,,,,,,,,,,,,,,,,,,,,,,,,,,,,,,,,,,,,,,,,,,,,,,,,,,,,True,DATA_ACTUAL,,,,actual
669,3,HHI,EGP,H2862,EGP-2,5,2026-05-13 00:00:00,,4,50,,,,,F JK플랜트,F JK플랜트,32,39,44,45,36,48,24,28,-,,,,,,,,,,F JK플랜트,4,5,,,실적,,46027,,46027,,46028,,46042,,,,46050,,,,46090,,,,0,,,,0,,0,,0,,0,,0,,,,,,,,,,,,,,,,,,,,,,,,,,,,,,,,,,,,,,,,,,,,,,,,,,,,,,,,,,,,,,,,,,,,,,,,,,,,,,,,,,,,,,,,,,,,,,,,,,,,,,,,,,,,,,,,,,,,,,,,,,,,,,,,,,,,,,,,,,,,,,,,,,,,,,,,,,,,,,,,,,,,,,,,,,,,,,,,,,,,,,,,,,,,,,,,,,,,,,,,,,,,,,,,,,,,,,,,,,,,,,,,,,,,,,,,,,,,,,,,,,,False,STRUCTURAL,비데이터 행,,,unknown
669,4,HHI,EGP,H2862,EGP-2,5,2026-05-13 00:00:00,,4,50,,,,,취부,,14,,,,,,,,,,,,,,,,,,F JK플랜트,4,5,,,LOAD,,,,,,,,,,,,,,,,,,,,,,,,,,,,,,,,,,,,,,,,,,,,,,,,,,,,,,,,,,,,,,,,,,,,,,,,,,,,,,,,,,,,,,,,,,,,,,,,,,,,,,,,,,2,2,2,2,,2,2,2,,,,,,,,,,,,,,,,,,,,,,,,,,,,,,,,,,,,,,,,,,,,,,,,,,,,,,,,,,,,,,,,,,,,,,,,,,,,,,,,,,,,,,,,,,,,,,,,,,,,,,,,,,,,,,,,,,,,,,,,,,,,,,,,,,,,,,,,,,,,,,,,,,,,,,,,,,,,,,,,,,False,STRUCTURAL,비데이터 행,,,unknown
669,5,HHI,EGP,H2862,EGP-2,5,2026-05-13 00:00:00,,4,50,,,,,용접,,15,,,,,,,,,,,,,,,,,,F JK플랜트,4,5,,,,,,,,,,,,,,,,,,,,,,,,,,,,,,,,,,,,,,,,,,,,,,,,,,,,,,,,,,,,,,,,,,,,,,,,,,,,,,,,,,,,,,,,,,,,,,,,,,,,,,,,,,,,,,2,2,2,,2,2,2,2,1,,,,,,,,,,,,,,,,,,,,,,,,,,,,,,,,,,,,,,,,,,,,,,,,,,,,,,,,,,,,,,,,,,,,,,,,,,,,,,,,,,,,,,,,,,,,,,,,,,,,,,,,,,,,,,,,,,,,,,,,,,,,,,,,,,,,,,,,,,,,,,,,,,,,,,,,,,,,,,,,False,STRUCTURAL,비데이터 행,,,unknown
669,6,HHI,EGP,H2862,EGP-2,5,2026-05-13 00:00:00,,4,50,,,,,조립,,19,,,,,,,,,,,,,,,,,,F JK플랜트,4,5,,,,,,,,,,,,,,,,,,,,,,,,,,,,,,,,,,,,,,,,,,,,,,,,,,,,,,,,,,,,,,,,,,,,,,,,,,,,,,,,,,,,,,,,,,,,,,,,,,,,,,,,,,,,,,,2,2,,2,2,2,2,2,1,,,,,,,,,2,,2,,,,,,,,,,,,,,,,,,,,,,,,,,,,,,,,,,,,,,,,,,,,,,,,,,,,,,,,,,,,,,,,,,,,,,,,,,,,,,,,,,,,,,,,,,,,,,,,,,,,,,,,,,,,,,,,,,,,,,,,,,,,,,,,,,,,,,,,,,,,,,,,,,,,False,STRUCTURAL,비데이터 행,,,unknown
669,7,HHI,EGP,H2862,EGP-2,5,2026-05-13 00:00:00,,4,50,,,,,사상,,13,,,,,,,,,,,,,,,,,,F JK플랜트,4,5,,,,,,,,,,,,,,,,,,,,,,,,,,,,,,,,,,,,,,,,,,,,,,,,,,,,,,,,,,,,,,,,,,,,,,,,,,,,,,,,,,,,,,,,,,,,,,,,,,,,,,,,,,,,,,,,2,,2,2,2,2,1,1,,1,,,,,,,,,,,,,,,,,,,,,,,,,,,,,,,,,,,,,,,,,,,,,,,,,,,,,,,,,,,,,,,,,,,,,,,,,,,,,,,,,,,,,,,,,,,,,,,,,,,,,,,,,,,,,,,,,,,,,,,,,,,,,,,,,,,,,,,,,,,,,,,,,,,,,,,,,,,,,False,STRUCTURAL,비데이터 행,,,unknown
669,9,HHI,EGP,H2862,EGP-2,5,2026-05-13 00:00:00,,4,50,,,,,실적,,,,,,,,,,,,,,,,,,,,F JK플랜트,4,5,,,,,,,,,,,,,,,,,,,,,,,,,,,,,,,,,,,,,,,,,,,,,,,,,,,,,,,,,,,,,,,,,,,,,,,,,,,,,,,,,,,,,,,,,,,,,,,,,,,,,,,,,,,,,,,,,,,,,,,,,,,,,,,,,,,,,,,,,,,,,,,,,,,,,,,,,,,,,,,,,,,,,,,,,,,,,,,,,,,,,,,,,,,,,,,,,,,,,,,,,,,,,,,,,,,,,,,,,,,,,,,,,,,,,,,,,,,,,,,,,,,,,,,,,,,,,,,,,,,,,,,,,,,,,,,,,,,,,,False,STRUCTURAL,비데이터 행,,,unknown
670,1,HHI,GV,HMD8410 #3,VS-2,2,2026-05-15 00:00:00,46133,1,30,,,,,일자,E 케이테크,46090,46092,46093,46107,46118,46118,46128,46133,-,2026-04-24 00:00:00,46149,46150,46154,2026-05-13 00:00:00,46156,0.3,,,E 케이테크,4,5,,,계획,46090,,46092,,46093,,46107,,46108,,46118,,46119,,46133,,46134,,46136,,46139,,46149,,46150,,46154,,46155,,46156,,,,,,,,,,,,,,,,,,,,,,,,,,,,,,,,,,,,,,D,,K,발S,,,,,,,,,,,,,,발F,가S,,,,,,,,,,가F,제S,-----,-----,-----,-----,-----,-----,-----,-----,-----,-----,-----,-----,-----,제F,도S,,도F,,,조S,,,,,,,,,,조F,상,,,,검,포,출,납,,,,,,,,,,,,,,,,,,,,,,,,,,,,,,,,,,,,,,,,,,,,,,,,,,,,,,,,,,,,,,,,,,,,,,,,,,,,,,,,,,,,,,,,,,,,,,,,,,,,,,,,,,,,,,,,,,,,,,,,,,,,,,,,,,,,,,,,,,,True,DATA_PLAN,,,,plan
670,2,HHI,GV,HMD8410 #3,VS-2,2,2026-05-15 00:00:00,,1,30,,,,,실행,E 케이테크,45821,45824,46085,46090,46108,,,,,,,,,,,,,,E 케이테크,4,5,,,,,,,,,,,,,,,,,,,,,,,,,,,,,,,,,,,,,,,,,,,,,,,,,,,,,,,,,,,,,,,,,,,,,,,,,,,,,,,,,,,,,,,,,,,,,,,,,,,,,,,,,,,,,,,,,,,,,,,,,,,,,,,,,,,,,,,,,,,,,,,,,,,,,,,,,,,,,,,,,,,,,,,,,,,,,,,,,,,,,,,,,,,,,,,,,,,,,,,,,,,,,,,,,,,,,,,,,,,,,,,,,,,,,,,,,,,,,,,,,,,,,,,,,,,,,,,,,,,,,,,,,,,,,,,,,,,,,,True,DATA_ACTUAL,,,,actual
670,3,HHI,GV,HMD8410 #3,VS-2,2,2026-05-15 00:00:00,,1,30,,,,,E 케이테크,E 케이테크,269,268,8,17,10,,,,-,,,,,,,,,,E 케이테크,4,5,,,실적,,45821,,45824,,46085,,46090,,46090,,0,,,,0,,,,0,,,,0,,0,,0,,0,,0,,,,,,,,,,,,,,,,,,,,,,,,,,,,,,,,,,,,,,,,,,,,,,,,,,,,,,,,,,,,,,,,,,,,,,,,,,,,,,,,,,,,,,,,,,,,,,,,,,,,,,,,,,,,,,,,,,,,,,,,,,,,,,,,,,,,,,,,,,,,,,,,,,,,,,,,,,,,,,,,,,,,,,,,,,,,,,,,,,,,,,,,,,,,,,,,,,,,,,,,,,,,,,,,,,,,,,,,,,,,,,,,,,,,,,,,,,,,,,,,,,,False,STRUCTURAL,비데이터 행,,,unknown
670,4,HHI,GV,HMD8410 #3,VS-2,2,2026-05-15 00:00:00,,1,30,,,,,취부,,9,,,,,,,,,,,,,,,,,,E 케이테크,4,5,,,LOAD,,,,,,,,,,,,,,,,,,,,,,,,,,,,,,,,,,,,,,,,,,,,,,,,,,,,,,,,,,,,,,,,,,,,,,,,,,,,,,,,,,,,,,,,,,,,,,,,,,,,,,,,,,,,,,,,,2,2,1,1,,1,1,1,,,,,,,,,,,,,,,,,,,,,,,,,,,,,,,,,,,,,,,,,,,,,,,,,,,,,,,,,,,,,,,,,,,,,,,,,,,,,,,,,,,,,,,,,,,,,,,,,,,,,,,,,,,,,,,,,,,,,,,,,,,,,,,,,,,,,,,,,,,,,,,,,,,,,,,,,,,False,STRUCTURAL,비데이터 행,,,unknown
670,5,HHI,GV,HMD8410 #3,VS-2,2,2026-05-15 00:00:00,,1,30,,,,,용접,,10,,,,,,,,,,,,,,,,,,E 케이테크,4,5,,,,,,,,,,,,,,,,,,,,,,,,,,,,,,,,,,,,,,,,,,,,,,,,,,,,,,,,,,,,,,,,,,,,,,,,,,,,,,,,,,,,,,,,,,,,,,,,,,,,,,,,,,,,,,,,,,,,,2,2,2,,1,1,1,1,,,,,,,,,,,,,,,,,,,,,,,,,,,,,,,,,,,,,,,,,,,,,,,,,,,,,,,,,,,,,,,,,,,,,,,,,,,,,,,,,,,,,,,,,,,,,,,,,,,,,,,,,,,,,,,,,,,,,,,,,,,,,,,,,,,,,,,,,,,,,,,,,,,,,,,,,,False,STRUCTURAL,비데이터 행,,,unknown
670,6,HHI,GV,HMD8410 #3,VS-2,2,2026-05-15 00:00:00,,1,30,,,,,조립,,10,,,,,,,,,,,,,,,,,,E 케이테크,4,5,,,,,,,,,,,,,,,,,,,,,,,,,,,,,,,,,,,,,,,,,,,,,,,,,,,,,,,,,,,,,,,,,,,,,,,,,,,,,,,,,,,,,,,,,,,,,,,,,,,,,,,,,,,,,,,,,,,,,,2,2,,1,1,1,1,,1,,1,,,,,,,,,,,,,,,,,,,,,,,,,,,,,,,,,,,,,,,,,,,,,,,,,,,,,,,,,,,,,,,,,,,,,,,,,,,,,,,,,,,,,,,,,,,,,,,,,,,,,,,,,,,,,,,,,,,,,,,,,,,,,,,,,,,,,,,,,,,,,,,,,,,,,,False,STRUCTURAL,비데이터 행,,,unknown
670,7,HHI,GV,HMD8410 #3,VS-2,2,2026-05-15 00:00:00,,1,30,,,,,사상,,10,,,,,,,,,,,,,,,,,,E 케이테크,4,5,,,,,,,,,,,,,,,,,,,,,,,,,,,,,,,,,,,,,,,,,,,,,,,,,,,,,,,,,,,,,,,,,,,,,,,,,,,,,,,,,,,,,,,,,,,,,,,,,,,,,,,,,,,,,,,,,,,,,,,1,,1,1,1,1,,1,,1,1,,2,,,,,,,,,,,,,,,,,,,,,,,,,,,,,,,,,,,,,,,,,,,,,,,,,,,,,,,,,,,,,,,,,,,,,,,,,,,,,,,,,,,,,,,,,,,,,,,,,,,,,,,,,,,,,,,,,,,,,,,,,,,,,,,,,,,,,,,,,,,,,,,,,,,False,STRUCTURAL,비데이터 행,,,unknown
670,9,HHI,GV,HMD8410 #3,VS-2,2,2026-05-15 00:00:00,,1,30,,,,,실적,,,,,,,,,,,,,,,,,,,,E 케이테크,4,5,,,,,,,,,,,,,,,,,,,,,,,,,,,,,,,,,,,,,,,,,,,,,,,,,,,,,,,,,,,,,,,,,,,,,,,,,,,,,,,,,,,,,,,,,,,,,,,,,,,,,,,,,,,,,,,,,,,,,,,,,,,,,,,,,,,,,,,,,,,,,,,,,,,,,,,,,,,,,,,,,,,,,,,,,,,,,,,,,,,,,,,,,,,,,,,,,,,,,,,,,,,,,,,,,,,,,,,,,,,,,,,,,,,,,,,,,,,,,,,,,,,,,,,,,,,,,,,,,,,,,,,,,,,,,,,,,,,,,,False,STRUCTURAL,비데이터 행,,,unknown
671,1,BHI,VS,Nairyah #1,VS-5,8,2026-05-20 00:00:00,46066,4,30,,,,,일자,A 동일,46003,46010,46015,46031,46043,46043,46058,46066,-,2026-02-25 00:00:00,46091,46093,46097,2026-03-18 00:00:00,46100,0.98,,,A 동일,2,5,,,계획,46003,,46010,,46015,,46031,,46034,,46043,,46042,,46066,,46063,,46078,,46073,,46091,,46093,,46097,,46099,,46100,,-----,-----,-----,-----,-----,-----,-----,-----,-----,도S,-----,-----,제F,,,,,,,조S,,,,,도F,,,,,,,,,,,,,조F,,상,,,,검,,포,출,,,,,,,,,,,,,,,,,,,,,,,,,,,,,,,,,,,,,,,,,,,,,,,,,,,,,,,,,,,,,,납,,,,,,,,,,,,,,,,,,,,,,,,,,,,,,,,,,,,,,,,,,,,,,,,,,,,,,,,,,,,,,,,,,,,,,,,,,,,,,,,,,,,,,,,,,,,,,,,,,,,,,,,,,,,,,,,,,,,,,,,,,,,,,,,,,,,,,True,DATA_PLAN,,,,plan
671,2,BHI,VS,Nairyah #1,VS-5,8,2026-05-20 00:00:00,,4,30,,,,3/1->3/10→3/20→5/20,실행,A 동일,45992,46002,46006,46024,46028,46028,46031,46066,,2026-02-23 00:00:00,완료,완료,완료,2026-03-19 00:00:00,,,,,A 동일,2,5,,,,,,,,,,,,,,,,,,,,,,,,,,,,,,,,,,,,,,,,,,,,,,,,,,,,,,,,,,,,,,,,,,,,,,,,,,,,,,,,,,,,,,,,,,,,,,,,,,,,,,,,,,,,,,,,,,,,,,,,,,,,,,,,,,,,,,,,,,,,,,,,,,,,,,,,,,,,,,,,,,,,,,,,,,,,,,,,,,,,,,,,,,,,,,,,,,,,,,,,,,,,,,,,,,,,,,,,,,,,,,,,,,,,,,,,,,,,,,,,,,,,,,,,,,,,,,,,,,,,,,,,,,,,,,,,,,,,,,True,DATA_ACTUAL,,,,actual
671,3,BHI,VS,Nairyah #1,VS-5,8,2026-05-20 00:00:00,,4,30,,,,,A 동일,A 동일,11,8,9,7,15,15,27,0,-,,,,,,,,,,A 동일,2,5,,,실적,,45992,,46002,,46006,,46024,,,,46028,,,,46066,,,,46076,,,,완료,,완료,,완료,,46100,,0,,,,,,,,,,,,,,,,,,,,,,,,,,,,,,,,,,,,,,,,,,,,,,,,,,,,,,,,,,,,,,,,,,,,,,,,,,,,,,,,,,,,,,,,,,,,,,,,,,,,,,,,,,,,,,,,,,,,,,,,,,,,,,,,,,,,,,,,,,,,,,,,,,,,,,,,,,,,,,,,,,,,,,,,,,,,,,,,,,,,,,,,,,,,,,,,,,,,,,,,,,,,,,,,,,,,,,,,,,,,,,,,,,,,,,,,,,,,,,,,,,,False,STRUCTURAL,비데이터 행,,,unknown
671,4,BHI,VS,Nairyah #1,VS-5,8,2026-05-20 00:00:00,,4,30,,,,,취부,,24,,,,,,,,,,,,,,,,,,A 동일,2,5,,,LOAD,,,,,,,,,,,,,,,,,,,,,,,,,,,,,,,,,,,,,,,,,,,,,,,,,,,3,3,3,,,3,2,2,2,2,,,,2,1,1,,,,,,,,,,,,,,,,,,,,,,,,,,,,,,,,,,,,,,,,,,,,,,,,,,,,,,,,,,,,,,,,,,,,,,,,,,,,,,,,,,,,,,,,,,,,,,,,,,,,,,,,,,,,,,,,,,,,,,,,,,,,,,,,,,,,,,,,,,,,,,,,,,,,,,,,,,,,,,,,,,,,,,,,,,,,,,,,,,,,,,,,,,,,,,,,,,,,,,,,,,,,,,,,,False,STRUCTURAL,비데이터 행,,,unknown
671,5,BHI,VS,Nairyah #1,VS-5,8,2026-05-20 00:00:00,,4,30,,,,,용접,,32,,,,,,,,,,,,,,,,,,A 동일,2,5,,,,,,,,,,,,,,,,,,,,,,,,,,,,,,,,,,,,,,,,,,,,,,,,,,,,,,3,3,3,,,3,3,3,3,3,,,,3,3,1,1.0,,,,,,,,,,,,,,,,,,,,,,,,,,,,,,,,,,,,,,,,,,,,,,,,,,,,,,,,,,,,,,,,,,,,,,,,,,,,,,,,,,,,,,,,,,,,,,,,,,,,,,,,,,,,,,,,,,,,,,,,,,,,,,,,,,,,,,,,,,,,,,,,,,,,,,,,,,,,,,,,,,,,,,,,,,,,,,,,,,,,,,,,,,,,,,,,,,,,,,,,,,,,,,,,False,STRUCTURAL,비데이터 행,,,unknown
671,6,BHI,VS,Nairyah #1,VS-5,8,2026-05-20 00:00:00,,4,30,,,,,조립,,29,,,,,,,,,,,,,,,,,,A 동일,2,5,,,,,,,,,,,,,,,,,,,,,,,,,,,,,,,,,,,,,,,,,,,,,,,,,,,,,,2,3,3,,,3,3,3,3,2,,,,2,2,1,1.0,,1,,,,,,,,,,,,,,,,,,,,,,,,,,,,,,,,,,,,,,,,,,,,,,,,,,,,,,,,,,,,,,,,,,,,,,,,,,,,,,,,,,,,,,,,,,,,,,,,,,,,,,,,,,,,,,,,,,,,,,,,,,,,,,,,,,,,,,,,,,,,,,,,,,,,,,,,,,,,,,,,,,,,,,,,,,,,,,,,,,,,,,,,,,,,,,,,,,,,,,,,,,,,,,False,STRUCTURAL,비데이터 행,,,unknown
671,7,BHI,VS,Nairyah #1,VS-5,8,2026-05-20 00:00:00,,4,30,,,,,사상,,17,,,,,,,,,,,,,,,,,,A 동일,2,5,,,,,,,,,,,,,,,,,,,,,,,,,,,,,,,,,,,,,,,,,,,,,,,,,,,,,,2,2,2,,,1,1,1,1,1,,,,1,1,1,1.0,,1,1,,,,,,,,,,,,,,,,,,,,,,,,,,,,,,,,,,,,,,,,,,,,,,,,,,,,,,,,,,,,,,,,,,,,,,,,,,,,,,,,,,,,,,,,,,,,,,,,,,,,,,,,,,,,,,,,,,,,,,,,,,,,,,,,,,,,,,,,,,,,,,,,,,,,,,,,,,,,,,,,,,,,,,,,,,,,,,,,,,,,,,,,,,,,,,,,,,,,,,,,,,,,,False,STRUCTURAL,비데이터 행,,,unknown
671,9,BHI,VS,Nairyah #1,VS-5,8,2026-05-20 00:00:00,,4,30,,,,,실적,,,,,,,,,,,,,,,,,,,,A 동일,2,5,,,,,,,,,,,,,,,,,,,,,,,,,,,,,,,,,,,,,,,,,,,,,,,,,,,,,,,,,,,,,,,,,,,,,,,,,,,,,,,,,,,,,,,,,,,,,,,,,,,,,,,,,,,,,,,,,,,,,,,,,,,,,,,,,,,,,,,,,,,,,,,,,,,,,,,,,,,,,,,,,,,,,,,,,,,,,,,,,,,,,,,,,,,,,,,,,,,,,,,,,,,,,,,,,,,,,,,,,,,,,,,,,,,,,,,,,,,,,,,,,,,,,,,,,,,,,,,,,,,,,,,,,,,,,,,,,,,,,,False,STRUCTURAL,비데이터 행,,,unknown
672,1,BHI,VS,Rumah #1,VS-5,8,2026-05-20 00:00:00,46066,4,30,,,,,일자,C 에이스,46003,46010,46015,46031,46043,46043,46058,46066,-,2026-02-25 00:00:00,46091,46093,46097,2026-03-18 00:00:00,46100,0.98,,,C 에이스,2,5,,,계획,46003,,46010,,46015,,46031,,46034,,46043,,46042,,46066,,46063,,46078,,46073,,46091,,46093,,46097,,46099,,46100,,-----,-----,-----,-----,-----,-----,-----,-----,-----,도S,-----,-----,제F,,,,,,,조S,,,,,도F,,,,,,,,,,,,,조F,,상,,,,검,,포,출,,,,,,,,,,,,,,,,,,,,,,,,,,,,,,,,,,,,,,,,,,,,,,,,,,,,,,,,,,,,,,납,,,,,,,,,,,,,,,,,,,,,,,,,,,,,,,,,,,,,,,,,,,,,,,,,,,,,,,,,,,,,,,,,,,,,,,,,,,,,,,,,,,,,,,,,,,,,,,,,,,,,,,,,,,,,,,,,,,,,,,,,,,,,,,,,,,,,,True,DATA_PLAN,,,,plan
672,2,BHI,VS,Rumah #1,VS-5,8,2026-05-20 00:00:00,,4,30,,,,3/1->3/10→3/20→5/20,실행,C 에이스,45992,46000,46006,46024,46043,46028,46051,46066,,2026-02-23 00:00:00,완료,완료,완료,2026-03-19 00:00:00,,,,,C 에이스,2,5,,,,,,,,,,,,,,,,,,,,,,,,,,,,,,,,,,,,,,,,,,,,,,,,,,,,,,,,,,,,,,,,,,,,,,,,,,,,,,,,,,,,,,,,,,,,,,,,,,,,,,,,,,,,,,,,,,,,,,,,,,,,,,,,,,,,,,,,,,,,,,,,,,,,,,,,,,,,,,,,,,,,,,,,,,,,,,,,,,,,,,,,,,,,,,,,,,,,,,,,,,,,,,,,,,,,,,,,,,,,,,,,,,,,,,,,,,,,,,,,,,,,,,,,,,,,,,,,,,,,,,,,,,,,,,,,,,,,,,True,DATA_ACTUAL,,,,actual
672,3,BHI,VS,Rumah #1,VS-5,8,2026-05-20 00:00:00,,4,30,,,,,C 에이스,C 에이스,11,10,9,7,0,15,7,0,-,,,,,,,,,,C 에이스,2,5,,,실적,,45992,,46000,,46006,,46024,,,,46028,,,,46066,,,,46076,,,,완료,,완료,,완료,,46100,,0,,,,,,,,,,,,,,,,,,,,,,,,,,,,,,,,,,,,,,,,,,,,,,,,,,,,,,,,,,,,,,,,,,,,,,,,,,,,,,,,,,,,,,,,,,,,,,,,,,,,,,,,,,,,,,,,,,,,,,,,,,,,,,,,,,,,,,,,,,,,,,,,,,,,,,,,,,,,,,,,,,,,,,,,,,,,,,,,,,,,,,,,,,,,,,,,,,,,,,,,,,,,,,,,,,,,,,,,,,,,,,,,,,,,,,,,,,,,,,,,,,,False,STRUCTURAL,비데이터 행,,,unknown
672,4,BHI,VS,Rumah #1,VS-5,8,2026-05-20 00:00:00,,4,30,,,,,취부,,27,,,,,,,,,,,,,,,,,,C 에이스,2,5,,,LOAD,,,,,,,,,,,,,,,,,,,,,,,,,,,,,,,,,,,,,3,3,,,,,,,3,3,,,,,3,2,,,,,2,2,2,2,,,,,1,1,,,,,,,,,,,,,,,,,,,,,,,,,,,,,,,,,,,,,,,,,,,,,,,,,,,,,,,,,,,,,,,,,,,,,,,,,,,,,,,,,,,,,,,,,,,,,,,,,,,,,,,,,,,,,,,,,,,,,,,,,,,,,,,,,,,,,,,,,,,,,,,,,,,,,,,,,,,,,,,,,,,,,,,,,,,,,,,,,,,,,,,,,,,,,,,,,,,,,,,,,,,,,,,,,False,STRUCTURAL,비데이터 행,,,unknown
672,5,BHI,VS,Rumah #1,VS-5,8,2026-05-20 00:00:00,,4,30,,,,,용접,,35,,,,,,,,,,,,,,,,,,C 에이스,2,5,,,,,,,,,,,,,,,,,,,,,,,,,,,,,,,,,,,,,,,,3,3,,,,,,,3,3,,,,,3,3,,,,,3,3,3,3,,,,,3,1,1.0,,,,,,,,,,,,,,,,,,,,,,,,,,,,,,,,,,,,,,,,,,,,,,,,,,,,,,,,,,,,,,,,,,,,,,,,,,,,,,,,,,,,,,,,,,,,,,,,,,,,,,,,,,,,,,,,,,,,,,,,,,,,,,,,,,,,,,,,,,,,,,,,,,,,,,,,,,,,,,,,,,,,,,,,,,,,,,,,,,,,,,,,,,,,,,,,,,,,,,,,,,,,,,,,False,STRUCTURAL,비데이터 행,,,unknown
672,6,BHI,VS,Rumah #1,VS-5,8,2026-05-20 00:00:00,,4,30,,,,,조립,,31,,,,,,,,,,,,,,,,,,C 에이스,2,5,,,,,,,,,,,,,,,,,,,,,,,,,,,,,,,,,,,,,,,,2,2,,,,,,,3,3,,,,,3,3,,,,,3,3,2,2,,,,,2,1,1.0,,1,,,,,,,,,,,,,,,,,,,,,,,,,,,,,,,,,,,,,,,,,,,,,,,,,,,,,,,,,,,,,,,,,,,,,,,,,,,,,,,,,,,,,,,,,,,,,,,,,,,,,,,,,,,,,,,,,,,,,,,,,,,,,,,,,,,,,,,,,,,,,,,,,,,,,,,,,,,,,,,,,,,,,,,,,,,,,,,,,,,,,,,,,,,,,,,,,,,,,,,,,,,,,,False,STRUCTURAL,비데이터 행,,,unknown
672,7,BHI,VS,Rumah #1,VS-5,8,2026-05-20 00:00:00,,4,30,,,,,사상,,19,,,,,,,,,,,,,,,,,,C 에이스,2,5,,,,,,,,,,,,,,,,,,,,,,,,,,,,,,,,,,,,,,,,2,2,,,,,,,2,2,,,,,1,1,,,,,1,1,1,1,,,,,1,1,1.0,,1,1,,,,,,,,,,,,,,,,,,,,,,,,,,,,,,,,,,,,,,,,,,,,,,,,,,,,,,,,,,,,,,,,,,,,,,,,,,,,,,,,,,,,,,,,,,,,,,,,,,,,,,,,,,,,,,,,,,,,,,,,,,,,,,,,,,,,,,,,,,,,,,,,,,,,,,,,,,,,,,,,,,,,,,,,,,,,,,,,,,,,,,,,,,,,,,,,,,,,,,,,,,,,,False,STRUCTURAL,비데이터 행,,,unknown
672,9,BHI,VS,Rumah #1,VS-5,8,2026-05-20 00:00:00,,4,30,,,,,실적,,,,,,,,,,,,,,,,,,,,C 에이스,2,5,,,,,,,,,,,,,,,,,,,,,,,,,,,,,,,,,,,,,,,,,,,,,,,,,,,,,,,,,,,,,,,,,,,,,,,,,,,,,,,,,,,,,,,,,,,,,,,,,,,,,,,,,,,,,,,,,,,,,,,,,,,,,,,,,,,,,,,,,,,,,,,,,,,,,,,,,,,,,,,,,,,,,,,,,,,,,,,,,,,,,,,,,,,,,,,,,,,,,,,,,,,,,,,,,,,,,,,,,,,,,,,,,,,,,,,,,,,,,,,,,,,,,,,,,,,,,,,,,,,,,,,,,,,,,,,,,,,,,,False,STRUCTURAL,비데이터 행,,,unknown
673,1,HHI,GV,SN2731,VS-1,1,2026-05-22 00:00:00,46141,1,30,,,,도면 2/20 배포,일자,E 케이테크,46100,46104,46105,46119,46128,46128,46137,46141,-,2026-05-07 00:00:00,46157,46160,46161,2026-05-20 00:00:00,46163,0.3,,,E 케이테크,4,5,,,계획,46100,,46104,,46105,,46119,,46120,,46128,,46129,,46141,,46142,,46149,,46150,,46157,,46160,,46161,,46162,,46163,,,,,,,,,,,,,,,,,,,,,,,,,,,,,,,,,,,,,,,,,,,,,,,,D,,,,K,발S,,,,,,,,,,,,,,발F,가S,,,,,,,,가F,제S,-----,-----,-----,-----,-----,-----,-----,-----,-----,-----,-----,제F,도S,,,,,,,도F,조S,,,,,,,조F,,,상,검,포,출,납,,,,,,,,,,,,,,,,,,,,,,,,,,,,,,,,,,,,,,,,,,,,,,,,,,,,,,,,,,,,,,,,,,,,,,,,,,,,,,,,,,,,,,,,,,,,,,,,,,,,,,,,,,,,,,,,,,,,,,,,,,,,,,,,,,,,True,DATA_PLAN,,,,plan
673,2,HHI,GV,SN2731,VS-1,1,2026-05-22 00:00:00,,1,30,,,,,실행,E 케이테크,46073,46073,46085,46090,,,,,,,,,,,,,,,E 케이테크,4,5,,,,,,,,,,,,,,,,,,,,,,,,,,,,,,,,,,,,,,,,,,,,,,,,,,,,,,,,,,,,,,,,,,,,,,,,,,,,,,,,,,,,,,,,,,,,,,,,,,,,,,,,,,,,,,,,,,,,,,,,,,,,,,,,,,,,,,,,,,,,,,,,,,,,,,,,,,,,,,,,,,,,,,,,,,,,,,,,,,,,,,,,,,,,,,,,,,,,,,,,,,,,,,,,,,,,,,,,,,,,,,,,,,,,,,,,,,,,,,,,,,,,,,,,,,,,,,,,,,,,,,,,,,,,,,,,,,,,,,True,DATA_ACTUAL,,,,actual
673,3,HHI,GV,SN2731,VS-1,1,2026-05-22 00:00:00,,1,30,,,,,E 케이테크,E 케이테크,27,31,20,29,,,,,-,,,,,,,,,,E 케이테크,4,5,,,실적,,46073,,46073,,46085,,46090,,46090,,0,,,,0,,,,0,,,,0,,0,,0,,0,,0,,,,,,,,,,,,,,,,,,,,,,,,,,,,,,,,,,,,,,,,,,,,,,,,,,,,,,,,,,,,,,,,,,,,,,,,,,,,,,,,,,,,,,,,,,,,,,,,,,,,,,,,,,,,,,,,,,,,,,,,,,,,,,,,,,,,,,,,,,,,,,,,,,,,,,,,,,,,,,,,,,,,,,,,,,,,,,,,,,,,,,,,,,,,,,,,,,,,,,,,,,,,,,,,,,,,,,,,,,,,,,,,,,,,,,,,,,,,,,,,,,,False,STRUCTURAL,비데이터 행,,,unknown
673,4,HHI,GV,SN2731,VS-1,1,2026-05-22 00:00:00,,1,30,,,,,취부,,7,,,,,,,,,,,,,,,,,,E 케이테크,4,5,,,LOAD,,,,,,,,,,,,,,,,,,,,,,,,,,,,,,,,,,,,,,,,,,,,,,,,,,,,,,,,,,,,,,,,,,,,,,,,,,,,,,,,,,,,,,,,,,,,,,,,,,,,,,,,,,,,,,,,,,,,,,,,,1,,1,,1,,1,1,1,1,,,,,,,,,,,,,,,,,,,,,,,,,,,,,,,,,,,,,,,,,,,,,,,,,,,,,,,,,,,,,,,,,,,,,,,,,,,,,,,,,,,,,,,,,,,,,,,,,,,,,,,,,,,,,,,,,,,,,,,,,,,,,,,,,,,,,,,,,,,,,,,,,False,STRUCTURAL,비데이터 행,,,unknown
673,5,HHI,GV,SN2731,VS-1,1,2026-05-22 00:00:00,,1,30,,,,,용접,,6,,,,,,,,,,,,,,,,,,E 케이테크,4,5,,,,,,,,,,,,,,,,,,,,,,,,,,,,,,,,,,,,,,,,,,,,,,,,,,,,,,,,,,,,,,,,,,,,,,,,,,,,,,,,,,,,,,,,,,,,,,,,,,,,,,,,,,,,,,,,,,,,,,,,,,,,,,,,1,,1,1,1,1,,1,,,,,,,,,,,,,,,,,,,,,,,,,,,,,,,,,,,,,,,,,,,,,,,,,,,,,,,,,,,,,,,,,,,,,,,,,,,,,,,,,,,,,,,,,,,,,,,,,,,,,,,,,,,,,,,,,,,,,,,,,,,,,,,,,,,,,,,,,,,,,,,False,STRUCTURAL,비데이터 행,,,unknown
673,6,HHI,GV,SN2731,VS-1,1,2026-05-22 00:00:00,,1,30,,,,,조립,,4,,,,,,,,,,,,,,,,,,E 케이테크,4,5,,,,,,,,,,,,,,,,,,,,,,,,,,,,,,,,,,,,,,,,,,,,,,,,,,,,,,,,,,,,,,,,,,,,,,,,,,,,,,,,,,,,,,,,,,,,,,,,,,,,,,,,,,,,,,,,,,,,,,,,,,,,,,,,,,,,1,1,,1,1,,,,,,,,,,,,,,,,,,,,,,,,,,,,,,,,,,,,,,,,,,,,,,,,,,,,,,,,,,,,,,,,,,,,,,,,,,,,,,,,,,,,,,,,,,,,,,,,,,,,,,,,,,,,,,,,,,,,,,,,,,,,,,,,,,,,,,,,,,,,,,False,STRUCTURAL,비데이터 행,,,unknown
673,7,HHI,GV,SN2731,VS-1,1,2026-05-22 00:00:00,,1,30,,,,,사상,,6,,,,,,,,,,,,,,,,,,E 케이테크,4,5,,,,,,,,,,,,,,,,,,,,,,,,,,,,,,,,,,,,,,,,,,,,,,,,,,,,,,,,,,,,,,,,,,,,,,,,,,,,,,,,,,,,,,,,,,,,,,,,,,,,,,,,,,,,,,,,,,,,,,,,,,,,,,,,,,,,,1,,1,1,1,,2,,,,,,,,,,,,,,,,,,,,,,,,,,,,,,,,,,,,,,,,,,,,,,,,,,,,,,,,,,,,,,,,,,,,,,,,,,,,,,,,,,,,,,,,,,,,,,,,,,,,,,,,,,,,,,,,,,,,,,,,,,,,,,,,,,,,,,,,,,,False,STRUCTURAL,비데이터 행,,,unknown
673,9,HHI,GV,SN2731,VS-1,1,2026-05-22 00:00:00,,1,30,,,,,실적,,,,,,,,,,,,,,,,,,,,E 케이테크,4,5,,,,,,,,,,,,,,,,,,,,,,,,,,,,,,,,,,,,,,,,,,,,,,,,,,,,,,,,,,,,,,,,,,,,,,,,,,,,,,,,,,,,,,,,,,,,,,,,,,,,,,,,,,,,,,,,,,,,,,,,,,,,,,,,,,,,,,,,,,,,,,,,,,,,,,,,,,,,,,,,,,,,,,,,,,,,,,,,,,,,,,,,,,,,,,,,,,,,,,,,,,,,,,,,,,,,,,,,,,,,,,,,,,,,,,,,,,,,,,,,,,,,,,,,,,,,,,,,,,,,,,,,,,,,,,,,,,,,,,False,STRUCTURAL,비데이터 행,,,unknown
674,1,HHI,SCR중,SH8283,SCR-8,3,2026-05-25 00:00:00,46136,2,30,,전기,X,3X3,일자,D 청림,46086,46090,46091,46105,46114,46114,46129,46136,-,2026-05-06 00:00:00,46157,46160,46161,2026-05-20 00:00:00,46163,0.35,,,D 청림,4,5,,,계획,46086,,46090,,46091,,46105,,46106,,46114,,46115,,46136,,46140,,46148,,46149,,46157,,46160,,46161,,46162,,46163,,,,,,,,,,,,,,,,,,,,,,,,,,,,,,,,,,D,,,,K,발S,,,,,,,,,,,,,,발F,가S,,,,,,,,가F,제S,-----,-----,-----,-----,-----,-----,-----,-----,-----,-----,-----,-----,-----,-----,-----,-----,-----,-----,-----,-----,제F,,,,도S,,,,,,,,도F,조S,,,,,,,,조F,,,상,검,포,출,,,,납,,,,,,,,,,,,,,,,,,,,,,,,,,,,,,,,,,,,,,,,,,,,,,,,,,,,,,,,,,,,,,,,,,,,,,,,,,,,,,,,,,,,,,,,,,,,,,,,,,,,,,,,,,,,,,,,,,,,,,,,,,,,,,,,,True,DATA_PLAN,,,,plan
674,2,HHI,SCR중,SH8283,SCR-8,3,2026-05-25 00:00:00,,2,30,,,,,실행,D 청림,45931,45932,46077,46090,46092,46094,,,,,,,,,,,,,D 청림,4,5,,,,,,,,,,,,,,,,,,,,,,,,,,,,,,,,,,,,,,,,,,,,,,,,,,,,,,,,,,,,,,,,,,,,,,,,,,,,,,,,,,,,,,,,,,,,,,,,,,,,,,,,,,,,,,,,,,,,,,,,,,,,,,,,,,,,,,,,,,,,,,,,,,,,,,,,,,,,,,,,,,,,,,,,,,,,,,,,,,,,,,,,,,,,,,,,,,,,,,,,,,,,,,,,,,,,,,,,,,,,,,,,,,,,,,,,,,,,,,,,,,,,,,,,,,,,,,,,,,,,,,,,,,,,,,,,,,,,,,True,DATA_ACTUAL,,,,actual
674,3,HHI,SCR중,SH8283,SCR-8,3,2026-05-25 00:00:00,,2,30,,,,,D 청림,D 청림,155,158,14,15,22,20,,,-,,,,,,,,,,D 청림,4,5,,,실적,,45931,,45932,,46077,,46090,,46090,,46094,,,,0,,,,0,,,,0,,0,,0,,0,,0,,,,,,,,,,,,,,,,,,,,,,,,,,,,,,,,,,,,,,,,,,,,,,,,,,,,,,,,,,,,,,,,,,,,,,,,,,,,,,,,,,,,,,,,,,,,,,,,,,,,,,,,,,,,,,,,,,,,,,,,,,,,,,,,,,,,,,,,,,,,,,,,,,,,,,,,,,,,,,,,,,,,,,,,,,,,,,,,,,,,,,,,,,,,,,,,,,,,,,,,,,,,,,,,,,,,,,,,,,,,,,,,,,,,,,,,,,,,,,,,,,,False,STRUCTURAL,비데이터 행,,,unknown
674,4,HHI,SCR중,SH8283,SCR-8,3,2026-05-25 00:00:00,,2,30,,,,,취부,,0,,,,,,,,,,,,,,,,,,D 청림,4,5,,,LOAD,,,,,,,,,,,,,,,,,,,,,,,,,,,,,,,,,,,,,,,,,,,,,,,,,,,,,,,,,,,,,,,,,,,,,,,,,,,,,,,,,,,,,,,,,,,,,,,,,,,,,,,,,,,,,,,,,,,,,,,,,,,,,,,,,,,,,,,,,,,,,,,,,,,,,,,,,,,,,,,,,,,,,,,,,,,,,,,,,,,,,,,,,,,,,,,,,,,,,,,,,,,,,,,,,,,,,,,,,,,,,,,,,,,,,,,,,,,,,,,,,,,,,,,,,,,,,,,,,,,,,,,,,,,,,,,,,,,False,STRUCTURAL,비데이터 행,,,unknown
674,5,HHI,SCR중,SH8283,SCR-8,3,2026-05-25 00:00:00,,2,30,,,,,용접,,0,,,,,,,,,,,,,,,,,,D 청림,4,5,,,,,,,,,,,,,,,,,,,,,,,,,,,,,,,,,,,,,,,,,,,,,,,,,,,,,,,,,,,,,,,,,,,,,,,,,,,,,,,,,,,,,,,,,,,,,,,,,,,,,,,,,,,,,,,,,,,,,,,,,,,,,,,,,,,,,,,,,,,,,,,,,,,,,,,,,,,,,,,,,,,,,,,,,,,,,,,,,,,,,,,,,,,,,,,,,,,,,,,,,,,,,,,,,,,,,,,,,,,,,,,,,,,,,,,,,,,,,,,,,,,,,,,,,,,,,,,,,,,,,,,,,,,,,,,,,,,,,,False,STRUCTURAL,비데이터 행,,,unknown
674,6,HHI,SCR중,SH8283,SCR-8,3,2026-05-25 00:00:00,,2,30,,,,,조립,,6,,,,,,,,,,,,,,,,,,D 청림,4,5,,,,,,,,,,,,,,,,,,,,,,,,,,,,,,,,,,,,,,,,,,,,,,,,,,,,,,,,,,,,,,,,,,,,,,,,,,,,,,,,,,,,,,,,,,,,,,,,,,,,,,,,,,,,,,,,,,,,,,,,,,,,,,,,,,,,,,,,,2,2,2,,,,,,,,,,,,,,,,,,,,,,,,,,,,,,,,,,,,,,,,,,,,,,,,,,,,,,,,,,,,,,,,,,,,,,,,,,,,,,,,,,,,,,,,,,,,,,,,,,,,,,,,,,,,,,,,,,,,,,,,,,,,,,,,,,,,,,,,,,,False,STRUCTURAL,비데이터 행,,,unknown
674,7,HHI,SCR중,SH8283,SCR-8,3,2026-05-25 00:00:00,,2,30,,,,,사상,,0,,,,,,,,,,,,,,,,,,D 청림,4,5,,,,,,,,,,,,,,,,,,,,,,,,,,,,,,,,,,,,,,,,,,,,,,,,,,,,,,,,,,,,,,,,,,,,,,,,,,,,,,,,,,,,,,,,,,,,,,,,,,,,,,,,,,,,,,,,,,,,,,,,,,,,,,,,,,,,,,,,,,,,,,,,,,,,,,,,,,,,,,,,,,,,,,,,,,,,,,,,,,,,,,,,,,,,,,,,,,,,,,,,,,,,,,,,,,,,,,,,,,,,,,,,,,,,,,,,,,,,,,,,,,,,,,,,,,,,,,,,,,,,,,,,,,,,,,,,,,,,,,False,STRUCTURAL,비데이터 행,,,unknown
674,9,HHI,SCR중,SH8283,SCR-8,3,2026-05-25 00:00:00,,2,30,,,,,실적,,,,,,,,,,,,,,,,,,,,D 청림,4,5,,,,,,,,,,,,,,,,,,,,,,,,,,,,,,,,,,,,,,,,,,,,,,,,,,,,,,,,,,,,,,,,,,,,,,,,,,,,,,,,,,,,,,,,,,,,,,,,,,,,,,,,,,,,,,,,,,,,,,,,,,,,,,,,,,,,,,,,,,,,,,,,,,,,,,,,,,,,,,,,,,,,,,,,,,,,,,,,,,,,,,,,,,,,,,,,,,,,,,,,,,,,,,,,,,,,,,,,,,,,,,,,,,,,,,,,,,,,,,,,,,,,,,,,,,,,,,,,,,,,,,,,,,,,,,,,,,,,,,False,STRUCTURAL,비데이터 행,,,unknown
675,1,HHI,SCR중,H2862,SCR-7,5,2026-06-04 00:00:00,46153,2,50,,,,6x6(B),일자,C 에이스,46099,46101,46104,46118,46127,46127,46144,46153,-,2026-05-18 00:00:00,46170,46171,46174,2026-06-02 00:00:00,46176,0.3,,,C 에이스,5,6,,,계획,46099,,46101,,46104,,46118,,46119,,46127,,46128,,46153,,46155,,46160,,46161,,46170,,46171,,46174,,46175,,46176,,,,,,,,,,,,,,,,,,,,,,,,,,,,,,,,,,,,,,,,,,,,,,,D,,K,,,발S,,,,,,,,,,,,,,발F,가S,,,,,,,,가F,제S,-----,-----,-----,-----,-----,-----,-----,-----,-----,-----,-----,-----,-----,-----,-----,-----,-----,-----,-----,-----,-----,-----,-----,-----,제F,,도S,,,,,도F,조S,,,,,,,,,조F,상,,,검,포,출,납,,,,,,,,,,,,,,,,,,,,,,,,,,,,,,,,,,,,,,,,,,,,,,,,,,,,,,,,,,,,,,,,,,,,,,,,,,,,,,,,,,,,,,,,,,,,,,,,,,,,,,,,,,,,,,,,,,,,,,,True,DATA_PLAN,,,,plan
675,2,HHI,SCR중,H2862,SCR-7,5,2026-06-04 00:00:00,,2,50,,,,,실행,C 에이스,45999,46001,46092,46106,,,,,,,,,,,,,,,C 에이스,5,6,,,,,,,,,,,,,,,,,,,,,,,,,,,,,,,,,,,,,,,,,,,,,,,,,,,,,,,,,,,,,,,,,,,,,,,,,,,,,,,,,,,,,,,,,,,,,,,,,,,,,,,,,,,,,,,,,,,,,,,,,,,,,,,,,,,,,,,,,,,,,,,,,,,,,,,,,,,,,,,,,,,,,,,,,,,,,,,,,,,,,,,,,,,,,,,,,,,,,,,,,,,,,,,,,,,,,,,,,,,,,,,,,,,,,,,,,,,,,,,,,,,,,,,,,,,,,,,,,,,,,,,,,,,,,,,,,,,,,,True,DATA_ACTUAL,,,,actual
675,3,HHI,SCR중,H2862,SCR-7,5,2026-06-04 00:00:00,,2,50,,,,,C 에이스,C 에이스,100,100,12,12,,,,,-,,,,,,,,,,C 에이스,5,6,,,실적,,45999,,46001,,46092,,46106,,46106,,0,,,,0,,,,0,,,,0,,0,,0,,0,,0,,,,,,,,,,,,,,,,,,,,,,,,,,,,,,,,,,,,,,,,,,,,,,,,,,,,,,,,,,,,,,,,,,,,,,,,,,,,,,,,,,,,,,,,,,,,,,,,,,,,,,,,,,,,,,,,,,,,,,,,,,,,,,,,,,,,,,,,,,,,,,,,,,,,,,,,,,,,,,,,,,,,,,,,,,,,,,,,,,,,,,,,,,,,,,,,,,,,,,,,,,,,,,,,,,,,,,,,,,,,,,,,,,,,,,,,,,,,,,,,,,,False,STRUCTURAL,비데이터 행,,,unknown
675,4,HHI,SCR중,H2862,SCR-7,5,2026-06-04 00:00:00,,2,50,,,,,취부,,0,,,,,,,,,,,,,,,,,,C 에이스,5,6,,,LOAD,,,,,,,,,,,,,,,,,,,,,,,,,,,,,,,,,,,,,,,,,,,,,,,,,,,,,,,,,,,,,,,,,,,,,,,,,,,,,,,,,,,,,,,,,,,,,,,,,,,,,,,,,,,,,,,,,,,,,,,,,,,,,,,,,,,,,,,,,,,,,,,,,,,,,,,,,,,,,,,,,,,,,,,,,,,,,,,,,,,,,,,,,,,,,,,,,,,,,,,,,,,,,,,,,,,,,,,,,,,,,,,,,,,,,,,,,,,,,,,,,,,,,,,,,,,,,,,,,,,,,,,,,,,,,,,,,,,False,STRUCTURAL,비데이터 행,,,unknown
675,5,HHI,SCR중,H2862,SCR-7,5,2026-06-04 00:00:00,,2,50,,,,,용접,,0,,,,,,,,,,,,,,,,,,C 에이스,5,6,,,,,,,,,,,,,,,,,,,,,,,,,,,,,,,,,,,,,,,,,,,,,,,,,,,,,,,,,,,,,,,,,,,,,,,,,,,,,,,,,,,,,,,,,,,,,,,,,,,,,,,,,,,,,,,,,,,,,,,,,,,,,,,,,,,,,,,,,,,,,,,,,,,,,,,,,,,,,,,,,,,,,,,,,,,,,,,,,,,,,,,,,,,,,,,,,,,,,,,,,,,,,,,,,,,,,,,,,,,,,,,,,,,,,,,,,,,,,,,,,,,,,,,,,,,,,,,,,,,,,,,,,,,,,,,,,,,,,,False,STRUCTURAL,비데이터 행,,,unknown
675,6,HHI,SCR중,H2862,SCR-7,5,2026-06-04 00:00:00,,2,50,,,,,조립,,6,,,,,,,,,,,,,,,,,,C 에이스,5,6,,,,,,,,,,,,,,,,,,,,,,,,,,,,,,,,,,,,,,,,,,,,,,,,,,,,,,,,,,,,,,,,,,,,,,,,,,,,,,,,,,,,,,,,,,,,,,,,,,,,,,,,,,,,,,,,,,,,,,,,,,,,,,,,,,,,,,,,,,,,,,,,,,,,,,2,2,2,,,,,,,,,,,,,,,,,,,,,,,,,,,,,,,,,,,,,,,,,,,,,,,,,,,,,,,,,,,,,,,,,,,,,,,,,,,,,,,,,,,,,,,,,,,,,,,,,,,,,,,,,,,,,,,,,,,,,,,,,,,,,,False,STRUCTURAL,비데이터 행,,,unknown
675,7,HHI,SCR중,H2862,SCR-7,5,2026-06-04 00:00:00,,2,50,,,,,사상,,0,,,,,,,,,,,,,,,,,,C 에이스,5,6,,,,,,,,,,,,,,,,,,,,,,,,,,,,,,,,,,,,,,,,,,,,,,,,,,,,,,,,,,,,,,,,,,,,,,,,,,,,,,,,,,,,,,,,,,,,,,,,,,,,,,,,,,,,,,,,,,,,,,,,,,,,,,,,,,,,,,,,,,,,,,,,,,,,,,,,,,,,,,,,,,,,,,,,,,,,,,,,,,,,,,,,,,,,,,,,,,,,,,,,,,,,,,,,,,,,,,,,,,,,,,,,,,,,,,,,,,,,,,,,,,,,,,,,,,,,,,,,,,,,,,,,,,,,,,,,,,,,,,False,STRUCTURAL,비데이터 행,,,unknown
675,9,HHI,SCR중,H2862,SCR-7,5,2026-06-04 00:00:00,,2,50,,,,미정->에이스,실적,,,,,,,,,,,,,,,,,,,,C 에이스,5,6,,,,,,,,,,,,,,,,,,,,,,,,,,,,,,,,,,,,,,,,,,,,,,,,,,,,,,,,,,,,,,,,,,,,,,,,,,,,,,,,,,,,,,,,,,,,,,,,,,,,,,,,,,,,,,,,,,,,,,,,,,,,,,,,,,,,,,,,,,,,,,,,,,,,,,,,,,,,,,,,,,,,,,,,,,,,,,,,,,,,,,,,,,,,,,,,,,,,,,,,,,,,,,,,,,,,,,,,,,,,,,,,,,,,,,,,,,,,,,,,,,,,,,,,,,,,,,,,,,,,,,,,,,,,,,,,,,,,,,False,STRUCTURAL,비데이터 행,,,unknown
676,1,HHI,EGP,N289,VS-2,4,2026-06-04 00:00:00,46136,5,50,,,,외부함석 없음,일자,C 에이스,46085,46092,46093,46107,46118,46118,46130,46136,-,2026-05-07 00:00:00,46169,46170,46171,2026-06-01 00:00:00,46175,0.35,,,C 에이스,4,6,,,계획,46085,,46092,,46093,,46107,,46108,,46118,,46119,,46136,,46141,,46149,,46148,,46169,,46170,,46171,,46174,,46175,,,,,,,,,,,,,,,,,,,,,,,,,,,,,,,,,D,,,,,,,K,발S,,,,,,,,,,,,,,발F,가S,,,,,,,,,,가F,제S,-----,-----,-----,-----,-----,-----,-----,-----,-----,-----,-----,-----,-----,-----,-----,-----,제F,,,,,도S,,,,,,,조S,도F,,,,,,,,,,,,,,,,,,,,조F,상,검,,,포,출,,납,,,,,,,,,,,,,,,,,,,,,,,,,,,,,,,,,,,,,,,,,,,,,,,,,,,,,,,,,,,,,,,,,,,,,,,,,,,,,,,,,,,,,,,,,,,,,,,,,,,,,,,,,,,,,,,,,,,,,,,True,DATA_PLAN,,,,plan
676,2,HHI,EGP,N289,VS-2,4,2026-06-04 00:00:00,,5,50,,,,7/10→6/4,실행,C 에이스,45947,45960,46078,46086,46111,46091,,,,,,,,,,,,,C 에이스,4,6,,,,,,,,,,,,,,,,,,,,,,,,,,,,,,,,,,,,,,,,,,,,,,,,,,,,,,,,,,,,,,,,,,,,,,,,,,,,,,,,,,,,,,,,,,,,,,,,,,,,,,,,,,,,,,,,,,,,,,,,,,,,,,,,,,,,,,,,,,,,,,,,,,,,,,,,,,,,,,,,,,,,,,,,,,,,,,,,,,,,,,,,,,,,,,,,,,,,,,,,,,,,,,,,,,,,,,,,,,,,,,,,,,,,,,,,,,,,,,,,,,,,,,,,,,,,,,,,,,,,,,,,,,,,,,,,,,,,,,True,DATA_ACTUAL,,,,actual
676,3,HHI,EGP,N289,VS-2,4,2026-06-04 00:00:00,,5,50,,,,,C 에이스,C 에이스,138,132,15,21,7,27,,,-,,,,,,,,,,C 에이스,4,6,,,실적,,45947,,45960,,46078,,46086,,,,46091,,,,0,,,,0,,,,0,,0,,0,,0,,0,,,,,,,,,,,,,,,,,,,,,,,,,,,,,,,,,,,,,,,,,,,,,,,,,,,,,,,,,,,,,,,,,,,,,,,,,,,,,,,,,,,,,,,,,,,,,,,,,,,,,,,,,,,,,,,,,,,,,,,,,,,,,,,,,,,,,,,,,,,,,,,,,,,,,,,,,,,,,,,,,,,,,,,,,,,,,,,,,,,,,,,,,,,,,,,,,,,,,,,,,,,,,,,,,,,,,,,,,,,,,,,,,,,,,,,,,,,,,,,,,,,False,STRUCTURAL,비데이터 행,,,unknown
676,4,HHI,EGP,N289,VS-2,4,2026-06-04 00:00:00,,5,50,,,,,취부,,14,,,,,,,,,,,,,,,,,,C 에이스,4,6,,,LOAD,,,,,,,,,,,,,,,,,,,,,,,,,,,,,,,,,,,,,,,,,,,,,,,,,,,,,,,,,,,,,,,,,,,,,,,,,,,,,,,,,,,,,,,,,,,,,,,,,,,,,,,,,,,,,,,,,,,,,,,,,,,,,,,2,2,2,2,,2,2,2,,,,,,,,,,,,,,,,,,,,,,,,,,,,,,,,,,,,,,,,,,,,,,,,,,,,,,,,,,,,,,,,,,,,,,,,,,,,,,,,,,,,,,,,,,,,,,,,,,,,,,,,,,,,,,,,,,,,,,,,,,,,,,,,,,,,,,,,,,,,,False,STRUCTURAL,비데이터 행,,,unknown
676,5,HHI,EGP,N289,VS-2,4,2026-06-04 00:00:00,,5,50,,,,,용접,,15,,,,,,,,,,,,,,,,,,C 에이스,4,6,,,,,,,,,,,,,,,,,,,,,,,,,,,,,,,,,,,,,,,,,,,,,,,,,,,,,,,,,,,,,,,,,,,,,,,,,,,,,,,,,,,,,,,,,,,,,,,,,,,,,,,,,,,,,,,,,,,,,,,,,,,,,,,,,,,2,2,2,,2,2,2,2,1,,,,,,,,,,,,,,,,,,,,,,,,,,,,,,,,,,,,,,,,,,,,,,,,,,,,,,,,,,,,,,,,,,,,,,,,,,,,,,,,,,,,,,,,,,,,,,,,,,,,,,,,,,,,,,,,,,,,,,,,,,,,,,,,,,,,,,,,,,,False,STRUCTURAL,비데이터 행,,,unknown
676,6,HHI,EGP,N289,VS-2,4,2026-06-04 00:00:00,,5,50,,,,,조립,,27,,,,,,,,,,,,,,,,,,C 에이스,4,6,,,,,,,,,,,,,,,,,,,,,,,,,,,,,,,,,,,,,,,,,,,,,,,,,,,,,,,,,,,,,,,,,,,,,,,,,,,,,,,,,,,,,,,,,,,,,,,,,,,,,,,,,,,,,,,,,,,,,,,,,,,,,,,,,,,,2,2,,2,2,2,2,2,1,,,,,,,,,,2,2,,,,,,,,,,,,,,,,,,,,,,,,,,,,,,,,,,,,,,,,,,,,,,,,,,,,,,,,,,,,,,,,,,2,2,,,,,,,,,,,,,,,,,,,,,,,,,,,,,,2,2,,,,,,,,,,,,,,,,,,,,,,,,,,,,,False,STRUCTURAL,비데이터 행,,,unknown
676,7,HHI,EGP,N289,VS-2,4,2026-06-04 00:00:00,,5,50,,,,,사상,,13,,,,,,,,,,,,,,,,,,C 에이스,4,6,,,,,,,,,,,,,,,,,,,,,,,,,,,,,,,,,,,,,,,,,,,,,,,,,,,,,,,,,,,,,,,,,,,,,,,,,,,,,,,,,,,,,,,,,,,,,,,,,,,,,,,,,,,,,,,,,,,,,,,,,,,,,,,,,,,,,2,,2,2,2,2,1,1,,1,,,,,,,,,,,,,,,,,,,,,,,,,,,,,,,,,,,,,,,,,,,,,,,,,,,,,,,,,,,,,,,,,,,,,,,,,,,,,,,,,,,,,,,,,,,,,,,,,,,,,,,,,,,,,,,,,,,,,,,,,,,,,,,,,,,,,,,,False,STRUCTURAL,비데이터 행,,,unknown
676,9,HHI,EGP,N289,VS-2,4,2026-06-04 00:00:00,,5,50,,,,,실적,,,,,,,,,,,,,,,,,,,,C 에이스,4,6,,,,,,,,,,,,,,,,,,,,,,,,,,,,,,,,,,,,,,,,,,,,,,,,,,,,,,,,,,,,,,,,,,,,,,,,,,,,,,,,,,,,,,,,,,,,,,,,,,,,,,,,,,,,,,,,,,,,,,,,,,,,,,,,,,,,,,,,,,,,,,,,,,,,,,,,,,,,,,,,,,,,,,,,,,,,,,,,,,,,,,,,,,,,,,,,,,,,,,,,,,,,,,,,,,,,,,,,,,,,,,,,,,,,,,,,,,,,,,,,,,,,,,,,,,,,,,,,,,,,,,,,,,,,,,,,,,,,,,False,STRUCTURAL,비데이터 행,,,unknown
677,1,GE,VS,Wolf Summit,VS-5,12,2026-06-05 00:00:00,46141,4,30,,,,,일자,C 에이스,46059,46066,46076,46098,46113,46113,46130,46141,-,2026-05-14 00:00:00,46164,46169,46174,2026-06-03 00:00:00,46177,0.35,,,C 에이스,4,6,,,계획,46059,,46066,,46076,,46098,,46099,,46113,,46108,,46141,,46136,,46156,,46142,,46164,,46169,,46174,,46176,,46177,,,,,,,D,,,,,,,K,,,,,,,,,,발S,,,,,,,,,,,,,,,,,,,,,,발F,가S,,,,,,,,,제S,,-----,-----,-----,가F,-----,-----,-----,-----,-----,-----,-----,-----,-----,-----,-----,-----,-----,-----,-----,-----,-----,-----,-----,-----,-----,-----,도S,-----,-----,-----,-----,제F,조S,,,,,,,,,,,,,,도F,,,,,,,,조F,,,,,상,,,,,검,,포,출,납,,,,,,,,,,,,,,,,,,,,,,,,,,,,,,,,,,,,,,,,,,,,,,,,,,,,,,,,,,,,,,,,,,,,,,,,,,,,,,,,,,,,,,,,,,,,,,,,,,,,,,,,,,,,,,,,,,,,,,True,DATA_PLAN,,,,plan
677,2,GE,VS,Wolf Summit,VS-5,12,2026-06-05 00:00:00,,4,30,,,,,실행,C 에이스,46051,46056,46073,46084,46106,46092,,,,,,,,,,,,,C 에이스,4,6,,,,,,,,,,,,,,,,,,,,,,,,,,,,,,,,,,,,,,,,,,,,,,,,,,,,,,,,,,,,,,,,,,,,,,,,,,,,,,,,,,,,,,,,,,,,,,,,,,,,,,,,,,,,,,,,,,,,,,,,,,,,,,,,,,,,,,,,,,,,,,,,,,,,,,,,,,,,,,,,,,,,,,,,,,,,,,,,,,,,,,,,,,,,,,,,,,,,,,,,,,,,,,,,,,,,,,,,,,,,,,,,,,,,,,,,,,,,,,,,,,,,,,,,,,,,,,,,,,,,,,,,,,,,,,,,,,,,,,True,DATA_ACTUAL,,,,actual
677,3,GE,VS,Wolf Summit,VS-5,12,2026-06-05 00:00:00,,4,30,,,,,C 에이스,C 에이스,8,10,3,14,7,21,,,-,,,,,,,,,,C 에이스,4,6,,,실적,,46051,,46056,,46073,,46084,,,,46092,,,,0,,,,0,,,,0,,0,,0,,0,,0,,,,,,,,,,,,,,,,,,,,,,,,,,,,,,,,,,,,,,,,,,,,,,,,,,,,,,,,,,,,,,,,,,,,,,,,,,,,,,,,,,,,,,,,2,2,3,3,3,3,,,,,,,,,,,,,,,,,,,,,,,,,,,,,,,,,,,,,,,,,,,,,,,,,,,,,,,,,,,,,,,,,,,,,,,,,,,,,,,,,,,,,,,,,,,,,,,,,,,,,,,,,,,,,,,,,,,,,,,,,,,,,,,,,,,,,,,,,,,,,,,,,,,,,,False,STRUCTURAL,비데이터 행,,,unknown
677,4,GE,VS,Wolf Summit,VS-5,12,2026-06-05 00:00:00,,4,30,,,,,취부,,49,,,,,,,,,,,,,,,,,,C 에이스,4,6,,,LOAD,,,,,,,,,,,,,,,,,,,,,,,,,,,,,,,,,,,,,,,,,,,,,,,,,,,,,,,,,,,,,,,,,,,,,,,,,,,,,,,,,,,,,,,,,,,,,,,,,2,,3,3,3,3,,3,,3,,3,3,3,,,,,,,,,,,,,3,,3,,3,2,2,2,,2,2,1,,,,,,,,,,,,,,,,,,,,,,,,,,,,,,,,,,,,,,,,,,,,,,,,,,,,,,,,,,,,,,,,,,,,,,,,,,,,,,,,,,,,,,,,,,,,,,,,,,,,,,,,,,,,,,,,,,,,,,,,,,,,,,,,,,,,,,,,,,,,,False,STRUCTURAL,비데이터 행,,,unknown
677,5,GE,VS,Wolf Summit,VS-5,12,2026-06-05 00:00:00,,4,30,,,,,용접,,54,,,,,,,,,,,,,,,,,,C 에이스,4,6,,,,,,,,,,,,,,,,,,,,,,,,,,,,,,,,,,,,,,,,,,,,,,,,,,,,,,,,,,,,,,,,,,,,,,,,,,,,,,,,,,,,,,,,,,,,,,,,,,,,,,2,2,2,3,,3,,3,,3,3,3,,,,,,,,,,,,,3,,3,,3,3,3,3,,3,3,3,3,,,,,,,,,,,,,,,,,,,,,,,,,,,,,,,,,,,,,,,,,,,,,,,,,,,,,,,,,,,,,,,,,,,,,,,,,,,,,,,,,,,,,,,,,,,,,,,,,,,,,,,,,,,,,,,,,,,,,,,,,,,,,,,,,,,,,,,,,,,,False,STRUCTURAL,비데이터 행,,,unknown
677,6,GE,VS,Wolf Summit,VS-5,12,2026-06-05 00:00:00,,4,30,,,,,조립,,46,,,,,,,,,,,,,,,,,,C 에이스,4,6,,,,,,,,,,,,,,,,,,,,,,,,,,,,,,,,,,,,,,,,,,,,,,,,,,,,,,,,,,,,,,,,,,,,,,,,,,,,,,,,,,,,,,,,,,,,,,,,,,,,,,,2,2,2,,2,,3,,3,3,3,,,,,,,,,,,,,3,,3,,3,3,3,2,,2,2,2,2,1,,,,,,,,,,,,,,,,,,,,,,,,,,,,,,,,,,,,,,,,,,,,,,,,,,,,,,,,,,,,,,,,,,,,,,,,,,,,,,,,,,,,,,,,,,,,,,,,,,,,,,,,,,,,,,,,,,,,,,,,,,,,,,,,,,,,,,,,,,,False,STRUCTURAL,비데이터 행,,,unknown
677,7,GE,VS,Wolf Summit,VS-5,12,2026-06-05 00:00:00,,4,30,,,,,사상,,29,,,,,,,,,,,,,,,,,,C 에이스,4,6,,,,,,,,,,,,,,,,,,,,,,,,,,,,,,,,,,,,,,,,,,,,,,,,,,,,,,,,,,,,,,,,,,,,,,,,,,,,,,,,,,,,,,,,,,,,,,,,,,,,,,,,2,2,,2,,2,,2,2,2,,,,,,,,,,,,,2,,2,,2,1,1,1,,1,1,1,1,1,1,,,,,,,,,,,,,,,,,,,,,,,,,,,,,,,,,,,,,,,,,,,,,,,,,,,,,,,,,,,,,,,,,,,,,,,,,,,,,,,,,,,,,,,,,,,,,,,,,,,,,,,,,,,,,,,,,,,,,,,,,,,,,,,,,,,,,,,,,,False,STRUCTURAL,비데이터 행,,,unknown
677,9,GE,VS,Wolf Summit,VS-5,12,2026-06-05 00:00:00,,4,30,,,,,실적,,,,,,,,,,,,,,,,,,,,C 에이스,4,6,,,,,,,,,,,,,,,,,,,,,,,,,,,,,,,,,,,,,,,,,,,,,,,,,,,,,,,,,,,,,,,,,,,,,,,,,,,,,,,,,,,,,,,,,,,,,,,,,,,,,,,,,,,,,,,,,,,,,,,,,,,,,,,,,,,,,,,,,,,,,,,,,,,,,,,,,,,,,,,,,,,,,,,,,,,,,,,,,,,,,,,,,,,,,,,,,,,,,,,,,,,,,,,,,,,,,,,,,,,,,,,,,,,,,,,,,,,,,,,,,,,,,,,,,,,,,,,,,,,,,,,,,,,,,,,,,,,,,,False,STRUCTURAL,비데이터 행,,,unknown
678,1,HHI,SCR중,HMDS574,SCR-8,3,2026-06-12 00:00:00,46162,2,50,,,,3X3(B),일자,D 청림,46106,46108,46111,46128,46139,46139,46154,46162,-,2026-05-27 00:00:00,46178,46181,46182,2026-06-10 00:00:00,46184,0.35,,,D 청림,5,6,,,계획,46106,,46108,,46111,,46128,,46129,,46139,,46140,,46162,,46163,,46169,,46170,,46178,,46181,,46182,,46183,,46184,,,,,,,,,,,,,,,,,,,,,,,,,,,,,,,,,,,,,,,,,,,,,,,,,,,,,,D,,K,,,발S,,,,,,,,,,,,,,,,,발F,가S,,,,,,,,,,가F,제S,-----,-----,-----,-----,-----,-----,-----,-----,-----,-----,-----,-----,-----,-----,-----,-----,-----,-----,-----,-----,-----,제F,도S,,,,,,도F,조S,,,,,,,,조F,,,상,검,포,출,납,,,,,,,,,,,,,,,,,,,,,,,,,,,,,,,,,,,,,,,,,,,,,,,,,,,,,,,,,,,,,,,,,,,,,,,,,,,,,,,,,,,,,,,,,,,,,,,,,,,,,,,,,,,,,,,True,DATA_PLAN,,,,plan
678,2,HHI,SCR중,HMDS574,SCR-8,3,2026-06-12 00:00:00,,2,50,,,,,실행,D 청림,46035,46036,46092,46106,,46108,,,,,,,,,,,,,D 청림,5,6,,,,,,,,,,,,,,,,,,,,,,,,,,,,,,,,,,,,,,,,,,,,,,,,,,,,,,,,,,,,,,,,,,,,,,,,,,,,,,,,,,,,,,,,,,,,,,,,,,,,,,,,,,,,,,,,,,,,,,,,,,,,,,,,,,,,,,,,,,,,,,,,,,,,,,,,,,,,,,,,,,,,,,,,,,,,,,,,,,,,,,,,,,,,,,,,,,,,,,,,,,,,,,,,,,,,,,,,,,,,,,,,,,,,,,,,,,,,,,,,,,,,,,,,,,,,,,,,,,,,,,,,,,,,,,,,,,,,,,True,DATA_ACTUAL,,,,actual
678,3,HHI,SCR중,HMDS574,SCR-8,3,2026-06-12 00:00:00,,2,50,,,,,D 청림,D 청림,71,72,19,22,,31,,,-,,,,,,,,,,D 청림,5,6,,,실적,,46035,,46036,,46092,,46106,,46106,,46108,,,,0,,,,0,,,,0,,0,,0,,0,,0,,,,,,,,,,,,,,,,,,,,,,,,,,,,,,,,,,,,,,,,,,,,,,,,,,,,,,,,,,,,,,,,,,,,,,,,,,,,,,,,,,,,,,,,,,,,,,,,,,,,,,,,,,,,,,,,,,,,,,,,,,,,,,,,,,,,,,,,,,,,,,,,,,,,,,,,,,,,,,,,,,,,,,,,,,,,,,,,,,,,,,,,,,,,,,,,,,,,,,,,,,,,,,,,,,,,,,,,,,,,,,,,,,,,,,,,,,,,,,,,,,,False,STRUCTURAL,비데이터 행,,,unknown
678,4,HHI,SCR중,HMDS574,SCR-8,3,2026-06-12 00:00:00,,2,50,,,,,취부,,0,,,,,,,,,,,,,,,,,,D 청림,5,6,,,LOAD,,,,,,,,,,,,,,,,,,,,,,,,,,,,,,,,,,,,,,,,,,,,,,,,,,,,,,,,,,,,,,,,,,,,,,,,,,,,,,,,,,,,,,,,,,,,,,,,,,,,,,,,,,,,,,,,,,,,,,,,,,,,,,,,,,,,,,,,,,,,,,,,,,,,,,,,,,,,,,,,,,,,,,,,,,,,,,,,,,,,,,,,,,,,,,,,,,,,,,,,,,,,,,,,,,,,,,,,,,,,,,,,,,,,,,,,,,,,,,,,,,,,,,,,,,,,,,,,,,,,,,,,,,,,,,,,,,,False,STRUCTURAL,비데이터 행,,,unknown
678,5,HHI,SCR중,HMDS574,SCR-8,3,2026-06-12 00:00:00,,2,50,,,,,용접,,0,,,,,,,,,,,,,,,,,,D 청림,5,6,,,,,,,,,,,,,,,,,,,,,,,,,,,,,,,,,,,,,,,,,,,,,,,,,,,,,,,,,,,,,,,,,,,,,,,,,,,,,,,,,,,,,,,,,,,,,,,,,,,,,,,,,,,,,,,,,,,,,,,,,,,,,,,,,,,,,,,,,,,,,,,,,,,,,,,,,,,,,,,,,,,,,,,,,,,,,,,,,,,,,,,,,,,,,,,,,,,,,,,,,,,,,,,,,,,,,,,,,,,,,,,,,,,,,,,,,,,,,,,,,,,,,,,,,,,,,,,,,,,,,,,,,,,,,,,,,,,,,,False,STRUCTURAL,비데이터 행,,,unknown
678,6,HHI,SCR중,HMDS574,SCR-8,3,2026-06-12 00:00:00,,2,50,,,,,조립,,6,,,,,,,,,,,,,,,,,,D 청림,5,6,,,,,,,,,,,,,,,,,,,,,,,,,,,,,,,,,,,,,,,,,,,,,,,,,,,,,,,,,,,,,,,,,,,,,,,,,,,,,,,,,,,,,,,,,,,,,,,,,,,,,,,,,,,,,,,,,,,,,,,,,,,,,,,,,,,,,,,,,,,,,,,,,,,,,,,,,,,,,,2,2,2,,,,,,,,,,,,,,,,,,,,,,,,,,,,,,,,,,,,,,,,,,,,,,,,,,,,,,,,,,,,,,,,,,,,,,,,,,,,,,,,,,,,,,,,,,,,,,,,,,,,,,,,,,,,,,,,,,,,,,False,STRUCTURAL,비데이터 행,,,unknown
678,7,HHI,SCR중,HMDS574,SCR-8,3,2026-06-12 00:00:00,,2,50,,,,,사상,,0,,,,,,,,,,,,,,,,,,D 청림,5,6,,,,,,,,,,,,,,,,,,,,,,,,,,,,,,,,,,,,,,,,,,,,,,,,,,,,,,,,,,,,,,,,,,,,,,,,,,,,,,,,,,,,,,,,,,,,,,,,,,,,,,,,,,,,,,,,,,,,,,,,,,,,,,,,,,,,,,,,,,,,,,,,,,,,,,,,,,,,,,,,,,,,,,,,,,,,,,,,,,,,,,,,,,,,,,,,,,,,,,,,,,,,,,,,,,,,,,,,,,,,,,,,,,,,,,,,,,,,,,,,,,,,,,,,,,,,,,,,,,,,,,,,,,,,,,,,,,,,,,False,STRUCTURAL,비데이터 행,,,unknown
678,9,HHI,SCR중,HMDS574,SCR-8,3,2026-06-12 00:00:00,,2,50,,,,미정->청림,실적,,,,,,,,,,,,,,,,,,,,D 청림,5,6,,,,,,,,,,,,,,,,,,,,,,,,,,,,,,,,,,,,,,,,,,,,,,,,,,,,,,,,,,,,,,,,,,,,,,,,,,,,,,,,,,,,,,,,,,,,,,,,,,,,,,,,,,,,,,,,,,,,,,,,,,,,,,,,,,,,,,,,,,,,,,,,,,,,,,,,,,,,,,,,,,,,,,,,,,,,,,,,,,,,,,,,,,,,,,,,,,,,,,,,,,,,,,,,,,,,,,,,,,,,,,,,,,,,,,,,,,,,,,,,,,,,,,,,,,,,,,,,,,,,,,,,,,,,,,,,,,,,,,False,STRUCTURAL,비데이터 행,,,unknown
679,1,HHI,EGP,H2863,EGP-2,5,2026-06-18 00:00:00,46155,4,20,,,,"8H_2,7H_2,9H_1set",일자,F JK플랜트,46099,46106,46107,46121,46132,46132,46147,46155,-,2026-05-21 00:00:00,46184,46185,46188,2026-06-16 00:00:00,46190,0.3,,,F JK플랜트,5,6,,,계획,46099,,46106,,46107,,46121,,46122,,46132,,46133,,46155,,46160,,46163,,46162,,46184,,46185,,46188,,46189,,46190,,,,,,,,,,,,,,,,,,,,,,,,,,,,,,,,,,,,,,,,,,,,,,,D,,,,,,,K,발S,,,,,,,,,,,,,,발F,가S,,,,,,,,,,가F,제S,-----,-----,-----,-----,-----,-----,-----,-----,-----,-----,-----,-----,-----,-----,-----,-----,-----,-----,-----,-----,-----,제F,,,,,도S,,조S,도F,,,,,,,,,,,,,,,,,,,,,조F,상,,,검,포,출,납,,,,,,,,,,,,,,,,,,,,,,,,,,,,,,,,,,,,,,,,,,,,,,,,,,,,,,,,,,,,,,,,,,,,,,,,,,,,,,,,,,,,,,,,,,,,,,,,,,,,,,,,,True,DATA_PLAN,,,,plan
679,2,HHI,EGP,H2863,EGP-2,5,2026-06-18 00:00:00,,4,20,,,,7/31->5/20→6/18,실행,F JK플랜트,46027,46027,46055,46097,46097,,,,,,,,,,,,,,F JK플랜트,5,6,,,,,,,,,,,,,,,,,,,,,,,,,,,,,,,,,,,,,,,,,,,,,,,,,,,,,,,,,,,,,,,,,,,,,,,,,,,,,,,,,,,,,,,,,,,,,,,,,,,,,,,,,,,,,,,,,,,,,,,,,,,,,,,,,,,,,,,,,,,,,,,,,,,,,,,,,,,,,,,,,,,,,,,,,,,,,,,,,,,,,,,,,,,,,,,,,,,,,,,,,,,,,,,,,,,,,,,,,,,,,,,,,,,,,,,,,,,,,,,,,,,,,,,,,,,,,,,,,,,,,,,,,,,,,,,,,,,,,,True,DATA_ACTUAL,,,,actual
679,3,HHI,EGP,H2863,EGP-2,5,2026-06-18 00:00:00,,4,20,,,,,F JK플랜트,F JK플랜트,72,79,52,24,35,,,,-,,,,,,,,,,F JK플랜트,5,6,,,실적,,46027,,46027,,46055,,46097,,,,0,,,,0,,,,0,,,,0,,0,,0,,0,,0,,,,,,,,,,,,,,,,,,,,,,,,,,,,,,,,,,,,,,,,,,,,,,,,,,,,,,,,,,,,,,,,,,,,,,,,,,,,,,,,,,,,,,,,,,,,,,,,,,,,,,,,,,,,,,,,,,,,,,,,,,,,,,,,,,,,,,,,,,,,,,,,,,,,,,,,,,,,,,,,,,,,,,,,,,,,,,,,,,,,,,,,,,,,,,,,,,,,,,,,,,,,,,,,,,,,,,,,,,,,,,,,,,,,,,,,,,,,,,,,,,,False,STRUCTURAL,비데이터 행,,,unknown
679,4,HHI,EGP,H2863,EGP-2,5,2026-06-18 00:00:00,,4,20,,,,,취부,,14,,,,,,,,,,,,,,,,,,F JK플랜트,5,6,,,LOAD,,,,,,,,,,,,,,,,,,,,,,,,,,,,,,,,,,,,,,,,,,,,,,,,,,,,,,,,,,,,,,,,,,,,,,,,,,,,,,,,,,,,,,,,,,,,,,,,,,,,,,,,,,,,,,,,,,,,,,,,,,,,,,,,,,,,,,,,,,,,,2,2,2,2,,,2,2,2,,,,,,,,,,,,,,,,,,,,,,,,,,,,,,,,,,,,,,,,,,,,,,,,,,,,,,,,,,,,,,,,,,,,,,,,,,,,,,,,,,,,,,,,,,,,,,,,,,,,,,,,,,,,,,,,,,,,,,,,,,,,,,False,STRUCTURAL,비데이터 행,,,unknown
679,5,HHI,EGP,H2863,EGP-2,5,2026-06-18 00:00:00,,4,20,,,,,용접,,15,,,,,,,,,,,,,,,,,,F JK플랜트,5,6,,,,,,,,,,,,,,,,,,,,,,,,,,,,,,,,,,,,,,,,,,,,,,,,,,,,,,,,,,,,,,,,,,,,,,,,,,,,,,,,,,,,,,,,,,,,,,,,,,,,,,,,,,,,,,,,,,,,,,,,,,,,,,,,,,,,,,,,,,,,,,,,,2,2,2,,,2,2,2,2,1,,,,,,,,,,,,,,,,,,,,,,,,,,,,,,,,,,,,,,,,,,,,,,,,,,,,,,,,,,,,,,,,,,,,,,,,,,,,,,,,,,,,,,,,,,,,,,,,,,,,,,,,,,,,,,,,,,,,,,,,,,,,False,STRUCTURAL,비데이터 행,,,unknown
679,6,HHI,EGP,H2863,EGP-2,5,2026-06-18 00:00:00,,4,20,,,,,조립,,19,,,,,,,,,,,,,,,,,,F JK플랜트,5,6,,,,,,,,,,,,,,,,,,,,,,,,,,,,,,,,,,,,,,,,,,,,,,,,,,,,,,,,,,,,,,,,,,,,,,,,,,,,,,,,,,,,,,,,,,,,,,,,,,,,,,,,,,,,,,,,,,,,,,,,,,,,,,,,,,,,,,,,,,,,,,,,,,2,2,,,2,2,2,2,2,,1,,,,,,,,,2,2,,,,,,,,,,,,,,,,,,,,,,,,,,,,,,,,,,,,,,,,,,,,,,,,,,,,,,,,,,,,,,,,,,,,,,,,,,,,,,,,,,,,,,,,,,,,,,,,,,,,,,,,,,,,,,,,False,STRUCTURAL,비데이터 행,,,unknown
679,7,HHI,EGP,H2863,EGP-2,5,2026-06-18 00:00:00,,4,20,,,,,사상,,13,,,,,,,,,,,,,,,,,,F JK플랜트,5,6,,,,,,,,,,,,,,,,,,,,,,,,,,,,,,,,,,,,,,,,,,,,,,,,,,,,,,,,,,,,,,,,,,,,,,,,,,,,,,,,,,,,,,,,,,,,,,,,,,,,,,,,,,,,,,,,,,,,,,,,,,,,,,,,,,,,,,,,,,,,,,,,,,,2,,,2,2,2,2,1,,1,1,,,,,,,,,,,,,,,,,,,,,,,,,,,,,,,,,,,,,,,,,,,,,,,,,,,,,,,,,,,,,,,,,,,,,,,,,,,,,,,,,,,,,,,,,,,,,,,,,,,,,,,,,,,,,,,,,,,,,,,,,False,STRUCTURAL,비데이터 행,,,unknown
679,9,HHI,EGP,H2863,EGP-2,5,2026-06-18 00:00:00,,4,20,,,,,실적,,,,,,,,,,,,,,,,,,,,F JK플랜트,5,6,,,,,,,,,,,,,,,,,,,,,,,,,,,,,,,,,,,,,,,,,,,,,,,,,,,,,,,,,,,,,,,,,,,,,,,,,,,,,,,,,,,,,,,,,,,,,,,,,,,,,,,,,,,,,,,,,,,,,,,,,,,,,,,,,,,,,,,,,,,,,,,,,,,,,,,,,,,,,,,,,,,,,,,,,,,,,,,,,,,,,,,,,,,,,,,,,,,,,,,,,,,,,,,,,,,,,,,,,,,,,,,,,,,,,,,,,,,,,,,,,,,,,,,,,,,,,,,,,,,,,,,,,,,,,,,,,,,,,,False,STRUCTURAL,비데이터 행,,,unknown
680,1,HHI,GV,3527 #3,VS-1,1,2026-06-19 00:00:00,46171,1,30,,,,FGSS,일자,E 케이테크,46126,46128,46129,46148,46157,46157,46167,46171,-,2026-06-04 00:00:00,46185,46188,46189,2026-06-17 00:00:00,46191,0.25,,,E 케이테크,5,6,,,계획,46126,,46128,,46129,,46148,,46149,,46157,,46160,,46171,,46174,,46177,,46178,,46185,,46188,,46189,,46190,,46191,,,,,,,,,,,,,,,,,,,,,,,,,,,,,,,,,,,,,,,,,,,,,,,,,,,,,,,,,,,,,,,,,,,,,,,,,,D,,K,발S,,,,,,,,,,,,,,,,,,,발F,가S,,,,,,,,가F,,,제S,-----,-----,-----,-----,-----,-----,-----,-----,-----,-----,제F,,,도S,,,도F,조S,,,,,,,조F,,,상,검,포,출,납,,,,,,,,,,,,,,,,,,,,,,,,,,,,,,,,,,,,,,,,,,,,,,,,,,,,,,,,,,,,,,,,,,,,,,,,,,,,,,,,,,,,,,,,,,,,,,,,,,,,,,,,True,DATA_PLAN,,,,plan
680,2,HHI,GV,3527 #3,VS-1,1,2026-06-19 00:00:00,,1,30,,,,,실행,E 케이테크,45968,45971,,,,,,,,,,,,,,,,,E 케이테크,5,6,,,,,,,,,,,,,,,,,,,,,,,,,,,,,,,,,,,,,,,,,,,,,,,,,,,,,,,,,,,,,,,,,,,,,,,,,,,,,,,,,,,,,,,,,,,,,,,,,,,,,,,,,,,,,,,,,,,,,,,,,,,,,,,,,,,,,,,,,,,,,,,,,,,,,,,,,,,,,,,,,,,,,,,,,,,,,,,,,,,,,,,,,,,,,,,,,,,,,,,,,,,,,,,,,,,,,,,,,,,,,,,,,,,,,,,,,,,,,,,,,,,,,,,,,,,,,,,,,,,,,,,,,,,,,,,,,,,,,,True,DATA_ACTUAL,,,,actual
680,3,HHI,GV,3527 #3,VS-1,1,2026-06-19 00:00:00,,1,30,,,,,E 케이테크,E 케이테크,158,157,,,,,,,-,,,,,,,,,,E 케이테크,5,6,,,실적,,45968,,45971,,0,,0,,0,,0,,,,0,,,,0,,,,0,,0,,0,,0,,0,,,,,,,,,,,,,,,,,,,,,,,,,,,,,,,,,,,,,,,,,,,,,,,,,,,,,,,,,,,,,,,,,,,,,,,,,,,,,,,,,,,,,,,,,,,,,,,,,,,,,,,,,,,,,,,,,,,,,,,,,,,,,,,,,,,,,,,,,,,,,,,,,,,,,,,,,,,,,,,,,,,,,,,,,,,,,,,,,,,,,,,,,,,,,,,,,,,,,,,,,,,,,,,,,,,,,,,,,,,,,,,,,,,,,,,,,,,,,,,,,,,False,STRUCTURAL,비데이터 행,,,unknown
680,4,HHI,GV,3527 #3,VS-1,1,2026-06-19 00:00:00,,1,30,,,,,취부,,7,,,,,,,,,,,,,,,,,,E 케이테크,5,6,,,LOAD,,,,,,,,,,,,,,,,,,,,,,,,,,,,,,,,,,,,,,,,,,,,,,,,,,,,,,,,,,,,,,,,,,,,,,,,,,,,,,,,,,,,,,,,,,,,,,,,,,,,,,,,,,,,,,,,,,,,,,,,,,,,,,,,,,,,,,,,,,,,,,,,,,,,,,1,1,,1,1,1,1,1,,,,,,,,,,,,,,,,,,,,,,,,,,,,,,,,,,,,,,,,,,,,,,,,,,,,,,,,,,,,,,,,,,,,,,,,,,,,,,,,,,,,,,,,,,,,,,,,,,,,,,,,,,,,,,,,,,,,,,False,STRUCTURAL,비데이터 행,,,unknown
680,5,HHI,GV,3527 #3,VS-1,1,2026-06-19 00:00:00,,1,30,,,,,용접,,6,,,,,,,,,,,,,,,,,,E 케이테크,5,6,,,,,,,,,,,,,,,,,,,,,,,,,,,,,,,,,,,,,,,,,,,,,,,,,,,,,,,,,,,,,,,,,,,,,,,,,,,,,,,,,,,,,,,,,,,,,,,,,,,,,,,,,,,,,,,,,,,,,,,,,,,,,,,,,,,,,,,,,,,,,,,,,,,,,,,,,,,,1,1,1,1,1,,,1,,,,,,,,,,,,,,,,,,,,,,,,,,,,,,,,,,,,,,,,,,,,,,,,,,,,,,,,,,,,,,,,,,,,,,,,,,,,,,,,,,,,,,,,,,,,,,,,,,,,,,,,,,,,,,,,,,,False,STRUCTURAL,비데이터 행,,,unknown
680,6,HHI,GV,3527 #3,VS-1,1,2026-06-19 00:00:00,,1,30,,,,,조립,,4,,,,,,,,,,,,,,,,,,E 케이테크,5,6,,,,,,,,,,,,,,,,,,,,,,,,,,,,,,,,,,,,,,,,,,,,,,,,,,,,,,,,,,,,,,,,,,,,,,,,,,,,,,,,,,,,,,,,,,,,,,,,,,,,,,,,,,,,,,,,,,,,,,,,,,,,,,,,,,,,,,,,,,,,,,,,,,,,,,,,,,,,,,,1,1,,,1,1,,,,,,,,,,,,,,,,,,,,,,,,,,,,,,,,,,,,,,,,,,,,,,,,,,,,,,,,,,,,,,,,,,,,,,,,,,,,,,,,,,,,,,,,,,,,,,,,,,,,,,,,,,,,,,,,,,False,STRUCTURAL,비데이터 행,,,unknown
680,7,HHI,GV,3527 #3,VS-1,1,2026-06-19 00:00:00,,1,30,,,,,사상,,6,,,,,,,,,,,,,,,,,,E 케이테크,5,6,,,,,,,,,,,,,,,,,,,,,,,,,,,,,,,,,,,,,,,,,,,,,,,,,,,,,,,,,,,,,,,,,,,,,,,,,,,,,,,,,,,,,,,,,,,,,,,,,,,,,,,,,,,,,,,,,,,,,,,,,,,,,,,,,,,,,,,,,,,,,,,,,,,,,,,,,,,,,,,,1,,,1,1,1,,2,,,,,,,,,,,,,,,,,,,,,,,,,,,,,,,,,,,,,,,,,,,,,,,,,,,,,,,,,,,,,,,,,,,,,,,,,,,,,,,,,,,,,,,,,,,,,,,,,,,,,,,,,,,,,,,False,STRUCTURAL,비데이터 행,,,unknown
680,9,HHI,GV,3527 #3,VS-1,1,2026-06-19 00:00:00,,1,30,,,,,실적,,,,,,,,,,,,,,,,,,,,E 케이테크,5,6,,,,,,,,,,,,,,,,,,,,,,,,,,,,,,,,,,,,,,,,,,,,,,,,,,,,,,,,,,,,,,,,,,,,,,,,,,,,,,,,,,,,,,,,,,,,,,,,,,,,,,,,,,,,,,,,,,,,,,,,,,,,,,,,,,,,,,,,,,,,,,,,,,,,,,,,,,,,,,,,,,,,,,,,,,,,,,,,,,,,,,,,,,,,,,,,,,,,,,,,,,,,,,,,,,,,,,,,,,,,,,,,,,,,,,,,,,,,,,,,,,,,,,,,,,,,,,,,,,,,,,,,,,,,,,,,,,,,,,False,STRUCTURAL,비데이터 행,,,unknown
681,1,HHI,SCR중,SH8238,SCR-7,4,2026-06-19 00:00:00,46168,2,30,,전기,X,,일자,D 청림,46112,46114,46115,46129,46140,46140,46159,46168,-,2026-06-02 00:00:00,46185,46188,46189,2026-06-17 00:00:00,46191,0.95,,,D 청림,5,6,,,계획,46112,,46114,,46115,,46129,,46132,,46140,,46141,,46168,,46170,,46175,,46177,,46185,,46188,,46189,,46190,,46191,,,,,,,,,,,,,,,,,,,,,,,,,,,,,,,,,,,,,,,,,,,,,,,,,,,,,,,,,,,,D,,K,발S,,,,,,,,,,,,,,발F,,,가S,,,,,,,,가F,제S,-----,-----,-----,-----,-----,-----,-----,-----,-----,-----,-----,-----,-----,-----,-----,-----,-----,-----,-----,-----,-----,-----,-----,-----,-----,-----,제F,,도S,,,,,도F,,조S,,,,,,,,조F,,,상,검,포,출,납,,,,,,,,,,,,,,,,,,,,,,,,,,,,,,,,,,,,,,,,,,,,,,,,,,,,,,,,,,,,,,,,,,,,,,,,,,,,,,,,,,,,,,,,,,,,,,,,,,,,,,,,True,DATA_PLAN,,,,plan
681,2,HHI,SCR중,SH8238,SCR-7,4,2026-06-19 00:00:00,,2,30,,,,2/12->6/19,실행,D 청림,45965,45966,45968,45981,46020,45992,46027,46038,,2026-01-21 00:00:00,46078,46078,46079,,,,,,D 청림,5,6,,,,,,,,,,,,,,,,,,,,,,,,,,,,,,,,,,,,,,,,,,,,,,,,,,,,,,,,,,,,,,,,,,,,,,,,,,,,,,,,,,,,,,,,,,,,,,,,,,,,,,,,,,,,,,,,,,,,,,,,,,,,,,,,,,,,,,,,,,,,,,,,,,,,,,,,,,,,,,,,,,,,,,,,,,,,,,,,,,,,,,,,,,,,,,,,,,,,,,,,,,,,,,,,,,,,,,,,,,,,,,,,,,,,,,,,,,,,,,,,,,,,,,,,,,,,,,,,,,,,,,,,,,,,,,,,,,,,,,True,DATA_ACTUAL,,,,actual
681,3,HHI,SCR중,SH8238,SCR-7,4,2026-06-19 00:00:00,,2,30,,,,,D 청림,D 청림,147,148,147,148,120,148,132,130,-,,107,110,110,,,,,,D 청림,5,6,,,실적,,45965,,45966,,45968,,45981,,45981,,45992,,,,46038,,,,46043,,,,46078,,46078,,46079,,0,,0,,,,,,,,,,,,,,,,,,,,,,,,,,,,,,,,,,,,,,,,,,,,,,,,,,,,,,,,,,,,,,,,,,,,,,,,,,,,,,,,,,,,,,,,,,,,,,,,,,,,,,,,,,,,,,,,,,,,,,,,,,,,,,,,,,,,,,,,,,,,,,,,,,,,,,,,,,,,,,,,,,,,,,,,,,,,,,,,,,,,,,,,,,,,,,,,,,,,,,,,,,,,,,,,,,,,,,,,,,,,,,,,,,,,,,,,,,,,,,,,,,,False,STRUCTURAL,비데이터 행,,,unknown
681,4,HHI,SCR중,SH8238,SCR-7,4,2026-06-19 00:00:00,,2,30,,,,,취부,,0,,,,,,,,,,,,,,,,,,D 청림,5,6,,,LOAD,,,,,,,,,,,,,,,,,,,,,,,,,,,,,,,,,,,,,,,,,,,,,,,,,,,,,,,,,,,,,,,,,,,,,,,,,,,,,,,,,,,,,,,,,,,,,,,,,,,,,,,,,,,,,,,,,,,,,,,,,,,,,,,,,,,,,,,,,,,,,,,,,,,,,,,,,,,,,,,,,,,,,,,,,,,,,,,,,,,,,,,,,,,,,,,,,,,,,,,,,,,,,,,,,,,,,,,,,,,,,,,,,,,,,,,,,,,,,,,,,,,,,,,,,,,,,,,,,,,,,,,,,,,,,,,,,,,False,STRUCTURAL,비데이터 행,,,unknown
681,5,HHI,SCR중,SH8238,SCR-7,4,2026-06-19 00:00:00,,2,30,,,,,용접,,0,,,,,,,,,,,,,,,,,,D 청림,5,6,,,,,,,,,,,,,,,,,,,,,,,,,,,,,,,,,,,,,,,,,,,,,,,,,,,,,,,,,,,,,,,,,,,,,,,,,,,,,,,,,,,,,,,,,,,,,,,,,,,,,,,,,,,,,,,,,,,,,,,,,,,,,,,,,,,,,,,,,,,,,,,,,,,,,,,,,,,,,,,,,,,,,,,,,,,,,,,,,,,,,,,,,,,,,,,,,,,,,,,,,,,,,,,,,,,,,,,,,,,,,,,,,,,,,,,,,,,,,,,,,,,,,,,,,,,,,,,,,,,,,,,,,,,,,,,,,,,,,,False,STRUCTURAL,비데이터 행,,,unknown
681,6,HHI,SCR중,SH8238,SCR-7,4,2026-06-19 00:00:00,,2,30,,,,,조립,,6,,,,,,,,,,,,,,,,,,D 청림,5,6,,,,,,,,,,,,,,,,,,,,,,,,,,,,,,,,,,,,,,,,,,,,,,,,,,,,,,,,,,,,,,,,,,,,,,,,,,,,,,,,,,,,,,,,,,,,,,,,,,,,,,,,,,,,,,,,,,,,,,,,,,,,,,,,,,,,,,,,,,,,,,,,,,,,,,,,,,,,,,,,,,,,,2,2,2,,,,,,,,,,,,,,,,,,,,,,,,,,,,,,,,,,,,,,,,,,,,,,,,,,,,,,,,,,,,,,,,,,,,,,,,,,,,,,,,,,,,,,,,,,,,,,,,,,,,,,,,,,,,,,,False,STRUCTURAL,비데이터 행,,,unknown
681,7,HHI,SCR중,SH8238,SCR-7,4,2026-06-19 00:00:00,,2,30,,,,,사상,,0,,,,,,,,,,,,,,,,,,D 청림,5,6,,,,,,,,,,,,,,,,,,,,,,,,,,,,,,,,,,,,,,,,,,,,,,,,,,,,,,,,,,,,,,,,,,,,,,,,,,,,,,,,,,,,,,,,,,,,,,,,,,,,,,,,,,,,,,,,,,,,,,,,,,,,,,,,,,,,,,,,,,,,,,,,,,,,,,,,,,,,,,,,,,,,,,,,,,,,,,,,,,,,,,,,,,,,,,,,,,,,,,,,,,,,,,,,,,,,,,,,,,,,,,,,,,,,,,,,,,,,,,,,,,,,,,,,,,,,,,,,,,,,,,,,,,,,,,,,,,,,,,False,STRUCTURAL,비데이터 행,,,unknown
681,9,HHI,SCR중,SH8238,SCR-7,4,2026-06-19 00:00:00,,2,30,,,,,실적,,,,,,,,,,,,,,,,,,,,D 청림,5,6,,,,,,,,,,,,,,,,,,,,,,,,,,,,,,,,,,,,,,,,,,,,,,,,,,,,,,,,,,,,,,,,,,,,,,,,,,,,,,,,,,,,,,,,,,,,,,,,,,,,,,,,,,,,,,,,,,,,,,,,,,,,,,,,,,,,,,,,,,,,,,,,,,,,,,,,,,,,,,,,,,,,,,,,,,,,,,,,,,,,,,,,,,,,,,,,,,,,,,,,,,,,,,,,,,,,,,,,,,,,,,,,,,,,,,,,,,,,,,,,,,,,,,,,,,,,,,,,,,,,,,,,,,,,,,,,,,,,,,False,STRUCTURAL,비데이터 행,,,unknown
682,1,BHI,VS,Rabigh #1,VS-2,7,2026-06-20 00:00:00,46163,4,30,,,,,일자,C 에이스,46105,46112,46115,46129,46140,46140,46155,46163,-,2026-05-28 00:00:00,46182,46184,46188,2026-06-17 00:00:00,46191,0.25,,,C 에이스,5,6,,,계획,46105,,46112,,46115,,46129,,46132,,46140,,46139,,46163,,46160,,46170,,46164,,46182,,46184,,46188,,46190,,46191,,,,,,,,,,,,,,,,,,,,,,,,,,,,,,,,,,,,,,,,,,,,,,,,,,,,,D,,,,,,,K,,,발S,,,,,,,,,,,,,,발F,,,가S,,,,,,,제S,가F,-----,-----,-----,-----,-----,-----,-----,-----,-----,-----,-----,-----,-----,-----,-----,-----,-----,-----,-----,도S,-----,-----,제F,조S,,,,,,도F,,,,,,,,,,,,조F,,상,,,,검,,포,출,,납,,,,,,,,,,,,,,,,,,,,,,,,,,,,,,,,,,,,,,,,,,,,,,,,,,,,,,,,,,,,,,,,,,,,,,,,,,,,,,,,,,,,,,,,,,,,,,,,,,,,,,,True,DATA_PLAN,,,,plan
682,2,BHI,VS,Rabigh #1,VS-2,7,2026-06-20 00:00:00,,4,30,,,,6/1->6/20,실행,C 에이스,46080,46098,,,,,,,,,,,,,,,,,C 에이스,5,6,,,,,,,,,,,,,,,,,,,,,,,,,,,,,,,,,,,,,,,,,,,,,,,,,,,,,,,,,,,,,,,,,,,,,,,,,,,,,,,,,,,,,,,,,,,,,,,,,,,,,,,,,,,,,,,,,,,,,,,,,,,,,,,,,,,,,,,,,,,,,,,,,,,,,,,,,,,,,,,,,,,,,,,,,,,,,,,,,,,,,,,,,,,,,,,,,,,,,,,,,,,,,,,,,,,,,,,,,,,,,,,,,,,,,,,,,,,,,,,,,,,,,,,,,,,,,,,,,,,,,,,,,,,,,,,,,,,,,,True,DATA_ACTUAL,,,,actual
682,3,BHI,VS,Rabigh #1,VS-2,7,2026-06-20 00:00:00,,4,30,,,,,C 에이스,C 에이스,25,14,,,,,,,-,,,,,,,,,,C 에이스,5,6,,,실적,,46080,,46098,,0,,0,,0,,0,,,,0,,,,0,,,,0,,0,,0,,0,,0,,,,,,,,,,,,,,,,,,,,,,,,,,,,,,,,,,,,,,,,,,,,,,,,,,,,,,,,,,,,,,,,,,,,,,,,,,,,,,,,,,,,,,,,,,,,,,,,,,,,,,,,,,,,,,,,,,,,,,,,,,,,,,,,,,,,,,,,,,,,,,,,,,,,,,,,,,,,,,,,,,,,,,,,,,,,,,,,,,,,,,,,,,,,,,,,,,,,,,,,,,,,,,,,,,,,,,,,,,,,,,,,,,,,,,,,,,,,,,,,,,,False,STRUCTURAL,비데이터 행,,,unknown
682,4,BHI,VS,Rabigh #1,VS-2,7,2026-06-20 00:00:00,,4,30,,,,,취부,,40,,,,,,,,,,,,,,,,,,C 에이스,5,6,,,LOAD,,,,,,,,,,,,,,,,,,,,,,,,,,,,,,,,,,,,,,,,,,,,,,,,,,,,,,,,,,,,,,,,,,,,,,,,,,,,,,,,,,,,,,,,,,,,,,,,,,,,,,,,,,,,,,,,,,,,,,2,3,3,3,,3,,3,,3,3,3,3,,3,3,3,1,1,,,,,,,,,,,,,,,,,,,,,,,,,,,,,,,,,,,,,,,,,,,,,,,,,,,,,,,,,,,,,,,,,,,,,,,,,,,,,,,,,,,,,,,,,,,,,,,,,,,,,,,,,,,,,,,,,,,,,,,,,,,,,,,,,,,,,,,,,,,False,STRUCTURAL,비데이터 행,,,unknown
682,5,BHI,VS,Rabigh #1,VS-2,7,2026-06-20 00:00:00,,4,30,,,,,용접,,35,,,,,,,,,,,,,,,,,,C 에이스,5,6,,,,,,,,,,,,,,,,,,,,,,,,,,,,,,,,,,,,,,,,,,,,,,,,,,,,,,,,,,,,,,,,,,,,,,,,,,,,,,,,,,,,,,,,,,,,,,,,,,,,,,,,,,,,,,,,,,,,,,,,,,2,2,2,,3,,3,,3,3,3,3,,2,2,2,3,1,1,,,,,,,,,,,,,,,,,,,,,,,,,,,,,,,,,,,,,,,,,,,,,,,,,,,,,,,,,,,,,,,,,,,,,,,,,,,,,,,,,,,,,,,,,,,,,,,,,,,,,,,,,,,,,,,,,,,,,,,,,,,,,,,,,,,,,,,,,,False,STRUCTURAL,비데이터 행,,,unknown
682,6,BHI,VS,Rabigh #1,VS-2,7,2026-06-20 00:00:00,,4,30,,,,,조립,,20,,,,,,,,,,,,,,,,,,C 에이스,5,6,,,,,,,,,,,,,,,,,,,,,,,,,,,,,,,,,,,,,,,,,,,,,,,,,,,,,,,,,,,,,,,,,,,,,,,,,,,,,,,,,,,,,,,,,,,,,,,,,,,,,,,,,,,,,,,,,,,,,,,,,,,2,2,,2,,2,,1,1,1,1,,1,1,1,2,1,1,,1,,,,,,,,,,,,,,,,,,,,,,,,,,,,,,,,,,,,,,,,,,,,,,,,,,,,,,,,,,,,,,,,,,,,,,,,,,,,,,,,,,,,,,,,,,,,,,,,,,,,,,,,,,,,,,,,,,,,,,,,,,,,,,,,,,,,,,,,False,STRUCTURAL,비데이터 행,,,unknown
682,7,BHI,VS,Rabigh #1,VS-2,7,2026-06-20 00:00:00,,4,30,,,,,사상,,19,,,,,,,,,,,,,,,,,,C 에이스,5,6,,,,,,,,,,,,,,,,,,,,,,,,,,,,,,,,,,,,,,,,,,,,,,,,,,,,,,,,,,,,,,,,,,,,,,,,,,,,,,,,,,,,,,,,,,,,,,,,,,,,,,,,,,,,,,,,,,,,,,,,,,,,2,,2,,2,,2,1,1,1,,1,1,1,1,1,1,,1,1,,,,,,,,,,,,,,,,,,,,,,,,,,,,,,,,,,,,,,,,,,,,,,,,,,,,,,,,,,,,,,,,,,,,,,,,,,,,,,,,,,,,,,,,,,,,,,,,,,,,,,,,,,,,,,,,,,,,,,,,,,,,,,,,,,,,,,,False,STRUCTURAL,비데이터 행,,,unknown
682,9,BHI,VS,Rabigh #1,VS-2,7,2026-06-20 00:00:00,,4,30,,,,,실적,,,,,,,,,,,,,,,,,,,,C 에이스,5,6,,,,,,,,,,,,,,,,,,,,,,,,,,,,,,,,,,,,,,,,,,,,,,,,,,,,,,,,,,,,,,,,,,,,,,,,,,,,,,,,,,,,,,,,,,,,,,,,,,,,,,,,,,,,,,,,,,,,,,,,,,,,,,,,,,,,,,,,,,,,,,,,,,,,,,,,,,,,,,,,,,,,,,,,,,,,,,,,,,,,,,,,,,,,,,,,,,,,,,,,,,,,,,,,,,,,,,,,,,,,,,,,,,,,,,,,,,,,,,,,,,,,,,,,,,,,,,,,,,,,,,,,,,,,,,,,,,,,,,False,STRUCTURAL,비데이터 행,,,unknown
683,1,HPS,VS,Toscana,VS-5,1,2026-06-21 00:00:00,46171,4,30,,,,,일자,C 에이스,46122,46129,46134,46150,46161,46161,46168,46171,-,2026-06-03 00:00:00,46184,46185,46189,2026-06-17 00:00:00,46191,0.25,,,C 에이스,5,6,,,계획,46122,,46129,,46134,,46150,,46153,,46161,,46162,,46171,,46174,,46176,,46177,,46184,,46185,,46189,,46190,,46191,,,,,,,,,,,,,,,,,,,,,,,,,,,,,,,,,,,,,,,,,,,,,,,,,,,,,,,,,,,,,,,,,,,,,,D,,,,,,,K,,,,,발S,,,,,,,,,,,,,,,,발F,,,가S,,,,,,,,가F,제S,-----,-----,-----,-----,-----,-----,-----,-----,제F,,,도S,,도F,조S,,,,,,,조F,상,,,,검,포,출,,,납,,,,,,,,,,,,,,,,,,,,,,,,,,,,,,,,,,,,,,,,,,,,,,,,,,,,,,,,,,,,,,,,,,,,,,,,,,,,,,,,,,,,,,,,,,,,,,,,,,,,,,True,DATA_PLAN,,,,plan
683,2,HPS,VS,Toscana,VS-5,1,2026-06-21 00:00:00,,4,30,,,,,실행,C 에이스,46080,46080,46093,,,,,,,,,,,,,,,,C 에이스,5,6,,,,,,,,,,,,,,,,,,,,,,,,,,,,,,,,,,,,,,,,,,,,,,,,,,,,,,,,,,,,,,,,,,,,,,,,,,,,,,,,,,,,,,,,,,,,,,,,,,,,,,,,,,,,,,,,,,,,,,,,,,,,,,,,,,,,,,,,,,,,,,,,,,,,,,,,,,,,,,,,,,,,,,,,,,,,,,,,,,,,,,,,,,,,,,,,,,,,,,,,,,,,,,,,,,,,,,,,,,,,,,,,,,,,,,,,,,,,,,,,,,,,,,,,,,,,,,,,,,,,,,,,,,,,,,,,,,,,,,True,DATA_ACTUAL,,,,actual
683,3,HPS,VS,Toscana,VS-5,1,2026-06-21 00:00:00,,4,30,,,,,C 에이스,C 에이스,42,49,41,,,,,,-,,,,,,,,,,C 에이스,5,6,,,실적,,46080,,46080,,46093,,0,,,,0,,,,0,,,,0,,,,0,,0,,0,,0,,0,,,,,,,,,,,,,,,,,,,,,,,,,,,,,,,,,,,,,,,,,,,,,,,,,,,,,,,,,,,,,,,,,,,,,,,,,,,,,,,,,,,,,,,,,,,,,,,,,,,,,,,,,,,,,,,,,,,,,,,,,,,,,,,,,,,,,,,,,,,,,,,,,,,,,,,,,,,,,,,,,,,,,,,,,,,,,,,,,,,,,,,,,,,,,,,,,,,,,,,,,,,,,,,,,,,,,,,,,,,,,,,,,,,,,,,,,,,,,,,,,,,False,STRUCTURAL,비데이터 행,,,unknown
683,4,HPS,VS,Toscana,VS-5,1,2026-06-21 00:00:00,,4,30,,,,,취부,,5,,,,,,,,,,,,,,,,,,C 에이스,5,6,,,LOAD,,,,,,,,,,,,,,,,,,,,,,,,,,,,,,,,,,,,,,,,,,,,,,,,,,,,,,,,,,,,,,,,,,,,,,,,,,,,,,,,,,,,,,,,,,,,,,,,,,,,,,,,,,,,,,,,,,,,,,1,1,1,1,,1,,,,,,,,,,,,,,,,,,,,,,,,,,,,,,,,,,,,,,,,,,,,,,,,,,,,,,,,,,,,,,,,,,,,,,,,,,,,,,,,,,,,,,,,,,,,,,,,,,,,,,,,,,,,,,,,,,,,,,,,,,,,,,,,,,,,,,,,,,,,,,,,,,,,,,,,False,STRUCTURAL,비데이터 행,,,unknown
683,5,HPS,VS,Toscana,VS-5,1,2026-06-21 00:00:00,,4,30,,,,,용접,,5,,,,,,,,,,,,,,,,,,C 에이스,5,6,,,,,,,,,,,,,,,,,,,,,,,,,,,,,,,,,,,,,,,,,,,,,,,,,,,,,,,,,,,,,,,,,,,,,,,,,,,,,,,,,,,,,,,,,,,,,,,,,,,,,,,,,,,,,,,,,,,,,,,,,,1,1,1,,1,,1,,,,,,,,,,,,,,,,,,,,,,,,,,,,,,,,,,,,,,,,,,,,,,,,,,,,,,,,,,,,,,,,,,,,,,,,,,,,,,,,,,,,,,,,,,,,,,,,,,,,,,,,,,,,,,,,,,,,,,,,,,,,,,,,,,,,,,,,,,,,,,,,,,,,,,False,STRUCTURAL,비데이터 행,,,unknown
683,6,HPS,VS,Toscana,VS-5,1,2026-06-21 00:00:00,,4,30,,,,,조립,,5,,,,,,,,,,,,,,,,,,C 에이스,5,6,,,,,,,,,,,,,,,,,,,,,,,,,,,,,,,,,,,,,,,,,,,,,,,,,,,,,,,,,,,,,,,,,,,,,,,,,,,,,,,,,,,,,,,,,,,,,,,,,,,,,,,,,,,,,,,,,,,,,,,,,,,1,1,,1,,1,,1,,,,,,,,,,,,,,,,,,,,,,,,,,,,,,,,,,,,,,,,,,,,,,,,,,,,,,,,,,,,,,,,,,,,,,,,,,,,,,,,,,,,,,,,,,,,,,,,,,,,,,,,,,,,,,,,,,,,,,,,,,,,,,,,,,,,,,,,,,,,,,,,,,,,False,STRUCTURAL,비데이터 행,,,unknown
683,7,HPS,VS,Toscana,VS-5,1,2026-06-21 00:00:00,,4,30,,,,,사상,,5,,,,,,,,,,,,,,,,,,C 에이스,5,6,,,,,,,,,,,,,,,,,,,,,,,,,,,,,,,,,,,,,,,,,,,,,,,,,,,,,,,,,,,,,,,,,,,,,,,,,,,,,,,,,,,,,,,,,,,,,,,,,,,,,,,,,,,,,,,,,,,,,,,,,,,,1,,1,,1,,1,1,,,,,,,,,,,,,,,,,,,,,,,,,,,,,,,,,,,,,,,,,,,,,,,,,,,,,,,,,,,,,,,,,,,,,,,,,,,,,,,,,,,,,,,,,,,,,,,,,,,,,,,,,,,,,,,,,,,,,,,,,,,,,,,,,,,,,,,,,,,,,,,,,,,False,STRUCTURAL,비데이터 행,,,unknown
683,9,HPS,VS,Toscana,VS-5,1,2026-06-21 00:00:00,,4,30,,,,,실적,,,,,,,,,,,,,,,,,,,,C 에이스,5,6,,,,,,,,,,,,,,,,,,,,,,,,,,,,,,,,,,,,,,,,,,,,,,,,,,,,,,,,,,,,,,,,,,,,,,,,,,,,,,,,,,,,,,,,,,,,,,,,,,,,,,,,,,,,,,,,,,,,,,,,,,,,,,,,,,,,,,,,,,,,,,,,,,,,,,,,,,,,,,,,,,,,,,,,,,,,,,,,,,,,,,,,,,,,,,,,,,,,,,,,,,,,,,,,,,,,,,,,,,,,,,,,,,,,,,,,,,,,,,,,,,,,,,,,,,,,,,,,,,,,,,,,,,,,,,,,,,,,,,False,STRUCTURAL,비데이터 행,,,unknown
684,1,HHI,EGP,CHB2047,EGP-2,5,2026-06-24 00:00:00,46161,4,20,,,,"6H_2,9H_3",일자,F JK플랜트,46105,46112,46113,46127,46136,46136,46153,46161,-,2026-05-28 00:00:00,46190,46191,46192,2026-06-22 00:00:00,46196,0.25,,,F JK플랜트,5,6,,,계획,46105,,46112,,46113,,46127,,46128,,46136,,46139,,46161,,46164,,46170,,46169,,46190,,46191,,46192,,46195,,46196,,,,,,,,,,,,,,,,,,,,,,,,,,,,,,,,,,,,,,,,,,,,,,,,,,,,,D,,,,,,,K,발S,,,,,,,,,,,,,,발F,가S,,,,,,,,가F,,,제S,-----,-----,-----,-----,-----,-----,-----,-----,-----,-----,-----,-----,-----,-----,-----,-----,-----,-----,-----,-----,-----,제F,,,도S,,,,,조S,도F,,,,,,,,,,,,,,,,,,,,조F,상,검,,,포,출,납,,,,,,,,,,,,,,,,,,,,,,,,,,,,,,,,,,,,,,,,,,,,,,,,,,,,,,,,,,,,,,,,,,,,,,,,,,,,,,,,,,,,,,,,,,,,,,,,,,,True,DATA_PLAN,,,,plan
684,2,HHI,EGP,CHB2047,EGP-2,5,2026-06-24 00:00:00,,4,20,,,,,실행,F JK플랜트,46099,46101,,,,,,,,,,,,,,,,,F JK플랜트,5,6,,,,,,,,,,,,,,,,,,,,,,,,,,,,,,,,,,,,,,,,,,,,,,,,,,,,,,,,,,,,,,,,,,,,,,,,,,,,,,,,,,,,,,,,,,,,,,,,,,,,,,,,,,,,,,,,,,,,,,,,,,,,,,,,,,,,,,,,,,,,,,,,,,,,,,,,,,,,,,,,,,,,,,,,,,,,,,,,,,,,,,,,,,,,,,,,,,,,,,,,,,,,,,,,,,,,,,,,,,,,,,,,,,,,,,,,,,,,,,,,,,,,,,,,,,,,,,,,,,,,,,,,,,,,,,,,,,,,,,True,DATA_ACTUAL,,,,actual
684,3,HHI,EGP,CHB2047,EGP-2,5,2026-06-24 00:00:00,,4,20,,,,,F JK플랜트,F JK플랜트,6,11,,,,,,,-,,,,,,,,,,F JK플랜트,5,6,,,실적,,46099,,46101,,0,,0,,,,0,,,,0,,,,0,,,,0,,0,,0,,0,,0,,,,,,,,,,,,,,,,,,,,,,,,,,,,,,,,,,,,,,,,,,,,,,,,,,,,,,,,,,,,,,,,,,,,,,,,,,,,,,,,,,,,,,,,,,,,,,,,,,,,,,,,,,,,,,,,,,,,,,,,,,,,,,,,,,,,,,,,,,,,,,,,,,,,,,,,,,,,,,,,,,,,,,,,,,,,,,,,,,,,,,,,,,,,,,,,,,,,,,,,,,,,,,,,,,,,,,,,,,,,,,,,,,,,,,,,,,,,,,,,,,,False,STRUCTURAL,비데이터 행,,,unknown
684,4,HHI,EGP,CHB2047,EGP-2,5,2026-06-24 00:00:00,,4,20,,,,,취부,,14,,,,,,,,,,,,,,,,,,F JK플랜트,5,6,,,LOAD,,,,,,,,,,,,,,,,,,,,,,,,,,,,,,,,,,,,,,,,,,,,,,,,,,,,,,,,,,,,,,,,,,,,,,,,,,,,,,,,,,,,,,,,,,,,,,,,,,,,,,,,,,,,,,,,,,,,,,,,,,,,,,,,,,,,,,,,,,,,,,,,,,,2,2,2,2,2,,2,2,,,,,,,,,,,,,,,,,,,,,,,,,,,,,,,,,,,,,,,,,,,,,,,,,,,,,,,,,,,,,,,,,,,,,,,,,,,,,,,,,,,,,,,,,,,,,,,,,,,,,,,,,,,,,,,,,,,,,,,,,False,STRUCTURAL,비데이터 행,,,unknown
684,5,HHI,EGP,CHB2047,EGP-2,5,2026-06-24 00:00:00,,4,20,,,,,용접,,15,,,,,,,,,,,,,,,,,,F JK플랜트,5,6,,,,,,,,,,,,,,,,,,,,,,,,,,,,,,,,,,,,,,,,,,,,,,,,,,,,,,,,,,,,,,,,,,,,,,,,,,,,,,,,,,,,,,,,,,,,,,,,,,,,,,,,,,,,,,,,,,,,,,,,,,,,,,,,,,,,,,,,,,,,,,,,,,,,,,,2,2,2,2,,2,2,2,1,,,,,,,,,,,,,,,,,,,,,,,,,,,,,,,,,,,,,,,,,,,,,,,,,,,,,,,,,,,,,,,,,,,,,,,,,,,,,,,,,,,,,,,,,,,,,,,,,,,,,,,,,,,,,,,,,,,,,,,False,STRUCTURAL,비데이터 행,,,unknown
684,6,HHI,EGP,CHB2047,EGP-2,5,2026-06-24 00:00:00,,4,20,,,,,조립,,19,,,,,,,,,,,,,,,,,,F JK플랜트,5,6,,,,,,,,,,,,,,,,,,,,,,,,,,,,,,,,,,,,,,,,,,,,,,,,,,,,,,,,,,,,,,,,,,,,,,,,,,,,,,,,,,,,,,,,,,,,,,,,,,,,,,,,,,,,,,,,,,,,,,,,,,,,,,,,,,,,,,,,,,,,,,,,,,,,,,,,2,2,2,,2,2,2,2,1,,,,,,,,,,,2,2,,,,,,,,,,,,,,,,,,,,,,,,,,,,,,,,,,,,,,,,,,,,,,,,,,,,,,,,,,,,,,,,,,,,,,,,,,,,,,,,,,,,,,,,,,,,,,,,,,,,,,,,,,False,STRUCTURAL,비데이터 행,,,unknown
684,7,HHI,EGP,CHB2047,EGP-2,5,2026-06-24 00:00:00,,4,20,,,,,사상,,13,,,,,,,,,,,,,,,,,,F JK플랜트,5,6,,,,,,,,,,,,,,,,,,,,,,,,,,,,,,,,,,,,,,,,,,,,,,,,,,,,,,,,,,,,,,,,,,,,,,,,,,,,,,,,,,,,,,,,,,,,,,,,,,,,,,,,,,,,,,,,,,,,,,,,,,,,,,,,,,,,,,,,,,,,,,,,,,,,,,,,,2,2,,2,2,2,1,1,,,1,,,,,,,,,,,,,,,,,,,,,,,,,,,,,,,,,,,,,,,,,,,,,,,,,,,,,,,,,,,,,,,,,,,,,,,,,,,,,,,,,,,,,,,,,,,,,,,,,,,,,,,,,,,,,,,,,,,False,STRUCTURAL,비데이터 행,,,unknown
684,9,HHI,EGP,CHB2047,EGP-2,5,2026-06-24 00:00:00,,4,20,,,,,실적,,,,,,,,,,,,,,,,,,,,F JK플랜트,5,6,,,,,,,,,,,,,,,,,,,,,,,,,,,,,,,,,,,,,,,,,,,,,,,,,,,,,,,,,,,,,,,,,,,,,,,,,,,,,,,,,,,,,,,,,,,,,,,,,,,,,,,,,,,,,,,,,,,,,,,,,,,,,,,,,,,,,,,,,,,,,,,,,,,,,,,,,,,,,,,,,,,,,,,,,,,,,,,,,,,,,,,,,,,,,,,,,,,,,,,,,,,,,,,,,,,,,,,,,,,,,,,,,,,,,,,,,,,,,,,,,,,,,,,,,,,,,,,,,,,,,,,,,,,,,,,,,,,,,,False,STRUCTURAL,비데이터 행,,,unknown
685,1,STXE,REACTOR,H1632,STX-1,4,2026-06-24 00:00:00,46177,3,30,,,,,일자,C 에이스,46063,46065,46066,46135,46149,46149,46168,46177,-,2026-06-11 00:00:00,46190,46191,46192,2026-06-22 00:00:00,46196,0.35,,,C 에이스,6,6,,,계획,46063,,46065,,46066,,46135,,46136,,46149,,46150,,46177,,46178,,46184,,46185,,46190,,46191,,46192,,46195,,46196,,,,,,,,,,,D,,K,발S,,,,,,,,,,,,,,,,,,,,,,,,,,,,,,,,,,,,,,,,,,,,,,,,,,,,,,,,,,,,,,,,,,,,,발F,가S,,,,,,,,,,,,,가F,제S,-----,-----,-----,-----,-----,-----,-----,-----,-----,-----,-----,-----,-----,-----,-----,-----,-----,-----,-----,-----,-----,-----,-----,-----,-----,-----,제F,도S,,,,,,도F,조S,,,,,조F,상,검,,,포,출,납,,,,,,,,,,,,,,,,,,,,,,,,,,,,,,,,,,,,,,,,,,,,,,,,,,,,,,,,,,,,,,,,,,,,,,,,,,,,,,,,,,,,,,,,,,,,,,,,,,,True,DATA_PLAN,,,,plan
685,2,STXE,REACTOR,H1632,STX-1,4,2026-06-24 00:00:00,,3,30,,,,도면 미출도(납기 5월로 변경중),실행,C 에이스,46035,46042,46042,46073,46091,46087,,,,,,,,,,,,,C 에이스,6,6,,,,,,,,,,,,,,,,,,,,,,,,,,,,,,,,,,,,,,,,,,,,,,,,,,,,,,,,,,,,,,,,,,,,,,,,,,,,,,,,,,,,,,,,,,,,,,,,,,,,,,,,,,,,,,,,,,,,,,,,,,,,,,,,,,,,,,,,,,,,,,,,,,,,,,,,,,,,,,,,,,,,,,,,,,,,,,,,,,,,,,,,,,,,,,,,,,,,,,,,,,,,,,,,,,,,,,,,,,,,,,,,,,,,,,,,,,,,,,,,,,,,,,,,,,,,,,,,,,,,,,,,,,,,,,,,,,,,,,True,DATA_ACTUAL,,,,actual
685,3,STXE,REACTOR,H1632,STX-1,4,2026-06-24 00:00:00,,3,30,,,,5/1->6/24,C 에이스,C 에이스,28,23,24,62,58,62,,,-,,,,,,,,,,C 에이스,6,6,,,실적,,46035,,46042,,46042,,46073,,46073,,46087,,,,0,,,,0,,,,0,,0,,0,,0,,0,,,,,,,,,,,,,,,,,,,,,,,,,,,,,,,,,,,,,,,,,,,,,,,,,,,,,,,,,,,,,,,,,,,,,,,,,,,,,,,,,,,,,,,,,,,,,,,,,,,,,,,,,,,,,,,,,,,,,,,,,,,,,,,,,,,,,,,,,,,,,,,,,,,,,,,,,,,,,,,,,,,,,,,,,,,,,,,,,,,,,,,,,,,,,,,,,,,,,,,,,,,,,,,,,,,,,,,,,,,,,,,,,,,,,,,,,,,,,,,,,,,False,STRUCTURAL,비데이터 행,,,unknown
685,4,STXE,REACTOR,H1632,STX-1,4,2026-06-24 00:00:00,,3,30,,,,,취부,,0,,,,,,,,,,,,,,,,,,C 에이스,6,6,,,LOAD,,,,,,,,,,,,,,,,,,,,,,,,,,,,,,,,,,,,,,,,,,,,,,,,,,,,,,,,,,,,,,,,,,,,,,,,,,,,,,,,,,,,,,,,,,,,,,,,,,,,,,,,,,,,,,,,,,,,,,,,,,,,,,,,,,,,,,,,,,,,,,,,,,,,,,,,,,,,,,,,,,,,,,,,,,,,,,,,,,,,,,,,,,,,,,,,,,,,,,,,,,,,,,,,,,,,,,,,,,,,,,,,,,,,,,,,,,,,,,,,,,,,,,,,,,,,,,,,,,,,,,,,,,,,,,,,,,,False,STRUCTURAL,비데이터 행,,,unknown
685,5,STXE,REACTOR,H1632,STX-1,4,2026-06-24 00:00:00,,3,30,,,,,용접,,0,,,,,,,,,,,,,,,,,,C 에이스,6,6,,,,,,,,,,,,,,,,,,,,,,,,,,,,,,,,,,,,,,,,,,,,,,,,,,,,,,,,,,,,,,,,,,,,,,,,,,,,,,,,,,,,,,,,,,,,,,,,,,,,,,,,,,,,,,,,,,,,,,,,,,,,,,,,,,,,,,,,,,,,,,,,,,,,,,,,,,,,,,,,,,,,,,,,,,,,,,,,,,,,,,,,,,,,,,,,,,,,,,,,,,,,,,,,,,,,,,,,,,,,,,,,,,,,,,,,,,,,,,,,,,,,,,,,,,,,,,,,,,,,,,,,,,,,,,,,,,,,,,False,STRUCTURAL,비데이터 행,,,unknown
685,6,STXE,REACTOR,H1632,STX-1,4,2026-06-24 00:00:00,,3,30,,,,,조립,,6,,,,,,,,,,,,,,,,,,C 에이스,6,6,,,,,,,,,,,,,,,,,,,,,,,,,,,,,,,,,,,,,,,,,,,,,,,,,,,,,,,,,,,,,,,,,,,,,,,,,,,,,,,,,,,,,,,,,,,,,,,,,,,,,,,,,,,,,,,,,,,2,2,2,,,,,,,,,,,,,,,,,,,,,,,,,,,,,,,,,,,,,,,,,,,,,,,,,,,,,,,,,,,,,,,,,,,,,,,,,,,,,,,,,,,,,,,,,,,,,,,,,,,,,,,,,,,,,,,,,,,,,,,,,,,,,,,,,,,,,,,,,,,,,,,,,,,,,,,,,,,,,,,,,False,STRUCTURAL,비데이터 행,,,unknown
685,7,STXE,REACTOR,H1632,STX-1,4,2026-06-24 00:00:00,,3,30,,,,,사상,,2,,,,,,,,,,,,,,,,,,C 에이스,6,6,,,,,,,,,,,,,,,,,,,,,,,,,,,,,,,,,,,,,,,,,,,,,,,,,,,,,,,,,,,,,,,,,,,,,,,,,,,,,,,,,,,,,,,,,,,,,,,,,,,,,,,,,,,,,,,,,,1,1,,,,,,,,,,,,,,,,,,,,,,,,,,,,,,,,,,,,,,,,,,,,,,,,,,,,,,,,,,,,,,,,,,,,,,,,,,,,,,,,,,,,,,,,,,,,,,,,,,,,,,,,,,,,,,,,,,,,,,,,,,,,,,,,,,,,,,,,,,,,,,,,,,,,,,,,,,,,,,,,,,,False,STRUCTURAL,비데이터 행,,,unknown
685,9,STXE,REACTOR,H1632,STX-1,4,2026-06-24 00:00:00,,3,30,,,,1/13 출도,실적,,,,,,,,,,,,,,,,,,,,C 에이스,6,6,,,,,,,,,,,,,,,,,,,,,,,,,,,,,,,,,,,,,,,,,,,,,,,,,,,,,,,,,,,,,,,,,,,,,,,,,,,,,,,,,,,,,,,,,,,,,,,,,,,,,,,,,,,,,,,,,,,,,,,,,,,,,,,,,,,,,,,,,,,,,,,,,,,,,,,,,,,,,,,,,,,,,,,,,,,,,,,,,,,,,,,,,,,,,,,,,,,,,,,,,,,,,,,,,,,,,,,,,,,,,,,,,,,,,,,,,,,,,,,,,,,,,,,,,,,,,,,,,,,,,,,,,,,,,,,,,,,,,,False,STRUCTURAL,비데이터 행,,,unknown
686,1,HHI,EGP,H2844,EGP-2,3,2026-06-28 00:00:00,46169,5,20,,,,외부함석,일자,J 해림ENG,46115,46122,46125,46139,46153,46153,46164,46169,-,2026-06-01 00:00:00,46192,46195,46196,2026-06-24 00:00:00,46198,0.35,,,J 해림ENG,5,6,,,계획,46115,,46122,,46125,,46139,,46140,,46153,,46154,,46169,,46171,,46174,,46175,,46192,,46195,,46196,,46197,,46198,,,,,,,,,,,,,,,,,,,,,,,,,,,,,,,,,,,,,,,,,,,,,,,,,,,,,,,,,,,,,,,D,,,,,,,K,,,발S,,,,,,,,,,,,,,발F,가S,,,,,,,,,,,,,가F,제S,-----,-----,-----,-----,-----,-----,-----,-----,-----,-----,-----,-----,-----,-----,제F,,도S,,,도F,조S,,,,,,,,,,,,,,,,,조F,,,상,검,포,출,,,납,,,,,,,,,,,,,,,,,,,,,,,,,,,,,,,,,,,,,,,,,,,,,,,,,,,,,,,,,,,,,,,,,,,,,,,,,,,,,,,,,,,,,,,,,,,,,,,True,DATA_PLAN,,,,plan
686,2,HHI,EGP,H2844,EGP-2,3,2026-06-28 00:00:00,,5,20,,,,4/6->6/28,실행,J 해림ENG,45961,45974,46045,46057,46058,46064,46076,,,,,,,,,,,,J 해림ENG,5,6,,,,,,,,,,,,,,,,,,,,,,,,,,,,,,,,,,,,,,,,,,,,,,,,,,,,,,,,,,,,,,,,,,,,,,,,,,,,,,,,,,,,,,,,,,,,,,,,,,,,,,,,,,,,,,,,,,,,,,,,,,,,,,,,,,,,,,,,,,,,,,,,,,,,,,,,,,,,,,,,,,,,,,,,,,,,,,,,,,,,,,,,,,,,,,,,,,,,,,,,,,,,,,,,,,,,,,,,,,,,,,,,,,,,,,,,,,,,,,,,,,,,,,,,,,,,,,,,,,,,,,,,,,,,,,,,,,,,,,True,DATA_ACTUAL,,,,actual
686,3,HHI,EGP,H2844,EGP-2,3,2026-06-28 00:00:00,,5,20,,,,,J 해림ENG,J 해림ENG,154,148,80,82,95,89,88,,-,,,,,,,,,,J 해림ENG,5,6,,,실적,,45961,,45974,,46045,,46057,,,,46064,,,,0,,,,0,,,,0,,0,,0,,0,,0,,,,,,,,,,,,,,,,,,,,,,,,,,,,,,,,,,,,,,,,,,,,,,,,,,,,,,,,,,,,,,,,,,,,,,,,,,,,,,,,,,,,,,,,,,,,,,,,,,,,,,,,,,,,,,,,,,,,,,,,,,,,,,,,,,,,,,,,,,,,,,,,,,,,,,,,,,,,,,,,,,,,,,,,,,,,,,,,,,,,,,,,,,,,,,,,,,,,,,,,,,,,,,,,,,,,,,,,,,,,,,,,,,,,,,,,,,,,,,,,,,,False,STRUCTURAL,비데이터 행,,,unknown
686,4,HHI,EGP,H2844,EGP-2,3,2026-06-28 00:00:00,,5,20,,,,,취부,,8,,,,,,,,,,,,,,,,,,J 해림ENG,5,6,,,LOAD,,,,,,,,,,,,,,,,,,,,,,,,,,,,,,,,,,,,,,,,,,,,,,,,,,,,,,,,,,,,,,,,,,,,,,,,,,,,,,,,,,,,,,,,,,,,,,,,,,,,,,,,,,,,,,,,,,,,,,,,,,,,,,,2,2,2,2,,,,,,,,,,,,,,,,,,,,,,,,,,,,,,,,,,,,,,,,,,,,,,,,,,,,,,,,,,,,,,,,,,,,,,,,,,,,,,,,,,,,,,,,,,,,,,,,,,,,,,,,,,,,,,,,,,,,,,,,,,,,,,,,,,,,,,,,,,,,,,,,,False,STRUCTURAL,비데이터 행,,,unknown
686,5,HHI,EGP,H2844,EGP-2,3,2026-06-28 00:00:00,,5,20,,,,,용접,,6,,,,,,,,,,,,,,,,,,J 해림ENG,5,6,,,,,,,,,,,,,,,,,,,,,,,,,,,,,,,,,,,,,,,,,,,,,,,,,,,,,,,,,,,,,,,,,,,,,,,,,,,,,,,,,,,,,,,,,,,,,,,,,,,,,,,,,,,,,,,,,,,,,,,,,,,,,,,,,,,2,2,2,,,,,,,,,,,,,,,,,,,,,,,,,,,,,,,,,,,,,,,,,,,,,,,,,,,,,,,,,,,,,,,,,,,,,,,,,,,,,,,,,,,,,,,,,,,,,,,,,,,,,,,,,,,,,,,,,,,,,,,,,,,,,,,,,,,,,,,,,,,,,,,,,False,STRUCTURAL,비데이터 행,,,unknown
686,6,HHI,EGP,H2844,EGP-2,3,2026-06-28 00:00:00,,5,20,,,,,조립,,8,,,,,,,,,,,,,,,,,,J 해림ENG,5,6,,,,,,,,,,,,,,,,,,,,,,,,,,,,,,,,,,,,,,,,,,,,,,,,,,,,,,,,,,,,,,,,,,,,,,,,,,,,,,,,,,,,,,,,,,,,,,,,,,,,,,,,,,,,,,,,,,,,,,,,,,,,,,,,,,,,2,2,,,,,,2,2,,,,,,,,,,,,,,,,,,,,,,,,,,,,,,,,,,,,,,,,,,,,,,,,,,,,,,,,,,,,,,,,,,,,,,,,,,,,,,,,,,,,,,,,,,,,,,,,,,,,,,,,,,,,,,,,,,,,,,,,,,,,,,,,,,,,,,,,,,False,STRUCTURAL,비데이터 행,,,unknown
686,7,HHI,EGP,H2844,EGP-2,3,2026-06-28 00:00:00,,5,20,,,,,사상,,2,,,,,,,,,,,,,,,,,,J 해림ENG,5,6,,,,,,,,,,,,,,,,,,,,,,,,,,,,,,,,,,,,,,,,,,,,,,,,,,,,,,,,,,,,,,,,,,,,,,,,,,,,,,,,,,,,,,,,,,,,,,,,,,,,,,,,,,,,,,,,,,,,,,,,,,,,,,,,,,,,,2,,,,,,,,,,,,,,,,,,,,,,,,,,,,,,,,,,,,,,,,,,,,,,,,,,,,,,,,,,,,,,,,,,,,,,,,,,,,,,,,,,,,,,,,,,,,,,,,,,,,,,,,,,,,,,,,,,,,,,,,,,,,,,,,,,,,,,,,,,,,,,,,,False,STRUCTURAL,비데이터 행,,,unknown
686,9,HHI,EGP,H2844,EGP-2,3,2026-06-28 00:00:00,,5,20,,,,,실적,,,,,,,,,,,,,,,,,,,,J 해림ENG,5,6,,,,,,,,,,,,,,,,,,,,,,,,,,,,,,,,,,,,,,,,,,,,,,,,,,,,,,,,,,,,,,,,,,,,,,,,,,,,,,,,,,,,,,,,,,,,,,,,,,,,,,,,,,,,,,,,,,,,,,,,,,,,,,,,,,,,,,,,,,,,,,,,,,,,,,,,,,,,,,,,,,,,,,,,,,,,,,,,,,,,,,,,,,,,,,,,,,,,,,,,,,,,,,,,,,,,,,,,,,,,,,,,,,,,,,,,,,,,,,,,,,,,,,,,,,,,,,,,,,,,,,,,,,,,,,,,,,,,,,False,STRUCTURAL,비데이터 행,,,unknown
687,1,DEB,ENC,PP12 Durma,ENC-3,1,2026-06-30 00:00:00,46142,2,20,,,,18Ton,일자,I 서영,46058,46066,46076,46094,46118,46118,46130,46142,-,2026-06-04 00:00:00,46190,46191,46195,2026-06-25 00:00:00,46202,0.3,,,I 서영,4,6,,,계획,46058,,46066,,46076,,46094,,46097,,46118,,46107,,46142,,46154,,46177,,46162,,46190,,46191,,46195,,46198,,46202,,,,,,D,,,,,,,,K,,,,,,,,,,발S,,,,,,,,,,,,,,,,,,발F,,,가S,,,,,,,,,,제S,-----,,-----,-----,-----,-----,-----,-----,-----,-----,가F,-----,-----,-----,-----,-----,-----,-----,-----,-----,-----,-----,-----,-----,-----,-----,-----,-----,-----,-----,-----,-----,-----,-----,제F,,,,,,,,,,,,도S,,,,,,,,조S,,,,,,,,,,,,,,,도F,,,,,,,,,,,,,조F,상,,,,검,,,포,,,,출,납,,,,,,,,,,,,,,,,,,,,,,,,,,,,,,,,,,,,,,,,,,,,,,,,,,,,,,,,,,,,,,,,,,,,,,,,,,,,,,,,,,,,,,,,,,,,,True,DATA_PLAN,,,,plan
687,2,DEB,ENC,PP12 Durma,ENC-3,1,2026-06-30 00:00:00,,2,20,,,,,실행,I 서영,46056,46057,완료,완료,,,,,,,,,,,,,,,I 서영,4,6,,,,,,,,,,,,,,,,,,,,,,,,,,,,,,,,,,,,,,,,,,,,,,,,,,,,,,,,,,,,,,,,,,,,,,,,,,,,,,,,,,,,,,,,,,,,,,,,,,,,,,,,,,,,,,,,,,,,,,,,,,,,,,,,,,,,,,,,,,,,,,,,,,,,,,,,,,,,,,,,,,,,,,,,,,,,,,,,,,,,,,,,,,,,,,,,,,,,,,,,,,,,,,,,,,,,,,,,,,,,,,,,,,,,,,,,,,,,,,,,,,,,,,,,,,,,,,,,,,,,,,,,,,,,,,,,,,,,,,True,DATA_ACTUAL,,,,actual
687,3,DEB,ENC,PP12 Durma,ENC-3,1,2026-06-30 00:00:00,,2,20,,,,18Ton,I 서영,I 서영,2,9,,,,,,,-,,,,,,,,,,I 서영,4,6,,,실적,,46056,,46057,,완료,,완료,,완료,,0,,,,0,,,,0,,,,0,,0,,0,,0,,0,,,,,,,,,,,,,,,,,,,,,,,,,,,,,,,,,,,,,,,,,,,,,,,,,,,,,,,,,,,,,,,,,,,,,,,,,,,,,,,,,,,,,,,,,,,,,,,,,,,,,,,,,,,,,,,,,,,,,,,,,,,,,,,,,,,,,,,,,,,,,,,,,,,,,,,,,,,,,,,,,,,,,,,,,,,,,,,,,,,,,,,,,,,,,,,,,,,,,,,,,,,,,,,,,,,,,,,,,,,,,,,,,,,,,,,,,,,,,,,,,,,False,STRUCTURAL,비데이터 행,,,unknown
687,4,DEB,ENC,PP12 Durma,ENC-3,1,2026-06-30 00:00:00,,2,20,,,,,취부,,0,,,,,,,,,,,,,,,,,,I 서영,4,6,,,LOAD,,,,,,,,,,,,,,,,,,,,,,,,,,,,,,,,,,,,,,,,,,,,,,,,,,,,,,,,,,,,,,,,,,,,,,,,,,,,,,,,,,,,,,,,,,,,,,,,,,,,,,,,,,,,,,,,,,,,,,,,,,,,,,,,,,,,,,,,,,,,,,,,,,,,,,,,,,,,,,,,,,,,,,,,,,,,,,,,,,,,,,,,,,,,,,,,,,,,,,,,,,,,,,,,,,,,,,,,,,,,,,,,,,,,,,,,,,,,,,,,,,,,,,,,,,,,,,,,,,,,,,,,,,,,,,,,,,,False,STRUCTURAL,비데이터 행,,,unknown
687,5,DEB,ENC,PP12 Durma,ENC-3,1,2026-06-30 00:00:00,,2,20,,,,,용접,,0,,,,,,,,,,,,,,,,,,I 서영,4,6,,,,,,,,,,,,,,,,,,,,,,,,,,,,,,,,,,,,,,,,,,,,,,,,,,,,,,,,,,,,,,,,,,,,,,,,,,,,,,,,,,,,,,,,,,,,,,,,,,,,,,,,,,,,,,,,,,,,,,,,,,,,,,,,,,,,,,,,,,,,,,,,,,,,,,,,,,,,,,,,,,,,,,,,,,,,,,,,,,,,,,,,,,,,,,,,,,,,,,,,,,,,,,,,,,,,,,,,,,,,,,,,,,,,,,,,,,,,,,,,,,,,,,,,,,,,,,,,,,,,,,,,,,,,,,,,,,,,,,False,STRUCTURAL,비데이터 행,,,unknown
687,6,DEB,ENC,PP12 Durma,ENC-3,1,2026-06-30 00:00:00,,2,20,,,,,조립,,76,,,,,,,,,,,,,,,,,,I 서영,4,6,,,,,,,,,,,,,,,,,,,,,,,,,,,,,,,,,,,,,,,,,,,,,,,,,,,,,,,,,,,,,,,,,,,,,,,,,,,,,,,,,,,,,,,,,,,,,,,,,,,,,,,,,,,,,,,,,,,,,,,,,,,,,,,,,,,,,,,,,,,,,,,,,,,,,,4,4,4,4,4,,4,4,4,4,4,,,4,4,4,4,4,4,,4,4,4,,,,,,,,,,,,,,,,,,,,,,,,,,,,,,,,,,,,,,,,,,,,,,,,,,,,,,,,,,,,,,,,,,,,,,,,,,,,,,,,,,,,,,,,,,,,,,,,,,,,,,,,,,False,STRUCTURAL,비데이터 행,,,unknown
687,7,DEB,ENC,PP12 Durma,ENC-3,1,2026-06-30 00:00:00,,2,20,,,,,사상,,0,,,,,,,,,,,,,,,,,,I 서영,4,6,,,,,,,,,,,,,,,,,,,,,,,,,,,,,,,,,,,,,,,,,,,,,,,,,,,,,,,,,,,,,,,,,,,,,,,,,,,,,,,,,,,,,,,,,,,,,,,,,,,,,,,,,,,,,,,,,,,,,,,,,,,,,,,,,,,,,,,,,,,,,,,,,,,,,,,,,,,,,,,,,,,,,,,,,,,,,,,,,,,,,,,,,,,,,,,,,,,,,,,,,,,,,,,,,,,,,,,,,,,,,,,,,,,,,,,,,,,,,,,,,,,,,,,,,,,,,,,,,,,,,,,,,,,,,,,,,,,,,,False,STRUCTURAL,비데이터 행,,,unknown
687,9,DEB,ENC,PP12 Durma,ENC-3,1,2026-06-30 00:00:00,,2,20,,,,,실적,,,,,,,,,,,,,,,,,,,,I 서영,4,6,,,,,,,,,,,,,,,,,,,,,,,,,,,,,,,,,,,,,,,,,,,,,,,,,,,,,,,,,,,,,,,,,,,,,,,,,,,,,,,,,,,,,,,,,,,,,,,,,,,,,,,,,,,,,,,,,,,,,,,,,,,,,,,,,,,,,,,,,,,,,,,,,,,,,,,,,,,,,,,,,,,,,,,,,,,,,,,,,,,,,,,,,,,,,,,,,,,,,,,,,,,,,,,,,,,,,,,,,,,,,,,,,,,,,,,,,,,,,,,,,,,,,,,,,,,,,,,,,,,,,,,,,,,,,,,,,,,,,,False,STRUCTURAL,비데이터 행,,,unknown
688,1,HEC,VS,당진체철,VS-2,7,2026-06-30 00:00:00,46175,4,30,,,,,일자,H 남민테크,46118,46120,46121,46135,46149,46149,46166,46175,-,2026-06-09 00:00:00,46191,46195,46197,2026-06-26 00:00:00,46202,0%,,,H 남민테크,6,6,,,계획,46118,,46120,,46121,,46135,,46136,,46149,,46148,,46175,,46170,,46182,,46177,,46191,,46195,,46197,,46199,,46202,,,,,,,,,,,,,,,,,,,,,,,,,,,,,,,,,,,,,,,,,,,,,,,,,,,,,,,,,,,,,,,,,,D,,K,발S,,,,,,,,,,,,,,발F,가S,,,,,,,,,,,,제S,가F,-----,-----,-----,-----,-----,-----,-----,-----,-----,-----,-----,-----,-----,-----,-----,-----,-----,-----,-----,-----,도S,-----,-----,-----,-----,제F,,조S,,,,,도F,,,,,,,,,조F,,,,상,,검,,포,,,출,납,,,,,,,,,,,,,,,,,,,,,,,,,,,,,,,,,,,,,,,,,,,,,,,,,,,,,,,,,,,,,,,,,,,,,,,,,,,,,,,,,,,,,,,,,,,,,True,DATA_PLAN,,,,plan
688,2,HEC,VS,당진체철,VS-2,7,2026-06-30 00:00:00,,4,30,,,,,실행,H 남민테크,,,,,,,,,,,,,,,,,,,H 남민테크,6,6,,,,,,,,,,,,,,,,,,,,,,,,,,,,,,,,,,,,,,,,,,,,,,,,,,,,,,,,,,,,,,,,,,,,,,,,,,,,,,,,,,,,,,,,,,,,,,,,,,,,,,,,,,,,,,,,,,,,,,,,,,,,,,,,,,,,,,,,,,,,,,,,,,,,,,,,,,,,,,,,,,,,,,,,,,,,,,,,,,,,,,,,,,,,,,,,,,,,,,,,,,,,,,,,,,,,,,,,,,,,,,,,,,,,,,,,,,,,,,,,,,,,,,,,,,,,,,,,,,,,,,,,,,,,,,,,,,,,,,True,DATA_ACTUAL,,,,actual
688,3,MHI,VS,당진체철,VS-2,7,2026-06-30 00:00:00,,4,30,,,,,H 남민테크,H 남민테크,,,,,,,,,-,,,,,,,,,,H 남민테크,6,6,,,실적,,0,,0,,0,,0,,0,,0,,,,0,,,,0,,,,0,,0,,0,,0,,0,,,,,,,,,,,,,,,,,,,,,,,,,,,,,,,,,,,,,,,,,,,,,,,,,,,,,,,,,,,,,,,,,,,,,,,,,,,,,,,,,,,,,,,,,,,,,,,,,,,,,,,,,,,,,,,,,,,,,,,,,,,,,,,,,,,,,,,,,,,,,,,,,,,,,,,,,,,,,,,,,,,,,,,,,,,,,,,,,,,,,,,,,,,,,,,,,,,,,,,,,,,,,,,,,,,,,,,,,,,,,,,,,,,,,,,,,,,,,,,,,,,False,STRUCTURAL,비데이터 행,,,unknown
688,4,MHI,VS,당진체철,VS-2,7,2026-06-30 00:00:00,,4,30,,,,,취부,,29,,,,,,,,,,,,,,,,,,H 남민테크,6,6,,,LOAD,,,,,,,,,,,,,,,,,,,,,,,,,,,,,,,,,,,,,,,,,,,,,,,,,,,,,,,,,,,,,,,,,,,,,,,,,,,,,,,,,,,,,,,,,,,,,,,,,,,,,,,,,,,,,,,,,,,,,,,,,,,,,,,,,,,,2,2,2,3,,,,3,3,,,,,,,,,,,,,3,2,2,2,2,,,,,,,1,1,,1,,,,,,,,,,,,,,,,,,,,,,,,,,,,,,,,,,,,,,,,,,,,,,,,,,,,,,,,,,,,,,,,,,,,,,,,,,,,,,,,,,,,,,,,,,,,,,,,,,,,,,,,,,,,False,STRUCTURAL,비데이터 행,,,unknown
688,5,MHI,VS,당진체철,VS-2,7,2026-06-30 00:00:00,,4,30,,,,,용접,,35,,,,,,,,,,,,,,,,,,H 남민테크,6,6,,,,,,,,,,,,,,,,,,,,,,,,,,,,,,,,,,,,,,,,,,,,,,,,,,,,,,,,,,,,,,,,,,,,,,,,,,,,,,,,,,,,,,,,,,,,,,,,,,,,,,,,,,,,,,,,,,,,,,,,,,,,,,,,,,,,,,,,2,2,3,,,,3,3,,,,,,,,,,,,,3,3,3,3,3,,,,,,,3,2,,1,1,,,,,,,,,,,,,,,,,,,,,,,,,,,,,,,,,,,,,,,,,,,,,,,,,,,,,,,,,,,,,,,,,,,,,,,,,,,,,,,,,,,,,,,,,,,,,,,,,,,,,,,,,,,False,STRUCTURAL,비데이터 행,,,unknown
688,6,MHI,VS,당진체철,VS-2,7,2026-06-30 00:00:00,,4,30,,,,,조립,,29,,,,,,,,,,,,,,,,,,H 남민테크,6,6,,,,,,,,,,,,,,,,,,,,,,,,,,,,,,,,,,,,,,,,,,,,,,,,,,,,,,,,,,,,,,,,,,,,,,,,,,,,,,,,,,,,,,,,,,,,,,,,,,,,,,,,,,,,,,,,,,,,,,,,,,,,,,,,,,,,,,,,,2,2,,,,2,3,,,,,,,,,,,,,3,3,3,3,2,,,,,,,2,1,,1,1,1,,,,,,,,,,,,,,,,,,,,,,,,,,,,,,,,,,,,,,,,,,,,,,,,,,,,,,,,,,,,,,,,,,,,,,,,,,,,,,,,,,,,,,,,,,,,,,,,,,,,,,,,,,False,STRUCTURAL,비데이터 행,,,unknown
688,7,MHI,VS,당진체철,VS-2,7,2026-06-30 00:00:00,,4,30,,,,,사상,,17,,,,,,,,,,,,,,,,,,H 남민테크,6,6,,,,,,,,,,,,,,,,,,,,,,,,,,,,,,,,,,,,,,,,,,,,,,,,,,,,,,,,,,,,,,,,,,,,,,,,,,,,,,,,,,,,,,,,,,,,,,,,,,,,,,,,,,,,,,,,,,,,,,,,,,,,,,,,,,,,,,,,,,2,,,,2,2,,,,,,,,,,,,,1,1,1,1,1,,,,,,,1,1,,1,1,1,1,,,,,,,,,,,,,,,,,,,,,,,,,,,,,,,,,,,,,,,,,,,,,,,,,,,,,,,,,,,,,,,,,,,,,,,,,,,,,,,,,,,,,,,,,,,,,,,,,,,,,,,,,False,STRUCTURAL,비데이터 행,,,unknown
688,9,MHI,VS,당진체철,VS-2,7,2026-06-30 00:00:00,,4,30,,,,,실적,,,,,,,,,,,,,,,,,,,,H 남민테크,6,6,,,,,,,,,,,,,,,,,,,,,,,,,,,,,,,,,,,,,,,,,,,,,,,,,,,,,,,,,,,,,,,,,,,,,,,,,,,,,,,,,,,,,,,,,,,,,,,,,,,,,,,,,,,,,,,,,,,,,,,,,,,,,,,,,,,,,,,,,,,,,,,,,,,,,,,,,,,,,,,,,,,,,,,,,,,,,,,,,,,,,,,,,,,,,,,,,,,,,,,,,,,,,,,,,,,,,,,,,,,,,,,,,,,,,,,,,,,,,,,,,,,,,,,,,,,,,,,,,,,,,,,,,,,,,,,,,,,,,,False,STRUCTURAL,비데이터 행,,,unknown
689,1,DEB,VS,Nairyah,VS-5,3,2026-06-30 00:00:00,46175,4,30,,,,,일자,미정,46119,46121,46126,46140,46154,46154,46167,46175,-,2026-06-09 00:00:00,46191,46195,46197,2026-06-26 00:00:00,46202,0%,,,미정,6,6,,,계획,46119,,46121,,46126,,46140,,46141,,46154,,46153,,46175,,46170,,46182,,46177,,46191,,46195,,46197,,46199,,46202,,,,,,,,,,,,,,,,,,,,,,,,,,,,,,,,,,,,,,,,,,,,,,,,,,,,,,,,,,,,,,,,,,,D,,K,,,,,발S,,,,,,,,,,,,,,발F,가S,,,,,,,,,,,,제S,가F,-----,-----,-----,-----,-----,-----,-----,-----,-----,-----,-----,-----,-----,-----,-----,도S,-----,-----,-----,-----,제F,,조S,,,,,도F,,,,,,,,,조F,,,,상,,검,,포,,,출,납,,,,,,,,,,,,,,,,,,,,,,,,,,,,,,,,,,,,,,,,,,,,,,,,,,,,,,,,,,,,,,,,,,,,,,,,,,,,,,,,,,,,,,,,,,,,,True,DATA_PLAN,,,,plan
689,2,DEB,VS,Nairyah,VS-5,3,2026-06-30 00:00:00,,4,30,,,,,실행,미정,,,,,,,,,,,,,,,,,,,미정,6,6,,,,,,,,,,,,,,,,,,,,,,,,,,,,,,,,,,,,,,,,,,,,,,,,,,,,,,,,,,,,,,,,,,,,,,,,,,,,,,,,,,,,,,,,,,,,,,,,,,,,,,,,,,,,,,,,,,,,,,,,,,,,,,,,,,,,,,,,,,,,,,,,,,,,,,,,,,,,,,,,,,,,,,,,,,,,,,,,,,,,,,,,,,,,,,,,,,,,,,,,,,,,,,,,,,,,,,,,,,,,,,,,,,,,,,,,,,,,,,,,,,,,,,,,,,,,,,,,,,,,,,,,,,,,,,,,,,,,,,True,DATA_ACTUAL,,,,actual
689,3,DEB,VS,Nairyah,VS-5,3,2026-06-30 00:00:00,,4,30,,,,,미정,미정,,,,,,,,,-,,,,,,,,,,미정,6,6,,,실적,,0,,0,,0,,0,,,,0,,,,0,,,,0,,,,0,,0,,0,,0,,0,,,,,,,,,,,,,,,,,,,,,,,,,,,,,,,,,,,,,,,,,,,,,,,,,,,,,,,,,,,,,,,,,,,,,,,,,,,,,,,,,,,,,,,,,,,,,,,,,,,,,,,,,,,,,,,,,,,,,,,,,,,,,,,,,,,,,,,,,,,,,,,,,,,,,,,,,,,,,,,,,,,,,,,,,,,,,,,,,,,,,,,,,,,,,,,,,,,,,,,,,,,,,,,,,,,,,,,,,,,,,,,,,,,,,,,,,,,,,,,,,,,False,STRUCTURAL,비데이터 행,,,unknown
689,4,DEB,VS,Nairyah,VS-5,3,2026-06-30 00:00:00,,4,30,,,,,취부,,21,,,,,,,,,,,,,,,,,,미정,6,6,,,LOAD,,,,,,,,,,,,,,,,,,,,,,,,,,,,,,,,,,,,,,,,,,,,,,,,,,,,,,,,,,,,,,,,,,,,,,,,,,,,,,,,,,,,,,,,,,,,,,,,,,,,,,,,,,,,,,,,,,,,,,,,,,,,,,,,,,,,,,,,,,,,,,,,,,,,,,,,,2,2,2,2,2,,,2,2,2,2,1,1,,1,,,,,,,,,,,,,,,,,,,,,,,,,,,,,,,,,,,,,,,,,,,,,,,,,,,,,,,,,,,,,,,,,,,,,,,,,,,,,,,,,,,,,,,,,,,,,,,,,,,,,,,,,,,,False,STRUCTURAL,비데이터 행,,,unknown
689,5,DEB,VS,Nairyah,VS-5,3,2026-06-30 00:00:00,,4,30,,,,,용접,,25,,,,,,,,,,,,,,,,,,미정,6,6,,,,,,,,,,,,,,,,,,,,,,,,,,,,,,,,,,,,,,,,,,,,,,,,,,,,,,,,,,,,,,,,,,,,,,,,,,,,,,,,,,,,,,,,,,,,,,,,,,,,,,,,,,,,,,,,,,,,,,,,,,,,,,,,,,,,,,,,,,,,,,,,,,,,,,,,,,,,,2,2,3,3,,,3,2,2,2,2,2,,1,1,,,,,,,,,,,,,,,,,,,,,,,,,,,,,,,,,,,,,,,,,,,,,,,,,,,,,,,,,,,,,,,,,,,,,,,,,,,,,,,,,,,,,,,,,,,,,,,,,,,,,,,,,,,False,STRUCTURAL,비데이터 행,,,unknown
689,6,DEB,VS,Nairyah,VS-5,3,2026-06-30 00:00:00,,4,30,,,,,조립,,21,,,,,,,,,,,,,,,,,,미정,6,6,,,,,,,,,,,,,,,,,,,,,,,,,,,,,,,,,,,,,,,,,,,,,,,,,,,,,,,,,,,,,,,,,,,,,,,,,,,,,,,,,,,,,,,,,,,,,,,,,,,,,,,,,,,,,,,,,,,,,,,,,,,,,,,,,,,,,,,,,,,,,,,,,,,,,,,,,,,,,,2,2,2,,,2,2,2,2,2,2,,1,1,1,,,,,,,,,,,,,,,,,,,,,,,,,,,,,,,,,,,,,,,,,,,,,,,,,,,,,,,,,,,,,,,,,,,,,,,,,,,,,,,,,,,,,,,,,,,,,,,,,,,,,,,,,,False,STRUCTURAL,비데이터 행,,,unknown
689,7,DEB,VS,Nairyah,VS-5,3,2026-06-30 00:00:00,,4,30,,,,,사상,,13,,,,,,,,,,,,,,,,,,미정,6,6,,,,,,,,,,,,,,,,,,,,,,,,,,,,,,,,,,,,,,,,,,,,,,,,,,,,,,,,,,,,,,,,,,,,,,,,,,,,,,,,,,,,,,,,,,,,,,,,,,,,,,,,,,,,,,,,,,,,,,,,,,,,,,,,,,,,,,,,,,,,,,,,,,,,,,,,,,,,,,,2,1,,,1,1,1,1,1,1,,1,1,1,1,,,,,,,,,,,,,,,,,,,,,,,,,,,,,,,,,,,,,,,,,,,,,,,,,,,,,,,,,,,,,,,,,,,,,,,,,,,,,,,,,,,,,,,,,,,,,,,,,,,,,,,,,False,STRUCTURAL,비데이터 행,,,unknown
689,9,DEB,VS,Nairyah,VS-5,3,2026-06-30 00:00:00,,4,30,,,,,실적,,,,,,,,,,,,,,,,,,,,미정,6,6,,,,,,,,,,,,,,,,,,,,,,,,,,,,,,,,,,,,,,,,,,,,,,,,,,,,,,,,,,,,,,,,,,,,,,,,,,,,,,,,,,,,,,,,,,,,,,,,,,,,,,,,,,,,,,,,,,,,,,,,,,,,,,,,,,,,,,,,,,,,,,,,,,,,,,,,,,,,,,,,,,,,,,,,,,,,,,,,,,,,,,,,,,,,,,,,,,,,,,,,,,,,,,,,,,,,,,,,,,,,,,,,,,,,,,,,,,,,,,,,,,,,,,,,,,,,,,,,,,,,,,,,,,,,,,,,,,,,,,False,STRUCTURAL,비데이터 행,,,unknown
690,1,DEB,VS,Rumah,VS-5,3,2026-06-30 00:00:00,46175,4,30,,,,,일자,미정,46119,46121,46126,46140,46154,46154,46167,46175,-,2026-06-09 00:00:00,46191,46195,46197,2026-06-26 00:00:00,46202,0%,,,미정,6,6,,,계획,46119,,46121,,46126,,46140,,46141,,46154,,46153,,46175,,46170,,46182,,46177,,46191,,46195,,46197,,46199,,46202,,,,,,,,,,,,,,,,,,,,,,,,,,,,,,,,,,,,,,,,,,,,,,,,,,,,,,,,,,,,,,,,,,,D,,K,,,,,발S,,,,,,,,,,,,,,발F,가S,,,,,,,,,,,,제S,가F,-----,-----,-----,-----,-----,-----,-----,-----,-----,-----,-----,-----,-----,-----,-----,도S,-----,-----,-----,-----,제F,,조S,,,,,도F,,,,,,,,,조F,,,,상,,검,,포,,,출,납,,,,,,,,,,,,,,,,,,,,,,,,,,,,,,,,,,,,,,,,,,,,,,,,,,,,,,,,,,,,,,,,,,,,,,,,,,,,,,,,,,,,,,,,,,,,,True,DATA_PLAN,,,,plan
690,2,DEB,VS,Rumah,VS-5,3,2026-06-30 00:00:00,,4,30,,,,,실행,미정,,,,,,,,,,,,,,,,,,,미정,6,6,,,,,,,,,,,,,,,,,,,,,,,,,,,,,,,,,,,,,,,,,,,,,,,,,,,,,,,,,,,,,,,,,,,,,,,,,,,,,,,,,,,,,,,,,,,,,,,,,,,,,,,,,,,,,,,,,,,,,,,,,,,,,,,,,,,,,,,,,,,,,,,,,,,,,,,,,,,,,,,,,,,,,,,,,,,,,,,,,,,,,,,,,,,,,,,,,,,,,,,,,,,,,,,,,,,,,,,,,,,,,,,,,,,,,,,,,,,,,,,,,,,,,,,,,,,,,,,,,,,,,,,,,,,,,,,,,,,,,,True,DATA_ACTUAL,,,,actual
690,3,DEB,VS,Rumah,VS-5,3,2026-06-30 00:00:00,,4,30,,,,,미정,미정,,,,,,,,,-,,,,,,,,,,미정,6,6,,,실적,,0,,0,,0,,0,,,,0,,,,0,,,,0,,,,0,,0,,0,,0,,0,,,,,,,,,,,,,,,,,,,,,,,,,,,,,,,,,,,,,,,,,,,,,,,,,,,,,,,,,,,,,,,,,,,,,,,,,,,,,,,,,,,,,,,,,,,,,,,,,,,,,,,,,,,,,,,,,,,,,,,,,,,,,,,,,,,,,,,,,,,,,,,,,,,,,,,,,,,,,,,,,,,,,,,,,,,,,,,,,,,,,,,,,,,,,,,,,,,,,,,,,,,,,,,,,,,,,,,,,,,,,,,,,,,,,,,,,,,,,,,,,,,False,STRUCTURAL,비데이터 행,,,unknown
690,4,DEB,VS,Rumah,VS-5,3,2026-06-30 00:00:00,,4,30,,,,,취부,,21,,,,,,,,,,,,,,,,,,미정,6,6,,,LOAD,,,,,,,,,,,,,,,,,,,,,,,,,,,,,,,,,,,,,,,,,,,,,,,,,,,,,,,,,,,,,,,,,,,,,,,,,,,,,,,,,,,,,,,,,,,,,,,,,,,,,,,,,,,,,,,,,,,,,,,,,,,,,,,,,,,,,,,,,,,,,,,,,,,,,,,,,2,2,2,2,2,,,2,2,2,2,1,1,,1,,,,,,,,,,,,,,,,,,,,,,,,,,,,,,,,,,,,,,,,,,,,,,,,,,,,,,,,,,,,,,,,,,,,,,,,,,,,,,,,,,,,,,,,,,,,,,,,,,,,,,,,,,,,False,STRUCTURAL,비데이터 행,,,unknown
690,5,DEB,VS,Rumah,VS-5,3,2026-06-30 00:00:00,,4,30,,,,,용접,,25,,,,,,,,,,,,,,,,,,미정,6,6,,,,,,,,,,,,,,,,,,,,,,,,,,,,,,,,,,,,,,,,,,,,,,,,,,,,,,,,,,,,,,,,,,,,,,,,,,,,,,,,,,,,,,,,,,,,,,,,,,,,,,,,,,,,,,,,,,,,,,,,,,,,,,,,,,,,,,,,,,,,,,,,,,,,,,,,,,,,,2,2,3,3,,,3,2,2,2,2,2,,1,1,,,,,,,,,,,,,,,,,,,,,,,,,,,,,,,,,,,,,,,,,,,,,,,,,,,,,,,,,,,,,,,,,,,,,,,,,,,,,,,,,,,,,,,,,,,,,,,,,,,,,,,,,,,False,STRUCTURAL,비데이터 행,,,unknown
690,6,DEB,VS,Rumah,VS-5,3,2026-06-30 00:00:00,,4,30,,,,,조립,,21,,,,,,,,,,,,,,,,,,미정,6,6,,,,,,,,,,,,,,,,,,,,,,,,,,,,,,,,,,,,,,,,,,,,,,,,,,,,,,,,,,,,,,,,,,,,,,,,,,,,,,,,,,,,,,,,,,,,,,,,,,,,,,,,,,,,,,,,,,,,,,,,,,,,,,,,,,,,,,,,,,,,,,,,,,,,,,,,,,,,,,2,2,2,,,2,2,2,2,2,2,,1,1,1,,,,,,,,,,,,,,,,,,,,,,,,,,,,,,,,,,,,,,,,,,,,,,,,,,,,,,,,,,,,,,,,,,,,,,,,,,,,,,,,,,,,,,,,,,,,,,,,,,,,,,,,,,False,STRUCTURAL,비데이터 행,,,unknown
690,7,DEB,VS,Rumah,VS-5,3,2026-06-30 00:00:00,,4,30,,,,,사상,,13,,,,,,,,,,,,,,,,,,미정,6,6,,,,,,,,,,,,,,,,,,,,,,,,,,,,,,,,,,,,,,,,,,,,,,,,,,,,,,,,,,,,,,,,,,,,,,,,,,,,,,,,,,,,,,,,,,,,,,,,,,,,,,,,,,,,,,,,,,,,,,,,,,,,,,,,,,,,,,,,,,,,,,,,,,,,,,,,,,,,,,,2,1,,,1,1,1,1,1,1,,1,1,1,1,,,,,,,,,,,,,,,,,,,,,,,,,,,,,,,,,,,,,,,,,,,,,,,,,,,,,,,,,,,,,,,,,,,,,,,,,,,,,,,,,,,,,,,,,,,,,,,,,,,,,,,,,False,STRUCTURAL,비데이터 행,,,unknown
690,9,DEB,VS,Rumah,VS-5,3,2026-06-30 00:00:00,,4,30,,,,,실적,,,,,,,,,,,,,,,,,,,,미정,6,6,,,,,,,,,,,,,,,,,,,,,,,,,,,,,,,,,,,,,,,,,,,,,,,,,,,,,,,,,,,,,,,,,,,,,,,,,,,,,,,,,,,,,,,,,,,,,,,,,,,,,,,,,,,,,,,,,,,,,,,,,,,,,,,,,,,,,,,,,,,,,,,,,,,,,,,,,,,,,,,,,,,,,,,,,,,,,,,,,,,,,,,,,,,,,,,,,,,,,,,,,,,,,,,,,,,,,,,,,,,,,,,,,,,,,,,,,,,,,,,,,,,,,,,,,,,,,,,,,,,,,,,,,,,,,,,,,,,,,,False,STRUCTURAL,비데이터 행,,,unknown
691,1,MHI,ENC,Cedar Bayou ST,ENC-2,1,2026-07-01 00:00:00,46140,1,100,,,,,일자,G 범안,46051,46055,46058,46080,46098,46098,46122,46140,-,2026-05-28 00:00:00,46191,46192,46196,2026-06-26 00:00:00,46203,0.3,,,G 범안,4,7,,,계획,46051,,46055,,46058,,46080,,46084,,46098,,46087,,46140,,46150,,46170,,46161,,46191,,46192,,46196,,46199,,46203,,,K,,,발S,,,,,,,,,,,,,,,,,,,,,,발F,,,,가S,,,제S,,-----,-----,-----,-----,-----,-----,,-----,-----,가F,-----,-----,-----,,-----,-----,-----,-----,-----,-----,,-----,-----,-----,-----,-----,-----,-----,-----,-----,-----,-----,-----,-----,-----,-----,-----,-----,-----,-----,-----,-----,-----,-----,-----,-----,-----,-----,-----,-----,-----,제F,,,,,,,,,,도S,,,,,,,,,,,조S,,,,,,,,,도F,,,,,,,,,,,,,,,,,,,,,조F,상,,,,검,,,포,,,,출,납,,,,,,,,,,,,,,,,,,,,,,,,,,,,,,,,,,,,,,,,,,,,,,,,,,,,,,,,,,,,,,,,,,,,,,,,,,,,,,,,,,,,,,,,,,,,True,DATA_PLAN,,,,plan
691,2,MHI,ENC,Cedar Bayou ST,EGP-2,1,2026-07-01 00:00:00,,1,100,,,,35Ton 6/1->7/1,실행,G 범안,46076,46077,완료,완료,,,,,,,,,,,,,,,G 범안,4,7,,,,,,,,,,,,,,,,,,,,,,,,,,,,,,,,,,,,,,,,,,,,,,,,,,,,,,,,,,,,,,,,,,,,,,,,,,,,,,,,,,,,,,,,,,,,,,,,,,,,,,,,,,,,,,,,,,,,,,,,,,,,,,,,,,,,,,,,,,,,,,,,,,,,,,,,,,,,,,,,,,,,,,,,,,,,,,,,,,,,,,,,,,,,,,,,,,,,,,,,,,,,,,,,,,,,,,,,,,,,,,,,,,,,,,,,,,,,,,,,,,,,,,,,,,,,,,,,,,,,,,,,,,,,,,,,,,,,,,True,DATA_ACTUAL,,,,actual
691,3,MHI,ENC,Cedar Bayou ST,EGP-2,1,2026-07-01 00:00:00,,1,100,,,,35Ton,G 범안,G 범안,-25,-22,,,,,,,-,,,,,,,,,,G 범안,4,7,,,실적,,46076,,46077,,완료,,완료,,,,0,,,,0,,,,0,,,,0,,0,,0,,0,,0,,,,,,,,,,,,,,,,,,,,,,,,,,,,,,,,,,,,,,,,,,,,,,,,,,,,,,,,,,,,,,,,,,,,,,,,,,,,,,,,,,,,,,,,,,,,,,,,,,,,,,,,,,,,,,,,,,,,,,,,,,,,,,,,,,,,,,,,,,,,,,,,,,,,,,,,,,,,,,,,,,,,,,,,,,,,,,,,,,,,,,,,,,,,,,,,,,,,,,,,,,,,,,,,,,,,,,,,,,,,,,,,,,,,,,,,,,,,,,,,,,,False,STRUCTURAL,비데이터 행,,,unknown
691,4,MHI,ENC,Cedar Bayou ST,EGP-2,1,2026-07-01 00:00:00,,1,100,,,,,취부,,0,,,,,,,,,,,,,,,,,,G 범안,4,7,,,LOAD,,,,,,,,,,,,,,,,,,,,,,,,,,,,,,,,,,,,,,,,,,,,,,,,,,,,,,,,,,,,,,,,,,,,,,,,,,,,,,,,,,,,,,,,,,,,,,,,,,,,,,,,,,,,,,,,,,,,,,,,,,,,,,,,,,,,,,,,,,,,,,,,,,,,,,,,,,,,,,,,,,,,,,,,,,,,,,,,,,,,,,,,,,,,,,,,,,,,,,,,,,,,,,,,,,,,,,,,,,,,,,,,,,,,,,,,,,,,,,,,,,,,,,,,,,,,,,,,,,,,,,,,,,,,,,,,,,,False,STRUCTURAL,비데이터 행,,,unknown
691,5,MHI,ENC,Cedar Bayou ST,EGP-2,1,2026-07-01 00:00:00,,1,100,,,,,용접,,0,,,,,,,,,,,,,,,,,,G 범안,4,7,,,,,,,,,,,,,,,,,,,,,,,,,,,,,,,,,,,,,,,,,,,,,,,,,,,,,,,,,,,,,,,,,,,,,,,,,,,,,,,,,,,,,,,,,,,,,,,,,,,,,,,,,,,,,,,,,,,,,,,,,,,,,,,,,,,,,,,,,,,,,,,,,,,,,,,,,,,,,,,,,,,,,,,,,,,,,,,,,,,,,,,,,,,,,,,,,,,,,,,,,,,,,,,,,,,,,,,,,,,,,,,,,,,,,,,,,,,,,,,,,,,,,,,,,,,,,,,,,,,,,,,,,,,,,,,,,,,,,,False,STRUCTURAL,비데이터 행,,,unknown
691,6,MHI,ENC,Cedar Bayou ST,EGP-2,1,2026-07-01 00:00:00,,1,100,,,,,조립,,76,,,,,,,,,,,,,,,,,,G 범안,4,7,,,,,,,,,,,,,,,,,,,,,,,,,,,,,,,,,,,,,,,,,,,,,,,,,,,,,,,,,,,,,,,,,,,,,,,,,,,,,,,,,,,,,,,,,,,,,,,,,,,,,,,,,,,,,,,,,,,,,,,,,,,,,,,,,,,,,,,,,,,,,,,,,,,,,,,4,4,4,4,,4,4,4,4,4,,,4,4,4,4,4,4,,4,4,4,4,,,,,,,,,,,,,,,,,,,,,,,,,,,,,,,,,,,,,,,,,,,,,,,,,,,,,,,,,,,,,,,,,,,,,,,,,,,,,,,,,,,,,,,,,,,,,,,,,,,,,,,,,False,STRUCTURAL,비데이터 행,,,unknown
691,7,MHI,ENC,Cedar Bayou ST,EGP-2,1,2026-07-01 00:00:00,,1,100,,,,,사상,,0,,,,,,,,,,,,,,,,,,G 범안,4,7,,,,,,,,,,,,,,,,,,,,,,,,,,,,,,,,,,,,,,,,,,,,,,,,,,,,,,,,,,,,,,,,,,,,,,,,,,,,,,,,,,,,,,,,,,,,,,,,,,,,,,,,,,,,,,,,,,,,,,,,,,,,,,,,,,,,,,,,,,,,,,,,,,,,,,,,,,,,,,,,,,,,,,,,,,,,,,,,,,,,,,,,,,,,,,,,,,,,,,,,,,,,,,,,,,,,,,,,,,,,,,,,,,,,,,,,,,,,,,,,,,,,,,,,,,,,,,,,,,,,,,,,,,,,,,,,,,,,,,False,STRUCTURAL,비데이터 행,,,unknown
691,9,MHI,ENC,Cedar Bayou ST,EGP-2,1,2026-07-01 00:00:00,,1,100,,,,,실적,,,,,,,,,,,,,,,,,,,,G 범안,4,7,,,,,,,,,,,,,,,,,,,,,,,,,,,,,,,,,,,,,,,,,,,,,,,,,,,,,,,,,,,,,,,,,,,,,,,,,,,,,,,,,,,,,,,,,,,,,,,,,,,,,,,,,,,,,,,,,,,,,,,,,,,,,,,,,,,,,,,,,,,,,,,,,,,,,,,,,,,,,,,,,,,,,,,,,,,,,,,,,,,,,,,,,,,,,,,,,,,,,,,,,,,,,,,,,,,,,,,,,,,,,,,,,,,,,,,,,,,,,,,,,,,,,,,,,,,,,,,,,,,,,,,,,,,,,,,,,,,,,,False,STRUCTURAL,비데이터 행,,,unknown
692,1,BHI,VS,QFE #1,VS,8,2026-07-01 00:00:00,46176,5,30,,,,,일자,H 남민테크,46112,46119,46122,46136,46150,46150,46167,46176,-,2026-06-10 00:00:00,46192,46196,46198,2026-06-29 00:00:00,46203,0.2,,,H 남민테크,6,7,,,계획,46112,,46119,,46122,,46136,,46139,,46150,,46149,,46176,,46171,,46183,,46178,,46192,,46196,,46198,,46202,,46203,,,,,,,,,,,,,,,,,,,,,,,,,,,,,,,,,,,,,,,,,,,,,,,,,,,,,,,,,,,,D,,,,,,,K,,,발S,,,,,,,,,,,,,,발F,,,가S,,,,,,,,,,제S,가F,-----,-----,-----,-----,-----,-----,-----,-----,-----,-----,-----,-----,-----,-----,-----,-----,-----,-----,-----,-----,도S,-----,-----,-----,-----,제F,,조S,,,,,도F,,,,,,,,,조F,,,,상,,검,,,,포,출,납,,,,,,,,,,,,,,,,,,,,,,,,,,,,,,,,,,,,,,,,,,,,,,,,,,,,,,,,,,,,,,,,,,,,,,,,,,,,,,,,,,,,,,,,,,,,True,DATA_PLAN,,,,plan
692,2,BHI,VS,QFE #1,VS,8,2026-07-01 00:00:00,,5,30,,,,,실행,H 남민테크,46100,,,,,,,,,,,,,,,,,,H 남민테크,6,7,,,,,,,,,,,,,,,,,,,,,,,,,,,,,,,,,,,,,,,,,,,,,,,,,,,,,,,,,,,,,,,,,,,,,,,,,,,,,,,,,,,,,,,,,,,,,,,,,,,,,,,,,,,,,,,,,,,,,,,,,,,,,,,,,,,,,,,,,,,,,,,,,,,,,,,,,,,,,,,,,,,,,,,,,,,,,,,,,,,,,,,,,,,,,,,,,,,,,,,,,,,,,,,,,,,,,,,,,,,,,,,,,,,,,,,,,,,,,,,,,,,,,,,,,,,,,,,,,,,,,,,,,,,,,,,,,,,,,,True,DATA_ACTUAL,,,,actual
692,3,BHI,VS,QFE #1,VS,8,2026-07-01 00:00:00,,5,30,,,,,H 남민테크,H 남민테크,12,,,,,,,,-,,,,,,,,,,H 남민테크,6,7,,,실적,,46100,,0,,0,,0,,,,0,,,,0,,,,0,,,,0,,0,,0,,0,,0,,,,,,,,,,,,,,,,,,,,,,,,,,,,,,,,,,,,,,,,,,,,,,,,,,,,,,,,,,,,,,,,,,,,,,,,,,,,,,,,,,,,,,,,,,,,,,,,,,,,,,,,,,,,,,,,,,,,,,,,,,,,,,,,,,,,,,,,,,,,,,,,,,,,,,,,,,,,,,,,,,,,,,,,,,,,,,,,,,,,,,,,,,,,,,,,,,,,,,,,,,,,,,,,,,,,,,,,,,,,,,,,,,,,,,,,,,,,,,,,,,,False,STRUCTURAL,비데이터 행,,,unknown
692,4,BHI,VS,QFE #1,VS,8,2026-07-01 00:00:00,,5,30,,,,,취부,,31,,,,,,,,,,,,,,,,,,H 남민테크,6,7,,,LOAD,,,,,,,,,,,,,,,,,,,,,,,,,,,,,,,,,,,,,,,,,,,,,,,,,,,,,,,,,,,,,,,,,,,,,,,,,,,,,,,,,,,,,,,,,,,,,,,,,,,,,,,,,,,,,,,,,,,,,,,,,,,,,,,,,,,,,,,,,,,2,2,3,3,3,,,,,,,,,,,,,,,,,,,,,3,3,,2,2,2,2,2,1,,1,,,,,,,,,,,,,,,,,,,,,,,,,,,,,,,,,,,,,,,,,,,,,,,,,,,,,,,,,,,,,,,,,,,,,,,,,,,,,,,,,,,,,,,,,,,,,,,,,,,,,False,STRUCTURAL,비데이터 행,,,unknown
692,5,BHI,VS,QFE #1,VS,8,2026-07-01 00:00:00,,5,30,,,,,용접,,40,,,,,,,,,,,,,,,,,,H 남민테크,6,7,,,,,,,,,,,,,,,,,,,,,,,,,,,,,,,,,,,,,,,,,,,,,,,,,,,,,,,,,,,,,,,,,,,,,,,,,,,,,,,,,,,,,,,,,,,,,,,,,,,,,,,,,,,,,,,,,,,,,,,,,,,,,,,,,,,,,,,,,,,,,,2,3,3,3,3,,,,,,,,,,,,,,,,,,,,,3,3,,3,3,3,3,3,3,,1,1,,,,,,,,,,,,,,,,,,,,,,,,,,,,,,,,,,,,,,,,,,,,,,,,,,,,,,,,,,,,,,,,,,,,,,,,,,,,,,,,,,,,,,,,,,,,,,,,,,,,False,STRUCTURAL,비데이터 행,,,unknown
692,6,BHI,VS,QFE #1,VS,8,2026-07-01 00:00:00,,5,30,,,,,조립,,33,,,,,,,,,,,,,,,,,,H 남민테크,6,7,,,,,,,,,,,,,,,,,,,,,,,,,,,,,,,,,,,,,,,,,,,,,,,,,,,,,,,,,,,,,,,,,,,,,,,,,,,,,,,,,,,,,,,,,,,,,,,,,,,,,,,,,,,,,,,,,,,,,,,,,,,,,,,,,,,,,,,,,,,,,,,2,2,2,3,,,,,,,,,,,,,,,,,,,,,3,3,,3,3,3,2,2,2,,1,1,1,,,,,,,,,,,,,,,,,,,,,,,,,,,,,,,,,,,,,,,,,,,,,,,,,,,,,,,,,,,,,,,,,,,,,,,,,,,,,,,,,,,,,,,,,,,,,,,,,,,False,STRUCTURAL,비데이터 행,,,unknown
692,7,BHI,VS,QFE #1,VS,8,2026-07-01 00:00:00,,5,30,,,,,사상,,19,,,,,,,,,,,,,,,,,,H 남민테크,6,7,,,,,,,,,,,,,,,,,,,,,,,,,,,,,,,,,,,,,,,,,,,,,,,,,,,,,,,,,,,,,,,,,,,,,,,,,,,,,,,,,,,,,,,,,,,,,,,,,,,,,,,,,,,,,,,,,,,,,,,,,,,,,,,,,,,,,,,,,,,,,,,,2,2,2,,,,,,,,,,,,,,,,,,,,,2,1,,1,1,1,1,1,1,,1,1,1,1,,,,,,,,,,,,,,,,,,,,,,,,,,,,,,,,,,,,,,,,,,,,,,,,,,,,,,,,,,,,,,,,,,,,,,,,,,,,,,,,,,,,,,,,,,,,,,,,,,False,STRUCTURAL,비데이터 행,,,unknown
692,9,BHI,VS,QFE #1,VS,8,2026-07-01 00:00:00,,5,30,,,,,실적,,,,,,,,,,,,,,,,,,,,H 남민테크,6,7,,,,,,,,,,,,,,,,,,,,,,,,,,,,,,,,,,,,,,,,,,,,,,,,,,,,,,,,,,,,,,,,,,,,,,,,,,,,,,,,,,,,,,,,,,,,,,,,,,,,,,,,,,,,,,,,,,,,,,,,,,,,,,,,,,,,,,,,,,,,,,,,,,,,,,,,,,,,,,,,,,,,,,,,,,,,,,,,,,,,,,,,,,,,,,,,,,,,,,,,,,,,,,,,,,,,,,,,,,,,,,,,,,,,,,,,,,,,,,,,,,,,,,,,,,,,,,,,,,,,,,,,,,,,,,,,,,,,,,False,STRUCTURAL,비데이터 행,,,unknown
693,1,HHI,SCR중,SH8324,SCR-8,3,2026-07-01 00:00:00,46183,2,30,,전기,X,3X3,일자,미정,46125,46127,46128,46150,46161,46161,46176,46183,-,2026-06-16 00:00:00,46197,46198,46199,2026-06-29 00:00:00,46203,0.25,,,미정,6,7,,,계획,46125,,46127,,46128,,46150,,46153,,46161,,46162,,46183,,46184,,46189,,46190,,46197,,46198,,46199,,46202,,46203,,,,,,,,,,,,,,,,,,,,,,,,,,,,,,,,,,,,,,,,,,,,,,,,,,,,,,,,,,,,,,,,,,,,,,,,,D,,K,발S,,,,,,,,,,,,,,,,,,,,,,발F,,,가S,,,,,,,,가F,제S,-----,-----,-----,-----,-----,-----,-----,-----,-----,-----,-----,-----,-----,-----,-----,-----,-----,-----,-----,-----,제F,도S,,,,,도F,조S,,,,,,,조F,상,검,,,포,출,납,,,,,,,,,,,,,,,,,,,,,,,,,,,,,,,,,,,,,,,,,,,,,,,,,,,,,,,,,,,,,,,,,,,,,,,,,,,,,,,,,,,,,,,,,,,,True,DATA_PLAN,,,,plan
693,2,HHI,SCR중,SH8324,SCR-8,3,2026-07-01 00:00:00,,2,30,,,,,실행,미정,46006,46006,46104,,,,,,,,,,,,,,,,미정,6,7,,,,,,,,,,,,,,,,,,,,,,,,,,,,,,,,,,,,,,,,,,,,,,,,,,,,,,,,,,,,,,,,,,,,,,,,,,,,,,,,,,,,,,,,,,,,,,,,,,,,,,,,,,,,,,,,,,,,,,,,,,,,,,,,,,,,,,,,,,,,,,,,,,,,,,,,,,,,,,,,,,,,,,,,,,,,,,,,,,,,,,,,,,,,,,,,,,,,,,,,,,,,,,,,,,,,,,,,,,,,,,,,,,,,,,,,,,,,,,,,,,,,,,,,,,,,,,,,,,,,,,,,,,,,,,,,,,,,,,True,DATA_ACTUAL,,,,actual
693,3,HHI,SCR중,SH8324,SCR-8,3,2026-07-01 00:00:00,,2,30,,,,,미정,미정,119,121,24,,,,,,-,,,,,,,,,,미정,6,7,,,실적,,46006,,46006,,46104,,0,,0,,0,,,,0,,,,0,,,,0,,0,,0,,0,,0,,,,,,,,,,,,,,,,,,,,,,,,,,,,,,,,,,,,,,,,,,,,,,,,,,,,,,,,,,,,,,,,,,,,,,,,,,,,,,,,,,,,,,,,,,,,,,,,,,,,,,,,,,,,,,,,,,,,,,,,,,,,,,,,,,,,,,,,,,,,,,,,,,,,,,,,,,,,,,,,,,,,,,,,,,,,,,,,,,,,,,,,,,,,,,,,,,,,,,,,,,,,,,,,,,,,,,,,,,,,,,,,,,,,,,,,,,,,,,,,,,,False,STRUCTURAL,비데이터 행,,,unknown
693,4,HHI,SCR중,SH8324,SCR-8,3,2026-07-01 00:00:00,,2,30,,,,,취부,,0,,,,,,,,,,,,,,,,,,미정,6,7,,,LOAD,,,,,,,,,,,,,,,,,,,,,,,,,,,,,,,,,,,,,,,,,,,,,,,,,,,,,,,,,,,,,,,,,,,,,,,,,,,,,,,,,,,,,,,,,,,,,,,,,,,,,,,,,,,,,,,,,,,,,,,,,,,,,,,,,,,,,,,,,,,,,,,,,,,,,,,,,,,,,,,,,,,,,,,,,,,,,,,,,,,,,,,,,,,,,,,,,,,,,,,,,,,,,,,,,,,,,,,,,,,,,,,,,,,,,,,,,,,,,,,,,,,,,,,,,,,,,,,,,,,,,,,,,,,,,,,,,,,False,STRUCTURAL,비데이터 행,,,unknown
693,5,HHI,SCR중,SH8324,SCR-8,3,2026-07-01 00:00:00,,2,30,,,,,용접,,0,,,,,,,,,,,,,,,,,,미정,6,7,,,,,,,,,,,,,,,,,,,,,,,,,,,,,,,,,,,,,,,,,,,,,,,,,,,,,,,,,,,,,,,,,,,,,,,,,,,,,,,,,,,,,,,,,,,,,,,,,,,,,,,,,,,,,,,,,,,,,,,,,,,,,,,,,,,,,,,,,,,,,,,,,,,,,,,,,,,,,,,,,,,,,,,,,,,,,,,,,,,,,,,,,,,,,,,,,,,,,,,,,,,,,,,,,,,,,,,,,,,,,,,,,,,,,,,,,,,,,,,,,,,,,,,,,,,,,,,,,,,,,,,,,,,,,,,,,,,,,,False,STRUCTURAL,비데이터 행,,,unknown
693,6,HHI,SCR중,SH8324,SCR-8,3,2026-07-01 00:00:00,,2,30,,,,,조립,,6,,,,,,,,,,,,,,,,,,미정,6,7,,,,,,,,,,,,,,,,,,,,,,,,,,,,,,,,,,,,,,,,,,,,,,,,,,,,,,,,,,,,,,,,,,,,,,,,,,,,,,,,,,,,,,,,,,,,,,,,,,,,,,,,,,,,,,,,,,,,,,,,,,,,,,,,,,,,,,,,,,,,,,,,,,,,,,,,,,,,,,,,,,,,,,,,,,,,,,,,,2,2,2,,,,,,,,,,,,,,,,,,,,,,,,,,,,,,,,,,,,,,,,,,,,,,,,,,,,,,,,,,,,,,,,,,,,,,,,,,,,,,,,,,,,,,,,,,,,,,,,,,,False,STRUCTURAL,비데이터 행,,,unknown
693,7,HHI,SCR중,SH8324,SCR-8,3,2026-07-01 00:00:00,,2,30,,,,,사상,,0,,,,,,,,,,,,,,,,,,미정,6,7,,,,,,,,,,,,,,,,,,,,,,,,,,,,,,,,,,,,,,,,,,,,,,,,,,,,,,,,,,,,,,,,,,,,,,,,,,,,,,,,,,,,,,,,,,,,,,,,,,,,,,,,,,,,,,,,,,,,,,,,,,,,,,,,,,,,,,,,,,,,,,,,,,,,,,,,,,,,,,,,,,,,,,,,,,,,,,,,,,,,,,,,,,,,,,,,,,,,,,,,,,,,,,,,,,,,,,,,,,,,,,,,,,,,,,,,,,,,,,,,,,,,,,,,,,,,,,,,,,,,,,,,,,,,,,,,,,,,,,False,STRUCTURAL,비데이터 행,,,unknown
693,9,HHI,SCR중,SH8324,SCR-8,3,2026-07-01 00:00:00,,2,30,,,,,실적,,,,,,,,,,,,,,,,,,,,미정,6,7,,,,,,,,,,,,,,,,,,,,,,,,,,,,,,,,,,,,,,,,,,,,,,,,,,,,,,,,,,,,,,,,,,,,,,,,,,,,,,,,,,,,,,,,,,,,,,,,,,,,,,,,,,,,,,,,,,,,,,,,,,,,,,,,,,,,,,,,,,,,,,,,,,,,,,,,,,,,,,,,,,,,,,,,,,,,,,,,,,,,,,,,,,,,,,,,,,,,,,,,,,,,,,,,,,,,,,,,,,,,,,,,,,,,,,,,,,,,,,,,,,,,,,,,,,,,,,,,,,,,,,,,,,,,,,,,,,,,,,False,STRUCTURAL,비데이터 행,,,unknown
694,1,HHI,GV,3556 #1,VS-1,1,2026-07-06 00:00:00,46189,1,30,,,,MEGI,일자,E 케이테크,46141,46148,46149,46163,46175,46175,46185,46189,-,2026-06-19 00:00:00,46202,46203,46204,2026-07-02 00:00:00,46206,0.7,,,E 케이테크,6,7,,,계획,46141,,46148,,46149,,46163,,46164,,46175,,46177,,46189,,46190,,46192,,46195,,46202,,46203,,46204,,46205,,46206,,,,,,,,,,,,,,,,,,,,,,,,,,,,,,,,,,,,,,,,,,,,,,,,,,,,,,,,,,,,,,,,,,,,,,,,,,,,,,,,,,,,,,,,,D,,,,,,,K,발S,,,,,,,,,,,,,,발F,가S,,,,,,,,,,,가F,,제S,-----,-----,-----,-----,-----,-----,-----,-----,-----,-----,-----,제F,도S,,도F,,,조S,,,,,,,조F,상,검,포,출,,,납,,,,,,,,,,,,,,,,,,,,,,,,,,,,,,,,,,,,,,,,,,,,,,,,,,,,,,,,,,,,,,,,,,,,,,,,,,,,,,,,,,,,,,,True,DATA_PLAN,,,,plan
694,2,HHI,GV,3556 #1,VS-1,1,2026-07-06 00:00:00,,1,30,,,,도면 1/22 배포,실행,E 케이테크,46044,46045,46048,46056,46076,46076,46087,46095,,2026-03-17 00:00:00,,,,,,,,,E 케이테크,6,7,,,,,,,,,,,,,,,,,,,,,,,,,,,,,,,,,,,,,,,,,,,,,,,,,,,,,,,,,,,,,,,,,,,,,,,,,,,,,,,,,,,,,,,,,,,,,,,,,,,,,,,,,,,,,,,,,,,,,,,,,,,,,,,,,,,,,,,,,,,,,,,,,,,,,,,,,,,,,,,,,,,,,,,,,,,,,,,,,,,,,,,,,,,,,,,,,,,,,,,,,,,,,,,,,,,,,,,,,,,,,,,,,,,,,,,,,,,,,,,,,,,,,,,,,,,,,,,,,,,,,,,,,,,,,,,,,,,,,,True,DATA_ACTUAL,,,,actual
694,3,HHI,GV,3556 #1,VS-1,1,2026-07-06 00:00:00,,1,30,,,,,E 케이테크,E 케이테크,97,103,101,107,99,99,98,94,-,,,,,,,,,,E 케이테크,6,7,,,실적,,46044,,46045,,46048,,46056,,46056,,46076,,,,46095,,,,46098,,,,0,,0,,0,,0,,0,,,,,,,,,,,,,,,,,,,,,,,,,,,,,,,,,,,,,,,,,,,,,,,,,,,,,,,,,,,,,,,,,,,,,,,,,,,,,,,,,,,,,,,,,,,,,,,,,,,,,,,,,,,,,,,,,,,,,,,,,,,,,,,,,,,,,,,,,,,,,,,,,,,,,,,,,,,,,,,,,,,,,,,,,,,,,,,,,,,,,,,,,,,,,,,,,,,,,,,,,,,,,,,,,,,,,,,,,,,,,,,,,,,,,,,,,,,,,,,,,,,False,STRUCTURAL,비데이터 행,,,unknown
694,4,HHI,GV,3556 #1,VS-1,1,2026-07-06 00:00:00,,1,30,,,,,취부,,7,,,,,,,,,,,,,,,,,,E 케이테크,6,7,,,LOAD,,,,,,,,,,,,,,,,,,,,,,,,,,,,,,,,,,,,,,,,,,,,,,,,,,,,,,,,,,,,,,,,,,,,,,,,,,,,,,,,,,,,,,,,,,,,,,,,,,,,,,,,,,,,,,,,,,,,,,,,,,,,,,,,,,,,,,,,,,,,,,,,,,,,,,,,,,,,,,,,,,,,,,,,,1,1,1,1,,1,1,1,,,,,,,,,,,,,,,,,,,,,,,,,,,,,,,,,,,,,,,,,,,,,,,,,,,,,,,,,,,,,,,,,,,,,,,,,,,,,,,,,,,,,,,,,,,,,,,,,,,False,STRUCTURAL,비데이터 행,,,unknown
694,5,HHI,GV,3556 #1,VS-1,1,2026-07-06 00:00:00,,1,30,,,,,용접,,6,,,,,,,,,,,,,,,,,,E 케이테크,6,7,,,,,,,,,,,,,,,,,,,,,,,,,,,,,,,,,,,,,,,,,,,,,,,,,,,,,,,,,,,,,,,,,,,,,,,,,,,,,,,,,,,,,,,,,,,,,,,,,,,,,,,,,,,,,,,,,,,,,,,,,,,,,,,,,,,,,,,,,,,,,,,,,,,,,,,,,,,,,,,,,,,,,,,,,,,,,,1,1,,1,1,1,1,,,,,,,,,,,,,,,,,,,,,,,,,,,,,,,,,,,,,,,,,,,,,,,,,,,,,,,,,,,,,,,,,,,,,,,,,,,,,,,,,,,,,,,,,,,,,,,,,,False,STRUCTURAL,비데이터 행,,,unknown
694,6,HHI,GV,3556 #1,VS-1,1,2026-07-06 00:00:00,,1,30,,,,,조립,,4,,,,,,,,,,,,,,,,,,E 케이테크,6,7,,,,,,,,,,,,,,,,,,,,,,,,,,,,,,,,,,,,,,,,,,,,,,,,,,,,,,,,,,,,,,,,,,,,,,,,,,,,,,,,,,,,,,,,,,,,,,,,,,,,,,,,,,,,,,,,,,,,,,,,,,,,,,,,,,,,,,,,,,,,,,,,,,,,,,,,,,,,,,,,,,,,,,,,,,,,,,,,,,1,1,1,1,,,,,,,,,,,,,,,,,,,,,,,,,,,,,,,,,,,,,,,,,,,,,,,,,,,,,,,,,,,,,,,,,,,,,,,,,,,,,,,,,,,,,,,,,,,,,,,,,False,STRUCTURAL,비데이터 행,,,unknown
694,7,HHI,GV,3556 #1,VS-1,1,2026-07-06 00:00:00,,1,30,,,,,사상,,6,,,,,,,,,,,,,,,,,,E 케이테크,6,7,,,,,,,,,,,,,,,,,,,,,,,,,,,,,,,,,,,,,,,,,,,,,,,,,,,,,,,,,,,,,,,,,,,,,,,,,,,,,,,,,,,,,,,,,,,,,,,,,,,,,,,,,,,,,,,,,,,,,,,,,,,,,,,,,,,,,,,,,,,,,,,,,,,,,,,,,,,,,,,,,,,,,,,,,,,,,,,,,,,1,1,1,1,,2,,,,,,,,,,,,,,,,,,,,,,,,,,,,,,,,,,,,,,,,,,,,,,,,,,,,,,,,,,,,,,,,,,,,,,,,,,,,,,,,,,,,,,,,,,,,,,False,STRUCTURAL,비데이터 행,,,unknown
694,9,HHI,GV,3556 #1,VS-1,1,2026-07-06 00:00:00,,1,30,,,,,실적,,,,,,,,,,,,,,,,,,,,E 케이테크,6,7,,,,,,,,,,,,,,,,,,,,,,,,,,,,,,,,,,,,,,,,,,,,,,,,,,,,,,,,,,,,,,,,,,,,,,,,,,,,,,,,,,,,,,,,,,,,,,,,,,,,,,,,,,,,,,,,,,,,,,,,,,,,,,,,,,,,,,,,,,,,,,,,,,,,,,,,,,,,,,,,,,,,,,,,,,,,,,,,,,,,,,,,,,,,,,,,,,,,,,,,,,,,,,,,,,,,,,,,,,,,,,,,,,,,,,,,,,,,,,,,,,,,,,,,,,,,,,,,,,,,,,,,,,,,,,,,,,,,,,False,STRUCTURAL,비데이터 행,,,unknown
695,1,HHI,SCR중,N292,SCR-7,4,2026-07-08 00:00:00,46188,2,30,,전기,X,4X4(B) TEST 1SET,일자,C 에이스,46133,46135,46136,46154,46163,46163,46180,46188,-,2026-06-22 00:00:00,46204,46205,46206,2026-07-06 00:00:00,46210,0.25,,,C 에이스,6,7,,,계획,46133,,46135,,46136,,46154,,46155,,46163,,46164,,46188,,46190,,46195,,46196,,46204,,46205,,46206,,46209,,46210,,,,,,,,,,,,,,,,,,,,,,,,,,,,,,,,,,,,,,,,,,,,,,,,,,,,,,,,,,,,,,,,,,,,,,,,,,,,,,,,,D,,K,발S,,,,,,,,,,,,,,,,,,발F,가S,,,,,,,,가F,제S,-----,-----,-----,-----,-----,-----,-----,-----,-----,-----,-----,-----,-----,-----,-----,-----,-----,-----,-----,-----,-----,-----,-----,제F,,도S,,,,,도F,조S,,,,,,,,조F,상,검,,,포,출,납,,,,,,,,,,,,,,,,,,,,,,,,,,,,,,,,,,,,,,,,,,,,,,,,,,,,,,,,,,,,,,,,,,,,,,,,,,,,,,,,,,,,,True,DATA_PLAN,,,,plan
695,2,HHI,SCR중,N292,SCR-7,4,2026-07-08 00:00:00,,2,30,,,,5X5(B) TEST 1SET,실행,C 에이스,45818,45820,46104,,,,,,,,,,,,,,,,C 에이스,6,7,,,,,,,,,,,,,,,,,,,,,,,,,,,,,,,,,,,,,,,,,,,,,,,,,,,,,,,,,,,,,,,,,,,,,,,,,,,,,,,,,,,,,,,,,,,,,,,,,,,,,,,,,,,,,,,,,,,,,,,,,,,,,,,,,,,,,,,,,,,,,,,,,,,,,,,,,,,,,,,,,,,,,,,,,,,,,,,,,,,,,,,,,,,,,,,,,,,,,,,,,,,,,,,,,,,,,,,,,,,,,,,,,,,,,,,,,,,,,,,,,,,,,,,,,,,,,,,,,,,,,,,,,,,,,,,,,,,,,,True,DATA_ACTUAL,,,,actual
695,3,HHI,SCR중,N292,SCR-7,4,2026-07-08 00:00:00,,2,30,,,,,C 에이스,C 에이스,315,315,32,,,,,,-,,,,,,,,,,C 에이스,6,7,,,실적,,45818,,45820,,46104,,0,,0,,0,,,,0,,,,0,,,,0,,0,,0,,0,,0,,,,,,,,,,,,,,,,,,,,,,,,,,,,,,,,,,,,,,,,,,,,,,,,,,,,,,,,,,,,,,,,,,,,,,,,,,,,,,,,,,,,,,,,,,,,,,,,,,,,,,,,,,,,,,,,,,,,,,,,,,,,,,,,,,,,,,,,,,,,,,,,,,,,,,,,,,,,,,,,,,,,,,,,,,,,,,,,,,,,,,,,,,,,,,,,,,,,,,,,,,,,,,,,,,,,,,,,,,,,,,,,,,,,,,,,,,,,,,,,,,,False,STRUCTURAL,비데이터 행,,,unknown
695,4,HHI,SCR중,N292,SCR-7,4,2026-07-08 00:00:00,,2,30,,,,,취부,,0,,,,,,,,,,,,,,,,,,C 에이스,6,7,,,LOAD,,,,,,,,,,,,,,,,,,,,,,,,,,,,,,,,,,,,,,,,,,,,,,,,,,,,,,,,,,,,,,,,,,,,,,,,,,,,,,,,,,,,,,,,,,,,,,,,,,,,,,,,,,,,,,,,,,,,,,,,,,,,,,,,,,,,,,,,,,,,,,,,,,,,,,,,,,,,,,,,,,,,,,,,,,,,,,,,,,,,,,,,,,,,,,,,,,,,,,,,,,,,,,,,,,,,,,,,,,,,,,,,,,,,,,,,,,,,,,,,,,,,,,,,,,,,,,,,,,,,,,,,,,,,,,,,,,,False,STRUCTURAL,비데이터 행,,,unknown
695,5,HHI,SCR중,N292,SCR-7,4,2026-07-08 00:00:00,,2,30,,,,,용접,,0,,,,,,,,,,,,,,,,,,C 에이스,6,7,,,,,,,,,,,,,,,,,,,,,,,,,,,,,,,,,,,,,,,,,,,,,,,,,,,,,,,,,,,,,,,,,,,,,,,,,,,,,,,,,,,,,,,,,,,,,,,,,,,,,,,,,,,,,,,,,,,,,,,,,,,,,,,,,,,,,,,,,,,,,,,,,,,,,,,,,,,,,,,,,,,,,,,,,,,,,,,,,,,,,,,,,,,,,,,,,,,,,,,,,,,,,,,,,,,,,,,,,,,,,,,,,,,,,,,,,,,,,,,,,,,,,,,,,,,,,,,,,,,,,,,,,,,,,,,,,,,,,,False,STRUCTURAL,비데이터 행,,,unknown
695,6,HHI,SCR중,N292,SCR-7,4,2026-07-08 00:00:00,,2,30,,,,,조립,,6,,,,,,,,,,,,,,,,,,C 에이스,6,7,,,,,,,,,,,,,,,,,,,,,,,,,,,,,,,,,,,,,,,,,,,,,,,,,,,,,,,,,,,,,,,,,,,,,,,,,,,,,,,,,,,,,,,,,,,,,,,,,,,,,,,,,,,,,,,,,,,,,,,,,,,,,,,,,,,,,,,,,,,,,,,,,,,,,,,,,,,,,,,,,,,,,,,,,,,,,,,,,,,,,,,,2,2,2,,,,,,,,,,,,,,,,,,,,,,,,,,,,,,,,,,,,,,,,,,,,,,,,,,,,,,,,,,,,,,,,,,,,,,,,,,,,,,,,,,,,,,,,,,,,False,STRUCTURAL,비데이터 행,,,unknown
695,7,HHI,SCR중,N292,SCR-7,4,2026-07-08 00:00:00,,2,30,,,,,사상,,0,,,,,,,,,,,,,,,,,,C 에이스,6,7,,,,,,,,,,,,,,,,,,,,,,,,,,,,,,,,,,,,,,,,,,,,,,,,,,,,,,,,,,,,,,,,,,,,,,,,,,,,,,,,,,,,,,,,,,,,,,,,,,,,,,,,,,,,,,,,,,,,,,,,,,,,,,,,,,,,,,,,,,,,,,,,,,,,,,,,,,,,,,,,,,,,,,,,,,,,,,,,,,,,,,,,,,,,,,,,,,,,,,,,,,,,,,,,,,,,,,,,,,,,,,,,,,,,,,,,,,,,,,,,,,,,,,,,,,,,,,,,,,,,,,,,,,,,,,,,,,,,,,False,STRUCTURAL,비데이터 행,,,unknown
695,9,HHI,SCR중,N292,SCR-7,4,2026-07-08 00:00:00,,2,30,,,,11/12->11/3,실적,,,,,,,,,,,,,,,,,,,,C 에이스,6,7,,,,,,,,,,,,,,,,,,,,,,,,,,,,,,,,,,,,,,,,,,,,,,,,,,,,,,,,,,,,,,,,,,,,,,,,,,,,,,,,,,,,,,,,,,,,,,,,,,,,,,,,,,,,,,,,,,,,,,,,,,,,,,,,,,,,,,,,,,,,,,,,,,,,,,,,,,,,,,,,,,,,,,,,,,,,,,,,,,,,,,,,,,,,,,,,,,,,,,,,,,,,,,,,,,,,,,,,,,,,,,,,,,,,,,,,,,,,,,,,,,,,,,,,,,,,,,,,,,,,,,,,,,,,,,,,,,,,,,False,STRUCTURAL,비데이터 행,,,unknown
696,1,HHI,SCR중,3532,SCR-8,3,2026-07-14 00:00:00,46196,2,30,,,,3X3(B),일자,미정,46140,46142,46146,46164,46176,46176,46189,46196,-,2026-06-29 00:00:00,46210,46211,46212,2026-07-10 00:00:00,46216,0%,,,미정,6,7,,,계획,46140,,46142,,46146,,46164,,46168,,46176,,46177,,46196,,46197,,46202,,46203,,46210,,46211,,46212,,46213,,46216,,,,,,,,,,,,,,,,,,,,,,,,,,,,,,,,,,,,,,,,,,,,,,,,,,,,,,,,,,,,,,,,,,,,,,,,,,,,,,,,,,,,,,,,D,,K,,,,발S,,,,,,,,,,,,,,,,,,발F,,,,가S,,,,,,,,가F,제S,-----,-----,-----,-----,-----,-----,-----,-----,-----,-----,-----,-----,-----,-----,-----,-----,-----,-----,제F,도S,,,,,도F,조S,,,,,,,조F,상,검,포,,,출,납,,,,,,,,,,,,,,,,,,,,,,,,,,,,,,,,,,,,,,,,,,,,,,,,,,,,,,,,,,,,,,,,,,,,,,,,,,,,,,,True,DATA_PLAN,,,,plan
696,2,HHI,SCR중,3532,SCR-8,3,2026-07-14 00:00:00,,2,30,,,,,실행,미정,,,,,,,,,,,,,,,,,,,미정,6,7,,,,,,,,,,,,,,,,,,,,,,,,,,,,,,,,,,,,,,,,,,,,,,,,,,,,,,,,,,,,,,,,,,,,,,,,,,,,,,,,,,,,,,,,,,,,,,,,,,,,,,,,,,,,,,,,,,,,,,,,,,,,,,,,,,,,,,,,,,,,,,,,,,,,,,,,,,,,,,,,,,,,,,,,,,,,,,,,,,,,,,,,,,,,,,,,,,,,,,,,,,,,,,,,,,,,,,,,,,,,,,,,,,,,,,,,,,,,,,,,,,,,,,,,,,,,,,,,,,,,,,,,,,,,,,,,,,,,,,True,DATA_ACTUAL,,,,actual
696,3,HHI,SCR중,3532,SCR-8,3,2026-07-14 00:00:00,,2,30,,,,,미정,미정,,,,,,,,,-,,,,,,,,,,미정,6,7,,,실적,,0,,0,,0,,0,,0,,0,,,,0,,,,0,,,,0,,0,,0,,0,,0,,,,,,,,,,,,,,,,,,,,,,,,,,,,,,,,,,,,,,,,,,,,,,,,,,,,,,,,,,,,,,,,,,,,,,,,,,,,,,,,,,,,,,,,,,,,,,,,,,,,,,,,,,,,,,,,,,,,,,,,,,,,,,,,,,,,,,,,,,,,,,,,,,,,,,,,,,,,,,,,,,,,,,,,,,,,,,,,,,,,,,,,,,,,,,,,,,,,,,,,,,,,,,,,,,,,,,,,,,,,,,,,,,,,,,,,,,,,,,,,,,,False,STRUCTURAL,비데이터 행,,,unknown
696,4,HHI,SCR중,3532,SCR-8,3,2026-07-14 00:00:00,,2,30,,,,,취부,,0,,,,,,,,,,,,,,,,,,미정,6,7,,,LOAD,,,,,,,,,,,,,,,,,,,,,,,,,,,,,,,,,,,,,,,,,,,,,,,,,,,,,,,,,,,,,,,,,,,,,,,,,,,,,,,,,,,,,,,,,,,,,,,,,,,,,,,,,,,,,,,,,,,,,,,,,,,,,,,,,,,,,,,,,,,,,,,,,,,,,,,,,,,,,,,,,,,,,,,,,,,,,,,,,,,,,,,,,,,,,,,,,,,,,,,,,,,,,,,,,,,,,,,,,,,,,,,,,,,,,,,,,,,,,,,,,,,,,,,,,,,,,,,,,,,,,,,,,,,,,,,,,,,False,STRUCTURAL,비데이터 행,,,unknown
696,5,HHI,SCR중,3532,SCR-8,3,2026-07-14 00:00:00,,2,30,,,,,용접,,0,,,,,,,,,,,,,,,,,,미정,6,7,,,,,,,,,,,,,,,,,,,,,,,,,,,,,,,,,,,,,,,,,,,,,,,,,,,,,,,,,,,,,,,,,,,,,,,,,,,,,,,,,,,,,,,,,,,,,,,,,,,,,,,,,,,,,,,,,,,,,,,,,,,,,,,,,,,,,,,,,,,,,,,,,,,,,,,,,,,,,,,,,,,,,,,,,,,,,,,,,,,,,,,,,,,,,,,,,,,,,,,,,,,,,,,,,,,,,,,,,,,,,,,,,,,,,,,,,,,,,,,,,,,,,,,,,,,,,,,,,,,,,,,,,,,,,,,,,,,,,,False,STRUCTURAL,비데이터 행,,,unknown
696,6,HHI,SCR중,3532,SCR-8,3,2026-07-14 00:00:00,,2,30,,,,,조립,,6,,,,,,,,,,,,,,,,,,미정,6,7,,,,,,,,,,,,,,,,,,,,,,,,,,,,,,,,,,,,,,,,,,,,,,,,,,,,,,,,,,,,,,,,,,,,,,,,,,,,,,,,,,,,,,,,,,,,,,,,,,,,,,,,,,,,,,,,,,,,,,,,,,,,,,,,,,,,,,,,,,,,,,,,,,,,,,,,,,,,,,,,,,,,,,,,,,,,,,,,,,,,,,,,,,,,,2,,2,2,,,,,,,,,,,,,,,,,,,,,,,,,,,,,,,,,,,,,,,,,,,,,,,,,,,,,,,,,,,,,,,,,,,,,,,,,,,,,,,,,,,,,,False,STRUCTURAL,비데이터 행,,,unknown
696,7,HHI,SCR중,3532,SCR-8,3,2026-07-14 00:00:00,,2,30,,,,,사상,,0,,,,,,,,,,,,,,,,,,미정,6,7,,,,,,,,,,,,,,,,,,,,,,,,,,,,,,,,,,,,,,,,,,,,,,,,,,,,,,,,,,,,,,,,,,,,,,,,,,,,,,,,,,,,,,,,,,,,,,,,,,,,,,,,,,,,,,,,,,,,,,,,,,,,,,,,,,,,,,,,,,,,,,,,,,,,,,,,,,,,,,,,,,,,,,,,,,,,,,,,,,,,,,,,,,,,,,,,,,,,,,,,,,,,,,,,,,,,,,,,,,,,,,,,,,,,,,,,,,,,,,,,,,,,,,,,,,,,,,,,,,,,,,,,,,,,,,,,,,,,,,False,STRUCTURAL,비데이터 행,,,unknown
696,9,HHI,SCR중,3532,SCR-8,3,2026-07-14 00:00:00,,2,30,,,,,실적,,,,,,,,,,,,,,,,,,,,미정,6,7,,,,,,,,,,,,,,,,,,,,,,,,,,,,,,,,,,,,,,,,,,,,,,,,,,,,,,,,,,,,,,,,,,,,,,,,,,,,,,,,,,,,,,,,,,,,,,,,,,,,,,,,,,,,,,,,,,,,,,,,,,,,,,,,,,,,,,,,,,,,,,,,,,,,,,,,,,,,,,,,,,,,,,,,,,,,,,,,,,,,,,,,,,,,,,,,,,,,,,,,,,,,,,,,,,,,,,,,,,,,,,,,,,,,,,,,,,,,,,,,,,,,,,,,,,,,,,,,,,,,,,,,,,,,,,,,,,,,,,False,STRUCTURAL,비데이터 행,,,unknown
697,1,HHI,SCR중,SH8209,SCR-7,4,2026-07-14 00:00:00,46192,2,30,,전기,X,,일자,C 에이스,46135,46139,46140,46157,46169,46169,46184,46192,-,2026-06-26 00:00:00,46210,46211,46212,2026-07-10 00:00:00,46216,0.7,,,C 에이스,6,7,,,계획,46135,,46139,,46140,,46157,,46160,,46169,,46170,,46192,,46196,,46199,,46202,,46210,,46211,,46212,,46213,,46216,,,,,,,,,,,,,,,,,,,,,,,,,,,,,,,,,,,,,,,,,,,,,,,,,,,,,,,,,,,,,,,,,,,,,,,,,,,,,,,,,,,D,,,,K,발S,,,,,,,,,,,,,,,,,발F,,,가S,,,,,,,,,가F,제S,-----,-----,-----,-----,-----,-----,-----,-----,-----,-----,-----,-----,-----,-----,-----,-----,-----,-----,-----,-----,-----,제F,,,,도S,,,도F,,,조S,,,,,,,,조F,상,검,포,,,출,납,,,,,,,,,,,,,,,,,,,,,,,,,,,,,,,,,,,,,,,,,,,,,,,,,,,,,,,,,,,,,,,,,,,,,,,,,,,,,,,True,DATA_PLAN,,,,plan
697,2,HHI,SCR중,SH8209,SCR-7,4,2026-07-14 00:00:00,,2,30,,,,3/17->7/14,실행,C 에이스,45995,45996,46000,46009,46034,46022,46044,46055,,2026-02-06 00:00:00,,,,,,,,,C 에이스,6,7,,,,,,,,,,,,,,,,,,,,,,,,,,,,,,,,,,,,,,,,,,,,,,,,,,,,,,,,,,,,,,,,,,,,,,,,,,,,,,,,,,,,,,,,,,,,,,,,,,,,,,,,,,,,,,,,,,,,,,,,,,,,,,,,,,,,,,,,,,,,,,,,,,,,,,,,,,,,,,,,,,,,,,,,,,,,,,,,,,,,,,,,,,,,,,,,,,,,,,,,,,,,,,,,,,,,,,,,,,,,,,,,,,,,,,,,,,,,,,,,,,,,,,,,,,,,,,,,,,,,,,,,,,,,,,,,,,,,,,True,DATA_ACTUAL,,,,actual
697,3,HHI,SCR중,SH8209,SCR-7,4,2026-07-14 00:00:00,,2,30,,,,,C 에이스,C 에이스,140,143,140,148,135,147,140,137,-,,,,,,,,,,C 에이스,6,7,,,실적,,45995,,45996,,46000,,46009,,46009,,46022,,,,46055,,,,46059,,,,0,,0,,0,,0,,0,,,,,,,,,,,,,,,,,,,,,,,,,,,,,,,,,,,,,,,,,,,,,,,,,,,,,,,,,,,,,,,,,,,,,,,,,,,,,,,,,,,,,,,,,,,,,,,,,,,,,,,,,,,,,,,,,,,,,,,,,,,,,,,,,,,,,,,,,,,,,,,,,,,,,,,,,,,,,,,,,,,,,,,,,,,,,,,,,,,,,,,,,,,,,,,,,,,,,,,,,,,,,,,,,,,,,,,,,,,,,,,,,,,,,,,,,,,,,,,,,,,False,STRUCTURAL,비데이터 행,,,unknown
697,4,HHI,SCR중,SH8209,SCR-7,4,2026-07-14 00:00:00,,2,30,,,,,취부,,0,,,,,,,,,,,,,,,,,,C 에이스,6,7,,,LOAD,,,,,,,,,,,,,,,,,,,,,,,,,,,,,,,,,,,,,,,,,,,,,,,,,,,,,,,,,,,,,,,,,,,,,,,,,,,,,,,,,,,,,,,,,,,,,,,,,,,,,,,,,,,,,,,,,,,,,,,,,,,,,,,,,,,,,,,,,,,,,,,,,,,,,,,,,,,,,,,,,,,,,,,,,,,,,,,,,,,,,,,,,,,,,,,,,,,,,,,,,,,,,,,,,,,,,,,,,,,,,,,,,,,,,,,,,,,,,,,,,,,,,,,,,,,,,,,,,,,,,,,,,,,,,,,,,,,False,STRUCTURAL,비데이터 행,,,unknown
697,5,HHI,SCR중,SH8209,SCR-7,4,2026-07-14 00:00:00,,2,30,,,,,용접,,0,,,,,,,,,,,,,,,,,,C 에이스,6,7,,,,,,,,,,,,,,,,,,,,,,,,,,,,,,,,,,,,,,,,,,,,,,,,,,,,,,,,,,,,,,,,,,,,,,,,,,,,,,,,,,,,,,,,,,,,,,,,,,,,,,,,,,,,,,,,,,,,,,,,,,,,,,,,,,,,,,,,,,,,,,,,,,,,,,,,,,,,,,,,,,,,,,,,,,,,,,,,,,,,,,,,,,,,,,,,,,,,,,,,,,,,,,,,,,,,,,,,,,,,,,,,,,,,,,,,,,,,,,,,,,,,,,,,,,,,,,,,,,,,,,,,,,,,,,,,,,,,,,False,STRUCTURAL,비데이터 행,,,unknown
697,6,HHI,SCR중,SH8209,SCR-7,4,2026-07-14 00:00:00,,2,30,,,,,조립,,6,,,,,,,,,,,,,,,,,,C 에이스,6,7,,,,,,,,,,,,,,,,,,,,,,,,,,,,,,,,,,,,,,,,,,,,,,,,,,,,,,,,,,,,,,,,,,,,,,,,,,,,,,,,,,,,,,,,,,,,,,,,,,,,,,,,,,,,,,,,,,,,,,,,,,,,,,,,,,,,,,,,,,,,,,,,,,,,,,,,,,,,,,,,,,,,,,,,,,,,,,,,,,,,,,,,,,,,,2,,2,2,,,,,,,,,,,,,,,,,,,,,,,,,,,,,,,,,,,,,,,,,,,,,,,,,,,,,,,,,,,,,,,,,,,,,,,,,,,,,,,,,,,,,,False,STRUCTURAL,비데이터 행,,,unknown
697,7,HHI,SCR중,SH8209,SCR-7,4,2026-07-14 00:00:00,,2,30,,,,,사상,,0,,,,,,,,,,,,,,,,,,C 에이스,6,7,,,,,,,,,,,,,,,,,,,,,,,,,,,,,,,,,,,,,,,,,,,,,,,,,,,,,,,,,,,,,,,,,,,,,,,,,,,,,,,,,,,,,,,,,,,,,,,,,,,,,,,,,,,,,,,,,,,,,,,,,,,,,,,,,,,,,,,,,,,,,,,,,,,,,,,,,,,,,,,,,,,,,,,,,,,,,,,,,,,,,,,,,,,,,,,,,,,,,,,,,,,,,,,,,,,,,,,,,,,,,,,,,,,,,,,,,,,,,,,,,,,,,,,,,,,,,,,,,,,,,,,,,,,,,,,,,,,,,,False,STRUCTURAL,비데이터 행,,,unknown
697,9,HHI,SCR중,SH8209,SCR-7,4,2026-07-14 00:00:00,,2,30,,,,청림->에이스,실적,,,,,,,,,,,,,,,,,,,,C 에이스,6,7,,,,,,,,,,,,,,,,,,,,,,,,,,,,,,,,,,,,,,,,,,,,,,,,,,,,,,,,,,,,,,,,,,,,,,,,,,,,,,,,,,,,,,,,,,,,,,,,,,,,,,,,,,,,,,,,,,,,,,,,,,,,,,,,,,,,,,,,,,,,,,,,,,,,,,,,,,,,,,,,,,,,,,,,,,,,,,,,,,,,,,,,,,,,,,,,,,,,,,,,,,,,,,,,,,,,,,,,,,,,,,,,,,,,,,,,,,,,,,,,,,,,,,,,,,,,,,,,,,,,,,,,,,,,,,,,,,,,,,False,STRUCTURAL,비데이터 행,,,unknown
698,1,HHI,SCR중,CHB2047,SCR-7,5,2026-07-14 00:00:00,46195,2,30,,전기,수출,5x5(B)(5) 4x3(B)(1),일자,C 에이스,46136,46140,46141,46160,46170,46170,46187,46195,-,2026-06-29 00:00:00,46210,46211,46212,2026-07-10 00:00:00,46216,0.55,,,C 에이스,6,7,,,계획,46136,,46140,,46141,,46160,,46161,,46170,,46171,,46195,,46197,,46202,,46203,,46210,,46211,,46212,,46213,,46216,,,,,,,,,,,,,,,,,,,,,,,,,,,,,,,,,,,,,,,,,,,,,,,,,,,,,,,,,,,,,,,,,,,,,,,,,,,,,,,,,,,,D,,,,K,발S,,,,,,,,,,,,,,,,,,,발F,가S,,,,,,,,,가F,제S,-----,-----,-----,-----,-----,-----,-----,-----,-----,-----,-----,-----,-----,-----,-----,-----,-----,-----,-----,-----,-----,-----,-----,제F,,도S,,,,,도F,조S,,,,,,,조F,상,검,포,,,출,납,,,,,,,,,,,,,,,,,,,,,,,,,,,,,,,,,,,,,,,,,,,,,,,,,,,,,,,,,,,,,,,,,,,,,,,,,,,,,,,True,DATA_PLAN,,,,plan
698,2,HHI,SCR중,CHB2047,SCR-7,5,2026-07-14 00:00:00,,2,30,,,,4/16->4/29->3/14->7/14,실행,C 에이스,46056,46056,46058,46066,46078,46076,46091,46104,,,,,,,,,,,C 에이스,6,7,,,,,,,,,,,,,,,,,,,,,,,,,,,,,,,,,,,,,,,,,,,,,,,,,,,,,,,,,,,,,,,,,,,,,,,,,,,,,,,,,,,,,,,,,,,,,,,,,,,,,,,,,,,,,,,,,,,,,,,,,,,,,,,,,,,,,,,,,,,,,,,,,,,,,,,,,,,,,,,,,,,,,,,,,,,,,,,,,,,,,,,,,,,,,,,,,,,,,,,,,,,,,,,,,,,,,,,,,,,,,,,,,,,,,,,,,,,,,,,,,,,,,,,,,,,,,,,,,,,,,,,,,,,,,,,,,,,,,,True,DATA_ACTUAL,,,,actual
698,3,HHI,SCR중,CHB2047,SCR-7,5,2026-07-14 00:00:00,,2,30,,,,2/3 도면출도,C 에이스,C 에이스,80,84,83,94,92,94,96,91,-,,,,,,,,,,C 에이스,6,7,,,실적,,46056,,46056,,46058,,46066,,46066,,46076,,,,46104,,,,0,,,,0,,0,,0,,0,,0,,,,,,,,,,,,,,,,,,,,,,,,,,,,,,,,,,,,,,,,,,,,,,,,,,,,,,,,,,,,,,,,,,,,,,,,,,,,,,,,,,,,,,,,,,,,,,,,,,,,,,,,,,,,,,,,,,,,,,,,,,,,,,,,,,,,,,,,,,,,,,,,,,,,,,,,,,,,,,,,,,,,,,,,,,,,,,,,,,,,,,,,,,,,,,,,,,,,,,,,,,,,,,,,,,,,,,,,,,,,,,,,,,,,,,,,,,,,,,,,,,,False,STRUCTURAL,비데이터 행,,,unknown
698,4,HHI,SCR중,CHB2047,SCR-7,5,2026-07-14 00:00:00,,2,30,,,,,취부,,0,,,,,,,,,,,,,,,,,,C 에이스,6,7,,,LOAD,,,,,,,,,,,,,,,,,,,,,,,,,,,,,,,,,,,,,,,,,,,,,,,,,,,,,,,,,,,,,,,,,,,,,,,,,,,,,,,,,,,,,,,,,,,,,,,,,,,,,,,,,,,,,,,,,,,,,,,,,,,,,,,,,,,,,,,,,,,,,,,,,,,,,,,,,,,,,,,,,,,,,,,,,,,,,,,,,,,,,,,,,,,,,,,,,,,,,,,,,,,,,,,,,,,,,,,,,,,,,,,,,,,,,,,,,,,,,,,,,,,,,,,,,,,,,,,,,,,,,,,,,,,,,,,,,,,False,STRUCTURAL,비데이터 행,,,unknown
698,5,HHI,SCR중,CHB2047,SCR-7,5,2026-07-14 00:00:00,,2,30,,,,,용접,,0,,,,,,,,,,,,,,,,,,C 에이스,6,7,,,,,,,,,,,,,,,,,,,,,,,,,,,,,,,,,,,,,,,,,,,,,,,,,,,,,,,,,,,,,,,,,,,,,,,,,,,,,,,,,,,,,,,,,,,,,,,,,,,,,,,,,,,,,,,,,,,,,,,,,,,,,,,,,,,,,,,,,,,,,,,,,,,,,,,,,,,,,,,,,,,,,,,,,,,,,,,,,,,,,,,,,,,,,,,,,,,,,,,,,,,,,,,,,,,,,,,,,,,,,,,,,,,,,,,,,,,,,,,,,,,,,,,,,,,,,,,,,,,,,,,,,,,,,,,,,,,,,,False,STRUCTURAL,비데이터 행,,,unknown
698,6,HHI,SCR중,CHB2047,SCR-7,5,2026-07-14 00:00:00,,2,30,,,,,조립,,6,,,,,,,,,,,,,,,,,,C 에이스,6,7,,,,,,,,,,,,,,,,,,,,,,,,,,,,,,,,,,,,,,,,,,,,,,,,,,,,,,,,,,,,,,,,,,,,,,,,,,,,,,,,,,,,,,,,,,,,,,,,,,,,,,,,,,,,,,,,,,,,,,,,,,,,,,,,,,,,,,,,,,,,,,,,,,,,,,,,,,,,,,,,,,,,,,,,,,,,,,,,,,,,,,,,,,,,,2,,2,2,,,,,,,,,,,,,,,,,,,,,,,,,,,,,,,,,,,,,,,,,,,,,,,,,,,,,,,,,,,,,,,,,,,,,,,,,,,,,,,,,,,,,,False,STRUCTURAL,비데이터 행,,,unknown
698,7,HHI,SCR중,CHB2047,SCR-7,5,2026-07-14 00:00:00,,2,30,,,,,사상,,0,,,,,,,,,,,,,,,,,,C 에이스,6,7,,,,,,,,,,,,,,,,,,,,,,,,,,,,,,,,,,,,,,,,,,,,,,,,,,,,,,,,,,,,,,,,,,,,,,,,,,,,,,,,,,,,,,,,,,,,,,,,,,,,,,,,,,,,,,,,,,,,,,,,,,,,,,,,,,,,,,,,,,,,,,,,,,,,,,,,,,,,,,,,,,,,,,,,,,,,,,,,,,,,,,,,,,,,,,,,,,,,,,,,,,,,,,,,,,,,,,,,,,,,,,,,,,,,,,,,,,,,,,,,,,,,,,,,,,,,,,,,,,,,,,,,,,,,,,,,,,,,,,False,STRUCTURAL,비데이터 행,,,unknown
698,9,HHI,SCR중,CHB2047,SCR-7,5,2026-07-14 00:00:00,,2,30,,,,,실적,,,,,,,,,,,,,,,,,,,,C 에이스,6,7,,,,,,,,,,,,,,,,,,,,,,,,,,,,,,,,,,,,,,,,,,,,,,,,,,,,,,,,,,,,,,,,,,,,,,,,,,,,,,,,,,,,,,,,,,,,,,,,,,,,,,,,,,,,,,,,,,,,,,,,,,,,,,,,,,,,,,,,,,,,,,,,,,,,,,,,,,,,,,,,,,,,,,,,,,,,,,,,,,,,,,,,,,,,,,,,,,,,,,,,,,,,,,,,,,,,,,,,,,,,,,,,,,,,,,,,,,,,,,,,,,,,,,,,,,,,,,,,,,,,,,,,,,,,,,,,,,,,,,False,STRUCTURAL,비데이터 행,,,unknown
699,1,MHI,ENC,#3 Vicksburg EH,ENC-3,1,2026-07-16 00:00:00,46168,3,100,,,,,일자,G 범안,46106,46108,46111,46128,46148,46148,46156,46168,-,2026-06-18 00:00:00,46206,46209,46211,2026-07-13 00:00:00,46218,0.25,,,G 범안,5,7,,,계획,46106,,46108,,46111,,46128,,46129,,46148,,46134,,46168,,46175,,46191,,46183,,46206,,46209,,46211,,46216,,46218,,,,,,,,,,,,,,,,,,,,,,,,,,,,,,,,,,,,,,,,,,,,,,,,,,,,,,D,,K,,,발S,,,,,,,,,,,,,,,,,발F,가S,,,,,제S,-----,-----,-----,-----,-----,-----,-----,-----,-----,-----,-----,-----,-----,가F,-----,-----,-----,-----,-----,-----,-----,-----,-----,-----,-----,-----,-----,-----,-----,-----,-----,-----,-----,제F,,,,,,,도S,,,,,,,,조S,,,,,,,,도F,,,,,,,,,,,,,,,조F,,,상,,검,,,,,포,,출,납,,,,,,,,,,,,,,,,,,,,,,,,,,,,,,,,,,,,,,,,,,,,,,,,,,,,,,,,,,,,,,,,,,,,,,,,,,,,,True,DATA_PLAN,,,,plan
699,2,MHI,ENC,#3 Vicksburg EH,ENC-3,1,2026-07-16 00:00:00,,3,100,,,,,실행,G 범안,45925,45951,,,,,,,,,,,,,,,,,G 범안,5,7,,,,,,,,,,,,,,,,,,,,,,,,,,,,,,,,,,,,,,,,,,,,,,,,,,,,,,,,,,,,,,,,,,,,,,,,,,,,,,,,,,,,,,,,,,,,,,,,,,,,,,,,,,,,,,,,,,,,,,,,,,,,,,,,,,,,,,,,,,,,,,,,,,,,,,,,,,,,,,,,,,,,,,,,,,,,,,,,,,,,,,,,,,,,,,,,,,,,,,,,,,,,,,,,,,,,,,,,,,,,,,,,,,,,,,,,,,,,,,,,,,,,,,,,,,,,,,,,,,,,,,,,,,,,,,,,,,,,,,True,DATA_ACTUAL,,,,actual
699,3,MHI,ENC,#3 Vicksburg EH,ENC-3,1,2026-07-16 00:00:00,,3,100,,,,9Ton,G 범안,G 범안,181,157,,,,,,,-,,,,,,,,,,G 범안,5,7,,,실적,,45925,,45951,,0,,0,,0,,0,,,,0,,,,0,,,,0,,0,,0,,0,,0,,,,,,,,,,,,,,,,,,,,,,,,,,,,,,,,,,,,,,,,,,,,,,,,,,,,,,,,,,,,,,,,,,,,,,,,,,,,,,,,,,,,,,,,,,,,,,,,,,,,,,,,,,,,,,,,,,,,,,,,,,,,,,,,,,,,,,,,,,,,,,,,,,,,,,,,,,,,,,,,,,,,,,,,,,,,,,,,,,,,,,,,,,,,,,,,,,,,,,,,,,,,,,,,,,,,,,,,,,,,,,,,,,,,,,,,,,,,,,,,,,,False,STRUCTURAL,비데이터 행,,,unknown
699,4,MHI,ENC,#3 Vicksburg EH,ENC-3,1,2026-07-16 00:00:00,,3,100,,,,,취부,,0,,,,,,,,,,,,,,,,,,G 범안,5,7,,,LOAD,,,,,,,,,,,,,,,,,,,,,,,,,,,,,,,,,,,,,,,,,,,,,,,,,,,,,,,,,,,,,,,,,,,,,,,,,,,,,,,,,,,,,,,,,,,,,,,,,,,,,,,,,,,,,,,,,,,,,,,,,,,,,,,,,,,,,,,,,,,,,,,,,,,,,,,,,,,,,,,,,,,,,,,,,,,,,,,,,,,,,,,,,,,,,,,,,,,,,,,,,,,,,,,,,,,,,,,,,,,,,,,,,,,,,,,,,,,,,,,,,,,,,,,,,,,,,,,,,,,,,,,,,,,,,,,,,,,False,STRUCTURAL,비데이터 행,,,unknown
699,5,MHI,ENC,#3 Vicksburg EH,ENC-3,1,2026-07-16 00:00:00,,3,100,,,,,용접,,0,,,,,,,,,,,,,,,,,,G 범안,5,7,,,,,,,,,,,,,,,,,,,,,,,,,,,,,,,,,,,,,,,,,,,,,,,,,,,,,,,,,,,,,,,,,,,,,,,,,,,,,,,,,,,,,,,,,,,,,,,,,,,,,,,,,,,,,,,,,,,,,,,,,,,,,,,,,,,,,,,,,,,,,,,,,,,,,,,,,,,,,,,,,,,,,,,,,,,,,,,,,,,,,,,,,,,,,,,,,,,,,,,,,,,,,,,,,,,,,,,,,,,,,,,,,,,,,,,,,,,,,,,,,,,,,,,,,,,,,,,,,,,,,,,,,,,,,,,,,,,,,,False,STRUCTURAL,비데이터 행,,,unknown
699,6,MHI,ENC,#3 Vicksburg EH,ENC-3,1,2026-07-16 00:00:00,,3,100,,,,,조립,,48,,,,,,,,,,,,,,,,,,G 범안,5,7,,,,,,,,,,,,,,,,,,,,,,,,,,,,,,,,,,,,,,,,,,,,,,,,,,,,,,,,,,,,,,,,,,,,,,,,,,,,,,,,,,,,,,,,,,,,,,,,,,,,,,,,,,,,,,,,,,,,,,,,,,,,,,,,,,,,,,,,,,,,,,,,,,,,,,,,,,,,,,,,,,,,,,,,,,,,,,,4,,4,4,4,4,4,4,,4,4,4,4,4,,,,,,,,,,,,,,,,,,,,,,,,,,,,,,,,,,,,,,,,,,,,,,,,,,,,,,,,,,,,,,,,,,,,,,,,,,,,,,,,,,,,,,,,,,False,STRUCTURAL,비데이터 행,,,unknown
699,7,MHI,ENC,#3 Vicksburg EH,ENC-3,1,2026-07-16 00:00:00,,3,100,,,,,사상,,0,,,,,,,,,,,,,,,,,,G 범안,5,7,,,,,,,,,,,,,,,,,,,,,,,,,,,,,,,,,,,,,,,,,,,,,,,,,,,,,,,,,,,,,,,,,,,,,,,,,,,,,,,,,,,,,,,,,,,,,,,,,,,,,,,,,,,,,,,,,,,,,,,,,,,,,,,,,,,,,,,,,,,,,,,,,,,,,,,,,,,,,,,,,,,,,,,,,,,,,,,,,,,,,,,,,,,,,,,,,,,,,,,,,,,,,,,,,,,,,,,,,,,,,,,,,,,,,,,,,,,,,,,,,,,,,,,,,,,,,,,,,,,,,,,,,,,,,,,,,,,,,,False,STRUCTURAL,비데이터 행,,,unknown
699,9,MHI,ENC,#3 Vicksburg EH,ENC-3,1,2026-07-16 00:00:00,,3,100,,,,,실적,,,,,,,,,,,,,,,,,,,,G 범안,5,7,,,,,,,,,,,,,,,,,,,,,,,,,,,,,,,,,,,,,,,,,,,,,,,,,,,,,,,,,,,,,,,,,,,,,,,,,,,,,,,,,,,,,,,,,,,,,,,,,,,,,,,,,,,,,,,,,,,,,,,,,,,,,,,,,,,,,,,,,,,,,,,,,,,,,,,,,,,,,,,,,,,,,,,,,,,,,,,,,,,,,,,,,,,,,,,,,,,,,,,,,,,,,,,,,,,,,,,,,,,,,,,,,,,,,,,,,,,,,,,,,,,,,,,,,,,,,,,,,,,,,,,,,,,,,,,,,,,,,,False,STRUCTURAL,비데이터 행,,,unknown
700,1,HHI,SCR중,H2863,SCR-7,5,2026-07-17 00:00:00,46197,2,30,,,,6x6(B),일자,미정,46142,46148,46149,46163,46175,46175,46190,46197,-,2026-07-01 00:00:00,46213,46216,46217,2026-07-15 00:00:00,46219,0%,,,미정,6,7,,,계획,46142,,46148,,46149,,46163,,46164,,46175,,46176,,46197,,46199,,46204,,46205,,46213,,46216,,46217,,46218,,46219,,,,,,,,,,,,,,,,,,,,,,,,,,,,,,,,,,,,,,,,,,,,,,,,,,,,,,,,,,,,,,,,,,,,,,,,,,,,,,,,,,,,,,,,,,D,,,,,,K,발S,,,,,,,,,,,,,,발F,가S,,,,,,,,,,,가F,제S,-----,-----,-----,-----,-----,-----,-----,-----,-----,-----,-----,-----,-----,-----,-----,-----,-----,-----,-----,-----,제F,,도S,,,,,도F,조S,,,,,,,,조F,,,상,검,포,출,납,,,,,,,,,,,,,,,,,,,,,,,,,,,,,,,,,,,,,,,,,,,,,,,,,,,,,,,,,,,,,,,,,,,,,,,,,,,,True,DATA_PLAN,,,,plan
700,2,HHI,SCR중,H2863,SCR-7,5,2026-07-17 00:00:00,,2,30,,,,,실행,미정,,,,,,,,,,,,,,,,,,,미정,6,7,,,,,,,,,,,,,,,,,,,,,,,,,,,,,,,,,,,,,,,,,,,,,,,,,,,,,,,,,,,,,,,,,,,,,,,,,,,,,,,,,,,,,,,,,,,,,,,,,,,,,,,,,,,,,,,,,,,,,,,,,,,,,,,,,,,,,,,,,,,,,,,,,,,,,,,,,,,,,,,,,,,,,,,,,,,,,,,,,,,,,,,,,,,,,,,,,,,,,,,,,,,,,,,,,,,,,,,,,,,,,,,,,,,,,,,,,,,,,,,,,,,,,,,,,,,,,,,,,,,,,,,,,,,,,,,,,,,,,,True,DATA_ACTUAL,,,,actual
700,3,HHI,SCR중,H2863,SCR-7,5,2026-07-17 00:00:00,,2,30,,,,,미정,미정,,,,,,,,,-,,,,,,,,,,미정,6,7,,,실적,,0,,0,,0,,0,,0,,0,,,,0,,,,0,,,,0,,0,,0,,0,,0,,,,,,,,,,,,,,,,,,,,,,,,,,,,,,,,,,,,,,,,,,,,,,,,,,,,,,,,,,,,,,,,,,,,,,,,,,,,,,,,,,,,,,,,,,,,,,,,,,,,,,,,,,,,,,,,,,,,,,,,,,,,,,,,,,,,,,,,,,,,,,,,,,,,,,,,,,,,,,,,,,,,,,,,,,,,,,,,,,,,,,,,,,,,,,,,,,,,,,,,,,,,,,,,,,,,,,,,,,,,,,,,,,,,,,,,,,,,,,,,,,,False,STRUCTURAL,비데이터 행,,,unknown
700,4,HHI,SCR중,H2863,SCR-7,5,2026-07-17 00:00:00,,2,30,,,,,취부,,0,,,,,,,,,,,,,,,,,,미정,6,7,,,LOAD,,,,,,,,,,,,,,,,,,,,,,,,,,,,,,,,,,,,,,,,,,,,,,,,,,,,,,,,,,,,,,,,,,,,,,,,,,,,,,,,,,,,,,,,,,,,,,,,,,,,,,,,,,,,,,,,,,,,,,,,,,,,,,,,,,,,,,,,,,,,,,,,,,,,,,,,,,,,,,,,,,,,,,,,,,,,,,,,,,,,,,,,,,,,,,,,,,,,,,,,,,,,,,,,,,,,,,,,,,,,,,,,,,,,,,,,,,,,,,,,,,,,,,,,,,,,,,,,,,,,,,,,,,,,,,,,,,,False,STRUCTURAL,비데이터 행,,,unknown
700,5,HHI,SCR중,H2863,SCR-7,5,2026-07-17 00:00:00,,2,30,,,,,용접,,0,,,,,,,,,,,,,,,,,,미정,6,7,,,,,,,,,,,,,,,,,,,,,,,,,,,,,,,,,,,,,,,,,,,,,,,,,,,,,,,,,,,,,,,,,,,,,,,,,,,,,,,,,,,,,,,,,,,,,,,,,,,,,,,,,,,,,,,,,,,,,,,,,,,,,,,,,,,,,,,,,,,,,,,,,,,,,,,,,,,,,,,,,,,,,,,,,,,,,,,,,,,,,,,,,,,,,,,,,,,,,,,,,,,,,,,,,,,,,,,,,,,,,,,,,,,,,,,,,,,,,,,,,,,,,,,,,,,,,,,,,,,,,,,,,,,,,,,,,,,,,,False,STRUCTURAL,비데이터 행,,,unknown
700,6,HHI,SCR중,H2863,SCR-7,5,2026-07-17 00:00:00,,2,30,,,,,조립,,6,,,,,,,,,,,,,,,,,,미정,6,7,,,,,,,,,,,,,,,,,,,,,,,,,,,,,,,,,,,,,,,,,,,,,,,,,,,,,,,,,,,,,,,,,,,,,,,,,,,,,,,,,,,,,,,,,,,,,,,,,,,,,,,,,,,,,,,,,,,,,,,,,,,,,,,,,,,,,,,,,,,,,,,,,,,,,,,,,,,,,,,,,,,,,,,,,,,,,,,,,,,,,,,,,,,,,,,,,2,2,2,,,,,,,,,,,,,,,,,,,,,,,,,,,,,,,,,,,,,,,,,,,,,,,,,,,,,,,,,,,,,,,,,,,,,,,,,,,,,,,,,,,False,STRUCTURAL,비데이터 행,,,unknown
700,7,HHI,SCR중,H2863,SCR-7,5,2026-07-17 00:00:00,,2,30,,,,,사상,,0,,,,,,,,,,,,,,,,,,미정,6,7,,,,,,,,,,,,,,,,,,,,,,,,,,,,,,,,,,,,,,,,,,,,,,,,,,,,,,,,,,,,,,,,,,,,,,,,,,,,,,,,,,,,,,,,,,,,,,,,,,,,,,,,,,,,,,,,,,,,,,,,,,,,,,,,,,,,,,,,,,,,,,,,,,,,,,,,,,,,,,,,,,,,,,,,,,,,,,,,,,,,,,,,,,,,,,,,,,,,,,,,,,,,,,,,,,,,,,,,,,,,,,,,,,,,,,,,,,,,,,,,,,,,,,,,,,,,,,,,,,,,,,,,,,,,,,,,,,,,,,False,STRUCTURAL,비데이터 행,,,unknown
700,9,HHI,SCR중,H2863,SCR-7,5,2026-07-17 00:00:00,,2,30,,,,,실적,,,,,,,,,,,,,,,,,,,,미정,6,7,,,,,,,,,,,,,,,,,,,,,,,,,,,,,,,,,,,,,,,,,,,,,,,,,,,,,,,,,,,,,,,,,,,,,,,,,,,,,,,,,,,,,,,,,,,,,,,,,,,,,,,,,,,,,,,,,,,,,,,,,,,,,,,,,,,,,,,,,,,,,,,,,,,,,,,,,,,,,,,,,,,,,,,,,,,,,,,,,,,,,,,,,,,,,,,,,,,,,,,,,,,,,,,,,,,,,,,,,,,,,,,,,,,,,,,,,,,,,,,,,,,,,,,,,,,,,,,,,,,,,,,,,,,,,,,,,,,,,,False,STRUCTURAL,비데이터 행,,,unknown
701,1,BHI,VS,Nairyah #2,VS-5,8,2026-07-20 00:00:00,46120,5,50,,,,,일자,H 남민테크,46055,46062,46065,46085,46097,46097,46111,46120,-,2026-04-15 00:00:00,46139,46141,46146,2026-05-07 00:00:00,46150,0.35,,,H 남민테크,4,7,,,계획,46055,,46062,,46065,,46085,,46086,,46097,,46094,,46120,,46115,,46127,,46122,,46139,,46141,,46146,,46149,,46150,,,D,,,,,,,K,,,발S,,,,,,,,,,,,,,,,,,,,발F,가S,,,,,,,,제S,,-----,가F,-----,-----,-----,-----,,-----,-----,-----,-----,-----,-----,,-----,-----,-----,-----,-----,도S,-----,-----,-----,-----,제F,,조S,,,,,도F,,,,,,,,,,,,조F,,상,,,,,검,,,포,출,,,,,,,,,,,,,,,,,,,,,,,,,,,,,,,,,,,,,,,,,,,,,,,,,,,,,,,,,,,,,,,,,,,,,,,,,납,,,,,,,,,,,,,,,,,,,,,,,,,,,,,,,,,,,,,,,,,,,,,,,,,,,,,,,,,,,,,,,,,,,,,,,,,True,DATA_PLAN,,,,plan
701,2,BHI,VS,Nairyah #2,VS-5,8,2026-07-20 00:00:00,,5,50,,,,5/11→7/20,실행,H 남민테크,46044,46049,46036,46066,완료,완료,46111,,,,,,,,,,,,H 남민테크,4,7,,,,,,,,,,,,,,,,,,,,,,,,,,,,,,,,,,,,,,,,,,,,,,,,,,,,,,,,,,,,,,,,,,,,,,,,,,,,,,,,,,,,,,,,,,,,,,,,,,,,,,,,,,,,,,,,,,,,,,,,,,,,,,,,,,,,,,,,,,,,,,,,,,,,,,,,,,,,,,,,,,,,,,,,,,,,,,,,,,,,,,,,,,,,,,,,,,,,,,,,,,,,,,,,,,,,,,,,,,,,,,,,,,,,,,,,,,,,,,,,,,,,,,,,,,,,,,,,,,,,,,,,,,,,,,,,,,,,,,True,DATA_ACTUAL,,,,actual
701,3,BHI,VS,Nairyah #2,VS-5,8,2026-07-20 00:00:00,,5,50,,,,,H 남민테크,H 남민테크,11,13,29,19,,,0,,-,,,,,,,,,,H 남민테크,4,7,,,실적,,46044,,46049,,46036,,46066,,,,완료,,,,0,,,,0,,,,0,,0,,0,,0,,0,,,,,,,,,,,,,,,,,,,,,,,,,,,,,,,,,,,,,,,,,,,,,,,,,,,,,,,,,,,,,,,,,,,,,,,,,,,,,,,,,,,,,,,,,,,,,,,,,,,,,,,,,,,,,,,,,,,,,,,,,,,,,,,,,,,,,,,,,,,,,,,,,,,,,,,,,,,,,,,,,,,,,,,,,,,,,,,,,,,,,,,,,,,,,,,,,,,,,,,,,,,,,,,,,,,,,,,,,,,,,,,,,,,,,,,,,,,,,,,,,,,False,STRUCTURAL,비데이터 행,,,unknown
701,4,BHI,VS,Nairyah #2,VS-5,8,2026-07-20 00:00:00,,5,50,,,,,취부,,33,,,,,,,,,,,,,,,,,,H 남민테크,4,7,,,LOAD,,,,,,,,,,,,,,,,,,,,,,,,,,,,,,,,,,,,,,,,,,,,,,,,,,,,,,,,,,,,,,,,,,,,,,,,,,,,,,,,,,,,,,,,,,,,,,,,,,2,2,2,3,3,,3,3,3,2,2,2,,2,2,1,1,,,,,,,,,,,,,,,,,,,,,,,,,,,,,,,,,,,,,,,,,,,,,,,,,,,,,,,,,,,,,,,,,,,,,,,,,,,,,,,,,,,,,,,,,,,,,,,,,,,,,,,,,,,,,,,,,,,,,,,,,,,,,,,,,,,,,,,,,,,,,,,,,,,,,,,,,,,,,,,,,False,STRUCTURAL,비데이터 행,,,unknown
701,5,BHI,VS,Nairyah #2,VS-5,8,2026-07-20 00:00:00,,5,50,,,,,용접,,40,,,,,,,,,,,,,,,,,,H 남민테크,4,7,,,,,,,,,,,,,,,,,,,,,,,,,,,,,,,,,,,,,,,,,,,,,,,,,,,,,,,,,,,,,,,,,,,,,,,,,,,,,,,,,,,,,,,,,,,,,,,,,,,,,,2,3,3,3,,3,3,3,3,3,3,,3,3,3,1,1,,,,,,,,,,,,,,,,,,,,,,,,,,,,,,,,,,,,,,,,,,,,,,,,,,,,,,,,,,,,,,,,,,,,,,,,,,,,,,,,,,,,,,,,,,,,,,,,,,,,,,,,,,,,,,,,,,,,,,,,,,,,,,,,,,,,,,,,,,,,,,,,,,,,,,,,,,,,,,,,False,STRUCTURAL,비데이터 행,,,unknown
701,6,BHI,VS,Nairyah #2,VS-5,8,2026-07-20 00:00:00,,5,50,,,,,조립,,33,,,,,,,,,,,,,,,,,,H 남민테크,4,7,,,,,,,,,,,,,,,,,,,,,,,,,,,,,,,,,,,,,,,,,,,,,,,,,,,,,,,,,,,,,,,,,,,,,,,,,,,,,,,,,,,,,,,,,,,,,,,,,,,,,,,2,2,2,,3,3,3,3,3,3,,2,2,2,1,1,1,,,,,,,,,,,,,,,,,,,,,,,,,,,,,,,,,,,,,,,,,,,,,,,,,,,,,,,,,,,,,,,,,,,,,,,,,,,,,,,,,,,,,,,,,,,,,,,,,,,,,,,,,,,,,,,,,,,,,,,,,,,,,,,,,,,,,,,,,,,,,,,,,,,,,,,,,,,,,,,False,STRUCTURAL,비데이터 행,,,unknown
701,7,BHI,VS,Nairyah #2,VS-5,8,2026-07-20 00:00:00,,5,50,,,,,사상,,19,,,,,,,,,,,,,,,,,,H 남민테크,4,7,,,,,,,,,,,,,,,,,,,,,,,,,,,,,,,,,,,,,,,,,,,,,,,,,,,,,,,,,,,,,,,,,,,,,,,,,,,,,,,,,,,,,,,,,,,,,,,,,,,,,,,,2,2,,2,2,1,1,1,1,,1,1,1,1,1,1,,1,,,,,,,,,,,,,,,,,,,,,,,,,,,,,,,,,,,,,,,,,,,,,,,,,,,,,,,,,,,,,,,,,,,,,,,,,,,,,,,,,,,,,,,,,,,,,,,,,,,,,,,,,,,,,,,,,,,,,,,,,,,,,,,,,,,,,,,,,,,,,,,,,,,,,,,,,,,,,False,STRUCTURAL,비데이터 행,,,unknown
701,9,BHI,VS,Nairyah #2,VS-5,8,2026-07-20 00:00:00,,5,50,,,,,실적,,,,,,,,,,,,,,,,,,,,H 남민테크,4,7,,,,,,,,,,,,,,,,,,,,,,,,,,,,,,,,,,,,,,,,,,,,,,,,,,,,,,,,,,,,,,,,,,,,,,,,,,,,,,,,,,,,,,,,,,,,,,,,,,,,,,,,,,,,,,,,,,,,,,,,,,,,,,,,,,,,,,,,,,,,,,,,,,,,,,,,,,,,,,,,,,,,,,,,,,,,,,,,,,,,,,,,,,,,,,,,,,,,,,,,,,,,,,,,,,,,,,,,,,,,,,,,,,,,,,,,,,,,,,,,,,,,,,,,,,,,,,,,,,,,,,,,,,,,,,,,,,,,,,False,STRUCTURAL,비데이터 행,,,unknown
702,1,BHI,VS,Rumah #2,VS-5,8,2026-07-20 00:00:00,46120,5,50,,,,,일자,C 에이스,46055,46062,46065,46085,46097,46097,46111,46120,-,2026-04-15 00:00:00,46139,46141,46146,2026-05-07 00:00:00,46150,0.35,,,C 에이스,4,7,,,계획,46055,,46062,,46065,,46085,,46086,,46097,,46094,,46120,,46115,,46127,,46122,,46139,,46141,,46146,,46149,,46150,,,D,,,,,,,K,,,발S,,,,,,,,,,,,,,,,,,,,발F,가S,,,,,,,,제S,,-----,가F,-----,-----,-----,-----,,-----,-----,-----,-----,-----,-----,,-----,-----,-----,-----,-----,도S,-----,-----,-----,-----,제F,,조S,,,,,도F,,,,,,,,,,,,조F,,상,,,,,검,,,포,출,,,,,,,,,,,,,,,,,,,,,,,,,,,,,,,,,,,,,,,,,,,,,,,,,,,,,,,,,,,,,,,,,,,,,,,,,납,,,,,,,,,,,,,,,,,,,,,,,,,,,,,,,,,,,,,,,,,,,,,,,,,,,,,,,,,,,,,,,,,,,,,,,,,True,DATA_PLAN,,,,plan
702,2,BHI,VS,Rumah #2,VS-5,8,2026-07-20 00:00:00,,5,50,,,,5/11→7/20,실행,C 에이스,46031,46035,46036,46066,46059,46084,46111,,,,,,,,,,,,C 에이스,4,7,,,,,,,,,,,,,,,,,,,,,,,,,,,,,,,,,,,,,,,,,,,,,,,,,,,,,,,,,,,,,,,,,,,,,,,,,,,,,,,,,,,,,,,,,,,,,,,,,,,,,,,,,,,,,,,,,,,,,,,,,,,,,,,,,,,,,,,,,,,,,,,,,,,,,,,,,,,,,,,,,,,,,,,,,,,,,,,,,,,,,,,,,,,,,,,,,,,,,,,,,,,,,,,,,,,,,,,,,,,,,,,,,,,,,,,,,,,,,,,,,,,,,,,,,,,,,,,,,,,,,,,,,,,,,,,,,,,,,,True,DATA_ACTUAL,,,,actual
702,3,BHI,VS,Rumah #2,VS-5,8,2026-07-20 00:00:00,,5,50,,,,,C 에이스,C 에이스,24,27,29,19,38,13,0,,-,,,,,,,,,,C 에이스,4,7,,,실적,,46031,,46035,,46036,,46066,,,,46084,,,,0,,,,0,,,,0,,0,,0,,0,,0,,,,,,,,,,,,,,,,,,,,,,,,,,,,,,,,,,,,,,,,,,,,,,,,,,,,,,,,,,,,,,,,,,,,,,,,,,,,,,,,,,,,,,,,,,,,,,,,,,,,,,,,,,,,,,,,,,,,,,,,,,,,,,,,,,,,,,,,,,,,,,,,,,,,,,,,,,,,,,,,,,,,,,,,,,,,,,,,,,,,,,,,,,,,,,,,,,,,,,,,,,,,,,,,,,,,,,,,,,,,,,,,,,,,,,,,,,,,,,,,,,,False,STRUCTURAL,비데이터 행,,,unknown
702,4,BHI,VS,Rumah #2,VS-5,8,2026-07-20 00:00:00,,5,50,,,,,취부,,33,,,,,,,,,,,,,,,,,,C 에이스,4,7,,,LOAD,,,,,,,,,,,,,,,,,,,,,,,,,,,,,,,,,,,,,,,,,,,,,,,,,,,,,,,,,,,,,,,,,,,,,2,2,2,3,3,3.0,,3,3,2,2,2,2,,2,1,1,,,,,,,,,,,,,,,,,,,,,,,,,,,,,,,,,,,,,,,,,,,,,,,,,,,,,,,,,,,,,,,,,,,,,,,,,,,,,,,,,,,,,,,,,,,,,,,,,,,,,,,,,,,,,,,,,,,,,,,,,,,,,,,,,,,,,,,,,,,,,,,,,,,,,,,,,,,,,,,,,,,,,,,,,,,,,,,,,,,,,,,,,,,,,,False,STRUCTURAL,비데이터 행,,,unknown
702,5,BHI,VS,Rumah #2,VS-5,8,2026-07-20 00:00:00,,5,50,,,,,용접,,40,,,,,,,,,,,,,,,,,,C 에이스,4,7,,,,,,,,,,,,,,,,,,,,,,,,,,,,,,,,,,,,,,,,,,,,,,,,,,,,,,,,,,,,,,,,,,,,,,,,,2,3,3,3,3.0,,3,3,3,3,3,3,,3,3,1,1,,,,,,,,,,,,,,,,,,,,,,,,,,,,,,,,,,,,,,,,,,,,,,,,,,,,,,,,,,,,,,,,,,,,,,,,,,,,,,,,,,,,,,,,,,,,,,,,,,,,,,,,,,,,,,,,,,,,,,,,,,,,,,,,,,,,,,,,,,,,,,,,,,,,,,,,,,,,,,,,,,,,,,,,,,,,,,,,,,,,,,,,,,,,,False,STRUCTURAL,비데이터 행,,,unknown
702,6,BHI,VS,Rumah #2,VS-5,8,2026-07-20 00:00:00,,5,50,,,,,조립,,33,,,,,,,,,,,,,,,,,,C 에이스,4,7,,,,,,,,,,,,,,,,,,,,,,,,,,,,,,,,,,,,,,,,,,,,,,,,,,,,,,,,,,,,,,,,,,,,,,,,,,2,2,2,3.0,,3,3,3,3,3,2,,2,2,1,1,1,,,,,,,,,,,,,,,,,,,,,,,,,,,,,,,,,,,,,,,,,,,,,,,,,,,,,,,,,,,,,,,,,,,,,,,,,,,,,,,,,,,,,,,,,,,,,,,,,,,,,,,,,,,,,,,,,,,,,,,,,,,,,,,,,,,,,,,,,,,,,,,,,,,,,,,,,,,,,,,,,,,,,,,,,,,,,,,,,,,,,,,,,,,,False,STRUCTURAL,비데이터 행,,,unknown
702,7,BHI,VS,Rumah #2,VS-5,8,2026-07-20 00:00:00,,5,50,,,,,사상,,19,,,,,,,,,,,,,,,,,,C 에이스,4,7,,,,,,,,,,,,,,,,,,,,,,,,,,,,,,,,,,,,,,,,,,,,,,,,,,,,,,,,,,,,,,,,,,,,,,,,,,,2,2,2.0,,2,1,1,1,1,1,,1,1,1,1,1,1.0,,,,,,,,,,,,,,,,,,,,,,,,,,,,,,,,,,,,,,,,,,,,,,,,,,,,,,,,,,,,,,,,,,,,,,,,,,,,,,,,,,,,,,,,,,,,,,,,,,,,,,,,,,,,,,,,,,,,,,,,,,,,,,,,,,,,,,,,,,,,,,,,,,,,,,,,,,,,,,,,,,,,,,,,,,,,,,,,,,,,,,,,,,,False,STRUCTURAL,비데이터 행,,,unknown
702,9,BHI,VS,Rumah #2,VS-5,8,2026-07-20 00:00:00,,5,50,,,,,실적,,,,,,,,,,,,,,,,,,,,C 에이스,4,7,,,,,,,,,,,,,,,,,,,,,,,,,,,,,,,,,,,,,,,,,,,,,,,,,,,,,,,,,,,,,,,,,,,,,,,,,,,,,,,,,,,,,,,,,,,,,,,,,,,,,,,,,,,,,,,,,,,,,,,,,,,,,,,,,,,,,,,,,,,,,,,,,,,,,,,,,,,,,,,,,,,,,,,,,,,,,,,,,,,,,,,,,,,,,,,,,,,,,,,,,,,,,,,,,,,,,,,,,,,,,,,,,,,,,,,,,,,,,,,,,,,,,,,,,,,,,,,,,,,,,,,,,,,,,,,,,,,,,,False,STRUCTURAL,비데이터 행,,,unknown
703,1,HHI,GV,3528 #4,VS-1,1,2026-07-20 00:00:00,46203,1,30,,,,FGSS,일자,E 케이테크,46160,46162,46163,46181,46190,46190,46199,46203,-,2026-07-03 00:00:00,46216,46217,46218,2026-07-16 00:00:00,46220,0.25,,,E 케이테크,6,7,,,계획,46160,,46162,,46163,,46181,,46182,,46190,,46191,,46203,,46204,,46206,,46209,,46216,,46217,,46218,,46219,,46220,,,,,,,,,,,,,,,,,,,,,,,,,,,,,,,,,,,,,,,,,,,,,,,,,,,,,,,,,,,,,,,,,,,,,,,,,,,,,,,,,,,,,,,,,,,,,,,,,,,,,,,,,,,,D,,K,발S,,,,,,,,,,,,,,,,,,발F,가S,,,,,,,,가F,제S,-----,-----,-----,-----,-----,-----,-----,-----,-----,-----,-----,제F,도S,,도F,,,조S,,,,,,,조F,상,검,포,출,,,납,,,,,,,,,,,,,,,,,,,,,,,,,,,,,,,,,,,,,,,,,,,,,,,,,,,,,,,,,,,,,,,,,,,,,,,,,True,DATA_PLAN,,,,plan
703,2,HHI,GV,3528 #4,VS-1,1,2026-07-20 00:00:00,,1,30,,,,,실행,E 케이테크,45968,45971,,,,,,,,,,,,,,,,,E 케이테크,6,7,,,,,,,,,,,,,,,,,,,,,,,,,,,,,,,,,,,,,,,,,,,,,,,,,,,,,,,,,,,,,,,,,,,,,,,,,,,,,,,,,,,,,,,,,,,,,,,,,,,,,,,,,,,,,,,,,,,,,,,,,,,,,,,,,,,,,,,,,,,,,,,,,,,,,,,,,,,,,,,,,,,,,,,,,,,,,,,,,,,,,,,,,,,,,,,,,,,,,,,,,,,,,,,,,,,,,,,,,,,,,,,,,,,,,,,,,,,,,,,,,,,,,,,,,,,,,,,,,,,,,,,,,,,,,,,,,,,,,,True,DATA_ACTUAL,,,,actual
703,3,HHI,GV,3528 #4,VS-1,1,2026-07-20 00:00:00,,1,30,,,,,E 케이테크,E 케이테크,192,191,,,,,,,-,,,,,,,,,,E 케이테크,6,7,,,실적,,45968,,45971,,0,,0,,0,,0,,,,0,,,,0,,,,0,,0,,0,,0,,0,,,,,,,,,,,,,,,,,,,,,,,,,,,,,,,,,,,,,,,,,,,,,,,,,,,,,,,,,,,,,,,,,,,,,,,,,,,,,,,,,,,,,,,,,,,,,,,,,,,,,,,,,,,,,,,,,,,,,,,,,,,,,,,,,,,,,,,,,,,,,,,,,,,,,,,,,,,,,,,,,,,,,,,,,,,,,,,,,,,,,,,,,,,,,,,,,,,,,,,,,,,,,,,,,,,,,,,,,,,,,,,,,,,,,,,,,,,,,,,,,,,False,STRUCTURAL,비데이터 행,,,unknown
703,4,HHI,GV,3528 #4,VS-1,1,2026-07-20 00:00:00,,1,30,,,,,취부,,7,,,,,,,,,,,,,,,,,,E 케이테크,6,7,,,LOAD,,,,,,,,,,,,,,,,,,,,,,,,,,,,,,,,,,,,,,,,,,,,,,,,,,,,,,,,,,,,,,,,,,,,,,,,,,,,,,,,,,,,,,,,,,,,,,,,,,,,,,,,,,,,,,,,,,,,,,,,,,,,,,,,,,,,,,,,,,,,,,,,,,,,,,,,,,,,,,,,,,,,,,,,,,,,,,,,,,,,,,,1,1,1,1,,1,1,1,,,,,,,,,,,,,,,,,,,,,,,,,,,,,,,,,,,,,,,,,,,,,,,,,,,,,,,,,,,,,,,,,,,,,,,,,,,,,,,,,,,,,False,STRUCTURAL,비데이터 행,,,unknown
703,5,HHI,GV,3528 #4,VS-1,1,2026-07-20 00:00:00,,1,30,,,,,용접,,6,,,,,,,,,,,,,,,,,,E 케이테크,6,7,,,,,,,,,,,,,,,,,,,,,,,,,,,,,,,,,,,,,,,,,,,,,,,,,,,,,,,,,,,,,,,,,,,,,,,,,,,,,,,,,,,,,,,,,,,,,,,,,,,,,,,,,,,,,,,,,,,,,,,,,,,,,,,,,,,,,,,,,,,,,,,,,,,,,,,,,,,,,,,,,,,,,,,,,,,,,,,,,,,,,,,,,,,,1,1,,1,1,1,1,,,,,,,,,,,,,,,,,,,,,,,,,,,,,,,,,,,,,,,,,,,,,,,,,,,,,,,,,,,,,,,,,,,,,,,,,,,,,,,,,,,,False,STRUCTURAL,비데이터 행,,,unknown
703,6,HHI,GV,3528 #4,VS-1,1,2026-07-20 00:00:00,,1,30,,,,,조립,,4,,,,,,,,,,,,,,,,,,E 케이테크,6,7,,,,,,,,,,,,,,,,,,,,,,,,,,,,,,,,,,,,,,,,,,,,,,,,,,,,,,,,,,,,,,,,,,,,,,,,,,,,,,,,,,,,,,,,,,,,,,,,,,,,,,,,,,,,,,,,,,,,,,,,,,,,,,,,,,,,,,,,,,,,,,,,,,,,,,,,,,,,,,,,,,,,,,,,,,,,,,,,,,,,,,,,,,,,,,,,1,1,1,1,,,,,,,,,,,,,,,,,,,,,,,,,,,,,,,,,,,,,,,,,,,,,,,,,,,,,,,,,,,,,,,,,,,,,,,,,,,,,,,,,,,False,STRUCTURAL,비데이터 행,,,unknown
703,7,HHI,GV,3528 #4,VS-1,1,2026-07-20 00:00:00,,1,30,,,,,사상,,6,,,,,,,,,,,,,,,,,,E 케이테크,6,7,,,,,,,,,,,,,,,,,,,,,,,,,,,,,,,,,,,,,,,,,,,,,,,,,,,,,,,,,,,,,,,,,,,,,,,,,,,,,,,,,,,,,,,,,,,,,,,,,,,,,,,,,,,,,,,,,,,,,,,,,,,,,,,,,,,,,,,,,,,,,,,,,,,,,,,,,,,,,,,,,,,,,,,,,,,,,,,,,,,,,,,,,,,,,,,,,1,1,1,1,,2,,,,,,,,,,,,,,,,,,,,,,,,,,,,,,,,,,,,,,,,,,,,,,,,,,,,,,,,,,,,,,,,,,,,,,,,,,,,,,,,False,STRUCTURAL,비데이터 행,,,unknown
703,9,HHI,GV,3528 #4,VS-1,1,2026-07-20 00:00:00,,1,30,,,,,실적,,,,,,,,,,,,,,,,,,,,E 케이테크,6,7,,,,,,,,,,,,,,,,,,,,,,,,,,,,,,,,,,,,,,,,,,,,,,,,,,,,,,,,,,,,,,,,,,,,,,,,,,,,,,,,,,,,,,,,,,,,,,,,,,,,,,,,,,,,,,,,,,,,,,,,,,,,,,,,,,,,,,,,,,,,,,,,,,,,,,,,,,,,,,,,,,,,,,,,,,,,,,,,,,,,,,,,,,,,,,,,,,,,,,,,,,,,,,,,,,,,,,,,,,,,,,,,,,,,,,,,,,,,,,,,,,,,,,,,,,,,,,,,,,,,,,,,,,,,,,,,,,,,,,False,STRUCTURAL,비데이터 행,,,unknown
704,1,HHI,SCR중,S5615,SCR-7,4,2026-07-20 00:00:00,46198,2,30,,전기,수출,5X5(B)(4),일자,미정,46141,46148,46149,46163,46175,46175,46191,46198,-,2026-07-02 00:00:00,46216,46217,46218,2026-07-16 00:00:00,46220,0%,,,미정,6,7,,,계획,46141,,46148,,46149,,46163,,46164,,46175,,46177,,46198,,46202,,46205,,46206,,46216,,46217,,46218,,46219,,46220,,,,,,,,,,,,,,,,,,,,,,,,,,,,,,,,,,,,,,,,,,,,,,,,,,,,,,,,,,,,,,,,,,,,,,,,,,,,,,,,,,,,,,,,,D,,,,,,,K,발S,,,,,,,,,,,,,,발F,가S,,,,,,,,,,,가F,,제S,-----,-----,-----,-----,-----,-----,-----,-----,-----,-----,-----,-----,-----,-----,-----,-----,-----,-----,-----,-----,제F,,,,도S,,,도F,조S,,,,,,,,,,조F,상,검,포,출,,,납,,,,,,,,,,,,,,,,,,,,,,,,,,,,,,,,,,,,,,,,,,,,,,,,,,,,,,,,,,,,,,,,,,,,,,,,,True,DATA_PLAN,,,,plan
704,2,HHI,SCR중,S5615,SCR-7,4,2026-07-20 00:00:00,,2,30,,,,,실행,미정,,,,,,,,,,,,,,,,,,,미정,6,7,,,,,,,,,,,,,,,,,,,,,,,,,,,,,,,,,,,,,,,,,,,,,,,,,,,,,,,,,,,,,,,,,,,,,,,,,,,,,,,,,,,,,,,,,,,,,,,,,,,,,,,,,,,,,,,,,,,,,,,,,,,,,,,,,,,,,,,,,,,,,,,,,,,,,,,,,,,,,,,,,,,,,,,,,,,,,,,,,,,,,,,,,,,,,,,,,,,,,,,,,,,,,,,,,,,,,,,,,,,,,,,,,,,,,,,,,,,,,,,,,,,,,,,,,,,,,,,,,,,,,,,,,,,,,,,,,,,,,,True,DATA_ACTUAL,,,,actual
704,3,HHI,SCR중,S5615,SCR-7,4,2026-07-20 00:00:00,,2,30,,,,,미정,미정,,,,,,,,,-,,,,,,,,,,미정,6,7,,,실적,,0,,0,,0,,0,,0,,0,,,,0,,,,0,,,,0,,0,,0,,0,,0,,,,,,,,,,,,,,,,,,,,,,,,,,,,,,,,,,,,,,,,,,,,,,,,,,,,,,,,,,,,,,,,,,,,,,,,,,,,,,,,,,,,,,,,,,,,,,,,,,,,,,,,,,,,,,,,,,,,,,,,,,,,,,,,,,,,,,,,,,,,,,,,,,,,,,,,,,,,,,,,,,,,,,,,,,,,,,,,,,,,,,,,,,,,,,,,,,,,,,,,,,,,,,,,,,,,,,,,,,,,,,,,,,,,,,,,,,,,,,,,,,,False,STRUCTURAL,비데이터 행,,,unknown
704,4,HHI,SCR중,S5615,SCR-7,4,2026-07-20 00:00:00,,2,30,,,,,취부,,0,,,,,,,,,,,,,,,,,,미정,6,7,,,LOAD,,,,,,,,,,,,,,,,,,,,,,,,,,,,,,,,,,,,,,,,,,,,,,,,,,,,,,,,,,,,,,,,,,,,,,,,,,,,,,,,,,,,,,,,,,,,,,,,,,,,,,,,,,,,,,,,,,,,,,,,,,,,,,,,,,,,,,,,,,,,,,,,,,,,,,,,,,,,,,,,,,,,,,,,,,,,,,,,,,,,,,,,,,,,,,,,,,,,,,,,,,,,,,,,,,,,,,,,,,,,,,,,,,,,,,,,,,,,,,,,,,,,,,,,,,,,,,,,,,,,,,,,,,,,,,,,,,,False,STRUCTURAL,비데이터 행,,,unknown
704,5,HHI,SCR중,S5615,SCR-7,4,2026-07-20 00:00:00,,2,30,,,,,용접,,0,,,,,,,,,,,,,,,,,,미정,6,7,,,,,,,,,,,,,,,,,,,,,,,,,,,,,,,,,,,,,,,,,,,,,,,,,,,,,,,,,,,,,,,,,,,,,,,,,,,,,,,,,,,,,,,,,,,,,,,,,,,,,,,,,,,,,,,,,,,,,,,,,,,,,,,,,,,,,,,,,,,,,,,,,,,,,,,,,,,,,,,,,,,,,,,,,,,,,,,,,,,,,,,,,,,,,,,,,,,,,,,,,,,,,,,,,,,,,,,,,,,,,,,,,,,,,,,,,,,,,,,,,,,,,,,,,,,,,,,,,,,,,,,,,,,,,,,,,,,,,,False,STRUCTURAL,비데이터 행,,,unknown
704,6,HHI,SCR중,S5615,SCR-7,4,2026-07-20 00:00:00,,2,30,,,,,조립,,6,,,,,,,,,,,,,,,,,,미정,6,7,,,,,,,,,,,,,,,,,,,,,,,,,,,,,,,,,,,,,,,,,,,,,,,,,,,,,,,,,,,,,,,,,,,,,,,,,,,,,,,,,,,,,,,,,,,,,,,,,,,,,,,,,,,,,,,,,,,,,,,,,,,,,,,,,,,,,,,,,,,,,,,,,,,,,,,,,,,,,,,,,,,,,,,,,,,,,,,,,,,,,,,,,,,,,,,,,,,2,2,,2,,,,,,,,,,,,,,,,,,,,,,,,,,,,,,,,,,,,,,,,,,,,,,,,,,,,,,,,,,,,,,,,,,,,,,,,,,,,,,,,False,STRUCTURAL,비데이터 행,,,unknown
704,7,HHI,SCR중,S5615,SCR-7,4,2026-07-20 00:00:00,,2,30,,,,,사상,,0,,,,,,,,,,,,,,,,,,미정,6,7,,,,,,,,,,,,,,,,,,,,,,,,,,,,,,,,,,,,,,,,,,,,,,,,,,,,,,,,,,,,,,,,,,,,,,,,,,,,,,,,,,,,,,,,,,,,,,,,,,,,,,,,,,,,,,,,,,,,,,,,,,,,,,,,,,,,,,,,,,,,,,,,,,,,,,,,,,,,,,,,,,,,,,,,,,,,,,,,,,,,,,,,,,,,,,,,,,,,,,,,,,,,,,,,,,,,,,,,,,,,,,,,,,,,,,,,,,,,,,,,,,,,,,,,,,,,,,,,,,,,,,,,,,,,,,,,,,,,,,False,STRUCTURAL,비데이터 행,,,unknown
704,9,HHI,SCR중,S5615,SCR-7,4,2026-07-20 00:00:00,,2,30,,,,,실적,,,,,,,,,,,,,,,,,,,,미정,6,7,,,,,,,,,,,,,,,,,,,,,,,,,,,,,,,,,,,,,,,,,,,,,,,,,,,,,,,,,,,,,,,,,,,,,,,,,,,,,,,,,,,,,,,,,,,,,,,,,,,,,,,,,,,,,,,,,,,,,,,,,,,,,,,,,,,,,,,,,,,,,,,,,,,,,,,,,,,,,,,,,,,,,,,,,,,,,,,,,,,,,,,,,,,,,,,,,,,,,,,,,,,,,,,,,,,,,,,,,,,,,,,,,,,,,,,,,,,,,,,,,,,,,,,,,,,,,,,,,,,,,,,,,,,,,,,,,,,,,,False,STRUCTURAL,비데이터 행,,,unknown
705,1,BHI,VS,Rabigh #2,VS-2,7,2026-07-20 00:00:00,46196,4,30,,,,,일자,C 에이스,46134,46141,46149,46163,46175,46175,46188,46196,-,2026-06-29 00:00:00,46211,46213,46217,2026-07-16 00:00:00,46220,0%,,,C 에이스,6,7,,,계획,46134,,46141,,46149,,46163,,46164,,46175,,46174,,46196,,46191,,46202,,46197,,46211,,46213,,46217,,46219,,46220,,,,,,,,,,,,,,,,,,,,,,,,,,,,,,,,,,,,,,,,,,,,,,,,,,,,,,,,,,,,,,,,,,,,,,,,,,,,,,,,,,D,,,,,,,K,,,,,,,,발S,,,,,,,,,,,,,,발F,가S,,,,,,,,,,제S,가F,-----,-----,-----,-----,-----,-----,-----,-----,-----,-----,-----,-----,-----,-----,-----,도S,-----,-----,-----,-----,제F,조S,,,,,도F,,,,,,,,,조F,,상,,,,검,,포,출,,,납,,,,,,,,,,,,,,,,,,,,,,,,,,,,,,,,,,,,,,,,,,,,,,,,,,,,,,,,,,,,,,,,,,,,,,,,,True,DATA_PLAN,,,,plan
705,2,BHI,VS,Rabigh #2,VS-2,7,2026-07-20 00:00:00,,4,30,,,,7/1->7/20,실행,C 에이스,,,,,,,,,,,,,,,,,,,C 에이스,6,7,,,,,,,,,,,,,,,,,,,,,,,,,,,,,,,,,,,,,,,,,,,,,,,,,,,,,,,,,,,,,,,,,,,,,,,,,,,,,,,,,,,,,,,,,,,,,,,,,,,,,,,,,,,,,,,,,,,,,,,,,,,,,,,,,,,,,,,,,,,,,,,,,,,,,,,,,,,,,,,,,,,,,,,,,,,,,,,,,,,,,,,,,,,,,,,,,,,,,,,,,,,,,,,,,,,,,,,,,,,,,,,,,,,,,,,,,,,,,,,,,,,,,,,,,,,,,,,,,,,,,,,,,,,,,,,,,,,,,,True,DATA_ACTUAL,,,,actual
705,3,BHI,VS,Rabigh #2,VS-2,7,2026-07-20 00:00:00,,4,30,,,,,C 에이스,C 에이스,,,,,,,,,-,,,,,,,,,,C 에이스,6,7,,,실적,,0,,0,,0,,0,,0,,0,,,,0,,,,0,,,,0,,0,,0,,0,,0,,,,,,,,,,,,,,,,,,,,,,,,,,,,,,,,,,,,,,,,,,,,,,,,,,,,,,,,,,,,,,,,,,,,,,,,,,,,,,,,,,,,,,,,,,,,,,,,,,,,,,,,,,,,,,,,,,,,,,,,2,2,2,3,3,3,3,3,2,2,2,2,2,1,,,,,,,,,,,,,,,,,,,,,,,,,,,,,,,,,,,,,,,,,,,,,,,,,,,,,,,,,,,,,,,,,,,,,,,,,,,,,,,,,,,,,,,,,,,,,,,,,,,,,,,,,,,,,,False,STRUCTURAL,비데이터 행,,,unknown
705,4,BHI,VS,Rabigh #2,VS-2,7,2026-07-20 00:00:00,,4,30,,,,,취부,,30,,,,,,,,,,,,,,,,,,C 에이스,6,7,,,LOAD,,,,,,,,,,,,,,,,,,,,,,,,,,,,,,,,,,,,,,,,,,,,,,,,,,,,,,,,,,,,,,,,,,,,,,,,,,,,,,,,,,,,,,,,,,,,,,,,,,,,,,,,,,,,,,,,,,,,,,,,,,,,,,,,,,,,,,,,,2,,2,2,2,2,3,3,,,3,2,2,,,,,,,2,2,,,1,1,1,,,,,,,,,,,,,,,,,,,,,,,,,,,,,,,,,,,,,,,,,,,,,,,,,,,,,,,,,,,,,,,,,,,,,,,,,,,,,,,,,,,,,,,,,,,,,,,,,,,,,,,,,,,,,,,,,False,STRUCTURAL,비데이터 행,,,unknown
705,5,BHI,VS,Rabigh #2,VS-2,7,2026-07-20 00:00:00,,4,30,,,,,용접,,38,,,,,,,,,,,,,,,,,,C 에이스,6,7,,,,,,,,,,,,,,,,,,,,,,,,,,,,,,,,,,,,,,,,,,,,,,,,,,,,,,,,,,,,,,,,,,,,,,,,,,,,,,,,,,,,,,,,,,,,,,,,,,,,,,,,,,,,,,,,,,,,,,,,,,,,,,,,,,,,,,,,,,,,,,2,2,3,3,3,3,,,3,3,3,,,,,,,3,3,,,3,2,1,1,,,,,,,,,,,,,,,,,,,,,,,,,,,,,,,,,,,,,,,,,,,,,,,,,,,,,,,,,,,,,,,,,,,,,,,,,,,,,,,,,,,,,,,,,,,,,,,,,,,,,,,,,,,,,,,,False,STRUCTURAL,비데이터 행,,,unknown
705,6,BHI,VS,Rabigh #2,VS-2,7,2026-07-20 00:00:00,,4,30,,,,,조립,,31,,,,,,,,,,,,,,,,,,C 에이스,6,7,,,,,,,,,,,,,,,,,,,,,,,,,,,,,,,,,,,,,,,,,,,,,,,,,,,,,,,,,,,,,,,,,,,,,,,,,,,,,,,,,,,,,,,,,,,,,,,,,,,,,,,,,,,,,,,,,,,,,,,,,,,,,,,,,,,,,,,,,,,,,,,2,2,2,2,3,,,3,3,3,,,,,,,3,2,,,2,1,1,1,1,,,,,,,,,,,,,,,,,,,,,,,,,,,,,,,,,,,,,,,,,,,,,,,,,,,,,,,,,,,,,,,,,,,,,,,,,,,,,,,,,,,,,,,,,,,,,,,,,,,,,,,,,,,,,,,False,STRUCTURAL,비데이터 행,,,unknown
705,7,BHI,VS,Rabigh #2,VS-2,7,2026-07-20 00:00:00,,4,30,,,,,사상,,19,,,,,,,,,,,,,,,,,,C 에이스,6,7,,,,,,,,,,,,,,,,,,,,,,,,,,,,,,,,,,,,,,,,,,,,,,,,,,,,,,,,,,,,,,,,,,,,,,,,,,,,,,,,,,,,,,,,,,,,,,,,,,,,,,,,,,,,,,,,,,,,,,,,,,,,,,,,,,,,,,,,,,,,,,,,2,2,2,2,,,1,1,1,,,,,,,1,1,,,1,1,1,1,1,1,,,,,,,,,,,,,,,,,,,,,,,,,,,,,,,,,,,,,,,,,,,,,,,,,,,,,,,,,,,,,,,,,,,,,,,,,,,,,,,,,,,,,,,,,,,,,,,,,,,,,,,,,,,,,,False,STRUCTURAL,비데이터 행,,,unknown
705,9,BHI,VS,Rabigh #2,VS-2,7,2026-07-20 00:00:00,,4,30,,,,,실적,,,,,,,,,,,,,,,,,,,,C 에이스,6,7,,,,,,,,,,,,,,,,,,,,,,,,,,,,,,,,,,,,,,,,,,,,,,,,,,,,,,,,,,,,,,,,,,,,,,,,,,,,,,,,,,,,,,,,,,,,,,,,,,,,,,,,,,,,,,,,,,,,,,,,,,,,,,,,,,,,,,,,,,,,,,,,,,,,,,,,,,,,,,,,,,,,,,,,,,,,,,,,,,,,,,,,,,,,,,,,,,,,,,,,,,,,,,,,,,,,,,,,,,,,,,,,,,,,,,,,,,,,,,,,,,,,,,,,,,,,,,,,,,,,,,,,,,,,,,,,,,,,,,False,STRUCTURAL,비데이터 행,,,unknown
706,1,MHI,ENC,당진,ENC-3,1,2026-07-21 00:00:00,46175,3,100,,,,,일자,미정,46091,46099,46100,46119,46134,46134,46159,46175,-,2026-06-23 00:00:00,46211,46212,46216,2026-07-16 00:00:00,46223,0%,,,미정,6,7,,,계획,46091,,46099,,46100,,46119,,46120,,46134,,46127,,46175,,46183,,46196,,46192,,46211,,46212,,46216,,46219,,46223,,,,,,,,,,,,,,,,,,,,,,,,,,,,,,,,,,,,,,,D,,,,,,,,K,발S,,,,,,,,,,,,,,,,,,,발F,가S,,,,,,,제S,-----,-----,-----,-----,-----,-----,가F,-----,-----,-----,-----,-----,-----,-----,-----,-----,-----,-----,-----,-----,-----,-----,-----,-----,-----,-----,-----,-----,-----,-----,-----,-----,-----,-----,-----,-----,-----,-----,-----,-----,-----,-----,-----,-----,-----,-----,-----,제F,,,,,,,,도S,,,,,,,,,조S,,,,도F,,,,,,,,,,,,,,,조F,상,,,,검,,,포,,,,출,납,,,,,,,,,,,,,,,,,,,,,,,,,,,,,,,,,,,,,,,,,,,,,,,,,,,,,,,,,,,,,,,,,,,,,,,,True,DATA_PLAN,,,,plan
706,2,MHI,ENC,당진,ENC-3,1,2026-07-21 00:00:00,,3,100,,,,15Ton,실행,미정,,,,,,,,,,,,,,,,,,,미정,6,7,,,,,,,,,,,,,,,,,,,,,,,,,,,,,,,,,,,,,,,,,,,,,,,,,,,,,,,,,,,,,,,,,,,,,,,,,,,,,,,,,,,,,,,,,,,,,,,,,,,,,,,,,,,,,,,,,,,,,,,,,,,,,,,,,,,,,,,,,,,,,,,,,,,,,,,,,,,,,,,,,,,,,,,,,,,,,,,,,,,,,,,,,,,,,,,,,,,,,,,,,,,,,,,,,,,,,,,,,,,,,,,,,,,,,,,,,,,,,,,,,,,,,,,,,,,,,,,,,,,,,,,,,,,,,,,,,,,,,,True,DATA_ACTUAL,,,,actual
706,3,MHI,ENC,당진,ENC-3,1,2026-07-21 00:00:00,,3,100,,,,,미정,미정,,,,,,,,,-,,,,,,,,,,미정,6,7,,,실적,,0,,0,,0,,0,,0,,0,,,,0,,,,0,,,,0,,0,,0,,0,,0,,,,,,,,,,,,,,,,,,,,,,,,,,,,,,,,,,,,,,,,,,,,,,,,,,,,,,,,,,,,,,,,,,,,,,,,,,,,,,,,,,,,,,,,,,,,,,,,,,,,,,,,,,,,,,,,,,,,,,,,,,,,,,,,,,,,,,,,,,,,,,,,,,,,,,,,,,,,,,,,,,,,,,,,,,,,,,,,,,,,,,,,,,,,,,,,,,,,,,,,,,,,,,,,,,,,,,,,,,,,,,,,,,,,,,,,,,,,,,,,,,,False,STRUCTURAL,비데이터 행,,,unknown
706,4,MHI,ENC,당진,ENC-3,1,2026-07-21 00:00:00,,3,100,,,,,취부,,0,,,,,,,,,,,,,,,,,,미정,6,7,,,LOAD,,,,,,,,,,,,,,,,,,,,,,,,,,,,,,,,,,,,,,,,,,,,,,,,,,,,,,,,,,,,,,,,,,,,,,,,,,,,,,,,,,,,,,,,,,,,,,,,,,,,,,,,,,,,,,,,,,,,,,,,,,,,,,,,,,,,,,,,,,,,,,,,,,,,,,,,,,,,,,,,,,,,,,,,,,,,,,,,,,,,,,,,,,,,,,,,,,,,,,,,,,,,,,,,,,,,,,,,,,,,,,,,,,,,,,,,,,,,,,,,,,,,,,,,,,,,,,,,,,,,,,,,,,,,,,,,,,,False,STRUCTURAL,비데이터 행,,,unknown
706,5,MHI,ENC,당진,ENC-3,1,2026-07-21 00:00:00,,3,100,,,,,용접,,0,,,,,,,,,,,,,,,,,,미정,6,7,,,,,,,,,,,,,,,,,,,,,,,,,,,,,,,,,,,,,,,,,,,,,,,,,,,,,,,,,,,,,,,,,,,,,,,,,,,,,,,,,,,,,,,,,,,,,,,,,,,,,,,,,,,,,,,,,,,,,,,,,,,,,,,,,,,,,,,,,,,,,,,,,,,,,,,,,,,,,,,,,,,,,,,,,,,,,,,,,,,,,,,,,,,,,,,,,,,,,,,,,,,,,,,,,,,,,,,,,,,,,,,,,,,,,,,,,,,,,,,,,,,,,,,,,,,,,,,,,,,,,,,,,,,,,,,,,,,,,,False,STRUCTURAL,비데이터 행,,,unknown
706,6,MHI,ENC,당진,ENC-3,1,2026-07-21 00:00:00,,3,100,,,,,조립,,76,,,,,,,,,,,,,,,,,,미정,6,7,,,,,,,,,,,,,,,,,,,,,,,,,,,,,,,,,,,,,,,,,,,,,,,,,,,,,,,,,,,,,,,,,,,,,,,,,,,,,,,,,,,,,,,,,,,,,,,,,,,,,,,,,,,,,,,,,,,,,,,,,,,,,,,,,,,,,,,,,,,,,,,,,,,,,,,,,,,,,,,,,,,,,,,,,,,,4,4,4,4,,4,4,4,4,4,4,,4,4,4,4,4,4,,4,4,4,,,,,,,,,,,,,,,,,,,,,,,,,,,,,,,,,,,,,,,,,,,,,,,,,,,,,,,,,,,,,,,,,,,,,,,,,,,,,,,,,,,,,False,STRUCTURAL,비데이터 행,,,unknown
706,7,MHI,ENC,당진,ENC-3,1,2026-07-21 00:00:00,,3,100,,,,,사상,,0,,,,,,,,,,,,,,,,,,미정,6,7,,,,,,,,,,,,,,,,,,,,,,,,,,,,,,,,,,,,,,,,,,,,,,,,,,,,,,,,,,,,,,,,,,,,,,,,,,,,,,,,,,,,,,,,,,,,,,,,,,,,,,,,,,,,,,,,,,,,,,,,,,,,,,,,,,,,,,,,,,,,,,,,,,,,,,,,,,,,,,,,,,,,,,,,,,,,,,,,,,,,,,,,,,,,,,,,,,,,,,,,,,,,,,,,,,,,,,,,,,,,,,,,,,,,,,,,,,,,,,,,,,,,,,,,,,,,,,,,,,,,,,,,,,,,,,,,,,,,,,False,STRUCTURAL,비데이터 행,,,unknown
706,9,MHI,ENC,당진,ENC-3,1,2026-07-21 00:00:00,,3,100,,,,,실적,,,,,,,,,,,,,,,,,,,,미정,6,7,,,,,,,,,,,,,,,,,,,,,,,,,,,,,,,,,,,,,,,,,,,,,,,,,,,,,,,,,,,,,,,,,,,,,,,,,,,,,,,,,,,,,,,,,,,,,,,,,,,,,,,,,,,,,,,,,,,,,,,,,,,,,,,,,,,,,,,,,,,,,,,,,,,,,,,,,,,,,,,,,,,,,,,,,,,,,,,,,,,,,,,,,,,,,,,,,,,,,,,,,,,,,,,,,,,,,,,,,,,,,,,,,,,,,,,,,,,,,,,,,,,,,,,,,,,,,,,,,,,,,,,,,,,,,,,,,,,,,,False,STRUCTURAL,비데이터 행,,,unknown
707,1,한화엔진,GV,H2603,VS-2,3,2026-07-23 00:00:00,46202,1,30,,,,,일자,E 케이테크,46148,46155,46160,46175,46185,46185,46197,46202,-,2026-07-02 00:00:00,46217,46219,46223,2026-07-21 00:00:00,46225,0.25,,,E 케이테크,6,7,,,계획,46148,,46155,,46160,,46175,,46177,,46185,,46188,,46202,,46203,,46205,,46206,,46217,,46219,,46223,,46224,,46225,,,,,,,,,,,,,,,,,,,,,,,,,,,,,,,,,,,,,,,,,,,,,,,,,,,,,,,,,,,,,,,,,,,,,,,,,,,,,,,,,,,,,,,,,,,,,,,,D,,,,,,,K,,,,,발S,,,,,,,,,,,,,,,발F,,가S,,,,,,,,가F,,,제S,-----,-----,-----,-----,-----,-----,-----,-----,-----,-----,-----,-----,-----,제F,도S,,도F,조S,,,,,,,,,,,조F,,상,,,,검,포,출,납,,,,,,,,,,,,,,,,,,,,,,,,,,,,,,,,,,,,,,,,,,,,,,,,,,,,,,,,,,,,,,,,,,,,,,True,DATA_PLAN,,,,plan
707,2,한화엔진,GV,H2603,VS-2,3,2026-07-23 00:00:00,,1,30,,,,,실행,E 케이테크,45853,45854,,,,,,,,,,,,,,,,,E 케이테크,6,7,,,,,,,,,,,,,,,,,,,,,,,,,,,,,,,,,,,,,,,,,,,,,,,,,,,,,,,,,,,,,,,,,,,,,,,,,,,,,,,,,,,,,,,,,,,,,,,,,,,,,,,,,,,,,,,,,,,,,,,,,,,,,,,,,,,,,,,,,,,,,,,,,,,,,,,,,,,,,,,,,,,,,,,,,,,,,,,,,,,,,,,,,,,,,,,,,,,,,,,,,,,,,,,,,,,,,,,,,,,,,,,,,,,,,,,,,,,,,,,,,,,,,,,,,,,,,,,,,,,,,,,,,,,,,,,,,,,,,,True,DATA_ACTUAL,,,,actual
707,3,한화엔진,GV,H2603,VS-2,3,2026-07-23 00:00:00,,1,30,,,,,E 케이테크,E 케이테크,295,301,,,,,,,-,,,,,,,,,,E 케이테크,6,7,,,실적,,45853,,45854,,0,,0,,0,,0,,,,0,,,,0,,,,0,,0,,0,,0,,0,,,,,,,,,,,,,,,,,,,,,,,,,,,,,,,,,,,,,,,,,,,,,,,,,,,,,,,,,,,,,,,,,,,,,,,,,,,,,,,,,,,,,,,,,,,,,,,,,,,,,,,,,,,,,,,,,,,,,,,,,,,,,,,,,,,,,,,,,,,,,,,,,,,,,,,,,,,,,,,,,,,,,,,,,,,,,,,,,,,,,,,,,,,,,,,,,,,,,,,,,,,,,,,,,,,,,,,,,,,,,,,,,,,,,,,,,,,,,,,,,,,False,STRUCTURAL,비데이터 행,,,unknown
707,4,한화엔진,GV,H2603,VS-2,3,2026-07-23 00:00:00,,1,30,,,,,취부,,14,,,,,,,,,,,,,,,,,,E 케이테크,6,7,,,LOAD,,,,,,,,,,,,,,,,,,,,,,,,,,,,,,,,,,,,,,,,,,,,,,,,,,,,,,,,,,,,,,,,,,,,,,,,,,,,,,,,,,,,,,,,,,,,,,,,,,,,,,,,,,,,,,,,,,,,,,,,,,,,,,,,,,,,,,,,,,,,,,,,,,,,,,,,,,,,,,,,,,,,,,,,,,,,,,2,2,2,2,2,1,,1,1,1,,,,,,,,,,,,,,,,,,,,,,,,,,,,,,,,,,,,,,,,,,,,,,,,,,,,,,,,,,,,,,,,,,,,,,,,,,,,,,,,,,,,,,,,,,,,False,STRUCTURAL,비데이터 행,,,unknown
707,5,한화엔진,GV,H2603,VS-2,3,2026-07-23 00:00:00,,1,30,,,,,용접,,15,,,,,,,,,,,,,,,,,,E 케이테크,6,7,,,,,,,,,,,,,,,,,,,,,,,,,,,,,,,,,,,,,,,,,,,,,,,,,,,,,,,,,,,,,,,,,,,,,,,,,,,,,,,,,,,,,,,,,,,,,,,,,,,,,,,,,,,,,,,,,,,,,,,,,,,,,,,,,,,,,,,,,,,,,,,,,,,,,,,,,,,,,,,,,,,,,,,,,,,,,,,,,,2,2,2,2,2,,2,1,1,1,,,,,,,,,,,,,,,,,,,,,,,,,,,,,,,,,,,,,,,,,,,,,,,,,,,,,,,,,,,,,,,,,,,,,,,,,,,,,,,,,,,,,,,,,,,False,STRUCTURAL,비데이터 행,,,unknown
707,6,한화엔진,GV,H2603,VS-2,3,2026-07-23 00:00:00,,1,30,,,,,조립,,10,,,,,,,,,,,,,,,,,,E 케이테크,6,7,,,,,,,,,,,,,,,,,,,,,,,,,,,,,,,,,,,,,,,,,,,,,,,,,,,,,,,,,,,,,,,,,,,,,,,,,,,,,,,,,,,,,,,,,,,,,,,,,,,,,,,,,,,,,,,,,,,,,,,,,,,,,,,,,,,,,,,,,,,,,,,,,,,,,,,,,,,,,,,,,,,,,,,,,,,,,,,,,,,,2,2,1,,1,1,1,1,1,,,,,,,,,,,,,,,,,,,,,,,,,,,,,,,,,,,,,,,,,,,,,,,,,,,,,,,,,,,,,,,,,,,,,,,,,,,,,,,,,,,,,,,,,,False,STRUCTURAL,비데이터 행,,,unknown
707,7,한화엔진,GV,H2603,VS-2,3,2026-07-23 00:00:00,,1,30,,,,,사상,,13,,,,,,,,,,,,,,,,,,E 케이테크,6,7,,,,,,,,,,,,,,,,,,,,,,,,,,,,,,,,,,,,,,,,,,,,,,,,,,,,,,,,,,,,,,,,,,,,,,,,,,,,,,,,,,,,,,,,,,,,,,,,,,,,,,,,,,,,,,,,,,,,,,,,,,,,,,,,,,,,,,,,,,,,,,,,,,,,,,,,,,,,,,,,,,,,,,,,,,,,,,,,,,,,2,2,1,,1,1,1,1,1,1,,,2,,,,,,,,,,,,,,,,,,,,,,,,,,,,,,,,,,,,,,,,,,,,,,,,,,,,,,,,,,,,,,,,,,,,,,,,,,,,,,,,,,,,,,False,STRUCTURAL,비데이터 행,,,unknown
707,9,한화엔진,GV,H2603,VS-2,3,2026-07-23 00:00:00,,1,30,,,,,실적,,,,,,,,,,,,,,,,,,,,E 케이테크,6,7,,,,,,,,,,,,,,,,,,,,,,,,,,,,,,,,,,,,,,,,,,,,,,,,,,,,,,,,,,,,,,,,,,,,,,,,,,,,,,,,,,,,,,,,,,,,,,,,,,,,,,,,,,,,,,,,,,,,,,,,,,,,,,,,,,,,,,,,,,,,,,,,,,,,,,,,,,,,,,,,,,,,,,,,,,,,,,,,,,,,,,,,,,,,,,,,,,,,,,,,,,,,,,,,,,,,,,,,,,,,,,,,,,,,,,,,,,,,,,,,,,,,,,,,,,,,,,,,,,,,,,,,,,,,,,,,,,,,,,False,STRUCTURAL,비데이터 행,,,unknown
708,1,HHI,EGP,H2864,EGP-2,5,2026-07-24 00:00:00,46195,4,20,,,,"8H_2,7H_2,9H_1set",일자,F JK플랜트,46135,46142,46148,46162,46174,46174,46188,46195,-,2026-06-30 00:00:00,46220,46223,46224,2026-07-22 00:00:00,46226,0%,,,F JK플랜트,6,7,,,계획,46135,,46142,,46148,,46162,,46163,,46174,,46175,,46195,,46198,,46203,,46202,,46220,,46223,,46224,,46225,,46226,,,,,,,,,,,,,,,,,,,,,,,,,,,,,,,,,,,,,,,,,,,,,,,,,,,,,,,,,,,,,,,,,,,,,,,,,,,,,,,,,,,D,,,,,,,K,,,,,,발S,,,,,,,,,,,,,,발F,가S,,,,,,,,,,,가F,제S,-----,-----,-----,-----,-----,-----,-----,-----,-----,-----,-----,-----,-----,-----,-----,-----,-----,-----,-----,제F,,,도S,,,,조S,도F,,,,,,,,,,,,,,,,,조F,,,상,검,포,출,납,,,,,,,,,,,,,,,,,,,,,,,,,,,,,,,,,,,,,,,,,,,,,,,,,,,,,,,,,,,,,,,,,,,,,True,DATA_PLAN,,,,plan
708,2,HHI,EGP,H2864,EGP-2,5,2026-07-24 00:00:00,,4,20,,,,9/11->7/3→7/24,실행,F JK플랜트,,,,,,,,,,,,,,,,,,,F JK플랜트,6,7,,,,,,,,,,,,,,,,,,,,,,,,,,,,,,,,,,,,,,,,,,,,,,,,,,,,,,,,,,,,,,,,,,,,,,,,,,,,,,,,,,,,,,,,,,,,,,,,,,,,,,,,,,,,,,,,,,,,,,,,,,,,,,,,,,,,,,,,,,,,,,,,,,,,,,,,,,,,,,,,,,,,,,,,,,,,,,,,,,,,,,,,,,,,,,,,,,,,,,,,,,,,,,,,,,,,,,,,,,,,,,,,,,,,,,,,,,,,,,,,,,,,,,,,,,,,,,,,,,,,,,,,,,,,,,,,,,,,,,True,DATA_ACTUAL,,,,actual
708,3,HHI,EGP,H2864,EGP-2,5,2026-07-24 00:00:00,,4,20,,,,,F JK플랜트,F JK플랜트,,,,,,,,,-,,,,,,,,,,F JK플랜트,6,7,,,실적,,0,,0,,0,,0,,,,0,,,,0,,,,0,,,,0,,0,,0,,0,,0,,,,,,,,,,,,,,,,,,,,,,,,,,,,,,,,,,,,,,,,,,,,,,,,,,,,,,,,,,,,,,,,,,,,,,,,,,,,,,,,,,,,,,,,,,,,,,,,,,,,,,,,,,,,,,,,,,,,,,,,,,,,,,,,,,,,,,,,,,,,,,,,,,,,,,,,,,,,,,,,,,,,,,,,,,,,,,,,,,,,,,,,,,,,,,,,,,,,,,,,,,,,,,,,,,,,,,,,,,,,,,,,,,,,,,,,,,,,,,,,,,,False,STRUCTURAL,비데이터 행,,,unknown
708,4,HHI,EGP,H2864,EGP-2,5,2026-07-24 00:00:00,,4,20,,,,,취부,,14,,,,,,,,,,,,,,,,,,F JK플랜트,6,7,,,LOAD,,,,,,,,,,,,,,,,,,,,,,,,,,,,,,,,,,,,,,,,,,,,,,,,,,,,,,,,,,,,,,,,,,,,,,,,,,,,,,,,,,,,,,,,,,,,,,,,,,,,,,,,,,,,,,,,,,,,,,,,,,,,,,,,,,,,,,,,,,,,,,,,,,,,,,,,,,,,,,,,,,,,,,,,2,2,2,2,2,,2,2,,,,,,,,,,,,,,,,,,,,,,,,,,,,,,,,,,,,,,,,,,,,,,,,,,,,,,,,,,,,,,,,,,,,,,,,,,,,,,,,,,,,,,,,,,,,,,,,,,,,False,STRUCTURAL,비데이터 행,,,unknown
708,5,HHI,EGP,H2864,EGP-2,5,2026-07-24 00:00:00,,4,20,,,,,용접,,15,,,,,,,,,,,,,,,,,,F JK플랜트,6,7,,,,,,,,,,,,,,,,,,,,,,,,,,,,,,,,,,,,,,,,,,,,,,,,,,,,,,,,,,,,,,,,,,,,,,,,,,,,,,,,,,,,,,,,,,,,,,,,,,,,,,,,,,,,,,,,,,,,,,,,,,,,,,,,,,,,,,,,,,,,,,,,,,,,,,,,,,,,,,,,,,,,,,,,,,,,2,2,2,2,,2,2,2,1,,,,,,,,,,,,,,,,,,,,,,,,,,,,,,,,,,,,,,,,,,,,,,,,,,,,,,,,,,,,,,,,,,,,,,,,,,,,,,,,,,,,,,,,,,,,,,,,,,False,STRUCTURAL,비데이터 행,,,unknown
708,6,HHI,EGP,H2864,EGP-2,5,2026-07-24 00:00:00,,4,20,,,,,조립,,19,,,,,,,,,,,,,,,,,,F JK플랜트,6,7,,,,,,,,,,,,,,,,,,,,,,,,,,,,,,,,,,,,,,,,,,,,,,,,,,,,,,,,,,,,,,,,,,,,,,,,,,,,,,,,,,,,,,,,,,,,,,,,,,,,,,,,,,,,,,,,,,,,,,,,,,,,,,,,,,,,,,,,,,,,,,,,,,,,,,,,,,,,,,,,,,,,,,,,,,,,,2,2,2,,2,2,2,2,1,,,,,,,,,,2,2,,,,,,,,,,,,,,,,,,,,,,,,,,,,,,,,,,,,,,,,,,,,,,,,,,,,,,,,,,,,,,,,,,,,,,,,,,,,,,,,,,,,,,False,STRUCTURAL,비데이터 행,,,unknown
708,7,HHI,EGP,H2864,EGP-2,5,2026-07-24 00:00:00,,4,20,,,,,사상,,13,,,,,,,,,,,,,,,,,,F JK플랜트,6,7,,,,,,,,,,,,,,,,,,,,,,,,,,,,,,,,,,,,,,,,,,,,,,,,,,,,,,,,,,,,,,,,,,,,,,,,,,,,,,,,,,,,,,,,,,,,,,,,,,,,,,,,,,,,,,,,,,,,,,,,,,,,,,,,,,,,,,,,,,,,,,,,,,,,,,,,,,,,,,,,,,,,,,,,,,,,,,2,2,,2,2,2,1,1,1,,,,,,,,,,,,,,,,,,,,,,,,,,,,,,,,,,,,,,,,,,,,,,,,,,,,,,,,,,,,,,,,,,,,,,,,,,,,,,,,,,,,,,,,,,,,,,,,False,STRUCTURAL,비데이터 행,,,unknown
708,9,HHI,EGP,H2864,EGP-2,5,2026-07-24 00:00:00,,4,20,,,,,실적,,,,,,,,,,,,,,,,,,,,F JK플랜트,6,7,,,,,,,,,,,,,,,,,,,,,,,,,,,,,,,,,,,,,,,,,,,,,,,,,,,,,,,,,,,,,,,,,,,,,,,,,,,,,,,,,,,,,,,,,,,,,,,,,,,,,,,,,,,,,,,,,,,,,,,,,,,,,,,,,,,,,,,,,,,,,,,,,,,,,,,,,,,,,,,,,,,,,,,,,,,,,,,,,,,,,,,,,,,,,,,,,,,,,,,,,,,,,,,,,,,,,,,,,,,,,,,,,,,,,,,,,,,,,,,,,,,,,,,,,,,,,,,,,,,,,,,,,,,,,,,,,,,,,,False,STRUCTURAL,비데이터 행,,,unknown
709,1,HHI,SCR중,3583,SCR-7,5,2026-07-24 00:00:00,46204,2,30,,전기,수출,5X5(B),일자,미정,46153,46155,46156,46171,46182,46182,46197,46204,-,2026-07-08 00:00:00,46220,46223,46224,2026-07-22 00:00:00,46226,0%,,,미정,7,7,,,계획,46153,,46155,,46156,,46171,,46174,,46182,,46183,,46204,,46206,,46211,,46212,,46220,,46223,,46224,,46225,,46226,,,,,,,,,,,,,,,,,,,,,,,,,,,,,,,,,,,,,,,,,,,,,,,,,,,,,,,,,,,,,,,,,,,,,,,,,,,,,,,,,,,,,,,,,,,,,,,,,,,,,D,,K,발S,,,,,,,,,,,,,,,발F,,,가S,,,,,,,,가F,제S,-----,-----,-----,-----,-----,-----,-----,-----,-----,-----,-----,-----,-----,-----,-----,-----,-----,-----,-----,-----,제F,,도S,,,,,도F,조S,,,,,,,,조F,,,상,검,포,출,납,,,,,,,,,,,,,,,,,,,,,,,,,,,,,,,,,,,,,,,,,,,,,,,,,,,,,,,,,,,,,,,,,,,,,True,DATA_PLAN,,,,plan
709,2,HHI,SCR중,3583,SCR-7,5,2026-07-24 00:00:00,,2,30,,,,,실행,미정,,,,,,,,,,,,,,,,,,,미정,7,7,,,,,,,,,,,,,,,,,,,,,,,,,,,,,,,,,,,,,,,,,,,,,,,,,,,,,,,,,,,,,,,,,,,,,,,,,,,,,,,,,,,,,,,,,,,,,,,,,,,,,,,,,,,,,,,,,,,,,,,,,,,,,,,,,,,,,,,,,,,,,,,,,,,,,,,,,,,,,,,,,,,,,,,,,,,,,,,,,,,,,,,,,,,,,,,,,,,,,,,,,,,,,,,,,,,,,,,,,,,,,,,,,,,,,,,,,,,,,,,,,,,,,,,,,,,,,,,,,,,,,,,,,,,,,,,,,,,,,,True,DATA_ACTUAL,,,,actual
709,3,HHI,SCR중,3583,SCR-7,5,2026-07-24 00:00:00,,2,30,,,,,미정,미정,,,,,,,,,-,,,,,,,,,,미정,7,7,,,실적,,0,,0,,0,,0,,0,,0,,,,0,,,,0,,,,0,,0,,0,,0,,0,,,,,,,,,,,,,,,,,,,,,,,,,,,,,,,,,,,,,,,,,,,,,,,,,,,,,,,,,,,,,,,,,,,,,,,,,,,,,,,,,,,,,,,,,,,,,,,,,,,,,,,,,,,,,,,,,,,,,,,,,,,,,,,,,,,,,,,,,,,,,,,,,,,,,,,,,,,,,,,,,,,,,,,,,,,,,,,,,,,,,,,,,,,,,,,,,,,,,,,,,,,,,,,,,,,,,,,,,,,,,,,,,,,,,,,,,,,,,,,,,,,False,STRUCTURAL,비데이터 행,,,unknown
709,4,HHI,SCR중,3583,SCR-7,5,2026-07-24 00:00:00,,2,30,,,,,취부,,0,,,,,,,,,,,,,,,,,,미정,7,7,,,LOAD,,,,,,,,,,,,,,,,,,,,,,,,,,,,,,,,,,,,,,,,,,,,,,,,,,,,,,,,,,,,,,,,,,,,,,,,,,,,,,,,,,,,,,,,,,,,,,,,,,,,,,,,,,,,,,,,,,,,,,,,,,,,,,,,,,,,,,,,,,,,,,,,,,,,,,,,,,,,,,,,,,,,,,,,,,,,,,,,,,,,,,,,,,,,,,,,,,,,,,,,,,,,,,,,,,,,,,,,,,,,,,,,,,,,,,,,,,,,,,,,,,,,,,,,,,,,,,,,,,,,,,,,,,,,,,,,,,,False,STRUCTURAL,비데이터 행,,,unknown
709,5,HHI,SCR중,3583,SCR-7,5,2026-07-24 00:00:00,,2,30,,,,,용접,,0,,,,,,,,,,,,,,,,,,미정,7,7,,,,,,,,,,,,,,,,,,,,,,,,,,,,,,,,,,,,,,,,,,,,,,,,,,,,,,,,,,,,,,,,,,,,,,,,,,,,,,,,,,,,,,,,,,,,,,,,,,,,,,,,,,,,,,,,,,,,,,,,,,,,,,,,,,,,,,,,,,,,,,,,,,,,,,,,,,,,,,,,,,,,,,,,,,,,,,,,,,,,,,,,,,,,,,,,,,,,,,,,,,,,,,,,,,,,,,,,,,,,,,,,,,,,,,,,,,,,,,,,,,,,,,,,,,,,,,,,,,,,,,,,,,,,,,,,,,,,,,False,STRUCTURAL,비데이터 행,,,unknown
709,6,HHI,SCR중,3583,SCR-7,5,2026-07-24 00:00:00,,2,30,,,,,조립,,6,,,,,,,,,,,,,,,,,,미정,7,7,,,,,,,,,,,,,,,,,,,,,,,,,,,,,,,,,,,,,,,,,,,,,,,,,,,,,,,,,,,,,,,,,,,,,,,,,,,,,,,,,,,,,,,,,,,,,,,,,,,,,,,,,,,,,,,,,,,,,,,,,,,,,,,,,,,,,,,,,,,,,,,,,,,,,,,,,,,,,,,,,,,,,,,,,,,,,,,,,,,,,,,,,,,,,,,,,,,,,,,,2,2,2,,,,,,,,,,,,,,,,,,,,,,,,,,,,,,,,,,,,,,,,,,,,,,,,,,,,,,,,,,,,,,,,,,,,,,,,,,,,False,STRUCTURAL,비데이터 행,,,unknown
709,7,HHI,SCR중,3583,SCR-7,5,2026-07-24 00:00:00,,2,30,,,,,사상,,0,,,,,,,,,,,,,,,,,,미정,7,7,,,,,,,,,,,,,,,,,,,,,,,,,,,,,,,,,,,,,,,,,,,,,,,,,,,,,,,,,,,,,,,,,,,,,,,,,,,,,,,,,,,,,,,,,,,,,,,,,,,,,,,,,,,,,,,,,,,,,,,,,,,,,,,,,,,,,,,,,,,,,,,,,,,,,,,,,,,,,,,,,,,,,,,,,,,,,,,,,,,,,,,,,,,,,,,,,,,,,,,,,,,,,,,,,,,,,,,,,,,,,,,,,,,,,,,,,,,,,,,,,,,,,,,,,,,,,,,,,,,,,,,,,,,,,,,,,,,,,,False,STRUCTURAL,비데이터 행,,,unknown
709,9,HHI,SCR중,3583,SCR-7,5,2026-07-24 00:00:00,,2,30,,,,,실적,,,,,,,,,,,,,,,,,,,,미정,7,7,,,,,,,,,,,,,,,,,,,,,,,,,,,,,,,,,,,,,,,,,,,,,,,,,,,,,,,,,,,,,,,,,,,,,,,,,,,,,,,,,,,,,,,,,,,,,,,,,,,,,,,,,,,,,,,,,,,,,,,,,,,,,,,,,,,,,,,,,,,,,,,,,,,,,,,,,,,,,,,,,,,,,,,,,,,,,,,,,,,,,,,,,,,,,,,,,,,,,,,,,,,,,,,,,,,,,,,,,,,,,,,,,,,,,,,,,,,,,,,,,,,,,,,,,,,,,,,,,,,,,,,,,,,,,,,,,,,,,,False,STRUCTURAL,비데이터 행,,,unknown
710,1,STXE,REACTOR,H1634,STX-1,4,2026-07-24 00:00:00,46209,1,30,,,,,일자,C 에이스,46099,46101,46104,46171,46183,46183,46200,46209,-,2026-07-13 00:00:00,46220,46223,46224,2026-07-22 00:00:00,46226,0.2,,,C 에이스,7,7,,,계획,46099,,46101,,46104,,46171,,46174,,46183,,46184,,46209,,46210,,46216,,46217,,46220,,46223,,46224,,46225,,46226,,,,,,,,,,,,,,,,,,,,,,,,,,,,,,,,,,,,,,,,,,,,,,,D,,K,,,발S,,,,,,,,,,,,,,,,,,,,,,,,,,,,,,,,,,,,,,,,,,,,,,,,,,,,,,,,,,,,,,,,,,,발F,,,가S,,,,,,,,,가F,제S,-----,-----,-----,-----,-----,-----,-----,-----,-----,-----,-----,-----,-----,-----,-----,-----,-----,-----,-----,-----,-----,-----,-----,-----,제F,도S,,,,,,도F,조S,,,조F,,,상,검,포,출,납,,,,,,,,,,,,,,,,,,,,,,,,,,,,,,,,,,,,,,,,,,,,,,,,,,,,,,,,,,,,,,,,,,,,,True,DATA_PLAN,,,,plan
710,2,STXE,REACTOR,H1634,STX-1,4,2026-07-24 00:00:00,,1,30,,,,,실행,C 에이스,46035,,,,,,,,,,,,,,,,,,C 에이스,7,7,,,,,,,,,,,,,,,,,,,,,,,,,,,,,,,,,,,,,,,,,,,,,,,,,,,,,,,,,,,,,,,,,,,,,,,,,,,,,,,,,,,,,,,,,,,,,,,,,,,,,,,,,,,,,,,,,,,,,,,,,,,,,,,,,,,,,,,,,,,,,,,,,,,,,,,,,,,,,,,,,,,,,,,,,,,,,,,,,,,,,,,,,,,,,,,,,,,,,,,,,,,,,,,,,,,,,,,,,,,,,,,,,,,,,,,,,,,,,,,,,,,,,,,,,,,,,,,,,,,,,,,,,,,,,,,,,,,,,,True,DATA_ACTUAL,,,,actual
710,3,STXE,REACTOR,H1634,STX-1,4,2026-07-24 00:00:00,,1,30,,,,,C 에이스,C 에이스,64,,,,,,,,-,,,,,,,,,,C 에이스,7,7,,,실적,,46035,,0,,0,,0,,0,,0,,,,0,,,,0,,,,0,,0,,0,,0,,0,,,,,,,,,,,,,,,,,,,,,,,,,,,,,,,,,,,,,,,,,,,,,,,,,,,,,,,,,,,,,,,,,,,,,,,,,,,,,,,,,,,,,,,,,,,,,,,,,,,,,,,,,,,,,,,,,,,,,,,,,,,,,,,,,,,,,,,,,,,,,,,,,,,,,,,,,,,,,,,,,,,,,,,,,,,,,,,,,,,,,,,,,,,,,,,,,,,,,,,,,,,,,,,,,,,,,,,,,,,,,,,,,,,,,,,,,,,,,,,,,,,False,STRUCTURAL,비데이터 행,,,unknown
710,4,STXE,REACTOR,H1634,STX-1,4,2026-07-24 00:00:00,,1,30,,,,,취부,,0,,,,,,,,,,,,,,,,,,C 에이스,7,7,,,LOAD,,,,,,,,,,,,,,,,,,,,,,,,,,,,,,,,,,,,,,,,,,,,,,,,,,,,,,,,,,,,,,,,,,,,,,,,,,,,,,,,,,,,,,,,,,,,,,,,,,,,,,,,,,,,,,,,,,,,,,,,,,,,,,,,,,,,,,,,,,,,,,,,,,,,,,,,,,,,,,,,,,,,,,,,,,,,,,,,,,,,,,,,,,,,,,,,,,,,,,,,,,,,,,,,,,,,,,,,,,,,,,,,,,,,,,,,,,,,,,,,,,,,,,,,,,,,,,,,,,,,,,,,,,,,,,,,,,,False,STRUCTURAL,비데이터 행,,,unknown
710,5,STXE,REACTOR,H1634,STX-1,4,2026-07-24 00:00:00,,1,30,,,,,용접,,0,,,,,,,,,,,,,,,,,,C 에이스,7,7,,,,,,,,,,,,,,,,,,,,,,,,,,,,,,,,,,,,,,,,,,,,,,,,,,,,,,,,,,,,,,,,,,,,,,,,,,,,,,,,,,,,,,,,,,,,,,,,,,,,,,,,,,,,,,,,,,,,,,,,,,,,,,,,,,,,,,,,,,,,,,,,,,,,,,,,,,,,,,,,,,,,,,,,,,,,,,,,,,,,,,,,,,,,,,,,,,,,,,,,,,,,,,,,,,,,,,,,,,,,,,,,,,,,,,,,,,,,,,,,,,,,,,,,,,,,,,,,,,,,,,,,,,,,,,,,,,,,,,False,STRUCTURAL,비데이터 행,,,unknown
710,6,STXE,REACTOR,H1634,STX-1,4,2026-07-24 00:00:00,,1,30,,,,,조립,,6,,,,,,,,,,,,,,,,,,C 에이스,7,7,,,,,,,,,,,,,,,,,,,,,,,,,,,,,,,,,,,,,,,,,,,,,,,,,,,,,,,,,,,,,,,,,,,,,,,,,,,,,,,,,,,,,,,,,,,,,,,,,,,,,,,,,,,,,,,,,,,,,,,,,,,,,,,,,,,,,,,,,,,,,,,,,,,,,,,,,,,,,,,,,,,,,,,,,,,,,,,,,,,,,,,,,,,,,,,,,,,,,,,,2,2,2,,,,,,,,,,,,,,,,,,,,,,,,,,,,,,,,,,,,,,,,,,,,,,,,,,,,,,,,,,,,,,,,,,,,,,,,,,,,False,STRUCTURAL,비데이터 행,,,unknown
710,7,STXE,REACTOR,H1634,STX-1,4,2026-07-24 00:00:00,,1,30,,,,,사상,,2,,,,,,,,,,,,,,,,,,C 에이스,7,7,,,,,,,,,,,,,,,,,,,,,,,,,,,,,,,,,,,,,,,,,,,,,,,,,,,,,,,,,,,,,,,,,,,,,,,,,,,,,,,,,,,,,,,,,,,,,,,,,,,,,,,,,,,,,,,,,,,,,,,,,,,,,,,,,,,,,,,,,,,,,,,,,,,,,,,,,,,,,,,,,,,,,,,,,,,,,,,,,,,,,,,,,,,,,,,,,,,,,,,1,1,,,,,,,,,,,,,,,,,,,,,,,,,,,,,,,,,,,,,,,,,,,,,,,,,,,,,,,,,,,,,,,,,,,,,,,,,,,,,,False,STRUCTURAL,비데이터 행,,,unknown
710,9,STXE,REACTOR,H1634,STX-1,4,2026-07-24 00:00:00,,1,30,,,,,실적,,,,,,,,,,,,,,,,,,,,C 에이스,7,7,,,,,,,,,,,,,,,,,,,,,,,,,,,,,,,,,,,,,,,,,,,,,,,,,,,,,,,,,,,,,,,,,,,,,,,,,,,,,,,,,,,,,,,,,,,,,,,,,,,,,,,,,,,,,,,,,,,,,,,,,,,,,,,,,,,,,,,,,,,,,,,,,,,,,,,,,,,,,,,,,,,,,,,,,,,,,,,,,,,,,,,,,,,,,,,,,,,,,,,,,,,,,,,,,,,,,,,,,,,,,,,,,,,,,,,,,,,,,,,,,,,,,,,,,,,,,,,,,,,,,,,,,,,,,,,,,,,,,,False,STRUCTURAL,비데이터 행,,,unknown
711,1,HHI,EGP,CHB2048,EGP-2,5,2026-07-27 00:00:00,46196,4,20,,,,"6H_2,9H_3",일자,F JK플랜트,46136,46148,46149,46163,46175,46175,46189,46196,-,2026-07-01 00:00:00,46223,46224,46225,2026-07-23 00:00:00,46227,0.25,,,F JK플랜트,6,7,,,계획,46136,,46148,,46149,,46163,,46164,,46175,,46177,,46196,,46199,,46204,,46203,,46223,,46224,,46225,,46226,,46227,,,,,,,,,,,,,,,,,,,,,,,,,,,,,,,,,,,,,,,,,,,,,,,,,,,,,,,,,,,,,,,,,,,,,,,,,,,,,,,,,,,,D,,,,,,,,,,,,K,발S,,,,,,,,,,,,,,발F,가S,,,,,,,,,,,가F,,제S,-----,-----,-----,-----,-----,-----,-----,-----,-----,-----,-----,-----,-----,-----,-----,-----,-----,-----,제F,,,도S,,,,조S,도F,,,,,,,,,,,,,,,,,,,조F,상,검,포,출,,,납,,,,,,,,,,,,,,,,,,,,,,,,,,,,,,,,,,,,,,,,,,,,,,,,,,,,,,,,,,,,,,,,,,True,DATA_PLAN,,,,plan
711,2,HHI,EGP,CHB2048,EGP-2,5,2026-07-27 00:00:00,,4,20,,,,,실행,F JK플랜트,46099,46101,,,,,,,,,,,,,,,,,F JK플랜트,6,7,,,,,,,,,,,,,,,,,,,,,,,,,,,,,,,,,,,,,,,,,,,,,,,,,,,,,,,,,,,,,,,,,,,,,,,,,,,,,,,,,,,,,,,,,,,,,,,,,,,,,,,,,,,,,,,,,,,,,,,,,,,,,,,,,,,,,,,,,,,,,,,,,,,,,,,,,,,,,,,,,,,,,,,,,,,,,,,,,,,,,,,,,,,,,,,,,,,,,,,,,,,,,,,,,,,,,,,,,,,,,,,,,,,,,,,,,,,,,,,,,,,,,,,,,,,,,,,,,,,,,,,,,,,,,,,,,,,,,,True,DATA_ACTUAL,,,,actual
711,3,HHI,EGP,CHB2048,EGP-2,5,2026-07-27 00:00:00,,4,20,,,,,F JK플랜트,F JK플랜트,37,47,,,,,,,-,,,,,,,,,,F JK플랜트,6,7,,,실적,,46099,,46101,,0,,0,,,,0,,,,0,,,,0,,,,0,,0,,0,,0,,0,,,,,,,,,,,,,,,,,,,,,,,,,,,,,,,,,,,,,,,,,,,,,,,,,,,,,,,,,,,,,,,,,,,,,,,,,,,,,,,,,,,,,,,,,,,,,,,,,,,,,,,,,,,,,,,,,,,,,,,,,,,,,,,,,,,,,,,,,,,,,,,,,,,,,,,,,,,,,,,,,,,,,,,,,,,,,,,,,,,,,,,,,,,,,,,,,,,,,,,,,,,,,,,,,,,,,,,,,,,,,,,,,,,,,,,,,,,,,,,,,,,False,STRUCTURAL,비데이터 행,,,unknown
711,4,HHI,EGP,CHB2048,EGP-2,5,2026-07-27 00:00:00,,4,20,,,,,취부,,14,,,,,,,,,,,,,,,,,,F JK플랜트,6,7,,,LOAD,,,,,,,,,,,,,,,,,,,,,,,,,,,,,,,,,,,,,,,,,,,,,,,,,,,,,,,,,,,,,,,,,,,,,,,,,,,,,,,,,,,,,,,,,,,,,,,,,,,,,,,,,,,,,,,,,,,,,,,,,,,,,,,,,,,,,,,,,,,,,,,,,,,,,,,,,,,,,,,,,,,,,,,,,,,,,,,,,,,,2,2,2,2,,,2,2,2,,,,,,,,,,,,,,,,,,,,,,,,,,,,,,,,,,,,,,,,,,,,,,,,,,,,,,,,,,,,,,,,,,,,,,,,,,,,,,,,,,,,,,,False,STRUCTURAL,비데이터 행,,,unknown
711,5,HHI,EGP,CHB2048,EGP-2,5,2026-07-27 00:00:00,,4,20,,,,,용접,,15,,,,,,,,,,,,,,,,,,F JK플랜트,6,7,,,,,,,,,,,,,,,,,,,,,,,,,,,,,,,,,,,,,,,,,,,,,,,,,,,,,,,,,,,,,,,,,,,,,,,,,,,,,,,,,,,,,,,,,,,,,,,,,,,,,,,,,,,,,,,,,,,,,,,,,,,,,,,,,,,,,,,,,,,,,,,,,,,,,,,,,,,,,,,,,,,,,,,,,,,,,,,,,,,,,,,,2,2,2,,,2,2,2,2,1,,,,,,,,,,,,,,,,,,,,,,,,,,,,,,,,,,,,,,,,,,,,,,,,,,,,,,,,,,,,,,,,,,,,,,,,,,,,,,,,,,,,,False,STRUCTURAL,비데이터 행,,,unknown
711,6,HHI,EGP,CHB2048,EGP-2,5,2026-07-27 00:00:00,,4,20,,,,,조립,,19,,,,,,,,,,,,,,,,,,F JK플랜트,6,7,,,,,,,,,,,,,,,,,,,,,,,,,,,,,,,,,,,,,,,,,,,,,,,,,,,,,,,,,,,,,,,,,,,,,,,,,,,,,,,,,,,,,,,,,,,,,,,,,,,,,,,,,,,,,,,,,,,,,,,,,,,,,,,,,,,,,,,,,,,,,,,,,,,,,,,,,,,,,,,,,,,,,,,,,,,,,,,,,,,,,,,,,2,2,,,2,2,2,2,2,,1,,,,,,,,,2,2,,,,,,,,,,,,,,,,,,,,,,,,,,,,,,,,,,,,,,,,,,,,,,,,,,,,,,,,,,,,,,,,,,,,,,,,,False,STRUCTURAL,비데이터 행,,,unknown
711,7,HHI,EGP,CHB2048,EGP-2,5,2026-07-27 00:00:00,,4,20,,,,,사상,,13,,,,,,,,,,,,,,,,,,F JK플랜트,6,7,,,,,,,,,,,,,,,,,,,,,,,,,,,,,,,,,,,,,,,,,,,,,,,,,,,,,,,,,,,,,,,,,,,,,,,,,,,,,,,,,,,,,,,,,,,,,,,,,,,,,,,,,,,,,,,,,,,,,,,,,,,,,,,,,,,,,,,,,,,,,,,,,,,,,,,,,,,,,,,,,,,,,,,,,,,,,,,,,,,,,,,,,,2,,,2,2,2,2,1,,1,1,,,,,,,,,,,,,,,,,,,,,,,,,,,,,,,,,,,,,,,,,,,,,,,,,,,,,,,,,,,,,,,,,,,,,,,,,,,,,,,,,,False,STRUCTURAL,비데이터 행,,,unknown
711,9,HHI,EGP,CHB2048,EGP-2,5,2026-07-27 00:00:00,,4,20,,,,,실적,,,,,,,,,,,,,,,,,,,,F JK플랜트,6,7,,,,,,,,,,,,,,,,,,,,,,,,,,,,,,,,,,,,,,,,,,,,,,,,,,,,,,,,,,,,,,,,,,,,,,,,,,,,,,,,,,,,,,,,,,,,,,,,,,,,,,,,,,,,,,,,,,,,,,,,,,,,,,,,,,,,,,,,,,,,,,,,,,,,,,,,,,,,,,,,,,,,,,,,,,,,,,,,,,,,,,,,,,,,,,,,,,,,,,,,,,,,,,,,,,,,,,,,,,,,,,,,,,,,,,,,,,,,,,,,,,,,,,,,,,,,,,,,,,,,,,,,,,,,,,,,,,,,,,False,STRUCTURAL,비데이터 행,,,unknown
712,1,HHI,GV,SH8292,VS-2,2,2026-07-27 00:00:00,46209,1,30,,,,도면 출도X,일자,E 케이테크,46162,46164,46168,46183,46192,46192,46204,46209,-,2026-07-09 00:00:00,46220,46223,46225,2026-07-23 00:00:00,46227,0%,,,E 케이테크,7,7,,,계획,46162,,46164,,46168,,46183,,46184,,46192,,46195,,46209,,46210,,46212,,46213,,46220,,46223,,46225,,46226,,46227,,,,,,,,,,,,,,,,,,,,,,,,,,,,,,,,,,,,,,,,,,,,,,,,,,,,,,,,,,,,,,,,,,,,,,,,,,,,,,,,,,,,,,,,,,,,,,,,,,,,,,,,,,,,,,D,,K,,,,발S,,,,,,,,,,,,,,,발F,가S,,,,,,,,가F,,,제S,-----,-----,-----,-----,-----,-----,-----,-----,-----,-----,-----,-----,-----,제F,도S,,도F,조S,,,,,,,조F,,,상,,검,포,출,,,납,,,,,,,,,,,,,,,,,,,,,,,,,,,,,,,,,,,,,,,,,,,,,,,,,,,,,,,,,,,,,,,,,,True,DATA_PLAN,,,,plan
712,2,HHI,GV,SH8292,VS-2,2,2026-07-27 00:00:00,,1,30,,,,,실행,E 케이테크,,,,,,,,,,,,,,,,,,,E 케이테크,7,7,,,,,,,,,,,,,,,,,,,,,,,,,,,,,,,,,,,,,,,,,,,,,,,,,,,,,,,,,,,,,,,,,,,,,,,,,,,,,,,,,,,,,,,,,,,,,,,,,,,,,,,,,,,,,,,,,,,,,,,,,,,,,,,,,,,,,,,,,,,,,,,,,,,,,,,,,,,,,,,,,,,,,,,,,,,,,,,,,,,,,,,,,,,,,,,,,,,,,,,,,,,,,,,,,,,,,,,,,,,,,,,,,,,,,,,,,,,,,,,,,,,,,,,,,,,,,,,,,,,,,,,,,,,,,,,,,,,,,,True,DATA_ACTUAL,,,,actual
712,3,HHI,GV,SH8292,VS-2,2,2026-07-27 00:00:00,,1,30,,,,,E 케이테크,E 케이테크,,,,,,,,,-,,,,,,,,,,E 케이테크,7,7,,,실적,,0,,0,,0,,0,,0,,0,,,,0,,,,0,,,,0,,0,,0,,0,,0,,,,,,,,,,,,,,,,,,,,,,,,,,,,,,,,,,,,,,,,,,,,,,,,,,,,,,,,,,,,,,,,,,,,,,,,,,,,,,,,,,,,,,,,,,,,,,,,,,,,,,,,,,,,,,,,,,,,,,,,,,,,,,,,,,,,,,,,,,,,,,,,,,,,,,,,,,,,,,,,,,,,,,,,,,,,,,,,,,,,,,,,,,,,,,,,,,,,,,,,,,,,,,,,,,,,,,,,,,,,,,,,,,,,,,,,,,,,,,,,,,,False,STRUCTURAL,비데이터 행,,,unknown
712,4,HHI,GV,SH8292,VS-2,2,2026-07-27 00:00:00,,1,30,,,,,취부,,9,,,,,,,,,,,,,,,,,,E 케이테크,7,7,,,LOAD,,,,,,,,,,,,,,,,,,,,,,,,,,,,,,,,,,,,,,,,,,,,,,,,,,,,,,,,,,,,,,,,,,,,,,,,,,,,,,,,,,,,,,,,,,,,,,,,,,,,,,,,,,,,,,,,,,,,,,,,,,,,,,,,,,,,,,,,,,,,,,,,,,,,,,,,,,,,,,,,,,,,,,,,,,,,,,,,,,,,,,,,,,2,,2,1,1,1,1,1,,,,,,,,,,,,,,,,,,,,,,,,,,,,,,,,,,,,,,,,,,,,,,,,,,,,,,,,,,,,,,,,,,,,,,,,,,,,,,,,,,False,STRUCTURAL,비데이터 행,,,unknown
712,5,HHI,GV,SH8292,VS-2,2,2026-07-27 00:00:00,,1,30,,,,,용접,,10,,,,,,,,,,,,,,,,,,E 케이테크,7,7,,,,,,,,,,,,,,,,,,,,,,,,,,,,,,,,,,,,,,,,,,,,,,,,,,,,,,,,,,,,,,,,,,,,,,,,,,,,,,,,,,,,,,,,,,,,,,,,,,,,,,,,,,,,,,,,,,,,,,,,,,,,,,,,,,,,,,,,,,,,,,,,,,,,,,,,,,,,,,,,,,,,,,,,,,,,,,,,,,,,,,,,,,,,,,,2,2,2,1,1,1,,1,,,,,,,,,,,,,,,,,,,,,,,,,,,,,,,,,,,,,,,,,,,,,,,,,,,,,,,,,,,,,,,,,,,,,,,,,,,,,,,,False,STRUCTURAL,비데이터 행,,,unknown
712,6,HHI,GV,SH8292,VS-2,2,2026-07-27 00:00:00,,1,30,,,,,조립,,9,,,,,,,,,,,,,,,,,,E 케이테크,7,7,,,,,,,,,,,,,,,,,,,,,,,,,,,,,,,,,,,,,,,,,,,,,,,,,,,,,,,,,,,,,,,,,,,,,,,,,,,,,,,,,,,,,,,,,,,,,,,,,,,,,,,,,,,,,,,,,,,,,,,,,,,,,,,,,,,,,,,,,,,,,,,,,,,,,,,,,,,,,,,,,,,,,,,,,,,,,,,,,,,,,,,,,,,,,,,,2,2,1,1,1,,1,1,,,,,,,,,,,,,,,,,,,,,,,,,,,,,,,,,,,,,,,,,,,,,,,,,,,,,,,,,,,,,,,,,,,,,,,,,,,,,,,False,STRUCTURAL,비데이터 행,,,unknown
712,7,HHI,GV,SH8292,VS-2,2,2026-07-27 00:00:00,,1,30,,,,,사상,,9,,,,,,,,,,,,,,,,,,E 케이테크,7,7,,,,,,,,,,,,,,,,,,,,,,,,,,,,,,,,,,,,,,,,,,,,,,,,,,,,,,,,,,,,,,,,,,,,,,,,,,,,,,,,,,,,,,,,,,,,,,,,,,,,,,,,,,,,,,,,,,,,,,,,,,,,,,,,,,,,,,,,,,,,,,,,,,,,,,,,,,,,,,,,,,,,,,,,,,,,,,,,,,,,,,,,,,,,,,,,,1,1,1,1,,1,1,1,,2,,,,,,,,,,,,,,,,,,,,,,,,,,,,,,,,,,,,,,,,,,,,,,,,,,,,,,,,,,,,,,,,,,,,,,,,,,,,False,STRUCTURAL,비데이터 행,,,unknown
712,9,HHI,GV,SH8292,VS-2,2,2026-07-27 00:00:00,,1,30,,,,,실적,,,,,,,,,,,,,,,,,,,,E 케이테크,7,7,,,,,,,,,,,,,,,,,,,,,,,,,,,,,,,,,,,,,,,,,,,,,,,,,,,,,,,,,,,,,,,,,,,,,,,,,,,,,,,,,,,,,,,,,,,,,,,,,,,,,,,,,,,,,,,,,,,,,,,,,,,,,,,,,,,,,,,,,,,,,,,,,,,,,,,,,,,,,,,,,,,,,,,,,,,,,,,,,,,,,,,,,,,,,,,,,,,,,,,,,,,,,,,,,,,,,,,,,,,,,,,,,,,,,,,,,,,,,,,,,,,,,,,,,,,,,,,,,,,,,,,,,,,,,,,,,,,,,,False,STRUCTURAL,비데이터 행,,,unknown
713,1,HHI,GV,3527 #3,VS-1,1,2026-07-27 00:00:00,46210,1,30,,,,MEGI,일자,E 케이테크,46168,46170,46171,46188,46197,46197,46206,46210,-,2026-07-10 00:00:00,46223,46224,46225,2026-07-23 00:00:00,46227,0.25,,,E 케이테크,7,7,,,계획,46168,,46170,,46171,,46188,,46189,,46197,,46198,,46210,,46211,,46213,,46216,,46223,,46224,,46225,,46226,,46227,,,,,,,,,,,,,,,,,,,,,,,,,,,,,,,,,,,,,,,,,,,,,,,,,,,,,,,,,,,,,,,,,,,,,,,,,,,,,,,,,,,,,,,,,,,,,,,,,,,,,,,,,,,,,,,,,,,,D,,K,발S,,,,,,,,,,,,,,,,,발F,가S,,,,,,,,가F,제S,-----,-----,-----,-----,-----,-----,-----,-----,-----,-----,-----,제F,도S,,도F,,,조S,,,,,,,조F,상,검,포,출,,,납,,,,,,,,,,,,,,,,,,,,,,,,,,,,,,,,,,,,,,,,,,,,,,,,,,,,,,,,,,,,,,,,,,True,DATA_PLAN,,,,plan
713,2,HHI,GV,3527 #3,VS-1,1,2026-07-27 00:00:00,,1,30,,,,,실행,E 케이테크,45968,45971,,,,,,,,,,,,,,,,,E 케이테크,7,7,,,,,,,,,,,,,,,,,,,,,,,,,,,,,,,,,,,,,,,,,,,,,,,,,,,,,,,,,,,,,,,,,,,,,,,,,,,,,,,,,,,,,,,,,,,,,,,,,,,,,,,,,,,,,,,,,,,,,,,,,,,,,,,,,,,,,,,,,,,,,,,,,,,,,,,,,,,,,,,,,,,,,,,,,,,,,,,,,,,,,,,,,,,,,,,,,,,,,,,,,,,,,,,,,,,,,,,,,,,,,,,,,,,,,,,,,,,,,,,,,,,,,,,,,,,,,,,,,,,,,,,,,,,,,,,,,,,,,,True,DATA_ACTUAL,,,,actual
713,3,HHI,GV,3527 #3,VS-1,1,2026-07-27 00:00:00,,1,30,,,,,E 케이테크,E 케이테크,200,199,,,,,,,-,,,,,,,,,,E 케이테크,7,7,,,실적,,45968,,45971,,0,,0,,0,,0,,,,0,,,,0,,,,0,,0,,0,,0,,0,,,,,,,,,,,,,,,,,,,,,,,,,,,,,,,,,,,,,,,,,,,,,,,,,,,,,,,,,,,,,,,,,,,,,,,,,,,,,,,,,,,,,,,,,,,,,,,,,,,,,,,,,,,,,,,,,,,,,,,,,,,,,,,,,,,,,,,,,,,,,,,,,,,,,,,,,,,,,,,,,,,,,,,,,,,,,,,,,,,,,,,,,,,,,,,,,,,,,,,,,,,,,,,,,,,,,,,,,,,,,,,,,,,,,,,,,,,,,,,,,,,False,STRUCTURAL,비데이터 행,,,unknown
713,4,HHI,GV,3527 #3,VS-1,1,2026-07-27 00:00:00,,1,30,,,,,취부,,7,,,,,,,,,,,,,,,,,,E 케이테크,7,7,,,LOAD,,,,,,,,,,,,,,,,,,,,,,,,,,,,,,,,,,,,,,,,,,,,,,,,,,,,,,,,,,,,,,,,,,,,,,,,,,,,,,,,,,,,,,,,,,,,,,,,,,,,,,,,,,,,,,,,,,,,,,,,,,,,,,,,,,,,,,,,,,,,,,,,,,,,,,,,,,,,,,,,,,,,,,,,,,,,,,,,,,,,,,,,,,,,,,1,1,1,1,,1,1,1,,,,,,,,,,,,,,,,,,,,,,,,,,,,,,,,,,,,,,,,,,,,,,,,,,,,,,,,,,,,,,,,,,,,,,,,,,,,,,False,STRUCTURAL,비데이터 행,,,unknown
713,5,HHI,GV,3527 #3,VS-1,1,2026-07-27 00:00:00,,1,30,,,,,용접,,6,,,,,,,,,,,,,,,,,,E 케이테크,7,7,,,,,,,,,,,,,,,,,,,,,,,,,,,,,,,,,,,,,,,,,,,,,,,,,,,,,,,,,,,,,,,,,,,,,,,,,,,,,,,,,,,,,,,,,,,,,,,,,,,,,,,,,,,,,,,,,,,,,,,,,,,,,,,,,,,,,,,,,,,,,,,,,,,,,,,,,,,,,,,,,,,,,,,,,,,,,,,,,,,,,,,,,,,,,,,,,,,1,1,,1,1,1,1,,,,,,,,,,,,,,,,,,,,,,,,,,,,,,,,,,,,,,,,,,,,,,,,,,,,,,,,,,,,,,,,,,,,,,,,,,,,,False,STRUCTURAL,비데이터 행,,,unknown
713,6,HHI,GV,3527 #3,VS-1,1,2026-07-27 00:00:00,,1,30,,,,,조립,,4,,,,,,,,,,,,,,,,,,E 케이테크,7,7,,,,,,,,,,,,,,,,,,,,,,,,,,,,,,,,,,,,,,,,,,,,,,,,,,,,,,,,,,,,,,,,,,,,,,,,,,,,,,,,,,,,,,,,,,,,,,,,,,,,,,,,,,,,,,,,,,,,,,,,,,,,,,,,,,,,,,,,,,,,,,,,,,,,,,,,,,,,,,,,,,,,,,,,,,,,,,,,,,,,,,,,,,,,,,,,,,,,,,,1,1,1,1,,,,,,,,,,,,,,,,,,,,,,,,,,,,,,,,,,,,,,,,,,,,,,,,,,,,,,,,,,,,,,,,,,,,,,,,,,,,False,STRUCTURAL,비데이터 행,,,unknown
713,7,HHI,GV,3527 #3,VS-1,1,2026-07-27 00:00:00,,1,30,,,,,사상,,6,,,,,,,,,,,,,,,,,,E 케이테크,7,7,,,,,,,,,,,,,,,,,,,,,,,,,,,,,,,,,,,,,,,,,,,,,,,,,,,,,,,,,,,,,,,,,,,,,,,,,,,,,,,,,,,,,,,,,,,,,,,,,,,,,,,,,,,,,,,,,,,,,,,,,,,,,,,,,,,,,,,,,,,,,,,,,,,,,,,,,,,,,,,,,,,,,,,,,,,,,,,,,,,,,,,,,,,,,,,,,,,,,,,,1,1,1,1,,2,,,,,,,,,,,,,,,,,,,,,,,,,,,,,,,,,,,,,,,,,,,,,,,,,,,,,,,,,,,,,,,,,,,,,,,,,False,STRUCTURAL,비데이터 행,,,unknown
713,9,HHI,GV,3527 #3,VS-1,1,2026-07-27 00:00:00,,1,30,,,,,실적,,,,,,,,,,,,,,,,,,,,E 케이테크,7,7,,,,,,,,,,,,,,,,,,,,,,,,,,,,,,,,,,,,,,,,,,,,,,,,,,,,,,,,,,,,,,,,,,,,,,,,,,,,,,,,,,,,,,,,,,,,,,,,,,,,,,,,,,,,,,,,,,,,,,,,,,,,,,,,,,,,,,,,,,,,,,,,,,,,,,,,,,,,,,,,,,,,,,,,,,,,,,,,,,,,,,,,,,,,,,,,,,,,,,,,,,,,,,,,,,,,,,,,,,,,,,,,,,,,,,,,,,,,,,,,,,,,,,,,,,,,,,,,,,,,,,,,,,,,,,,,,,,,,,False,STRUCTURAL,비데이터 행,,,unknown
714,1,HHI,GV,SH8301 #2,VS-2,2,2026-07-30 00:00:00,46212,1,30,,,,,일자,E 케이테크,46168,46170,46171,46188,46197,46197,46207,46212,-,2026-07-14 00:00:00,46225,46226,46230,2026-07-28 00:00:00,46232,0.25,,,E 케이테크,7,7,,,계획,46168,,46170,,46171,,46188,,46189,,46197,,46198,,46212,,46213,,46217,,46218,,46225,,46226,,46230,,46231,,46232,,,,,,,,,,,,,,,,,,,,,,,,,,,,,,,,,,,,,,,,,,,,,,,,,,,,,,,,,,,,,,,,,,,,,,,,,,,,,,,,,,,,,,,,,,,,,,,,,,,,,,,,,,,,,,,,,,,,D,,K,발S,,,,,,,,,,,,,,,,,발F,가S,,,,,,,,가F,제S,-----,-----,-----,-----,-----,-----,-----,-----,-----,-----,-----,-----,-----,제F,도S,,,,도F,조S,,,,,,,조F,상,,,,검,포,출,납,,,,,,,,,,,,,,,,,,,,,,,,,,,,,,,,,,,,,,,,,,,,,,,,,,,,,,,,,,,,,,,True,DATA_PLAN,,,,plan
714,2,HHI,GV,SH8301 #2,VS-2,2,2026-07-30 00:00:00,,1,30,,,,,실행,E 케이테크,46044,46045,,,,,,,,,,,,,,,,,E 케이테크,7,7,,,,,,,,,,,,,,,,,,,,,,,,,,,,,,,,,,,,,,,,,,,,,,,,,,,,,,,,,,,,,,,,,,,,,,,,,,,,,,,,,,,,,,,,,,,,,,,,,,,,,,,,,,,,,,,,,,,,,,,,,,,,,,,,,,,,,,,,,,,,,,,,,,,,,,,,,,,,,,,,,,,,,,,,,,,,,,,,,,,,,,,,,,,,,,,,,,,,,,,,,,,,,,,,,,,,,,,,,,,,,,,,,,,,,,,,,,,,,,,,,,,,,,,,,,,,,,,,,,,,,,,,,,,,,,,,,,,,,,True,DATA_ACTUAL,,,,actual
714,3,HHI,GV,SH8301 #2,VS-2,2,2026-07-30 00:00:00,,1,30,,,,,E 케이테크,E 케이테크,124,125,,,,,,,-,,,,,,,,,,E 케이테크,7,7,,,실적,,46044,,46045,,0,,0,,0,,0,,,,0,,,,0,,,,0,,0,,0,,0,,0,,,,,,,,,,,,,,,,,,,,,,,,,,,,,,,,,,,,,,,,,,,,,,,,,,,,,,,,,,,,,,,,,,,,,,,,,,,,,,,,,,,,,,,,,,,,,,,,,,,,,,,,,,,,,,,,,,,,,,,,,,,,,,,,,,,,,,,,,,,,,,,,,,,,,,,,,,,,,,,,,,,,,,,,,,,,,,,,,,,,,,,,,,,,,,,,,,,,,,,,,,,,,,,,,,,,,,,,,,,,,,,,,,,,,,,,,,,,,,,,,,,False,STRUCTURAL,비데이터 행,,,unknown
714,4,HHI,GV,SH8301 #2,VS-2,2,2026-07-30 00:00:00,,1,30,,,,,취부,,9,,,,,,,,,,,,,,,,,,E 케이테크,7,7,,,LOAD,,,,,,,,,,,,,,,,,,,,,,,,,,,,,,,,,,,,,,,,,,,,,,,,,,,,,,,,,,,,,,,,,,,,,,,,,,,,,,,,,,,,,,,,,,,,,,,,,,,,,,,,,,,,,,,,,,,,,,,,,,,,,,,,,,,,,,,,,,,,,,,,,,,,,,,,,,,,,,,,,,,,,,,,,,,,,,,,,,,,,,,,,,,,,,,2,2,1,,1,1,1,1,,,,,,,,,,,,,,,,,,,,,,,,,,,,,,,,,,,,,,,,,,,,,,,,,,,,,,,,,,,,,,,,,,,,,,,,,,,,,False,STRUCTURAL,비데이터 행,,,unknown
714,5,HHI,GV,SH8301 #2,VS-2,2,2026-07-30 00:00:00,,1,30,,,,,용접,,10,,,,,,,,,,,,,,,,,,E 케이테크,7,7,,,,,,,,,,,,,,,,,,,,,,,,,,,,,,,,,,,,,,,,,,,,,,,,,,,,,,,,,,,,,,,,,,,,,,,,,,,,,,,,,,,,,,,,,,,,,,,,,,,,,,,,,,,,,,,,,,,,,,,,,,,,,,,,,,,,,,,,,,,,,,,,,,,,,,,,,,,,,,,,,,,,,,,,,,,,,,,,,,,,,,,,,,,,,,,,,,,2,2,,2,1,1,1,1,,,,,,,,,,,,,,,,,,,,,,,,,,,,,,,,,,,,,,,,,,,,,,,,,,,,,,,,,,,,,,,,,,,,,,,,,,,,False,STRUCTURAL,비데이터 행,,,unknown
714,6,HHI,GV,SH8301 #2,VS-2,2,2026-07-30 00:00:00,,1,30,,,,,조립,,9,,,,,,,,,,,,,,,,,,E 케이테크,7,7,,,,,,,,,,,,,,,,,,,,,,,,,,,,,,,,,,,,,,,,,,,,,,,,,,,,,,,,,,,,,,,,,,,,,,,,,,,,,,,,,,,,,,,,,,,,,,,,,,,,,,,,,,,,,,,,,,,,,,,,,,,,,,,,,,,,,,,,,,,,,,,,,,,,,,,,,,,,,,,,,,,,,,,,,,,,,,,,,,,,,,,,,,,,,,,,,,,,2,,2,1,1,1,1,1,,,,,,,,,,,,,,,,,,,,,,,,,,,,,,,,,,,,,,,,,,,,,,,,,,,,,,,,,,,,,,,,,,,,,,,,,,,False,STRUCTURAL,비데이터 행,,,unknown
714,7,HHI,GV,SH8301 #2,VS-2,2,2026-07-30 00:00:00,,1,30,,,,,사상,,9,,,,,,,,,,,,,,,,,,E 케이테크,7,7,,,,,,,,,,,,,,,,,,,,,,,,,,,,,,,,,,,,,,,,,,,,,,,,,,,,,,,,,,,,,,,,,,,,,,,,,,,,,,,,,,,,,,,,,,,,,,,,,,,,,,,,,,,,,,,,,,,,,,,,,,,,,,,,,,,,,,,,,,,,,,,,,,,,,,,,,,,,,,,,,,,,,,,,,,,,,,,,,,,,,,,,,,,,,,,,,,,,,,1,1,1,1,1,1,,1,,2,,,,,,,,,,,,,,,,,,,,,,,,,,,,,,,,,,,,,,,,,,,,,,,,,,,,,,,,,,,,,,,,,,,,,,,False,STRUCTURAL,비데이터 행,,,unknown
714,9,HHI,GV,SH8301 #2,VS-2,2,2026-07-30 00:00:00,,1,30,,,,,실적,,,,,,,,,,,,,,,,,,,,E 케이테크,7,7,,,,,,,,,,,,,,,,,,,,,,,,,,,,,,,,,,,,,,,,,,,,,,,,,,,,,,,,,,,,,,,,,,,,,,,,,,,,,,,,,,,,,,,,,,,,,,,,,,,,,,,,,,,,,,,,,,,,,,,,,,,,,,,,,,,,,,,,,,,,,,,,,,,,,,,,,,,,,,,,,,,,,,,,,,,,,,,,,,,,,,,,,,,,,,,,,,,,,,,,,,,,,,,,,,,,,,,,,,,,,,,,,,,,,,,,,,,,,,,,,,,,,,,,,,,,,,,,,,,,,,,,,,,,,,,,,,,,,,False,STRUCTURAL,비데이터 행,,,unknown
715,1,DEB,ENC,아틀라스 F/House #1,ENC-3,1,2026-07-30 00:00:00,46142,3,100,,,,105Ton,일자,A 동일,46048,46056,46057,46079,46094,46094,46125,46142,-,2026-06-15 00:00:00,46220,46223,46224,2026-07-24 00:00:00,46232,0%,,,A 동일,4,7,,,계획,46048,,46056,,46057,,46079,,46080,,46094,,46093,,46142,,46156,,46188,,46185,,46220,,46223,,46224,,46227,,46232,,,,K,발S,,,,,,,,,,,,,,,,,,,,,,발F,가S,,,,,,,,,,,,,제S,가F,,-----,-----,-----,-----,-----,-----,,-----,-----,-----,-----,-----,-----,,-----,-----,-----,-----,-----,-----,-----,-----,-----,-----,-----,-----,-----,-----,-----,-----,-----,-----,-----,-----,-----,-----,-----,-----,-----,-----,-----,-----,-----,-----,-----,-----,제F,,,,,,,,,,,,,,도S,,,,,,,,,,,,,,,,,,,,,,,,,,,,,조S,,,도F,,,,,,,,,,,,,,,,,,,,,,,,,,,,,,,,조F,,,상,검,,,포,,,,,출,납,,,,,,,,,,,,,,,,,,,,,,,,,,,,,,,,,,,,,,,,,,,,,,,,,,,,,,,,,,,,,,,True,DATA_PLAN,,,,plan
715,2,DEB,ENC,아틀라스 F/House #1,ENC-3,1,2026-07-30 00:00:00,,3,100,,,,,실행,A 동일,,,,,,,,,,,,,,,,,,,A 동일,4,7,,,,,,,,,,,,,,,,,,,,,,,,,,,,,,,,,,,,,,,,,,,,,,,,,,,,,,,,,,,,,,,,,,,,,,,,,,,,,,,,,,,,,,,,,,,,,,,,,,,,,,,,,,,,,,,,,,,,,,,,,,,,,,,,,,,,,,,,,,,,,,,,,,,,,,,,,,,,,,,,,,,,,,,,,,,,,,,,,,,,,,,,,,,,,,,,,,,,,,,,,,,,,,,,,,,,,,,,,,,,,,,,,,,,,,,,,,,,,,,,,,,,,,,,,,,,,,,,,,,,,,,,,,,,,,,,,,,,,,True,DATA_ACTUAL,,,,actual
715,3,DEB,ENC,아틀라스 F/House #1,ENC-3,1,2026-07-30 00:00:00,,3,100,,,,,A 동일,A 동일,,,,,,,,,-,,,,,,,,,,A 동일,4,7,,,실적,,0,,0,,0,,0,,0,,0,,,,0,,,,0,,,,0,,0,,0,,0,,0,,,,,,,,,,,,,,,,,,,,,,,,,,,,,,,,,,,,,,,,,,,,,,,,,,,,,,,,,,,,,,,,,,,,,,,,,,,,,,,,,,,,,,,,,,,,,,,,,,,,,,,,,,,,,,,,,,,,,,,,,,,,,,,,,,,,,,,,,,,,,,,,,,,,,,,,,,,,,,,,,,,,,,,,,,,,,,,,,,,,,,,,,,,,,,,,,,,,,,,,,,,,,,,,,,,,,,,,,,,,,,,,,,,,,,,,,,,,,,,,,,,False,STRUCTURAL,비데이터 행,,,unknown
715,4,DEB,ENC,아틀라스 F/House #1,ENC-3,1,2026-07-30 00:00:00,,3,100,,,,,취부,,0,,,,,,,,,,,,,,,,,,A 동일,4,7,,,LOAD,,,,,,,,,,,,,,,,,,,,,,,,,,,,,,,,,,,,,,,,,,,,,,,,,,,,,,,,,,,,,,,,,,,,,,,,,,,,,,,,,,,,,,,,,,,,,,,,,,,,,,,,,,,,,,,,,,,,,,,,,,,,,,,,,,,,,,,,,,,,,,,,,,,,,,,,,,,,,,,,,,,,,,,,,,,,,,,,,,,,,,,,,,,,,,,,,,,,,,,,,,,,,,,,,,,,,,,,,,,,,,,,,,,,,,,,,,,,,,,,,,,,,,,,,,,,,,,,,,,,,,,,,,,,,,,,,,,False,STRUCTURAL,비데이터 행,,,unknown
715,5,DEB,ENC,아틀라스 F/House #1,ENC-3,1,2026-07-30 00:00:00,,3,100,,,,,용접,,0,,,,,,,,,,,,,,,,,,A 동일,4,7,,,,,,,,,,,,,,,,,,,,,,,,,,,,,,,,,,,,,,,,,,,,,,,,,,,,,,,,,,,,,,,,,,,,,,,,,,,,,,,,,,,,,,,,,,,,,,,,,,,,,,,,,,,,,,,,,,,,,,,,,,,,,,,,,,,,,,,,,,,,,,,,,,,,,,,,,,,,,,,,,,,,,,,,,,,,,,,,,,,,,,,,,,,,,,,,,,,,,,,,,,,,,,,,,,,,,,,,,,,,,,,,,,,,,,,,,,,,,,,,,,,,,,,,,,,,,,,,,,,,,,,,,,,,,,,,,,,,,,False,STRUCTURAL,비데이터 행,,,unknown
715,6,DEB,ENC,아틀라스 F/House #1,ENC-3,1,2026-07-30 00:00:00,,3,100,,,,,조립,,80,,,,,,,,,,,,,,,,,,A 동일,4,7,,,,,,,,,,,,,,,,,,,,,,,,,,,,,,,,,,,,,,,,,,,,,,,,,,,,,,,,,,,,,,,,,,,,,,,,,,,,,,,,,,,,,,,,,,,,,,,,,,,,,,,,,,,,,,,,,,,,,,,,,,,,,,,,,,,,,,,,,,,,,,,,,,,,,,,,,,,,,,,,,,,,,,,,,,,,,,,,,,,,4,4,4,,4,4,4,4,4,4,,4,4,4,4,4,4,,4,4,4,4,4,,,,,,,,,,,,,,,,,,,,,,,,,,,,,,,,,,,,,,,,,,,,,,,,,,,,,,,,,,,,,,,,,,,,,,,,,,,,False,STRUCTURAL,비데이터 행,,,unknown
715,7,DEB,ENC,아틀라스 F/House #1,ENC-3,1,2026-07-30 00:00:00,,3,100,,,,,사상,,0,,,,,,,,,,,,,,,,,,A 동일,4,7,,,,,,,,,,,,,,,,,,,,,,,,,,,,,,,,,,,,,,,,,,,,,,,,,,,,,,,,,,,,,,,,,,,,,,,,,,,,,,,,,,,,,,,,,,,,,,,,,,,,,,,,,,,,,,,,,,,,,,,,,,,,,,,,,,,,,,,,,,,,,,,,,,,,,,,,,,,,,,,,,,,,,,,,,,,,,,,,,,,,,,,,,,,,,,,,,,,,,,,,,,,,,,,,,,,,,,,,,,,,,,,,,,,,,,,,,,,,,,,,,,,,,,,,,,,,,,,,,,,,,,,,,,,,,,,,,,,,,,False,STRUCTURAL,비데이터 행,,,unknown
715,9,DEB,ENC,아틀라스 F/House #1,ENC-3,1,2026-07-30 00:00:00,,3,100,,,,,실적,,,,,,,,,,,,,,,,,,,,A 동일,4,7,,,,,,,,,,,,,,,,,,,,,,,,,,,,,,,,,,,,,,,,,,,,,,,,,,,,,,,,,,,,,,,,,,,,,,,,,,,,,,,,,,,,,,,,,,,,,,,,,,,,,,,,,,,,,,,,,,,,,,,,,,,,,,,,,,,,,,,,,,,,,,,,,,,,,,,,,,,,,,,,,,,,,,,,,,,,,,,,,,,,,,,,,,,,,,,,,,,,,,,,,,,,,,,,,,,,,,,,,,,,,,,,,,,,,,,,,,,,,,,,,,,,,,,,,,,,,,,,,,,,,,,,,,,,,,,,,,,,,,False,STRUCTURAL,비데이터 행,,,unknown
716,1,DEB,DS,아틀라스 I/Duct #1,DUCT-2,1,2026-07-30 00:00:00,46195,1,100,,,,75Ton,일자,미정,46118,46126,46129,46148,46169,46169,46184,46195,-,2026-07-15 00:00:00,46223,46224,46226,2026-07-27 00:00:00,46232,0%,,,미정,6,7,,,계획,46118,,46126,,46129,,46148,,46149,,46169,,46163,,46195,,46204,,46218,,46209,,46223,,46224,,46226,,46230,,46232,,,,,,,,,,,,,,,,,,,,,,,,,,,,,,,,,,,,,,,,,,,,,,,,,,,,,,,,,,,,,,,,,,D,,,,,,,,K,,,발S,,,,,,,,,,,,,,,,,,,발F,가S,,,,,,,,,,,,,,제S,-----,-----,-----,-----,-----,가F,-----,-----,-----,-----,-----,-----,-----,-----,-----,-----,-----,-----,-----,-----,-----,-----,-----,-----,-----,-----,-----,-----,-----,-----,-----,제F,,,,,,,,,도S,,,,,조S,,,,,,,,,도F,,,,,조F,상,,검,,,,포,,출,납,,,,,,,,,,,,,,,,,,,,,,,,,,,,,,,,,,,,,,,,,,,,,,,,,,,,,,,,,,,,,,,True,DATA_PLAN,,,,plan
716,2,DEB,DS,아틀라스 I/Duct #1,DUCT-2,1,2026-07-30 00:00:00,,1,100,,,,,실행,미정,,,,,,,,,,,,,,,,,,,미정,6,7,,,,,,,,,,,,,,,,,,,,,,,,,,,,,,,,,,,,,,,,,,,,,,,,,,,,,,,,,,,,,,,,,,,,,,,,,,,,,,,,,,,,,,,,,,,,,,,,,,,,,,,,,,,,,,,,,,,,,,,,,,,,,,,,,,,,,,,,,,,,,,,,,,,,,,,,,,,,,,,,,,,,,,,,,,,,,,,,,,,,,,,,,,,,,,,,,,,,,,,,,,,,,,,,,,,,,,,,,,,,,,,,,,,,,,,,,,,,,,,,,,,,,,,,,,,,,,,,,,,,,,,,,,,,,,,,,,,,,,True,DATA_ACTUAL,,,,actual
716,3,DEB,DS,아틀라스 I/Duct #1,DUCT-2,1,2026-07-30 00:00:00,,1,100,,,,75Ton,미정,미정,,,,,,,,,-,,,,,,,,,,미정,6,7,,,실적,,0,,0,,0,,0,,0,,0,,,,0,,,,0,,,,0,,0,,0,,0,,0,,,,,,,,,,,,,,,,,,,,,,,,,,,,,,,,,,,,,,,,,,,,,,,,,,,,,,,,,,,,,,,,,,,,,,,,,,,,,,,,,,,,,,,,,,,,,,,,,,,,,,,,,,,,,,,,,,,,,,,,,,,,,,,,,,,,,,,,,,,,,,,,,,,,,,,,,,,,,,,,,,,,,,,,,,,,,,,,,,,,,,,,,,,,,,,,,,,,,,,,,,,,,,,,,,,,,,,,,,,,,,,,,,,,,,,,,,,,,,,,,,,False,STRUCTURAL,비데이터 행,,,unknown
716,4,DEB,DS,아틀라스 I/Duct #1,DUCT-2,1,2026-07-30 00:00:00,,1,100,,,,,취부,,30,,,,,,,,,,,,,,,,,,미정,6,7,,,LOAD,,,,,,,,,,,,,,,,,,,,,,,,,,,,,,,,,,,,,,,,,,,,,,,,,,,,,,,,,,,,,,,,,,,,,,,,,,,,,,,,,,,2,2,2,2,2,2.0,,2,2,2,2,2,2,,2,2,2,,,,,,,,,,,,,,,,,,,,,,,,,,,,,,,,,,,,,,,,,,,,,,,,,,,,,,,,,,,,,,,,,,,,,,,,,,,,,,,,,,,,,,,,,,,,,,,,,,,,,,,,,,,,,,,,,,,,,,,,,,,,,,,,,,,,,,,,,,,,,,,,,,,,,,,,,,,,,,,,,,,,,,,,,,,,,,,,False,STRUCTURAL,비데이터 행,,,unknown
716,5,DEB,DS,아틀라스 I/Duct #1,DUCT-2,1,2026-07-30 00:00:00,,1,100,,,,,용접,,34,,,,,,,,,,,,,,,,,,미정,6,7,,,,,,,,,,,,,,,,,,,,,,,,,,,,,,,,,,,,,,,,,,,,,,,,,,,,,,,,,,,,,,,,,,,,,,,,,,,,,,,,,,,,,,,,2,2,2,2.0,,2,2,2,2,2,2,,2,2,2,2,2,,,,2,2,,,,,,,,,,,,,,,,,,,,,,,,,,,,,,,,,,,,,,,,,,,,,,,,,,,,,,,,,,,,,,,,,,,,,,,,,,,,,,,,,,,,,,,,,,,,,,,,,,,,,,,,,,,,,,,,,,,,,,,,,,,,,,,,,,,,,,,,,,,,,,,,,,,,,,,,,,,,,,,,,,,,,,,,,False,STRUCTURAL,비데이터 행,,,unknown
716,6,DEB,DS,아틀라스 I/Duct #1,DUCT-2,1,2026-07-30 00:00:00,,1,100,,,,,조립,,0,,,,,,,,,,,,,,,,,,미정,6,7,,,,,,,,,,,,,,,,,,,,,,,,,,,,,,,,,,,,,,,,,,,,,,,,,,,,,,,,,,,,,,,,,,,,,,,,,,,,,,,,,,,,,,,,,,,,,,,,,,,,,,,,,,,,,,,,,,,,,,,,,,,,,,,,,,,,,,,,,,,,,,,,,,,,,,,,,,,,,,,,,,,,,,,,,,,,,,,,,,,,,,,,,,,,,,,,,,,,,,,,,,,,,,,,,,,,,,,,,,,,,,,,,,,,,,,,,,,,,,,,,,,,,,,,,,,,,,,,,,,,,,,,,,,,,,,,,,,,,,False,STRUCTURAL,비데이터 행,,,unknown
716,7,DEB,DS,아틀라스 I/Duct #1,DUCT-2,1,2026-07-30 00:00:00,,1,100,,,,,사상,,38,,,,,,,,,,,,,,,,,,미정,6,7,,,,,,,,,,,,,,,,,,,,,,,,,,,,,,,,,,,,,,,,,,,,,,,,,,,,,,,,,,,,,,,,,,,,,,,,,,,,,,,,,,,,,,,,,,2,2.0,,2,2,2,2,2,2,,2,2,2,2,2,2,,2,2,2,2,,2,,,,,,,,,,,,,,,,,,,,,,,,,,,,,,,,,,,,,,,,,,,,,,,,,,,,,,,,,,,,,,,,,,,,,,,,,,,,,,,,,,,,,,,,,,,,,,,,,,,,,,,,,,,,,,,,,,,,,,,,,,,,,,,,,,,,,,,,,,,,,,,,,,,,,,,,,,,,,,,,,,,,,,False,STRUCTURAL,비데이터 행,,,unknown
716,9,DEB,DS,아틀라스 I/Duct #1,DUCT-2,1,2026-07-30 00:00:00,,1,100,,,,,실적,,,,,,,,,,,,,,,,,,,,미정,6,7,,,,,,,,,,,,,,,,,,,,,,,,,,,,,,,,,,,,,,,,,,,,,,,,,,,,,,,,,,,,,,,,,,,,,,,,,,,,,,,,,,,,,,,,,,,,,,,,,,,,,,,,,,,,,,,,,,,,,,,,,,,,,,,,,,,,,,,,,,,,,,,,,,,,,,,,,,,,,,,,,,,,,,,,,,,,,,,,,,,,,,,,,,,,,,,,,,,,,,,,,,,,,,,,,,,,,,,,,,,,,,,,,,,,,,,,,,,,,,,,,,,,,,,,,,,,,,,,,,,,,,,,,,,,,,,,,,,,,,False,STRUCTURAL,비데이터 행,,,unknown
717,1,DEB,ENC,아틀라스 GT #1,ENC-3,1,2026-07-30 00:00:00,46141,3,100,,,,100Ton,일자,미정,46013,46022,46028,46045,46079,46079,46115,46141,-,2026-06-17 00:00:00,46213,46216,46220,2026-07-24 00:00:00,46232,0%,,,미정,4,7,,,계획,46013,,46022,,46028,,46045,,46048,,46079,,46065,,46141,,46153,,46190,,46170,,46213,,46216,,46220,,46227,,46232,,,,,,,,,,,,,제S,-----,-----,-----,-----,-----,-----,-----,-----,-----,-----,-----,-----,-----,가F,-----,-----,-----,-----,-----,-----,-----,-----,,-----,-----,-----,-----,-----,-----,,-----,-----,-----,-----,-----,-----,-----,-----,-----,-----,-----,-----,-----,,-----,-----,-----,-----,-----,-----,-----,-----,-----,-----,-----,-----,-----,-----,-----,-----,-----,-----,-----,-----,-----,-----,-----,-----,-----,-----,-----,-----,-----,-----,-----,제F,,,,,,,,,,,,도S,,,,,,,,,,,,,,,,,조S,,,,,,,,,,,,,,,,,,,,도F,,,,,,,,,,,,,,,,,,,,,,,조F,,,상,,,,검,,,,,,,포,,,,,출,납,,,,,,,,,,,,,,,,,,,,,,,,,,,,,,,,,,,,,,,,,,,,,,,,,,,,,,,,,,,,,,,True,DATA_PLAN,,,,plan
717,2,DEB,ENC,아틀라스 GT #1,ENC-3,1,2026-07-30 00:00:00,,3,100,,,,,실행,미정,,,,,,,,,,,,,,,,,,,미정,4,7,,,,,,,,,,,,,,,,,,,,,,,,,,,,,,,,,,,,,,,,,,,,,,,,,,,,,,,,,,,,,,,,,,,,,,,,,,,,,,,,,,,,,,,,,,,,,,,,,,,,,,,,,,,,,,,,,,,,,,,,,,,,,,,,,,,,,,,,,,,,,,,,,,,,,,,,,,,,,,,,,,,,,,,,,,,,,,,,,,,,,,,,,,,,,,,,,,,,,,,,,,,,,,,,,,,,,,,,,,,,,,,,,,,,,,,,,,,,,,,,,,,,,,,,,,,,,,,,,,,,,,,,,,,,,,,,,,,,,,True,DATA_ACTUAL,,,,actual
717,3,DEB,ENC,아틀라스 GT #1,ENC-3,1,2026-07-30 00:00:00,,3,100,,,,,미정,미정,,,,,,,,,-,,,,,,,,,,미정,4,7,,,실적,,0,,0,,0,,0,,0,,0,,,,0,,,,0,,,,0,,0,,0,,0,,0,,,,,,,,,,,,,,,,,,,,,,,,,,,,,,,,,,,,,,,,,,,,,,,,,,,,,,,,,,,,,,,,,,,,,,,,,,,,,,,,,,,,,,,,,,,,,,,,,,,,,,,,,,,,,,,,,,,,,,,,,,,,,,,,,,,,,,,,,,,,,,,,,,,,,,,,,,,,,,,,,,,,,,,,,,,,,,,,,,,,,,,,,,,,,,,,,,,,,,,,,,,,,,,,,,,,,,,,,,,,,,,,,,,,,,,,,,,,,,,,,,,False,STRUCTURAL,비데이터 행,,,unknown
717,4,DEB,ENC,아틀라스 GT #1,ENC-3,1,2026-07-30 00:00:00,,3,100,,,,,취부,,0,,,,,,,,,,,,,,,,,,미정,4,7,,,LOAD,,,,,,,,,,,,,,,,,,,,,,,,,,,,,,,,,,,,,,,,,,,,,,,,,,,,,,,,,,,,,,,,,,,,,,,,,,,,,,,,,,,,,,,,,,,,,,,,,,,,,,,,,,,,,,,,,,,,,,,,,,,,,,,,,,,,,,,,,,,,,,,,,,,,,,,,,,,,,,,,,,,,,,,,,,,,,,,,,,,,,,,,,,,,,,,,,,,,,,,,,,,,,,,,,,,,,,,,,,,,,,,,,,,,,,,,,,,,,,,,,,,,,,,,,,,,,,,,,,,,,,,,,,,,,,,,,,,False,STRUCTURAL,비데이터 행,,,unknown
717,5,DEB,ENC,아틀라스 GT #1,ENC-3,1,2026-07-30 00:00:00,,3,100,,,,,용접,,0,,,,,,,,,,,,,,,,,,미정,4,7,,,,,,,,,,,,,,,,,,,,,,,,,,,,,,,,,,,,,,,,,,,,,,,,,,,,,,,,,,,,,,,,,,,,,,,,,,,,,,,,,,,,,,,,,,,,,,,,,,,,,,,,,,,,,,,,,,,,,,,,,,,,,,,,,,,,,,,,,,,,,,,,,,,,,,,,,,,,,,,,,,,,,,,,,,,,,,,,,,,,,,,,,,,,,,,,,,,,,,,,,,,,,,,,,,,,,,,,,,,,,,,,,,,,,,,,,,,,,,,,,,,,,,,,,,,,,,,,,,,,,,,,,,,,,,,,,,,,,,False,STRUCTURAL,비데이터 행,,,unknown
717,6,DEB,ENC,아틀라스 GT #1,ENC-3,1,2026-07-30 00:00:00,,3,100,,,,,조립,,124,,,,,,,,,,,,,,,,,,미정,4,7,,,,,,,,,,,,,,,,,,,,,,,,,,,,,,,,,,,,,,,,,,,,,,,,,,,,,,,,,,,,,,,,,,,,,,,,,,,,,,,,,,,,,,,,,,,,,,,,,,,,,,,,,,,,,,,,,,,,,,,,,,,,,,,,,,,,,,,,,,,,,,,,,,,,,,,,,,,,,,,,,,,,,,,,,,6,6,6,5,5,4,,4,4,4,4,4,4,,4,4,4,4,4,4,,4,4,4,4,4,4,,4,4,4,4,4,,,,,,,,,,,,,,,,,,,,,,,,,,,,,,,,,,,,,,,,,,,,,,,,,,,,,,,,,,,,,,,,,,,,,,,,,,,,False,STRUCTURAL,비데이터 행,,,unknown
717,7,DEB,ENC,아틀라스 GT #1,ENC-3,1,2026-07-30 00:00:00,,3,100,,,,,사상,,0,,,,,,,,,,,,,,,,,,미정,4,7,,,,,,,,,,,,,,,,,,,,,,,,,,,,,,,,,,,,,,,,,,,,,,,,,,,,,,,,,,,,,,,,,,,,,,,,,,,,,,,,,,,,,,,,,,,,,,,,,,,,,,,,,,,,,,,,,,,,,,,,,,,,,,,,,,,,,,,,,,,,,,,,,,,,,,,,,,,,,,,,,,,,,,,,,,,,,,,,,,,,,,,,,,,,,,,,,,,,,,,,,,,,,,,,,,,,,,,,,,,,,,,,,,,,,,,,,,,,,,,,,,,,,,,,,,,,,,,,,,,,,,,,,,,,,,,,,,,,,,False,STRUCTURAL,비데이터 행,,,unknown
717,9,DEB,ENC,아틀라스 GT #1,ENC-3,1,2026-07-30 00:00:00,,3,100,,,,,실적,,,,,,,,,,,,,,,,,,,,미정,4,7,,,,,,,,,,,,,,,,,,,,,,,,,,,,,,,,,,,,,,,,,,,,,,,,,,,,,,,,,,,,,,,,,,,,,,,,,,,,,,,,,,,,,,,,,,,,,,,,,,,,,,,,,,,,,,,,,,,,,,,,,,,,,,,,,,,,,,,,,,,,,,,,,,,,,,,,,,,,,,,,,,,,,,,,,,,,,,,,,,,,,,,,,,,,,,,,,,,,,,,,,,,,,,,,,,,,,,,,,,,,,,,,,,,,,,,,,,,,,,,,,,,,,,,,,,,,,,,,,,,,,,,,,,,,,,,,,,,,,,False,STRUCTURAL,비데이터 행,,,unknown
718,1,DEB,DS,"아틀라스 Exh. Duct, Platform #1",DUCT-2,1,2026-07-30 00:00:00,46198,1,100,,,,45Ton,일자,미정,46115,46122,46127,46153,46169,46169,46186,46198,-,2026-07-08 00:00:00,46220,46224,46227,2026-07-28 00:00:00,46232,0%,,,미정,6,7,,,계획,46115,,46122,,46127,,46153,,46154,,46169,,46163,,46198,,46195,,46211,,46199,,46220,,46224,,46227,,46231,,46232,,,,,,,,,,,,,,,,,,,,,,,,,,,,,,,,,,,,,,,,,,,,,,,,,,,,,,,,,,,,,,,D,,,,,,,K,,,,,발S,,,,,,,,,,,,,,,,,,,,,,,,,,발F,가S,,,,,,,,,제S,-----,-----,-----,-----,-----,가F,-----,-----,-----,-----,-----,-----,-----,-----,-----,-----,-----,-----,-----,-----,-----,-----,-----,-----,-----,-----,-----,-----,-----,-----,-----,도S,-----,-----,제F,조S,,,,,,,,,,,,도F,,,,,,,,,조F,,,,상,,,검,,,,포,출,납,,,,,,,,,,,,,,,,,,,,,,,,,,,,,,,,,,,,,,,,,,,,,,,,,,,,,,,,,,,,,,,True,DATA_PLAN,,,,plan
718,2,DEB,DS,"아틀라스 Exh. Duct, Platform #1",DUCT-2,1,2026-07-30 00:00:00,,1,100,,,,,실행,미정,,,,,,,,,,,,,,,,,,,미정,6,7,,,,,,,,,,,,,,,,,,,,,,,,,,,,,,,,,,,,,,,,,,,,,,,,,,,,,,,,,,,,,,,,,,,,,,,,,,,,,,,,,,,,,,,,,,,,,,,,,,,,,,,,,,,,,,,,,,,,,,,,,,,,,,,,,,,,,,,,,,,,,,,,,,,,,,,,,,,,,,,,,,,,,,,,,,,,,,,,,,,,,,,,,,,,,,,,,,,,,,,,,,,,,,,,,,,,,,,,,,,,,,,,,,,,,,,,,,,,,,,,,,,,,,,,,,,,,,,,,,,,,,,,,,,,,,,,,,,,,,True,DATA_ACTUAL,,,,actual
718,3,DEB,DS,"아틀라스 Exh. Duct, Platform #1",DUCT-2,1,2026-07-30 00:00:00,,1,100,,,,,미정,미정,,,,,,,,,-,,,,,,,,,,미정,6,7,,,실적,,0,,0,,0,,0,,0,,0,,,,0,,,,0,,,,0,,0,,0,,0,,0,,,,,,,,,,,,,,,,,,,,,,,,,,,,,,,,,,,,,,,,,,,,,,,,,,,,,,,,,,,,,,,,,,,,,,,,,,,,,,,,,,,,,,,,,,,,,,,,,,,,,,,,,,,,,,,,,,,,,,,,,,,,,,,,,,,,,,,,,,,,,,,,,,,,,,,,,,,,,,,,,,,,,,,,,,,,,,,,,,,,,,,,,,,,,,,,,,,,,,,,,,,,,,,,,,,,,,,,,,,,,,,,,,,,,,,,,,,,,,,,,,,False,STRUCTURAL,비데이터 행,,,unknown
718,4,DEB,DS,"아틀라스 Exh. Duct, Platform #1",DUCT-2,1,2026-07-30 00:00:00,,1,100,,,,,취부,,25,,,,,,,,,,,,,,,,,,미정,6,7,,,LOAD,,,,,,,,,,,,,,,,,,,,,,,,,,,,,,,,,,,,,,,,,,,,,,,,,,,,,,,,,,,,,,,,,,,,,,,,,,,,,,,,,,,,,,,,,,,,,,,,,,,,,,,,,,,,,,,,,,,,,,,,,,,,,,,,,,,,,,,,,,,,,,,,,,,,,,,,,,,,,,,,,,,,,,,,,,,,,,,,,,,,,,2,2,2,2,2,,2,2,2,2,2,2,,2,1,,,,,,,,,,,,,,,,,,,,,,,,,,,,,,,,,,,,,,,,,,,,,,,,,,,,,,,,,,,,,,,,,,,,,,,,,,,,,,,False,STRUCTURAL,비데이터 행,,,unknown
718,5,DEB,DS,"아틀라스 Exh. Duct, Platform #1",DUCT-2,1,2026-07-30 00:00:00,,1,100,,,,,용접,,30,,,,,,,,,,,,,,,,,,미정,6,7,,,,,,,,,,,,,,,,,,,,,,,,,,,,,,,,,,,,,,,,,,,,,,,,,,,,,,,,,,,,,,,,,,,,,,,,,,,,,,,,,,,,,,,,,,,,,,,,,,,,,,,,,,,,,,,,,,,,,,,,,,,,,,,,,,,,,,,,,,,,,,,,,,,,,,,,,,,,,,,,,,,,,,,,,,,,,,,,,,,,,,,,,,2,2,3,3,,3,3,3,3,2,2,,2,1,1,,,,,,,,,,,,,,,,,,,,,,,,,,,,,,,,,,,,,,,,,,,,,,,,,,,,,,,,,,,,,,,,,,,,,,,,,,,,,,False,STRUCTURAL,비데이터 행,,,unknown
718,6,DEB,DS,"아틀라스 Exh. Duct, Platform #1",DUCT-2,1,2026-07-30 00:00:00,,1,100,,,,,조립,,25,,,,,,,,,,,,,,,,,,미정,6,7,,,,,,,,,,,,,,,,,,,,,,,,,,,,,,,,,,,,,,,,,,,,,,,,,,,,,,,,,,,,,,,,,,,,,,,,,,,,,,,,,,,,,,,,,,,,,,,,,,,,,,,,,,,,,,,,,,,,,,,,,,,,,,,,,,,,,,,,,,,,,,,,,,,,,,,,,,,,,,,,,,,,,,,,,,,,,,,,,,,,,,,,,,,2,2,2,,2,2,2,2,2,2,,2,2,2,1,,,,,,,,,,,,,,,,,,,,,,,,,,,,,,,,,,,,,,,,,,,,,,,,,,,,,,,,,,,,,,,,,,,,,,,,,,,,,False,STRUCTURAL,비데이터 행,,,unknown
718,7,DEB,DS,"아틀라스 Exh. Duct, Platform #1",DUCT-2,1,2026-07-30 00:00:00,,1,100,,,,,사상,,15,,,,,,,,,,,,,,,,,,미정,6,7,,,,,,,,,,,,,,,,,,,,,,,,,,,,,,,,,,,,,,,,,,,,,,,,,,,,,,,,,,,,,,,,,,,,,,,,,,,,,,,,,,,,,,,,,,,,,,,,,,,,,,,,,,,,,,,,,,,,,,,,,,,,,,,,,,,,,,,,,,,,,,,,,,,,,,,,,,,,,,,,,,,,,,,,,,,,,,,,,,,,,,,,,,,,2,2,,1,1,1,1,1,1,,1,1,1,1,1,,,,,,,,,,,,,,,,,,,,,,,,,,,,,,,,,,,,,,,,,,,,,,,,,,,,,,,,,,,,,,,,,,,,,,,,,,,,False,STRUCTURAL,비데이터 행,,,unknown
718,9,DEB,DS,"아틀라스 Exh. Duct, Platform #1",DUCT-2,1,2026-07-30 00:00:00,,1,100,,,,,실적,,,,,,,,,,,,,,,,,,,,미정,6,7,,,,,,,,,,,,,,,,,,,,,,,,,,,,,,,,,,,,,,,,,,,,,,,,,,,,,,,,,,,,,,,,,,,,,,,,,,,,,,,,,,,,,,,,,,,,,,,,,,,,,,,,,,,,,,,,,,,,,,,,,,,,,,,,,,,,,,,,,,,,,,,,,,,,,,,,,,,,,,,,,,,,,,,,,,,,,,,,,,,,,,,,,,,,,,,,,,,,,,,,,,,,,,,,,,,,,,,,,,,,,,,,,,,,,,,,,,,,,,,,,,,,,,,,,,,,,,,,,,,,,,,,,,,,,,,,,,,,,,False,STRUCTURAL,비데이터 행,,,unknown
719,1,DEB,ENC,아틀라스 GT Aux #1,ENC-3,1,2026-07-30 00:00:00,46169,3,100,,,,50Ton,일자,미정,46065,46078,46084,46101,46125,46125,46150,46169,-,2026-07-02 00:00:00,46220,46223,46225,2026-07-27 00:00:00,46232,0%,,,미정,5,7,,,계획,46065,,46078,,46084,,46101,,46104,,46125,,46114,,46169,,46177,,46205,,46188,,46220,,46223,,46225,,46230,,46232,,,,,,,,,,,,,D,,,,,,,,,,,,,K,,,,,,발S,,,,,,,,,,,,,,,,,발F,,,가S,,,,,,,,,,제S,-----,-----,-----,-----,-----,-----,-----,-----,-----,-----,가F,-----,-----,-----,-----,-----,-----,-----,-----,-----,-----,-----,-----,-----,-----,-----,-----,-----,-----,-----,-----,-----,-----,-----,-----,-----,-----,-----,-----,-----,-----,-----,-----,-----,-----,-----,-----,-----,-----,-----,-----,-----,-----,-----,제F,,,,,,,,도S,,,,,,,,,,,조S,,,,,,,,,,,,,,,,,도F,,,,,,,,,,,,,,,조F,,,상,,검,,,,,포,,출,납,,,,,,,,,,,,,,,,,,,,,,,,,,,,,,,,,,,,,,,,,,,,,,,,,,,,,,,,,,,,,,,True,DATA_PLAN,,,,plan
719,2,DEB,ENC,아틀라스 GT Aux #1,ENC-3,1,2026-07-30 00:00:00,,3,100,,,,,실행,미정,,,,,,,,,,,,,,,,,,,미정,5,7,,,,,,,,,,,,,,,,,,,,,,,,,,,,,,,,,,,,,,,,,,,,,,,,,,,,,,,,,,,,,,,,,,,,,,,,,,,,,,,,,,,,,,,,,,,,,,,,,,,,,,,,,,,,,,,,,,,,,,,,,,,,,,,,,,,,,,,,,,,,,,,,,,,,,,,,,,,,,,,,,,,,,,,,,,,,,,,,,,,,,,,,,,,,,,,,,,,,,,,,,,,,,,,,,,,,,,,,,,,,,,,,,,,,,,,,,,,,,,,,,,,,,,,,,,,,,,,,,,,,,,,,,,,,,,,,,,,,,,True,DATA_ACTUAL,,,,actual
719,3,DEB,ENC,아틀라스 GT Aux #1,ENC-3,1,2026-07-30 00:00:00,,3,100,,,,,미정,미정,,,,,,,,,-,,,,,,,,,,미정,5,7,,,실적,,0,,0,,0,,0,,0,,0,,,,0,,,,0,,,,0,,0,,0,,0,,0,,,,,,,,,,,,,,,,,,,,,,,,,,,,,,,,,,,,,,,,,,,,,,,,,,,,,,,,,,,,,,,,,,,,,,,,,,,,,,,,,,,,,,,,,,,,,,,,,,,,,,,,,,,,,,,,,,,,,,,,,,,,,,,,,,,,,,,,,,,,,,,,,,,,,,,,,,,,,,,,,,,,,,,,,,,,,,,,,,,,,,,,,,,,,,,,,,,,,,,,,,,,,,,,,,,,,,,,,,,,,,,,,,,,,,,,,,,,,,,,,,,False,STRUCTURAL,비데이터 행,,,unknown
719,4,DEB,ENC,아틀라스 GT Aux #1,ENC-3,1,2026-07-30 00:00:00,,3,100,,,,,취부,,0,,,,,,,,,,,,,,,,,,미정,5,7,,,LOAD,,,,,,,,,,,,,,,,,,,,,,,,,,,,,,,,,,,,,,,,,,,,,,,,,,,,,,,,,,,,,,,,,,,,,,,,,,,,,,,,,,,,,,,,,,,,,,,,,,,,,,,,,,,,,,,,,,,,,,,,,,,,,,,,,,,,,,,,,,,,,,,,,,,,,,,,,,,,,,,,,,,,,,,,,,,,,,,,,,,,,,,,,,,,,,,,,,,,,,,,,,,,,,,,,,,,,,,,,,,,,,,,,,,,,,,,,,,,,,,,,,,,,,,,,,,,,,,,,,,,,,,,,,,,,,,,,,,False,STRUCTURAL,비데이터 행,,,unknown
719,5,DEB,ENC,아틀라스 GT Aux #1,ENC-3,1,2026-07-30 00:00:00,,3,100,,,,,용접,,0,,,,,,,,,,,,,,,,,,미정,5,7,,,,,,,,,,,,,,,,,,,,,,,,,,,,,,,,,,,,,,,,,,,,,,,,,,,,,,,,,,,,,,,,,,,,,,,,,,,,,,,,,,,,,,,,,,,,,,,,,,,,,,,,,,,,,,,,,,,,,,,,,,,,,,,,,,,,,,,,,,,,,,,,,,,,,,,,,,,,,,,,,,,,,,,,,,,,,,,,,,,,,,,,,,,,,,,,,,,,,,,,,,,,,,,,,,,,,,,,,,,,,,,,,,,,,,,,,,,,,,,,,,,,,,,,,,,,,,,,,,,,,,,,,,,,,,,,,,,,,,False,STRUCTURAL,비데이터 행,,,unknown
719,6,DEB,ENC,아틀라스 GT Aux #1,ENC-3,1,2026-07-30 00:00:00,,3,100,,,,,조립,,100,,,,,,,,,,,,,,,,,,미정,5,7,,,,,,,,,,,,,,,,,,,,,,,,,,,,,,,,,,,,,,,,,,,,,,,,,,,,,,,,,,,,,,,,,,,,,,,,,,,,,,,,,,,,,,,,,,,,,,,,,,,,,,,,,,,,,,,,,,,,,,,,,,,,,,,,,,,,,,,,,,,,,,,,,,,,,,,,,,,,,,,,,,,,,,,,,,,,,,,,,,,4,4,4,4,,4,4,4,4,4,4,,4,4,4,4,4,4,,4,4,4,4,4,4,,4,4,4,,,,,,,,,,,,,,,,,,,,,,,,,,,,,,,,,,,,,,,,,,,,,,,,,,,,,,,,,,,,,,,,,,,,,,,False,STRUCTURAL,비데이터 행,,,unknown
719,7,DEB,ENC,아틀라스 GT Aux #1,ENC-3,1,2026-07-30 00:00:00,,3,100,,,,,사상,,0,,,,,,,,,,,,,,,,,,미정,5,7,,,,,,,,,,,,,,,,,,,,,,,,,,,,,,,,,,,,,,,,,,,,,,,,,,,,,,,,,,,,,,,,,,,,,,,,,,,,,,,,,,,,,,,,,,,,,,,,,,,,,,,,,,,,,,,,,,,,,,,,,,,,,,,,,,,,,,,,,,,,,,,,,,,,,,,,,,,,,,,,,,,,,,,,,,,,,,,,,,,,,,,,,,,,,,,,,,,,,,,,,,,,,,,,,,,,,,,,,,,,,,,,,,,,,,,,,,,,,,,,,,,,,,,,,,,,,,,,,,,,,,,,,,,,,,,,,,,,,,False,STRUCTURAL,비데이터 행,,,unknown
719,9,DEB,ENC,아틀라스 GT Aux #1,ENC-3,1,2026-07-30 00:00:00,,3,100,,,,,실적,,,,,,,,,,,,,,,,,,,,미정,5,7,,,,,,,,,,,,,,,,,,,,,,,,,,,,,,,,,,,,,,,,,,,,,,,,,,,,,,,,,,,,,,,,,,,,,,,,,,,,,,,,,,,,,,,,,,,,,,,,,,,,,,,,,,,,,,,,,,,,,,,,,,,,,,,,,,,,,,,,,,,,,,,,,,,,,,,,,,,,,,,,,,,,,,,,,,,,,,,,,,,,,,,,,,,,,,,,,,,,,,,,,,,,,,,,,,,,,,,,,,,,,,,,,,,,,,,,,,,,,,,,,,,,,,,,,,,,,,,,,,,,,,,,,,,,,,,,,,,,,,False,STRUCTURAL,비데이터 행,,,unknown
720,1,DEB,ENC,아틀라스 GT Gen. #1,ENC-3,1,2026-07-30 00:00:00,46189,3,100,,,,15Ton,일자,미정,46101,46105,46108,46127,46142,46142,46170,46189,-,2026-07-08 00:00:00,46225,46226,46228,2026-07-28 00:00:00,46233,0%,,,미정,6,7,,,계획,46101,,46105,,46108,,46127,,46128,,46142,,46133,,46189,,46196,,46211,,46205,,46225,,46226,,46228,,46231,,46233,,,,,,,,,,,,,,,,,,,,,,,,,,,,,,,,,,,,,,,,,,,,,,,,,D,,,,K,,,발S,,,,,,,,,,,,,,,,,,,발F,가S,,,,,제S,-----,-----,-----,-----,-----,-----,-----,-----,가F,-----,-----,-----,-----,-----,-----,-----,-----,-----,-----,-----,-----,-----,-----,-----,-----,-----,-----,-----,-----,-----,-----,-----,-----,-----,-----,-----,-----,-----,-----,-----,-----,-----,-----,-----,-----,-----,-----,-----,-----,-----,-----,-----,-----,-----,-----,제F,,,,,,,도S,,,,,,,,,조S,,,,,,도F,,,,,,,,,,,,,,조F,상,,검,,,포,,납,,,,,,,,,,,,,,,,,,,,,,,,,,,,,,,,,,,,,,,,,,,,,,,,,,,,,,,,,,,,,,,True,DATA_PLAN,,,,plan
720,2,DEB,ENC,아틀라스 GT Gen. #1,ENC-3,1,2026-07-30 00:00:00,,3,100,,,,,실행,미정,,,,,,,,,,,,,,,,,,,미정,6,7,,,,,,,,,,,,,,,,,,,,,,,,,,,,,,,,,,,,,,,,,,,,,,,,,,,,,,,,,,,,,,,,,,,,,,,,,,,,,,,,,,,,,,,,,,,,,,,,,,,,,,,,,,,,,,,,,,,,,,,,,,,,,,,,,,,,,,,,,,,,,,,,,,,,,,,,,,,,,,,,,,,,,,,,,,,,,,,,,,,,,,,,,,,,,,,,,,,,,,,,,,,,,,,,,,,,,,,,,,,,,,,,,,,,,,,,,,,,,,,,,,,,,,,,,,,,,,,,,,,,,,,,,,,,,,,,,,,,,,True,DATA_ACTUAL,,,,actual
720,3,DEB,ENC,아틀라스 GT Gen. #1,ENC-3,1,2026-07-30 00:00:00,,3,100,,,,15Ton,미정,미정,,,,,,,,,-,,,,,,,,,,미정,6,7,,,실적,,0,,0,,0,,0,,0,,0,,,,0,,,,0,,,,0,,0,,0,,0,,0,,,,,,,,,,,,,,,,,,,,,,,,,,,,,,,,,,,,,,,,,,,,,,,,,,,,,,,,,,,,,,,,,,,,,,,,,,,,,,,,,,,,,,,,,,,,,,,,,,,,,,,,,,,,,,,,,,,,,,,,,,,,,,,,,,,,,,,,,,,,,,,,,,,,,,,,,,,,,,,,,,,,,,,,,,,,,,,,,,,,,,,,,,,,,,,,,,,,,,,,,,,,,,,,,,,,,,,,,,,,,,,,,,,,,,,,,,,,,,,,,,,False,STRUCTURAL,비데이터 행,,,unknown
720,4,DEB,ENC,아틀라스 GT Gen. #1,ENC-3,1,2026-07-30 00:00:00,,3,100,,,,,취부,,0,,,,,,,,,,,,,,,,,,미정,6,7,,,LOAD,,,,,,,,,,,,,,,,,,,,,,,,,,,,,,,,,,,,,,,,,,,,,,,,,,,,,,,,,,,,,,,,,,,,,,,,,,,,,,,,,,,,,,,,,,,,,,,,,,,,,,,,,,,,,,,,,,,,,,,,,,,,,,,,,,,,,,,,,,,,,,,,,,,,,,,,,,,,,,,,,,,,,,,,,,,,,,,,,,,,,,,,,,,,,,,,,,,,,,,,,,,,,,,,,,,,,,,,,,,,,,,,,,,,,,,,,,,,,,,,,,,,,,,,,,,,,,,,,,,,,,,,,,,,,,,,,,,False,STRUCTURAL,비데이터 행,,,unknown
720,5,DEB,ENC,아틀라스 GT Gen. #1,ENC-3,1,2026-07-30 00:00:00,,3,100,,,,,용접,,0,,,,,,,,,,,,,,,,,,미정,6,7,,,,,,,,,,,,,,,,,,,,,,,,,,,,,,,,,,,,,,,,,,,,,,,,,,,,,,,,,,,,,,,,,,,,,,,,,,,,,,,,,,,,,,,,,,,,,,,,,,,,,,,,,,,,,,,,,,,,,,,,,,,,,,,,,,,,,,,,,,,,,,,,,,,,,,,,,,,,,,,,,,,,,,,,,,,,,,,,,,,,,,,,,,,,,,,,,,,,,,,,,,,,,,,,,,,,,,,,,,,,,,,,,,,,,,,,,,,,,,,,,,,,,,,,,,,,,,,,,,,,,,,,,,,,,,,,,,,,,,False,STRUCTURAL,비데이터 행,,,unknown
720,6,DEB,ENC,아틀라스 GT Gen. #1,ENC-3,1,2026-07-30 00:00:00,,3,100,,,,,조립,,60,,,,,,,,,,,,,,,,,,미정,6,7,,,,,,,,,,,,,,,,,,,,,,,,,,,,,,,,,,,,,,,,,,,,,,,,,,,,,,,,,,,,,,,,,,,,,,,,,,,,,,,,,,,,,,,,,,,,,,,,,,,,,,,,,,,,,,,,,,,,,,,,,,,,,,,,,,,,,,,,,,,,,,,,,,,,,,,,,,,,,,,,,,,,,,,,,,,,,,,,,,,,,,,,,,,,,,,4,4,4,4,4,4,,4,4,4,4,4,4,,4,4,4,,,,,,,,,,,,,,,,,,,,,,,,,,,,,,,,,,,,,,,,,,,,,,,,,,,,,,,,,,,,,,,,,,,,,,,False,STRUCTURAL,비데이터 행,,,unknown
720,7,DEB,ENC,아틀라스 GT Gen. #1,ENC-3,1,2026-07-30 00:00:00,,3,100,,,,,사상,,0,,,,,,,,,,,,,,,,,,미정,6,7,,,,,,,,,,,,,,,,,,,,,,,,,,,,,,,,,,,,,,,,,,,,,,,,,,,,,,,,,,,,,,,,,,,,,,,,,,,,,,,,,,,,,,,,,,,,,,,,,,,,,,,,,,,,,,,,,,,,,,,,,,,,,,,,,,,,,,,,,,,,,,,,,,,,,,,,,,,,,,,,,,,,,,,,,,,,,,,,,,,,,,,,,,,,,,,,,,,,,,,,,,,,,,,,,,,,,,,,,,,,,,,,,,,,,,,,,,,,,,,,,,,,,,,,,,,,,,,,,,,,,,,,,,,,,,,,,,,,,,False,STRUCTURAL,비데이터 행,,,unknown
720,9,DEB,ENC,아틀라스 GT Gen. #1,ENC-3,1,2026-07-30 00:00:00,,3,100,,,,,실적,,,,,,,,,,,,,,,,,,,,미정,6,7,,,,,,,,,,,,,,,,,,,,,,,,,,,,,,,,,,,,,,,,,,,,,,,,,,,,,,,,,,,,,,,,,,,,,,,,,,,,,,,,,,,,,,,,,,,,,,,,,,,,,,,,,,,,,,,,,,,,,,,,,,,,,,,,,,,,,,,,,,,,,,,,,,,,,,,,,,,,,,,,,,,,,,,,,,,,,,,,,,,,,,,,,,,,,,,,,,,,,,,,,,,,,,,,,,,,,,,,,,,,,,,,,,,,,,,,,,,,,,,,,,,,,,,,,,,,,,,,,,,,,,,,,,,,,,,,,,,,,,False,STRUCTURAL,비데이터 행,,,unknown
721,1,HHI,GV,CMHI297 #1,VS-2,2,2026-07-31 00:00:00,46213,1,30,,,,도면 출도X,일자,E 케이테크,46169,46171,46174,46189,46198,46198,46208,46213,-,2026-07-15 00:00:00,46226,46227,46231,2026-07-29 00:00:00,46233,0%,,,E 케이테크,7,7,,,계획,46169,,46171,,46174,,46189,,46190,,46198,,46199,,46213,,46216,,46218,,46219,,46226,,46227,,46231,,46232,,46233,,,,,,,,,,,,,,,,,,,,,,,,,,,,,,,,,,,,,,,,,,,,,,,,,,,,,,,,,,,,,,,,,,,,,,,,,,,,,,,,,,,,,,,,,,,,,,,,,,,,,,,,,,,,,,,,,,,,,D,,K,,,발S,,,,,,,,,,,,,,,발F,가S,,,,,,,,가F,제S,-----,-----,-----,-----,-----,-----,-----,-----,-----,-----,-----,-----,-----,제F,,,도S,,도F,조S,,,,,,,조F,상,,,,검,포,출,납,,,,,,,,,,,,,,,,,,,,,,,,,,,,,,,,,,,,,,,,,,,,,,,,,,,,,,,,,,,,,,True,DATA_PLAN,,,,plan
721,2,HHI,GV,CMHI297 #1,VS-2,2,2026-07-31 00:00:00,,1,30,,,,,실행,E 케이테크,,,,,,,,,,,,,,,,,,,E 케이테크,7,7,,,,,,,,,,,,,,,,,,,,,,,,,,,,,,,,,,,,,,,,,,,,,,,,,,,,,,,,,,,,,,,,,,,,,,,,,,,,,,,,,,,,,,,,,,,,,,,,,,,,,,,,,,,,,,,,,,,,,,,,,,,,,,,,,,,,,,,,,,,,,,,,,,,,,,,,,,,,,,,,,,,,,,,,,,,,,,,,,,,,,,,,,,,,,,,,,,,,,,,,,,,,,,,,,,,,,,,,,,,,,,,,,,,,,,,,,,,,,,,,,,,,,,,,,,,,,,,,,,,,,,,,,,,,,,,,,,,,,,True,DATA_ACTUAL,,,,actual
721,3,HHI,GV,CMHI297 #1,VS-2,2,2026-07-31 00:00:00,,1,30,,,,,E 케이테크,E 케이테크,,,,,,,,,-,,,,,,,,,,E 케이테크,7,7,,,실적,,0,,0,,0,,0,,0,,0,,,,0,,,,0,,,,0,,0,,0,,0,,0,,,,,,,,,,,,,,,,,,,,,,,,,,,,,,,,,,,,,,,,,,,,,,,,,,,,,,,,,,,,,,,,,,,,,,,,,,,,,,,,,,,,,,,,,,,,,,,,,,,,,,,,,,,,,,,,,,,,,,,,,,,,,,,,,,,,,,,,,,,,,,,,,,,,,,,,,,,,,,,,,,,,,,,,,,,,,,,,,,,,,,,,,,,,,,,,,,,,,,,,,,,,,,,,,,,,,,,,,,,,,,,,,,,,,,,,,,,,,,,,,,,False,STRUCTURAL,비데이터 행,,,unknown
721,4,HHI,GV,CMHI297 #1,VS-2,2,2026-07-31 00:00:00,,1,30,,,,,취부,,9,,,,,,,,,,,,,,,,,,E 케이테크,7,7,,,LOAD,,,,,,,,,,,,,,,,,,,,,,,,,,,,,,,,,,,,,,,,,,,,,,,,,,,,,,,,,,,,,,,,,,,,,,,,,,,,,,,,,,,,,,,,,,,,,,,,,,,,,,,,,,,,,,,,,,,,,,,,,,,,,,,,,,,,,,,,,,,,,,,,,,,,,,,,,,,,,,,,,,,,,,,,,,,,,,,,,,,,,,,,,,,,,,,,2,2,,1,1,1,1,1,,,,,,,,,,,,,,,,,,,,,,,,,,,,,,,,,,,,,,,,,,,,,,,,,,,,,,,,,,,,,,,,,,,,,,,,,,,,False,STRUCTURAL,비데이터 행,,,unknown
721,5,HHI,GV,CMHI297 #1,VS-2,2,2026-07-31 00:00:00,,1,30,,,,,용접,,10,,,,,,,,,,,,,,,,,,E 케이테크,7,7,,,,,,,,,,,,,,,,,,,,,,,,,,,,,,,,,,,,,,,,,,,,,,,,,,,,,,,,,,,,,,,,,,,,,,,,,,,,,,,,,,,,,,,,,,,,,,,,,,,,,,,,,,,,,,,,,,,,,,,,,,,,,,,,,,,,,,,,,,,,,,,,,,,,,,,,,,,,,,,,,,,,,,,,,,,,,,,,,,,,,,,,,,,,,,,,,,,,2,,2,2,1,1,1,1,,,,,,,,,,,,,,,,,,,,,,,,,,,,,,,,,,,,,,,,,,,,,,,,,,,,,,,,,,,,,,,,,,,,,,,,,,,False,STRUCTURAL,비데이터 행,,,unknown
721,6,HHI,GV,CMHI297 #1,VS-2,2,2026-07-31 00:00:00,,1,30,,,,,조립,,9,,,,,,,,,,,,,,,,,,E 케이테크,7,7,,,,,,,,,,,,,,,,,,,,,,,,,,,,,,,,,,,,,,,,,,,,,,,,,,,,,,,,,,,,,,,,,,,,,,,,,,,,,,,,,,,,,,,,,,,,,,,,,,,,,,,,,,,,,,,,,,,,,,,,,,,,,,,,,,,,,,,,,,,,,,,,,,,,,,,,,,,,,,,,,,,,,,,,,,,,,,,,,,,,,,,,,,,,,,,,,,,,,,2,2,1,1,1,1,,1,,,,,,,,,,,,,,,,,,,,,,,,,,,,,,,,,,,,,,,,,,,,,,,,,,,,,,,,,,,,,,,,,,,,,,,,,False,STRUCTURAL,비데이터 행,,,unknown
721,7,HHI,GV,CMHI297 #1,VS-2,2,2026-07-31 00:00:00,,1,30,,,,,사상,,9,,,,,,,,,,,,,,,,,,E 케이테크,7,7,,,,,,,,,,,,,,,,,,,,,,,,,,,,,,,,,,,,,,,,,,,,,,,,,,,,,,,,,,,,,,,,,,,,,,,,,,,,,,,,,,,,,,,,,,,,,,,,,,,,,,,,,,,,,,,,,,,,,,,,,,,,,,,,,,,,,,,,,,,,,,,,,,,,,,,,,,,,,,,,,,,,,,,,,,,,,,,,,,,,,,,,,,,,,,,,,,,,,,,1,1,1,1,1,,1,1,,2,,,,,,,,,,,,,,,,,,,,,,,,,,,,,,,,,,,,,,,,,,,,,,,,,,,,,,,,,,,,,,,,,,,,,,False,STRUCTURAL,비데이터 행,,,unknown
721,9,HHI,GV,CMHI297 #1,VS-2,2,2026-07-31 00:00:00,,1,30,,,,,실적,,,,,,,,,,,,,,,,,,,,E 케이테크,7,7,,,,,,,,,,,,,,,,,,,,,,,,,,,,,,,,,,,,,,,,,,,,,,,,,,,,,,,,,,,,,,,,,,,,,,,,,,,,,,,,,,,,,,,,,,,,,,,,,,,,,,,,,,,,,,,,,,,,,,,,,,,,,,,,,,,,,,,,,,,,,,,,,,,,,,,,,,,,,,,,,,,,,,,,,,,,,,,,,,,,,,,,,,,,,,,,,,,,,,,,,,,,,,,,,,,,,,,,,,,,,,,,,,,,,,,,,,,,,,,,,,,,,,,,,,,,,,,,,,,,,,,,,,,,,,,,,,,,,,False,STRUCTURAL,비데이터 행,,,unknown
722,1,MHI,ENC,#3 Vicksburg,ENC-3,1,2026-07-31 00:00:00,46177,3,100,,,,,일자,G 범안,46087,46091,46094,46113,46128,46128,46157,46177,-,2026-06-30 00:00:00,46223,46224,46226,2026-07-28 00:00:00,46233,0.25,,,G 범안,6,7,,,계획,46087,,46091,,46094,,46113,,46114,,46128,,46119,,46177,,46184,,46203,,46195,,46223,,46224,,46226,,46231,,46233,,,,,,,,,,,,,,,,,,,,,,,,,,,,,,,,,,,D,,,,K,,,발S,,,,,,,,,,,,,,,,,,,발F,가S,,,,,제S,-----,-----,-----,-----,-----,-----,-----,-----,가F,-----,-----,-----,-----,-----,-----,-----,-----,-----,-----,-----,-----,-----,-----,-----,-----,-----,-----,-----,-----,-----,-----,-----,-----,-----,-----,-----,-----,-----,-----,-----,-----,-----,-----,-----,-----,-----,-----,-----,-----,-----,-----,-----,-----,-----,-----,-----,-----,제F,,,,,,,도S,,,,,,,,,,,조S,,,,,,,,도F,,,,,,,,,,,,,,,,,,,,조F,상,,검,,,,,포,,출,납,,,,,,,,,,,,,,,,,,,,,,,,,,,,,,,,,,,,,,,,,,,,,,,,,,,,,,,,,,,,,,True,DATA_PLAN,,,,plan
722,2,MHI,ENC,#3 Vicksburg,ENC-3,1,2026-07-31 00:00:00,,3,100,,,,,실행,G 범안,45925,45951,,,,,,,,,,,,,,,,,G 범안,6,7,,,,,,,,,,,,,,,,,,,,,,,,,,,,,,,,,,,,,,,,,,,,,,,,,,,,,,,,,,,,,,,,,,,,,,,,,,,,,,,,,,,,,,,,,,,,,,,,,,,,,,,,,,,,,,,,,,,,,,,,,,,,,,,,,,,,,,,,,,,,,,,,,,,,,,,,,,,,,,,,,,,,,,,,,,,,,,,,,,,,,,,,,,,,,,,,,,,,,,,,,,,,,,,,,,,,,,,,,,,,,,,,,,,,,,,,,,,,,,,,,,,,,,,,,,,,,,,,,,,,,,,,,,,,,,,,,,,,,,True,DATA_ACTUAL,,,,actual
722,3,MHI,ENC,#3 Vicksburg,ENC-3,1,2026-07-31 00:00:00,,3,100,,,,35Ton,G 범안,G 범안,162,140,,,,,,,-,,,,,,,,,,G 범안,6,7,,,실적,,45925,,45951,,0,,0,,0,,0,,,,0,,,,0,,,,0,,0,,0,,0,,0,,,,,,,,,,,,,,,,,,,,,,,,,,,,,,,,,,,,,,,,,,,,,,,,,,,,,,,,,,,,,,,,,,,,,,,,,,,,,,,,,,,,,,,,,,,,,,,,,,,,,,,,,,,,,,,,,,,,,,,,,,,,,,,,,,,,,,,,,,,,,,,,,,,,,,,,,,,,,,,,,,,,,,,,,,,,,,,,,,,,,,,,,,,,,,,,,,,,,,,,,,,,,,,,,,,,,,,,,,,,,,,,,,,,,,,,,,,,,,,,,,,False,STRUCTURAL,비데이터 행,,,unknown
722,4,MHI,ENC,#3 Vicksburg,ENC-3,1,2026-07-31 00:00:00,,3,100,,,,,취부,,0,,,,,,,,,,,,,,,,,,G 범안,6,7,,,LOAD,,,,,,,,,,,,,,,,,,,,,,,,,,,,,,,,,,,,,,,,,,,,,,,,,,,,,,,,,,,,,,,,,,,,,,,,,,,,,,,,,,,,,,,,,,,,,,,,,,,,,,,,,,,,,,,,,,,,,,,,,,,,,,,,,,,,,,,,,,,,,,,,,,,,,,,,,,,,,,,,,,,,,,,,,,,,,,,,,,,,,,,,,,,,,,,,,,,,,,,,,,,,,,,,,,,,,,,,,,,,,,,,,,,,,,,,,,,,,,,,,,,,,,,,,,,,,,,,,,,,,,,,,,,,,,,,,,,False,STRUCTURAL,비데이터 행,,,unknown
722,5,MHI,ENC,#3 Vicksburg,ENC-3,1,2026-07-31 00:00:00,,3,100,,,,,용접,,0,,,,,,,,,,,,,,,,,,G 범안,6,7,,,,,,,,,,,,,,,,,,,,,,,,,,,,,,,,,,,,,,,,,,,,,,,,,,,,,,,,,,,,,,,,,,,,,,,,,,,,,,,,,,,,,,,,,,,,,,,,,,,,,,,,,,,,,,,,,,,,,,,,,,,,,,,,,,,,,,,,,,,,,,,,,,,,,,,,,,,,,,,,,,,,,,,,,,,,,,,,,,,,,,,,,,,,,,,,,,,,,,,,,,,,,,,,,,,,,,,,,,,,,,,,,,,,,,,,,,,,,,,,,,,,,,,,,,,,,,,,,,,,,,,,,,,,,,,,,,,,,,False,STRUCTURAL,비데이터 행,,,unknown
722,6,MHI,ENC,#3 Vicksburg,ENC-3,1,2026-07-31 00:00:00,,3,100,,,,,조립,,80,,,,,,,,,,,,,,,,,,G 범안,6,7,,,,,,,,,,,,,,,,,,,,,,,,,,,,,,,,,,,,,,,,,,,,,,,,,,,,,,,,,,,,,,,,,,,,,,,,,,,,,,,,,,,,,,,,,,,,,,,,,,,,,,,,,,,,,,,,,,,,,,,,,,,,,,,,,,,,,,,,,,,,,,,,,,,,,,,,,,,,,,,,,,,,,,,,,,,,,,,,,,,,,,4,,4,4,4,4,4,4,,4,4,4,4,4,4,,4,4,4,4,4,4,,4,,,,,,,,,,,,,,,,,,,,,,,,,,,,,,,,,,,,,,,,,,,,,,,,,,,,,,,,,,,,,,,,,,,,,,,,,False,STRUCTURAL,비데이터 행,,,unknown
722,7,MHI,ENC,#3 Vicksburg,ENC-3,1,2026-07-31 00:00:00,,3,100,,,,,사상,,0,,,,,,,,,,,,,,,,,,G 범안,6,7,,,,,,,,,,,,,,,,,,,,,,,,,,,,,,,,,,,,,,,,,,,,,,,,,,,,,,,,,,,,,,,,,,,,,,,,,,,,,,,,,,,,,,,,,,,,,,,,,,,,,,,,,,,,,,,,,,,,,,,,,,,,,,,,,,,,,,,,,,,,,,,,,,,,,,,,,,,,,,,,,,,,,,,,,,,,,,,,,,,,,,,,,,,,,,,,,,,,,,,,,,,,,,,,,,,,,,,,,,,,,,,,,,,,,,,,,,,,,,,,,,,,,,,,,,,,,,,,,,,,,,,,,,,,,,,,,,,,,,False,STRUCTURAL,비데이터 행,,,unknown
722,9,MHI,ENC,#3 Vicksburg,ENC-3,1,2026-07-31 00:00:00,,3,100,,,,,실적,,,,,,,,,,,,,,,,,,,,G 범안,6,7,,,,,,,,,,,,,,,,,,,,,,,,,,,,,,,,,,,,,,,,,,,,,,,,,,,,,,,,,,,,,,,,,,,,,,,,,,,,,,,,,,,,,,,,,,,,,,,,,,,,,,,,,,,,,,,,,,,,,,,,,,,,,,,,,,,,,,,,,,,,,,,,,,,,,,,,,,,,,,,,,,,,,,,,,,,,,,,,,,,,,,,,,,,,,,,,,,,,,,,,,,,,,,,,,,,,,,,,,,,,,,,,,,,,,,,,,,,,,,,,,,,,,,,,,,,,,,,,,,,,,,,,,,,,,,,,,,,,,,False,STRUCTURAL,비데이터 행,,,unknown
723,1,HHI,EGP,N292,EGP-2,4,2026-08-06 00:00:00,46212,4,20,,,,도면,일자,C 에이스,46162,46170,46171,46188,46197,46197,46207,46212,-,2026-07-14 00:00:00,46234,46244,46245,2026-08-12 00:00:00,46247,0%,,,C 에이스,7,8,,,계획,46162,,46170,,46171,,46188,,46189,,46197,,46198,,46212,,46216,,46217,,46218,,46234,,46244,,46245,,46246,,46247,,,,,,,,,,,,,,,,,,,,,,,,,,,,,,,,,,,,,,,,,,,,,,,,,,,,,,,,,,,,,,,,,,,,,,,,,,,,,,,,,,,,,,,,,,,,,,,,,,,,,,,,,,,,,,D,,,,,,,,K,발S,,,,,,,,,,,,,,,,,발F,가S,,,,,,,,가F,제S,-----,-----,-----,-----,-----,-----,-----,-----,-----,-----,-----,-----,-----,제F,,,,도S,도F,조S,,,,,,,,,,,,,,,,조F,,,,,,납,,,,상,검,포,출,,,,,,,,,,,,,,,,,,,,,,,,,,,,,,,,,,,,,,,,,,,,,,,,,True,DATA_PLAN,,,,plan
723,2,HHI,EGP,N292,EGP-2,4,2026-08-06 00:00:00,,4,20,,,,8/14→8/6,실행,C 에이스,,,,,,,,,,,,,,,,,,,C 에이스,7,8,,,,,,,,,,,,,,,,,,,,,,,,,,,,,,,,,,,,,,,,,,,,,,,,,,,,,,,,,,,,,,,,,,,,,,,,,,,,,,,,,,,,,,,,,,,,,,,,,,,,,,,,,,,,,,,,,,,,,,,,,,,,,,,,,,,,,,,,,,,,,,,,,,,,,,,,,,,,,,,,,,,,,,,,,,,,,,,,,,,,,,,,,,,,,,,,,,,,,,,,,,,,,,,,,,,,,,,,,,,,,,,,,,,,,,,,,,,,,,,,,,,,,,,,,,,,,,,,,,,,,,,,,,,,,,,,,,,,,,True,DATA_ACTUAL,,,,actual
723,3,HHI,EGP,N292,EGP-2,4,2026-08-06 00:00:00,,4,20,,,,,C 에이스,C 에이스,,,,,,,,,-,,,,,,,,,,C 에이스,7,8,,,실적,,0,,0,,0,,0,,,,0,,,,0,,,,0,,,,0,,0,,0,,0,,0,,,,,,,,,,,,,,,,,,,,,,,,,,,,,,,,,,,,,,,,,,,,,,,,,,,,,,,,,,,,,,,,,,,,,,,,,,,,,,,,,,,,,,,,,,,,,,,,,,,,,,,,,,,,,,,,,,,,,,,,,,,,,,,,,,,,,,,,,,,,,,,,,,,,,,,,,,,,,,,,,,,,,,,,,,,,,,,,,,,,,,,,,,,,,,,,,,,,,,,,,,,,,,,,,,,,,,,,,,,,,,,,,,,,,,,,,,,,,,,,,,,False,STRUCTURAL,비데이터 행,,,unknown
723,4,HHI,EGP,N292,EGP-2,4,2026-08-06 00:00:00,,4,20,,,,,취부,,12,,,,,,,,,,,,,,,,,,C 에이스,7,8,,,LOAD,,,,,,,,,,,,,,,,,,,,,,,,,,,,,,,,,,,,,,,,,,,,,,,,,,,,,,,,,,,,,,,,,,,,,,,,,,,,,,,,,,,,,,,,,,,,,,,,,,,,,,,,,,,,,,,,,,,,,,,,,,,,,,,,,,,,,,,,,,,,,,,,,,,,,,,,,,,,,,,,,,,,,,,,,,,,,,,,,,,,,,,,,,,,,,,,,,,,2,2,2,2,2,,2,,,,,,,,,,,,,,,,,,,,,,,,,,,,,,,,,,,,,,,,,,,,,,,,,,,,,,,,,,,,,,,,,,,,,,,,,False,STRUCTURAL,비데이터 행,,,unknown
723,5,HHI,EGP,N292,EGP-2,4,2026-08-06 00:00:00,,4,20,,,,,용접,,12,,,,,,,,,,,,,,,,,,C 에이스,7,8,,,,,,,,,,,,,,,,,,,,,,,,,,,,,,,,,,,,,,,,,,,,,,,,,,,,,,,,,,,,,,,,,,,,,,,,,,,,,,,,,,,,,,,,,,,,,,,,,,,,,,,,,,,,,,,,,,,,,,,,,,,,,,,,,,,,,,,,,,,,,,,,,,,,,,,,,,,,,,,,,,,,,,,,,,,,,,,,,,,,,,,,,,,,,,,,,,,,,,,,2,2,2,2,,2,2,,,,,,,,,,,,,,,,,,,,,,,,,,,,,,,,,,,,,,,,,,,,,,,,,,,,,,,,,,,,,,,,,,,,,,,,False,STRUCTURAL,비데이터 행,,,unknown
723,6,HHI,EGP,N292,EGP-2,4,2026-08-06 00:00:00,,4,20,,,,,조립,,16,,,,,,,,,,,,,,,,,,C 에이스,7,8,,,,,,,,,,,,,,,,,,,,,,,,,,,,,,,,,,,,,,,,,,,,,,,,,,,,,,,,,,,,,,,,,,,,,,,,,,,,,,,,,,,,,,,,,,,,,,,,,,,,,,,,,,,,,,,,,,,,,,,,,,,,,,,,,,,,,,,,,,,,,,,,,,,,,,,,,,,,,,,,,,,,,,,,,,,,,,,,,,,,,,,,,,,,,,,,,,,,,,,,,2,2,2,,2,2,2,,,,,,,,2,2,,,,,,,,,,,,,,,,,,,,,,,,,,,,,,,,,,,,,,,,,,,,,,,,,,,,,,,,,,,,,,False,STRUCTURAL,비데이터 행,,,unknown
723,7,HHI,EGP,N292,EGP-2,4,2026-08-06 00:00:00,,4,20,,,,,사상,,12,,,,,,,,,,,,,,,,,,C 에이스,7,8,,,,,,,,,,,,,,,,,,,,,,,,,,,,,,,,,,,,,,,,,,,,,,,,,,,,,,,,,,,,,,,,,,,,,,,,,,,,,,,,,,,,,,,,,,,,,,,,,,,,,,,,,,,,,,,,,,,,,,,,,,,,,,,,,,,,,,,,,,,,,,,,,,,,,,,,,,,,,,,,,,,,,,,,,,,,,,,,,,,,,,,,,,,,,,,,,,,,,,,,,,2,2,,2,2,2,2,,,,,,,,,,,,,,,,,,,,,,,,,,,,,,,,,,,,,,,,,,,,,,,,,,,,,,,,,,,,,,,,,,,,,,False,STRUCTURAL,비데이터 행,,,unknown
723,9,HHI,EGP,N292,EGP-2,4,2026-08-06 00:00:00,,4,20,,,,,실적,,,,,,,,,,,,,,,,,,,,C 에이스,7,8,,,,,,,,,,,,,,,,,,,,,,,,,,,,,,,,,,,,,,,,,,,,,,,,,,,,,,,,,,,,,,,,,,,,,,,,,,,,,,,,,,,,,,,,,,,,,,,,,,,,,,,,,,,,,,,,,,,,,,,,,,,,,,,,,,,,,,,,,,,,,,,,,,,,,,,,,,,,,,,,,,,,,,,,,,,,,,,,,,,,,,,,,,,,,,,,,,,,,,,,,,,,,,,,,,,,,,,,,,,,,,,,,,,,,,,,,,,,,,,,,,,,,,,,,,,,,,,,,,,,,,,,,,,,,,,,,,,,,,False,STRUCTURAL,비데이터 행,,,unknown
724,1,MHI,VS,당진 Anti Icing,VS-2,4,2026-08-08 00:00:00,46206,4,30,,,,,일자,C 에이스,46154,46161,46164,46182,46191,46191,46200,46206,-,2026-07-13 00:00:00,46225,46227,46231,2026-07-29 00:00:00,46233,0%,,,C 에이스,7,8,,,계획,46154,,46161,,46164,,46182,,46183,,46191,,46190,,46206,,46209,,46216,,46213,,46225,,46227,,46231,,46232,,46233,,,,,,,,,,,,,,,,,,,,,,,,,,,,,,,,,,,,,,,,,,,,,,,,,,,,,,,,,,,,,,,,,,,,,,,,,,,,,,,,,,,,,,,,,,,,,,,,,,,,,,D,,,,,,,K,,,발S,,,,,,,,,,,,,,,,,,발F,가S,,,,,,,제S,가F,-----,-----,-----,-----,-----,-----,-----,-----,-----,-----,-----,-----,-----,-----,제F,,,도S,,,,조S,,,도F,,,,,,,,,조F,,상,,,,검,포,출,,,,,,,,,납,,,,,,,,,,,,,,,,,,,,,,,,,,,,,,,,,,,,,,,,,,,,,,,,,,,,,,True,DATA_PLAN,,,,plan
724,2,MHI,VS,당진 Anti Icing,VS-2,4,2026-08-08 00:00:00,,4,30,,,,,실행,C 에이스,,,,,,,,,,,,,,,,,,,C 에이스,7,8,,,,,,,,,,,,,,,,,,,,,,,,,,,,,,,,,,,,,,,,,,,,,,,,,,,,,,,,,,,,,,,,,,,,,,,,,,,,,,,,,,,,,,,,,,,,,,,,,,,,,,,,,,,,,,,,,,,,,,,,,,,,,,,,,,,,,,,,,,,,,,,,,,,,,,,,,,,,,,,,,,,,,,,,,,,,,,,,,,,,,,,,,,,,,,,,,,,,,,,,,,,,,,,,,,,,,,,,,,,,,,,,,,,,,,,,,,,,,,,,,,,,,,,,,,,,,,,,,,,,,,,,,,,,,,,,,,,,,,True,DATA_ACTUAL,,,,actual
724,3,MHI,VS,당진 Anti Icing,VS-2,4,2026-08-08 00:00:00,,4,30,,,,,C 에이스,C 에이스,,,,,,,,,-,,,,,,,,,,C 에이스,7,8,,,실적,,0,,0,,0,,0,,0,,0,,,,0,,,,0,,,,0,,0,,0,,0,,0,,,,,,,,,,,,,,,,,,,,,,,,,,,,,,,,,,,,,,,,,,,,,,,,,,,,,,,,,,,,,,,,,,,,,,,,,,,,,,,,,,,,,,,,,,,,,,,,,,,,,,,,,,,,,,,,,,,,,,,,,,,,,,,,,,,,,,,,,,,,,,,,,,,,,,,,,,,,,,,,,,,,,,,,,,,,,,,,,,,,,,,,,,,,,,,,,,,,,,,,,,,,,,,,,,,,,,,,,,,,,,,,,,,,,,,,,,,,,,,,,,,False,STRUCTURAL,비데이터 행,,,unknown
724,4,MHI,VS,당진 Anti Icing,VS-2,4,2026-08-08 00:00:00,,4,30,,,,,취부,,17,,,,,,,,,,,,,,,,,,C 에이스,7,8,,,LOAD,,,,,,,,,,,,,,,,,,,,,,,,,,,,,,,,,,,,,,,,,,,,,,,,,,,,,,,,,,,,,,,,,,,,,,,,,,,,,,,,,,,,,,,,,,,,,,,,,,,,,,,,,,,,,,,,,,,,,,,,,,,,,,,,,,,,,,,,,,,,,,,,,,,,,,,,,,,,,,,,,,,,,,,,,,,,,,,,,,,,,,,,,,,,,2,2,2,2,2,,2,1,1,1,1,1,,,,,,,,,,,,,,,,,,,,,,,,,,,,,,,,,,,,,,,,,,,,,,,,,,,,,,,,,,,,,,,,,,,,,,,,,,,False,STRUCTURAL,비데이터 행,,,unknown
724,5,MHI,VS,당진 Anti Icing,VS-2,4,2026-08-08 00:00:00,,4,30,,,,,용접,,20,,,,,,,,,,,,,,,,,,C 에이스,7,8,,,,,,,,,,,,,,,,,,,,,,,,,,,,,,,,,,,,,,,,,,,,,,,,,,,,,,,,,,,,,,,,,,,,,,,,,,,,,,,,,,,,,,,,,,,,,,,,,,,,,,,,,,,,,,,,,,,,,,,,,,,,,,,,,,,,,,,,,,,,,,,,,,,,,,,,,,,,,,,,,,,,,,,,,,,,,,,,,,,,,,,,,,,,,,,,,2,2,2,2,,2,2,2,2,2,1,,1,,,,,,,,,,,,,,,,,,,,,,,,,,,,,,,,,,,,,,,,,,,,,,,,,,,,,,,,,,,,,,,,,,,,,,,,,False,STRUCTURAL,비데이터 행,,,unknown
724,6,MHI,VS,당진 Anti Icing,VS-2,4,2026-08-08 00:00:00,,4,30,,,,,조립,,17,,,,,,,,,,,,,,,,,,C 에이스,7,8,,,,,,,,,,,,,,,,,,,,,,,,,,,,,,,,,,,,,,,,,,,,,,,,,,,,,,,,,,,,,,,,,,,,,,,,,,,,,,,,,,,,,,,,,,,,,,,,,,,,,,,,,,,,,,,,,,,,,,,,,,,,,,,,,,,,,,,,,,,,,,,,,,,,,,,,,,,,,,,,,,,,,,,,,,,,,,,,,,,,,,,,,,,,,,,,,,2,2,2,,2,2,2,1,1,1,,1,1,,,,,,,,,,,,,,,,,,,,,,,,,,,,,,,,,,,,,,,,,,,,,,,,,,,,,,,,,,,,,,,,,,,,,,,,False,STRUCTURAL,비데이터 행,,,unknown
724,7,MHI,VS,당진 Anti Icing,VS-2,4,2026-08-08 00:00:00,,4,30,,,,,사상,,11,,,,,,,,,,,,,,,,,,C 에이스,7,8,,,,,,,,,,,,,,,,,,,,,,,,,,,,,,,,,,,,,,,,,,,,,,,,,,,,,,,,,,,,,,,,,,,,,,,,,,,,,,,,,,,,,,,,,,,,,,,,,,,,,,,,,,,,,,,,,,,,,,,,,,,,,,,,,,,,,,,,,,,,,,,,,,,,,,,,,,,,,,,,,,,,,,,,,,,,,,,,,,,,,,,,,,,,,,,,,,,1,1,,1,1,1,1,1,1,,1,1,1,,,,,,,,,,,,,,,,,,,,,,,,,,,,,,,,,,,,,,,,,,,,,,,,,,,,,,,,,,,,,,,,,,,,,,,False,STRUCTURAL,비데이터 행,,,unknown
724,9,MHI,VS,당진 Anti Icing,VS-2,4,2026-08-08 00:00:00,,4,30,,,,,실적,,,,,,,,,,,,,,,,,,,,C 에이스,7,8,,,,,,,,,,,,,,,,,,,,,,,,,,,,,,,,,,,,,,,,,,,,,,,,,,,,,,,,,,,,,,,,,,,,,,,,,,,,,,,,,,,,,,,,,,,,,,,,,,,,,,,,,,,,,,,,,,,,,,,,,,,,,,,,,,,,,,,,,,,,,,,,,,,,,,,,,,,,,,,,,,,,,,,,,,,,,,,,,,,,,,,,,,,,,,,,,,,,,,,,,,,,,,,,,,,,,,,,,,,,,,,,,,,,,,,,,,,,,,,,,,,,,,,,,,,,,,,,,,,,,,,,,,,,,,,,,,,,,,False,STRUCTURAL,비데이터 행,,,unknown
725,1,STXE,REACTOR,H1647,STX-1,4,2026-08-11 00:00:00,46213,1,30,,,,,일자,C 에이스,46098,46100,46101,46170,46184,46184,46203,46213,-,2026-07-17 00:00:00,46231,46232,46233,2026-07-31 00:00:00,46244,0.2,,,C 에이스,7,8,,,계획,46098,,46100,,46101,,46170,,46171,,46184,,46185,,46213,,46216,,46220,,46223,,46231,,46232,,46233,,46234,,46244,,,,,,,,,,,,,,,,,,,,,,,,,,,,,,,,,,,,,,,,,,,,,,D,,K,발S,,,,,,,,,,,,,,,,,,,,,,,,,,,,,,,,,,,,,,,,,,,,,,,,,,,,,,,,,,,,,,,,,,,,,발F,가S,,,,,,,,,,,,,가F,제S,-----,-----,-----,-----,-----,-----,-----,-----,-----,-----,-----,-----,-----,-----,-----,-----,-----,-----,-----,-----,-----,-----,-----,-----,-----,-----,-----,제F,,,도S,,,,도F,,,조S,,,,,,,,조F,상,검,포,,,,,,,,,,출,납,,,,,,,,,,,,,,,,,,,,,,,,,,,,,,,,,,,,,,,,,,,,,,,,,,,True,DATA_PLAN,,,,plan
725,2,STXE,REACTOR,H1647,STX-1,4,2026-08-11 00:00:00,,1,30,,,,,실행,C 에이스,46035,,,,,,,,,,,,,,,,,,C 에이스,7,8,,,,,,,,,,,,,,,,,,,,,,,,,,,,,,,,,,,,,,,,,,,,,,,,,,,,,,,,,,,,,,,,,,,,,,,,,,,,,,,,,,,,,,,,,,,,,,,,,,,,,,,,,,,,,,,,,,,,,,,,,,,,,,,,,,,,,,,,,,,,,,,,,,,,,,,,,,,,,,,,,,,,,,,,,,,,,,,,,,,,,,,,,,,,,,,,,,,,,,,,,,,,,,,,,,,,,,,,,,,,,,,,,,,,,,,,,,,,,,,,,,,,,,,,,,,,,,,,,,,,,,,,,,,,,,,,,,,,,,True,DATA_ACTUAL,,,,actual
725,3,STXE,REACTOR,H1647,STX-1,4,2026-08-11 00:00:00,,1,30,,,,,C 에이스,C 에이스,63,,,,,,,,-,,,,,,,,,,C 에이스,7,8,,,실적,,46035,,0,,0,,0,,0,,0,,,,0,,,,0,,,,0,,0,,0,,0,,0,,,,,,,,,,,,,,,,,,,,,,,,,,,,,,,,,,,,,,,,,,,,,,,,,,,,,,,,,,,,,,,,,,,,,,,,,,,,,,,,,,,,,,,,,,,,,,,,,,,,,,,,,,,,,,,,,,,,,,,,,,,,,,,,,,,,,,,,,,,,,,,,,,,,,,,,,,,,,,,,,,,,,,,,,,,,,,,,,,,,,,,,,,,,,,,,,,,,,,,,,,,,,,,,,,,,,,,,,,,,,,,,,,,,,,,,,,,,,,,,,,,False,STRUCTURAL,비데이터 행,,,unknown
725,4,STXE,REACTOR,H1647,STX-1,4,2026-08-11 00:00:00,,1,30,,,,,취부,,0,,,,,,,,,,,,,,,,,,C 에이스,7,8,,,LOAD,,,,,,,,,,,,,,,,,,,,,,,,,,,,,,,,,,,,,,,,,,,,,,,,,,,,,,,,,,,,,,,,,,,,,,,,,,,,,,,,,,,,,,,,,,,,,,,,,,,,,,,,,,,,,,,,,,,,,,,,,,,,,,,,,,,,,,,,,,,,,,,,,,,,,,,,,,,,,,,,,,,,,,,,,,,,,,,,,,,,,,,,,,,,,,,,,,,,,,,,,,,,,,,,,,,,,,,,,,,,,,,,,,,,,,,,,,,,,,,,,,,,,,,,,,,,,,,,,,,,,,,,,,,,,,,,,,,False,STRUCTURAL,비데이터 행,,,unknown
725,5,STXE,REACTOR,H1647,STX-1,4,2026-08-11 00:00:00,,1,30,,,,,용접,,0,,,,,,,,,,,,,,,,,,C 에이스,7,8,,,,,,,,,,,,,,,,,,,,,,,,,,,,,,,,,,,,,,,,,,,,,,,,,,,,,,,,,,,,,,,,,,,,,,,,,,,,,,,,,,,,,,,,,,,,,,,,,,,,,,,,,,,,,,,,,,,,,,,,,,,,,,,,,,,,,,,,,,,,,,,,,,,,,,,,,,,,,,,,,,,,,,,,,,,,,,,,,,,,,,,,,,,,,,,,,,,,,,,,,,,,,,,,,,,,,,,,,,,,,,,,,,,,,,,,,,,,,,,,,,,,,,,,,,,,,,,,,,,,,,,,,,,,,,,,,,,,,,False,STRUCTURAL,비데이터 행,,,unknown
725,6,STXE,REACTOR,H1647,STX-1,4,2026-08-11 00:00:00,,1,30,,,,,조립,,6,,,,,,,,,,,,,,,,,,C 에이스,7,8,,,,,,,,,,,,,,,,,,,,,,,,,,,,,,,,,,,,,,,,,,,,,,,,,,,,,,,,,,,,,,,,,,,,,,,,,,,,,,,,,,,,,,,,,,,,,,,,,,,,,,,,,,,,,,,,,,,,,,,,,,,,,,,,,,,,,,,,,,,,,,,,,,,,,,,,,,,,,,,,,,,,,,,,,,,,,,,,,,,,,,,,,,,,,,,,,,,,,,,,,,,,,,,,,,2,,2,2,,,,,,,,,,,,,,,,,,,,,,,,,,,,,,,,,,,,,,,,,,,,,,,,,,,,,,,,,,,,,,,,,False,STRUCTURAL,비데이터 행,,,unknown
725,7,STXE,REACTOR,H1647,STX-1,4,2026-08-11 00:00:00,,1,30,,,,,사상,,2,,,,,,,,,,,,,,,,,,C 에이스,7,8,,,,,,,,,,,,,,,,,,,,,,,,,,,,,,,,,,,,,,,,,,,,,,,,,,,,,,,,,,,,,,,,,,,,,,,,,,,,,,,,,,,,,,,,,,,,,,,,,,,,,,,,,,,,,,,,,,,,,,,,,,,,,,,,,,,,,,,,,,,,,,,,,,,,,,,,,,,,,,,,,,,,,,,,,,,,,,,,,,,,,,,,,,,,,,,,,,,,,,,,,,,,,,,,,1,1,,,,,,,,,,,,,,,,,,,,,,,,,,,,,,,,,,,,,,,,,,,,,,,,,,,,,,,,,,,,,,,,,,,,False,STRUCTURAL,비데이터 행,,,unknown
725,9,STXE,REACTOR,H1647,STX-1,4,2026-08-11 00:00:00,,1,30,,,,,실적,,,,,,,,,,,,,,,,,,,,C 에이스,7,8,,,,,,,,,,,,,,,,,,,,,,,,,,,,,,,,,,,,,,,,,,,,,,,,,,,,,,,,,,,,,,,,,,,,,,,,,,,,,,,,,,,,,,,,,,,,,,,,,,,,,,,,,,,,,,,,,,,,,,,,,,,,,,,,,,,,,,,,,,,,,,,,,,,,,,,,,,,,,,,,,,,,,,,,,,,,,,,,,,,,,,,,,,,,,,,,,,,,,,,,,,,,,,,,,,,,,,,,,,,,,,,,,,,,,,,,,,,,,,,,,,,,,,,,,,,,,,,,,,,,,,,,,,,,,,,,,,,,,,False,STRUCTURAL,비데이터 행,,,unknown
726,1,HHI,SCR중,CHB2048,SCR-7,5,2026-08-12 00:00:00,46216,2,30,,전기,수출,5x5(B)(5) 4x3(B)(1),일자,미정,46162,46164,46168,46183,46192,46192,46209,46216,-,2026-07-20 00:00:00,46232,46233,46234,2026-08-10 00:00:00,46245,0%,,,미정,7,8,,,계획,46162,,46164,,46168,,46183,,46184,,46192,,46195,,46216,,46218,,46223,,46224,,46232,,46233,,46234,,46244,,46245,,,,,,,,,,,,,,,,,,,,,,,,,,,,,,,,,,,,,,,,,,,,,,,,,,,,,,,,,,,,,,,,,,,,,,,,,,,,,,,,,,,,,,,,,,,,,,,,,,,,,,,,,,,,,,D,,K,,,,발S,,,,,,,,,,,,,,,발F,가S,,,,,,,,가F,,,제S,-----,-----,-----,-----,-----,-----,-----,-----,-----,-----,-----,-----,-----,-----,-----,-----,-----,-----,-----,-----,제F,,도S,,,,,도F,조S,,,,,,,,조F,상,검,,,,,,,,,,포,출,납,,,,,,,,,,,,,,,,,,,,,,,,,,,,,,,,,,,,,,,,,,,,,,,,,,True,DATA_PLAN,,,,plan
726,2,HHI,SCR중,CHB2048,SCR-7,5,2026-08-12 00:00:00,,2,30,,,,,실행,미정,,,,,,,,,,,,,,,,,,,미정,7,8,,,,,,,,,,,,,,,,,,,,,,,,,,,,,,,,,,,,,,,,,,,,,,,,,,,,,,,,,,,,,,,,,,,,,,,,,,,,,,,,,,,,,,,,,,,,,,,,,,,,,,,,,,,,,,,,,,,,,,,,,,,,,,,,,,,,,,,,,,,,,,,,,,,,,,,,,,,,,,,,,,,,,,,,,,,,,,,,,,,,,,,,,,,,,,,,,,,,,,,,,,,,,,,,,,,,,,,,,,,,,,,,,,,,,,,,,,,,,,,,,,,,,,,,,,,,,,,,,,,,,,,,,,,,,,,,,,,,,,True,DATA_ACTUAL,,,,actual
726,3,HHI,SCR중,CHB2048,SCR-7,5,2026-08-12 00:00:00,,2,30,,,,,미정,미정,,,,,,,,,-,,,,,,,,,,미정,7,8,,,실적,,0,,0,,0,,0,,0,,0,,,,0,,,,0,,,,0,,0,,0,,0,,0,,,,,,,,,,,,,,,,,,,,,,,,,,,,,,,,,,,,,,,,,,,,,,,,,,,,,,,,,,,,,,,,,,,,,,,,,,,,,,,,,,,,,,,,,,,,,,,,,,,,,,,,,,,,,,,,,,,,,,,,,,,,,,,,,,,,,,,,,,,,,,,,,,,,,,,,,,,,,,,,,,,,,,,,,,,,,,,,,,,,,,,,,,,,,,,,,,,,,,,,,,,,,,,,,,,,,,,,,,,,,,,,,,,,,,,,,,,,,,,,,,,False,STRUCTURAL,비데이터 행,,,unknown
726,4,HHI,SCR중,CHB2048,SCR-7,5,2026-08-12 00:00:00,,2,30,,,,,취부,,0,,,,,,,,,,,,,,,,,,미정,7,8,,,LOAD,,,,,,,,,,,,,,,,,,,,,,,,,,,,,,,,,,,,,,,,,,,,,,,,,,,,,,,,,,,,,,,,,,,,,,,,,,,,,,,,,,,,,,,,,,,,,,,,,,,,,,,,,,,,,,,,,,,,,,,,,,,,,,,,,,,,,,,,,,,,,,,,,,,,,,,,,,,,,,,,,,,,,,,,,,,,,,,,,,,,,,,,,,,,,,,,,,,,,,,,,,,,,,,,,,,,,,,,,,,,,,,,,,,,,,,,,,,,,,,,,,,,,,,,,,,,,,,,,,,,,,,,,,,,,,,,,,,False,STRUCTURAL,비데이터 행,,,unknown
726,5,HHI,SCR중,CHB2048,SCR-7,5,2026-08-12 00:00:00,,2,30,,,,,용접,,0,,,,,,,,,,,,,,,,,,미정,7,8,,,,,,,,,,,,,,,,,,,,,,,,,,,,,,,,,,,,,,,,,,,,,,,,,,,,,,,,,,,,,,,,,,,,,,,,,,,,,,,,,,,,,,,,,,,,,,,,,,,,,,,,,,,,,,,,,,,,,,,,,,,,,,,,,,,,,,,,,,,,,,,,,,,,,,,,,,,,,,,,,,,,,,,,,,,,,,,,,,,,,,,,,,,,,,,,,,,,,,,,,,,,,,,,,,,,,,,,,,,,,,,,,,,,,,,,,,,,,,,,,,,,,,,,,,,,,,,,,,,,,,,,,,,,,,,,,,,,,,False,STRUCTURAL,비데이터 행,,,unknown
726,6,HHI,SCR중,CHB2048,SCR-7,5,2026-08-12 00:00:00,,2,30,,,,,조립,,6,,,,,,,,,,,,,,,,,,미정,7,8,,,,,,,,,,,,,,,,,,,,,,,,,,,,,,,,,,,,,,,,,,,,,,,,,,,,,,,,,,,,,,,,,,,,,,,,,,,,,,,,,,,,,,,,,,,,,,,,,,,,,,,,,,,,,,,,,,,,,,,,,,,,,,,,,,,,,,,,,,,,,,,,,,,,,,,,,,,,,,,,,,,,,,,,,,,,,,,,,,,,,,,,,,,,,,,,,,,,,,,,,,,,,,,,,,,,2,2,2,,,,,,,,,,,,,,,,,,,,,,,,,,,,,,,,,,,,,,,,,,,,,,,,,,,,,,,,,,,,,,,,False,STRUCTURAL,비데이터 행,,,unknown
726,7,HHI,SCR중,CHB2048,SCR-7,5,2026-08-12 00:00:00,,2,30,,,,,사상,,0,,,,,,,,,,,,,,,,,,미정,7,8,,,,,,,,,,,,,,,,,,,,,,,,,,,,,,,,,,,,,,,,,,,,,,,,,,,,,,,,,,,,,,,,,,,,,,,,,,,,,,,,,,,,,,,,,,,,,,,,,,,,,,,,,,,,,,,,,,,,,,,,,,,,,,,,,,,,,,,,,,,,,,,,,,,,,,,,,,,,,,,,,,,,,,,,,,,,,,,,,,,,,,,,,,,,,,,,,,,,,,,,,,,,,,,,,,,,,,,,,,,,,,,,,,,,,,,,,,,,,,,,,,,,,,,,,,,,,,,,,,,,,,,,,,,,,,,,,,,,,,False,STRUCTURAL,비데이터 행,,,unknown
726,9,HHI,SCR중,CHB2048,SCR-7,5,2026-08-12 00:00:00,,2,30,,,,,실적,,,,,,,,,,,,,,,,,,,,미정,7,8,,,,,,,,,,,,,,,,,,,,,,,,,,,,,,,,,,,,,,,,,,,,,,,,,,,,,,,,,,,,,,,,,,,,,,,,,,,,,,,,,,,,,,,,,,,,,,,,,,,,,,,,,,,,,,,,,,,,,,,,,,,,,,,,,,,,,,,,,,,,,,,,,,,,,,,,,,,,,,,,,,,,,,,,,,,,,,,,,,,,,,,,,,,,,,,,,,,,,,,,,,,,,,,,,,,,,,,,,,,,,,,,,,,,,,,,,,,,,,,,,,,,,,,,,,,,,,,,,,,,,,,,,,,,,,,,,,,,,,False,STRUCTURAL,비데이터 행,,,unknown
727,1,GE,VS,CPV Basin Ranch #1,VS-2,11,2026-08-19 00:00:00,46210,5,30,,,,,일자,H 남민테크,46127,46134,46139,46163,46182,46182,46199,46210,-,2026-07-20 00:00:00,46232,46234,46246,2026-08-14 00:00:00,46252,0.2,,,H 남민테크,7,8,,,계획,46127,,46134,,46139,,46163,,46164,,46182,,46177,,46210,,46205,,46223,,46211,,46232,,46234,,46246,,46248,,46252,,,,,,,,,,,,,,,,,,,,,,,,,,,,,,,,,,,,,,,,,,,,,,,,,,,,,,,,,,,,,,,,,,,,,,,,,,,D,,,,,,,K,,,,,발S,,,,,,,,,,,,,,,,,,,,,,,,발F,가S,,,,,,,,,,,,,제S,-----,-----,-----,-----,가F,-----,-----,-----,-----,-----,-----,-----,-----,-----,-----,-----,-----,-----,-----,-----,-----,-----,-----,-----,-----,-----,-----,도S,-----,-----,-----,-----,제F,조S,,,,,,,,,,,,도F,,,,,,,,,조F,,상,,,,,,,,,,,,검,,포,,,,출,납,,,,,,,,,,,,,,,,,,,,,,,,,,,,,,,,,,,,,,,,,,,True,DATA_PLAN,,,,plan
727,2,GE,VS,CPV Basin Ranch #1,VS-2,11,2026-08-19 00:00:00,,5,30,,,,,실행,H 남민테크,46112,,,,,,,,,,,,,,,,,,H 남민테크,7,8,,,,,,,,,,,,,,,,,,,,,,,,,,,,,,,,,,,,,,,,,,,,,,,,,,,,,,,,,,,,,,,,,,,,,,,,,,,,,,,,,,,,,,,,,,,,,,,,,,,,,,,,,,,,,,,,,,,,,,,,,,,,,,,,,,,,,,,,,,,,,,,,,,,,,,,,,,,,,,,,,,,,,,,,,,,,,,,,,,,,,,,,,,,,,,,,,,,,,,,,,,,,,,,,,,,,,,,,,,,,,,,,,,,,,,,,,,,,,,,,,,,,,,,,,,,,,,,,,,,,,,,,,,,,,,,,,,,,,,True,DATA_ACTUAL,,,,actual
727,3,GE,VS,CPV Basin Ranch #1,VS-2,11,2026-08-19 00:00:00,,5,30,,,,,H 남민테크,H 남민테크,15,,,,,,,,-,,,,,,,,,,H 남민테크,7,8,,,실적,,46112,,0,,0,,0,,0,,0,,,,0,,,,0,,,,0,,0,,0,,0,,0,,,,,,,,,,,,,,,,,,,,,,,,,,,,,,,,,,,,,,,,,,,,,,,,,,,,,,,,,,,,,,,,,,,,,,,,,,,,,,,,,,,,,,,,,,,,,,,,,,,,,,,,,,,,,,,,,,,,,,,,,,,,,,,,,,,,,,,,,,,,,,,,,,,,,,,,,,,,,,,,,,,,,,,,,,,,,,,,,,,,,,,,,,,,,,,,,,,,,,,,,,,,,,,,,,,,,,,,,,,,,,,,,,,,,,,,,,,,,,,,,,,False,STRUCTURAL,비데이터 행,,,unknown
727,4,GE,VS,CPV Basin Ranch #1,VS-2,11,2026-08-19 00:00:00,,5,30,,,,,취부,,44,,,,,,,,,,,,,,,,,,H 남민테크,7,8,,,LOAD,,,,,,,,,,,,,,,,,,,,,,,,,,,,,,,,,,,,,,,,,,,,,,,,,,,,,,,,,,,,,,,,,,,,,,,,,,,,,,,,,,,,,,,,,,,,,,,,,,,,,,,,,,,,,,,,,,,,,,,,,,,,,,,,,,,,,,,,,,,,,,,,,,,,,,,,,,,,,,,,,,,,,,,,,,,,,,,,,,,,,,,,,,,,2,2,2,3,3,3,,3,3,3,3,3,3,,2,2,2,2,2,1,,,,,,,,,,,,,,,,,,,,,,,,,,,,,,,,,,,,,,,,,,,,,,,,,,,,,,,,,,,,,,,,,,,,False,STRUCTURAL,비데이터 행,,,unknown
727,5,GE,VS,CPV Basin Ranch #1,VS-2,11,2026-08-19 00:00:00,,5,30,,,,,용접,,53,,,,,,,,,,,,,,,,,,H 남민테크,7,8,,,,,,,,,,,,,,,,,,,,,,,,,,,,,,,,,,,,,,,,,,,,,,,,,,,,,,,,,,,,,,,,,,,,,,,,,,,,,,,,,,,,,,,,,,,,,,,,,,,,,,,,,,,,,,,,,,,,,,,,,,,,,,,,,,,,,,,,,,,,,,,,,,,,,,,,,,,,,,,,,,,,,,,,,,,,,,,,,,,,,,,,,,,,,,,,2,3,3,3,3,,3,3,3,3,3,3,,3,3,3,3,3,3,,3,,,,,,,,,,,,,,,,,,,,,,,,,,,,,,,,,,,,,,,,,,,,,,,,,,,,,,,,,,,,,,,,,,False,STRUCTURAL,비데이터 행,,,unknown
727,6,GE,VS,CPV Basin Ranch #1,VS-2,11,2026-08-19 00:00:00,,5,30,,,,,조립,,44,,,,,,,,,,,,,,,,,,H 남민테크,7,8,,,,,,,,,,,,,,,,,,,,,,,,,,,,,,,,,,,,,,,,,,,,,,,,,,,,,,,,,,,,,,,,,,,,,,,,,,,,,,,,,,,,,,,,,,,,,,,,,,,,,,,,,,,,,,,,,,,,,,,,,,,,,,,,,,,,,,,,,,,,,,,,,,,,,,,,,,,,,,,,,,,,,,,,,,,,,,,,,,,,,,,,,,,,,,,,,2,2,2,3,,3,3,3,3,3,3,,3,3,2,2,2,2,,2,1,,,,,,,,,,,,,,,,,,,,,,,,,,,,,,,,,,,,,,,,,,,,,,,,,,,,,,,,,,,,,,,,,False,STRUCTURAL,비데이터 행,,,unknown
727,7,GE,VS,CPV Basin Ranch #1,VS-2,11,2026-08-19 00:00:00,,5,30,,,,,사상,,26,,,,,,,,,,,,,,,,,,H 남민테크,7,8,,,,,,,,,,,,,,,,,,,,,,,,,,,,,,,,,,,,,,,,,,,,,,,,,,,,,,,,,,,,,,,,,,,,,,,,,,,,,,,,,,,,,,,,,,,,,,,,,,,,,,,,,,,,,,,,,,,,,,,,,,,,,,,,,,,,,,,,,,,,,,,,,,,,,,,,,,,,,,,,,,,,,,,,,,,,,,,,,,,,,,,,,,,,,,,,,,2,2,2,,2,2,2,2,2,1,,1,1,1,1,1,1,,1,1,1,,,,,,,,,,,,,,,,,,,,,,,,,,,,,,,,,,,,,,,,,,,,,,,,,,,,,,,,,,,,,,,,False,STRUCTURAL,비데이터 행,,,unknown
727,9,GE,VS,CPV Basin Ranch #1,VS-2,11,2026-08-19 00:00:00,,5,30,,,,,실적,,,,,,,,,,,,,,,,,,,,H 남민테크,7,8,,,,,,,,,,,,,,,,,,,,,,,,,,,,,,,,,,,,,,,,,,,,,,,,,,,,,,,,,,,,,,,,,,,,,,,,,,,,,,,,,,,,,,,,,,,,,,,,,,,,,,,,,,,,,,,,,,,,,,,,,,,,,,,,,,,,,,,,,,,,,,,,,,,,,,,,,,,,,,,,,,,,,,,,,,,,,,,,,,,,,,,,,,,,,,,,,,,,,,,,,,,,,,,,,,,,,,,,,,,,,,,,,,,,,,,,,,,,,,,,,,,,,,,,,,,,,,,,,,,,,,,,,,,,,,,,,,,,,,False,STRUCTURAL,비데이터 행,,,unknown
728,1,BHI,VS,Rabigh #3,VS-2,7,2026-08-20 00:00:00,46219,4,30,,,,,일자,C 에이스,46162,46170,46175,46190,46199,46199,46212,46219,-,2026-07-22 00:00:00,46234,46245,46247,2026-08-18 00:00:00,46253,0%,,,C 에이스,7,8,,,계획,46162,,46170,,46175,,46190,,46191,,46199,,46198,,46219,,46216,,46225,,46220,,46234,,46245,,46247,,46252,,46253,,,,,,,,,,,,,,,,,,,,,,,,,,,,,,,,,,,,,,,,,,,,,,,,,,,,,,,,,,,,,,,,,,,,,,,,,,,,,,,,,,,,,,,,,,,,,,,,,,,,,,,,,,,,,,D,,,,,,,,K,,,,,발S,,,,,,,,,,,,,,,발F,가S,,,,,,,제S,가F,-----,-----,-----,-----,-----,-----,-----,-----,-----,-----,-----,-----,-----,-----,-----,-----,도S,-----,-----,제F,조S,,,,,도F,,,,,,,,,조F,,,,,,,,,,,상,,검,,,,,포,출,납,,,,,,,,,,,,,,,,,,,,,,,,,,,,,,,,,,,,,,,,,,True,DATA_PLAN,,,,plan
728,2,BHI,VS,Rabigh #3,VS-2,7,2026-08-20 00:00:00,,4,30,,,,8/1->8/20,실행,C 에이스,,,,,,,,,,,,,,,,,,,C 에이스,7,8,,,,,,,,,,,,,,,,,,,,,,,,,,,,,,,,,,,,,,,,,,,,,,,,,,,,,,,,,,,,,,,,,,,,,,,,,,,,,,,,,,,,,,,,,,,,,,,,,,,,,,,,,,,,,,,,,,,,,,,,,,,,,,,,,,,,,,,,,,,,,,,,,,,,,,,,,,,,,,,,,,,,,,,,,,,,,,,,,,,,,,,,,,,,,,,,,,,,,,,,,,,,,,,,,,,,,,,,,,,,,,,,,,,,,,,,,,,,,,,,,,,,,,,,,,,,,,,,,,,,,,,,,,,,,,,,,,,,,,True,DATA_ACTUAL,,,,actual
728,3,BHI,VS,Rabigh #3,VS-2,7,2026-08-20 00:00:00,,4,30,,,,,C 에이스,C 에이스,,,,,,,,,-,,,,,,,,,,C 에이스,7,8,,,실적,,0,,0,,0,,0,,0,,0,,,,0,,,,0,,,,0,,0,,0,,0,,0,,,,,,,,,,,,,,,,,,,,,,,,,,,,,,,,,,,,,,,,,,,,,,,,,,,,,,,,,,,,,,,,,,,,,,,,,,,,,,,,,,,,,,,,,,,,,,,,,,,,,,,,,,,,,,,,,,,,,,,,,,,,,,,,,,,,,,,,,,,,,,,,,,,,,,,,,,,,,,,,,,,,,,,,,,,,,,,,,,,,,,,,,,,,,,,,,,,,,,,,,,,,,,,,,,,,,,,,,,,,,,,,,,,,,,,,,,,,,,,,,,,False,STRUCTURAL,비데이터 행,,,unknown
728,4,BHI,VS,Rabigh #3,VS-2,7,2026-08-20 00:00:00,,4,30,,,,,취부,,29,,,,,,,,,,,,,,,,,,C 에이스,7,8,,,LOAD,,,,,,,,,,,,,,,,,,,,,,,,,,,,,,,,,,,,,,,,,,,,,,,,,,,,,,,,,,,,,,,,,,,,,,,,,,,,,,,,,,,,,,,,,,,,,,,,,,,,,,,,,,,,,,,,,,,,,,,,,,,,,,,,,,,,,,,,,,,,,,,,,,,,,,,,,,,,,,,,,,,,,,,,,,,,,,,,,,,,,,,,,,,,,,,,,,,2,2,2,3,3,3,,3,2,2,2,2,1,,1,1,,,,,,,,,,,,,,,,,,,,,,,,,,,,,,,,,,,,,,,,,,,,,,,,,,,,,,,,,,,,,,,,,False,STRUCTURAL,비데이터 행,,,unknown
728,5,BHI,VS,Rabigh #3,VS-2,7,2026-08-20 00:00:00,,4,30,,,,,용접,,35,,,,,,,,,,,,,,,,,,C 에이스,7,8,,,,,,,,,,,,,,,,,,,,,,,,,,,,,,,,,,,,,,,,,,,,,,,,,,,,,,,,,,,,,,,,,,,,,,,,,,,,,,,,,,,,,,,,,,,,,,,,,,,,,,,,,,,,,,,,,,,,,,,,,,,,,,,,,,,,,,,,,,,,,,,,,,,,,,,,,,,,,,,,,,,,,,,,,,,,,,,,,,,,,,,,,,,,,,,,,,,,,,,2,2,3,3,3,,3,3,3,3,3,3,,2,1,1,,,,,,,,,,,,,,,,,,,,,,,,,,,,,,,,,,,,,,,,,,,,,,,,,,,,,,,,,,,,,,,,False,STRUCTURAL,비데이터 행,,,unknown
728,6,BHI,VS,Rabigh #3,VS-2,7,2026-08-20 00:00:00,,4,30,,,,,조립,,29,,,,,,,,,,,,,,,,,,C 에이스,7,8,,,,,,,,,,,,,,,,,,,,,,,,,,,,,,,,,,,,,,,,,,,,,,,,,,,,,,,,,,,,,,,,,,,,,,,,,,,,,,,,,,,,,,,,,,,,,,,,,,,,,,,,,,,,,,,,,,,,,,,,,,,,,,,,,,,,,,,,,,,,,,,,,,,,,,,,,,,,,,,,,,,,,,,,,,,,,,,,,,,,,,,,,,,,,,,,,,,,,,,,2,2,2,3,,3,3,3,3,2,2,,1,1,1,1,,,,,,,,,,,,,,,,,,,,,,,,,,,,,,,,,,,,,,,,,,,,,,,,,,,,,,,,,,,,,,,False,STRUCTURAL,비데이터 행,,,unknown
728,7,BHI,VS,Rabigh #3,VS-2,7,2026-08-20 00:00:00,,4,30,,,,,사상,,17,,,,,,,,,,,,,,,,,,C 에이스,7,8,,,,,,,,,,,,,,,,,,,,,,,,,,,,,,,,,,,,,,,,,,,,,,,,,,,,,,,,,,,,,,,,,,,,,,,,,,,,,,,,,,,,,,,,,,,,,,,,,,,,,,,,,,,,,,,,,,,,,,,,,,,,,,,,,,,,,,,,,,,,,,,,,,,,,,,,,,,,,,,,,,,,,,,,,,,,,,,,,,,,,,,,,,,,,,,,,,,,,,,,,2,2,2,,1,1,1,1,1,1,,1,1,1,1,1,,,,,,,,,,,,,,,,,,,,,,,,,,,,,,,,,,,,,,,,,,,,,,,,,,,,,,,,,,,,,,False,STRUCTURAL,비데이터 행,,,unknown
728,9,BHI,VS,Rabigh #3,VS-2,7,2026-08-20 00:00:00,,4,30,,,,,실적,,,,,,,,,,,,,,,,,,,,C 에이스,7,8,,,,,,,,,,,,,,,,,,,,,,,,,,,,,,,,,,,,,,,,,,,,,,,,,,,,,,,,,,,,,,,,,,,,,,,,,,,,,,,,,,,,,,,,,,,,,,,,,,,,,,,,,,,,,,,,,,,,,,,,,,,,,,,,,,,,,,,,,,,,,,,,,,,,,,,,,,,,,,,,,,,,,,,,,,,,,,,,,,,,,,,,,,,,,,,,,,,,,,,,,,,,,,,,,,,,,,,,,,,,,,,,,,,,,,,,,,,,,,,,,,,,,,,,,,,,,,,,,,,,,,,,,,,,,,,,,,,,,,False,STRUCTURAL,비데이터 행,,,unknown
729,1,HHI,SCR중,SH8276,SCR-7,3,2026-08-24 00:00:00,46225,2,30,,,,"4x4(B),5x5(B)",일자,미정,46174,46177,46178,46192,46203,46203,46218,46225,-,2026-07-29 00:00:00,46248,46252,46253,2026-08-20 00:00:00,46255,0%,,,미정,7,8,,,계획,46174,,46177,,46178,,46192,,46195,,46203,,46204,,46225,,46227,,46232,,46233,,46248,,46252,,46253,,46254,,46255,,,,,,,,,,,,,,,,,,,,,,,,,,,,,,,,,,,,,,,,,,,,,,,,,,,,,,,,,,,,,,,,,,,,,,,,,,,,,,,,,,,,,,,,,,,,,,,,,,,,,,,,,,,,,,,,,,,,,,,,,,D,,,K,발S,,,,,,,,,,,,,,발F,,,가S,,,,,,,,가F,제S,-----,-----,-----,-----,-----,-----,-----,-----,-----,-----,-----,-----,-----,-----,-----,-----,-----,-----,-----,-----,제F,,도S,,,,,도F,조S,,,,,,,,,,,,,,,조F,,,,상,검,포,출,,,납,,,,,,,,,,,,,,,,,,,,,,,,,,,,,,,,,,,,,,True,DATA_PLAN,,,,plan
729,2,HHI,SCR중,SH8276,SCR-7,3,2026-08-24 00:00:00,,2,30,,,,6/26->8/24,실행,미정,,,,,,,,,,,,,,,,,,,미정,7,8,,,,,,,,,,,,,,,,,,,,,,,,,,,,,,,,,,,,,,,,,,,,,,,,,,,,,,,,,,,,,,,,,,,,,,,,,,,,,,,,,,,,,,,,,,,,,,,,,,,,,,,,,,,,,,,,,,,,,,,,,,,,,,,,,,,,,,,,,,,,,,,,,,,,,,,,,,,,,,,,,,,,,,,,,,,,,,,,,,,,,,,,,,,,,,,,,,,,,,,,,,,,,,,,,,,,,,,,,,,,,,,,,,,,,,,,,,,,,,,,,,,,,,,,,,,,,,,,,,,,,,,,,,,,,,,,,,,,,,True,DATA_ACTUAL,,,,actual
729,3,HHI,SCR중,SH8276,SCR-7,3,2026-08-24 00:00:00,,2,30,,,,,미정,미정,,,,,,,,,-,,,,,,,,,,미정,7,8,,,실적,,0,,0,,0,,0,,0,,0,,,,0,,,,0,,,,0,,0,,0,,0,,0,,,,,,,,,,,,,,,,,,,,,,,,,,,,,,,,,,,,,,,,,,,,,,,,,,,,,,,,,,,,,,,,,,,,,,,,,,,,,,,,,,,,,,,,,,,,,,,,,,,,,,,,,,,,,,,,,,,,,,,,,,,,,,,,,,,,,,,,,,,,,,,,,,,,,,,,,,,,,,,,,,,,,,,,,,,,,,,,,,,,,,,,,,,,,,,,,,,,,,,,,,,,,,,,,,,,,,,,,,,,,,,,,,,,,,,,,,,,,,,,,,,False,STRUCTURAL,비데이터 행,,,unknown
729,4,HHI,SCR중,SH8276,SCR-7,3,2026-08-24 00:00:00,,2,30,,,,,취부,,0,,,,,,,,,,,,,,,,,,미정,7,8,,,LOAD,,,,,,,,,,,,,,,,,,,,,,,,,,,,,,,,,,,,,,,,,,,,,,,,,,,,,,,,,,,,,,,,,,,,,,,,,,,,,,,,,,,,,,,,,,,,,,,,,,,,,,,,,,,,,,,,,,,,,,,,,,,,,,,,,,,,,,,,,,,,,,,,,,,,,,,,,,,,,,,,,,,,,,,,,,,,,,,,,,,,,,,,,,,,,,,,,,,,,,,,,,,,,,,,,,,,,,,,,,,,,,,,,,,,,,,,,,,,,,,,,,,,,,,,,,,,,,,,,,,,,,,,,,,,,,,,,,,False,STRUCTURAL,비데이터 행,,,unknown
729,5,HHI,SCR중,SH8276,SCR-7,3,2026-08-24 00:00:00,,2,30,,,,,용접,,0,,,,,,,,,,,,,,,,,,미정,7,8,,,,,,,,,,,,,,,,,,,,,,,,,,,,,,,,,,,,,,,,,,,,,,,,,,,,,,,,,,,,,,,,,,,,,,,,,,,,,,,,,,,,,,,,,,,,,,,,,,,,,,,,,,,,,,,,,,,,,,,,,,,,,,,,,,,,,,,,,,,,,,,,,,,,,,,,,,,,,,,,,,,,,,,,,,,,,,,,,,,,,,,,,,,,,,,,,,,,,,,,,,,,,,,,,,,,,,,,,,,,,,,,,,,,,,,,,,,,,,,,,,,,,,,,,,,,,,,,,,,,,,,,,,,,,,,,,,,,,,False,STRUCTURAL,비데이터 행,,,unknown
729,6,HHI,SCR중,SH8276,SCR-7,3,2026-08-24 00:00:00,,2,30,,,,,조립,,6,,,,,,,,,,,,,,,,,,미정,7,8,,,,,,,,,,,,,,,,,,,,,,,,,,,,,,,,,,,,,,,,,,,,,,,,,,,,,,,,,,,,,,,,,,,,,,,,,,,,,,,,,,,,,,,,,,,,,,,,,,,,,,,,,,,,,,,,,,,,,,,,,,,,,,,,,,,,,,,,,,,,,,,,,,,,,,,,,,,,,,,,,,,,,,,,,,,,,,,,,,,,,,,,,,,,,,,,,,,,,,,,,,,,,,,,,,,,,,,,,,,,,,,,,,,,2,2,2,,,,,,,,,,,,,,,,,,,,,,,,,,,,,,,,,,,,,,,,,,,,,,,,False,STRUCTURAL,비데이터 행,,,unknown
729,7,HHI,SCR중,SH8276,SCR-7,3,2026-08-24 00:00:00,,2,30,,,,,사상,,0,,,,,,,,,,,,,,,,,,미정,7,8,,,,,,,,,,,,,,,,,,,,,,,,,,,,,,,,,,,,,,,,,,,,,,,,,,,,,,,,,,,,,,,,,,,,,,,,,,,,,,,,,,,,,,,,,,,,,,,,,,,,,,,,,,,,,,,,,,,,,,,,,,,,,,,,,,,,,,,,,,,,,,,,,,,,,,,,,,,,,,,,,,,,,,,,,,,,,,,,,,,,,,,,,,,,,,,,,,,,,,,,,,,,,,,,,,,,,,,,,,,,,,,,,,,,,,,,,,,,,,,,,,,,,,,,,,,,,,,,,,,,,,,,,,,,,,,,,,,,,,False,STRUCTURAL,비데이터 행,,,unknown
729,9,HHI,SCR중,SH8276,SCR-7,3,2026-08-24 00:00:00,,2,30,,,,,실적,,,,,,,,,,,,,,,,,,,,미정,7,8,,,,,,,,,,,,,,,,,,,,,,,,,,,,,,,,,,,,,,,,,,,,,,,,,,,,,,,,,,,,,,,,,,,,,,,,,,,,,,,,,,,,,,,,,,,,,,,,,,,,,,,,,,,,,,,,,,,,,,,,,,,,,,,,,,,,,,,,,,,,,,,,,,,,,,,,,,,,,,,,,,,,,,,,,,,,,,,,,,,,,,,,,,,,,,,,,,,,,,,,,,,,,,,,,,,,,,,,,,,,,,,,,,,,,,,,,,,,,,,,,,,,,,,,,,,,,,,,,,,,,,,,,,,,,,,,,,,,,,False,STRUCTURAL,비데이터 행,,,unknown
730,1,HHI,SCR중,HMDS575,SCR-8,3,2026-08-26 00:00:00,46231,2,30,,전기,수출,3X3(B),일자,미정,46178,46182,46183,46202,46211,46211,46224,46231,-,2026-08-10 00:00:00,46253,46254,46255,2026-08-24 00:00:00,46259,0%,,,미정,7,8,,,계획,46178,,46182,,46183,,46202,,46203,,46211,,46212,,46231,,46232,,46244,,46245,,46253,,46254,,46255,,46258,,46259,,,,,,,,,,,,,,,,,,,,,,,,,,,,,,,,,,,,,,,,,,,,,,,,,,,,,,,,,,,,,,,,,,,,,,,,,,,,,,,,,,,,,,,,,,,,,,,,,,,,,,,,,,,,,,,,,,,,,,,,,,,,,,D,,,,K,발S,,,,,,,,,,,,,,,,,,,발F,가S,,,,,,,,가F,제S,-----,-----,-----,-----,-----,-----,-----,-----,-----,-----,-----,-----,-----,-----,-----,-----,-----,-----,제F,도S,,,,,,,,,,,,도F,조S,,,,,,,,조F,상,검,,,포,출,납,,,,,,,,,,,,,,,,,,,,,,,,,,,,,,,,,,,,True,DATA_PLAN,,,,plan
730,2,HHI,SCR중,HMDS575,SCR-8,3,2026-08-26 00:00:00,,2,30,,,,,실행,미정,,,,,,,,,,,,,,,,,,,미정,7,8,,,,,,,,,,,,,,,,,,,,,,,,,,,,,,,,,,,,,,,,,,,,,,,,,,,,,,,,,,,,,,,,,,,,,,,,,,,,,,,,,,,,,,,,,,,,,,,,,,,,,,,,,,,,,,,,,,,,,,,,,,,,,,,,,,,,,,,,,,,,,,,,,,,,,,,,,,,,,,,,,,,,,,,,,,,,,,,,,,,,,,,,,,,,,,,,,,,,,,,,,,,,,,,,,,,,,,,,,,,,,,,,,,,,,,,,,,,,,,,,,,,,,,,,,,,,,,,,,,,,,,,,,,,,,,,,,,,,,,True,DATA_ACTUAL,,,,actual
730,3,HHI,SCR중,HMDS575,SCR-8,3,2026-08-26 00:00:00,,2,30,,,,,미정,미정,,,,,,,,,-,,,,,,,,,,미정,7,8,,,실적,,0,,0,,0,,0,,0,,0,,,,0,,,,0,,,,0,,0,,0,,0,,0,,,,,,,,,,,,,,,,,,,,,,,,,,,,,,,,,,,,,,,,,,,,,,,,,,,,,,,,,,,,,,,,,,,,,,,,,,,,,,,,,,,,,,,,,,,,,,,,,,,,,,,,,,,,,,,,,,,,,,,,,,,,,,,,,,,,,,,,,,,,,,,,,,,,,,,,,,,,,,,,,,,,,,,,,,,,,,,,,,,,,,,,,,,,,,,,,,,,,,,,,,,,,,,,,,,,,,,,,,,,,,,,,,,,,,,,,,,,,,,,,,,False,STRUCTURAL,비데이터 행,,,unknown
730,4,HHI,SCR중,HMDS575,SCR-8,3,2026-08-26 00:00:00,,2,30,,,,,취부,,0,,,,,,,,,,,,,,,,,,미정,7,8,,,LOAD,,,,,,,,,,,,,,,,,,,,,,,,,,,,,,,,,,,,,,,,,,,,,,,,,,,,,,,,,,,,,,,,,,,,,,,,,,,,,,,,,,,,,,,,,,,,,,,,,,,,,,,,,,,,,,,,,,,,,,,,,,,,,,,,,,,,,,,,,,,,,,,,,,,,,,,,,,,,,,,,,,,,,,,,,,,,,,,,,,,,,,,,,,,,,,,,,,,,,,,,,,,,,,,,,,,,,,,,,,,,,,,,,,,,,,,,,,,,,,,,,,,,,,,,,,,,,,,,,,,,,,,,,,,,,,,,,,,False,STRUCTURAL,비데이터 행,,,unknown
730,5,HHI,SCR중,HMDS575,SCR-8,3,2026-08-26 00:00:00,,2,30,,,,,용접,,0,,,,,,,,,,,,,,,,,,미정,7,8,,,,,,,,,,,,,,,,,,,,,,,,,,,,,,,,,,,,,,,,,,,,,,,,,,,,,,,,,,,,,,,,,,,,,,,,,,,,,,,,,,,,,,,,,,,,,,,,,,,,,,,,,,,,,,,,,,,,,,,,,,,,,,,,,,,,,,,,,,,,,,,,,,,,,,,,,,,,,,,,,,,,,,,,,,,,,,,,,,,,,,,,,,,,,,,,,,,,,,,,,,,,,,,,,,,,,,,,,,,,,,,,,,,,,,,,,,,,,,,,,,,,,,,,,,,,,,,,,,,,,,,,,,,,,,,,,,,,,,False,STRUCTURAL,비데이터 행,,,unknown
730,6,HHI,SCR중,HMDS575,SCR-8,3,2026-08-26 00:00:00,,2,30,,,,,조립,,6,,,,,,,,,,,,,,,,,,미정,7,8,,,,,,,,,,,,,,,,,,,,,,,,,,,,,,,,,,,,,,,,,,,,,,,,,,,,,,,,,,,,,,,,,,,,,,,,,,,,,,,,,,,,,,,,,,,,,,,,,,,,,,,,,,,,,,,,,,,,,,,,,,,,,,,,,,,,,,,,,,,,,,,,,,,,,,,,,,,,,,,,,,,,,,,,,,,,,,,,,,,,,,,,,,,,,,,,,,,,,,,,,,,,,,,,,,,,,,,,,,,,,,,,,,,,,,,,,2,2,2,,,,,,,,,,,,,,,,,,,,,,,,,,,,,,,,,,,,,,,,,,,False,STRUCTURAL,비데이터 행,,,unknown
730,7,HHI,SCR중,HMDS575,SCR-8,3,2026-08-26 00:00:00,,2,30,,,,,사상,,0,,,,,,,,,,,,,,,,,,미정,7,8,,,,,,,,,,,,,,,,,,,,,,,,,,,,,,,,,,,,,,,,,,,,,,,,,,,,,,,,,,,,,,,,,,,,,,,,,,,,,,,,,,,,,,,,,,,,,,,,,,,,,,,,,,,,,,,,,,,,,,,,,,,,,,,,,,,,,,,,,,,,,,,,,,,,,,,,,,,,,,,,,,,,,,,,,,,,,,,,,,,,,,,,,,,,,,,,,,,,,,,,,,,,,,,,,,,,,,,,,,,,,,,,,,,,,,,,,,,,,,,,,,,,,,,,,,,,,,,,,,,,,,,,,,,,,,,,,,,,,,False,STRUCTURAL,비데이터 행,,,unknown
730,9,HHI,SCR중,HMDS575,SCR-8,3,2026-08-26 00:00:00,,2,30,,,,,실적,,,,,,,,,,,,,,,,,,,,미정,7,8,,,,,,,,,,,,,,,,,,,,,,,,,,,,,,,,,,,,,,,,,,,,,,,,,,,,,,,,,,,,,,,,,,,,,,,,,,,,,,,,,,,,,,,,,,,,,,,,,,,,,,,,,,,,,,,,,,,,,,,,,,,,,,,,,,,,,,,,,,,,,,,,,,,,,,,,,,,,,,,,,,,,,,,,,,,,,,,,,,,,,,,,,,,,,,,,,,,,,,,,,,,,,,,,,,,,,,,,,,,,,,,,,,,,,,,,,,,,,,,,,,,,,,,,,,,,,,,,,,,,,,,,,,,,,,,,,,,,,,False,STRUCTURAL,비데이터 행,,,unknown
731,1,HHI,VS,Taziz Methanol ,SCR-7,2,2026-08-28 00:00:00,46231,4,30,,,,,일자,미정,46181,46183,46184,46198,46209,46209,46224,46231,-,2026-08-11 00:00:00,46255,46258,46259,2026-08-26 00:00:00,46261,0%,,,미정,7,8,,,계획,46181,,46183,,46184,,46198,,46199,,46209,,46210,,46231,,46233,,46245,,46246,,46255,,46258,,46259,,46260,,46261,,,,,,,,,,,,,,,,,,,,,,,,,,,,,,,,,,,,,,,,,,,,,,,,,,,,,,,,,,,,,,,,,,,,,,,,,,,,,,,,,,,,,,,,,,,,,,,,,,,,,,,,,,,,,,,,,,,,,,,,,,,,,,,,,D,,K,발S,,,,,,,,,,,,,,발F,가S,,,,,,,,,,가F,제S,-----,-----,-----,-----,-----,-----,-----,-----,-----,-----,-----,-----,-----,-----,-----,-----,-----,-----,-----,-----,제F,,도S,,,,,,,,,,,,도F,조S,,,,,,,,,조F,,,상,검,포,출,납,,,,,,,,,,,,,,,,,,,,,,,,,,,,,,,,,,True,DATA_PLAN,,,,plan
731,2,HHI,VS,Taziz Methanol ,SCR-7,2,2026-08-28 00:00:00,,4,30,,,,,실행,미정,,,,,,,,,,,,,,,,,,,미정,7,8,,,,,,,,,,,,,,,,,,,,,,,,,,,,,,,,,,,,,,,,,,,,,,,,,,,,,,,,,,,,,,,,,,,,,,,,,,,,,,,,,,,,,,,,,,,,,,,,,,,,,,,,,,,,,,,,,,,,,,,,,,,,,,,,,,,,,,,,,,,,,,,,,,,,,,,,,,,,,,,,,,,,,,,,,,,,,,,,,,,,,,,,,,,,,,,,,,,,,,,,,,,,,,,,,,,,,,,,,,,,,,,,,,,,,,,,,,,,,,,,,,,,,,,,,,,,,,,,,,,,,,,,,,,,,,,,,,,,,,True,DATA_ACTUAL,,,,actual
731,3,HHI,VS,Taziz Methanol ,SCR-7,2,2026-08-28 00:00:00,,4,30,,,,,미정,미정,,,,,,,,,-,,,,,,,,,,미정,7,8,,,실적,,0,,0,,0,,0,,0,,0,,,,0,,,,0,,,,0,,0,,0,,0,,0,,,,,,,,,,,,,,,,,,,,,,,,,,,,,,,,,,,,,,,,,,,,,,,,,,,,,,,,,,,,,,,,,,,,,,,,,,,,,,,,,,,,,,,,,,,,,,,,,,,,,,,,,,,,,,,,,,,,,,,,,,,,,,,,,,,,,,,,,,,,,,,,,,,,,,,,,,,,,,,,,,,,,,,,,,,,,,,,,,,,,,,,,,,,,,,,,,,,,,,,,,,,,,,,,,,,,,,,,,,,,,,,,,,,,,,,,,,,,,,,,,,False,STRUCTURAL,비데이터 행,,,unknown
731,4,HHI,VS,Taziz Methanol ,SCR-7,2,2026-08-28 00:00:00,,4,30,,,,,취부,,0,,,,,,,,,,,,,,,,,,미정,7,8,,,LOAD,,,,,,,,,,,,,,,,,,,,,,,,,,,,,,,,,,,,,,,,,,,,,,,,,,,,,,,,,,,,,,,,,,,,,,,,,,,,,,,,,,,,,,,,,,,,,,,,,,,,,,,,,,,,,,,,,,,,,,,,,,,,,,,,,,,,,,,,,,,,,,,,,,,,,,,,,,,,,,,,,,,,,,,,,,,,,,,,,,,,,,,,,,,,,,,,,,,,,,,,,,,,,,,,,,,,,,,,,,,,,,,,,,,,,,,,,,,,,,,,,,,,,,,,,,,,,,,,,,,,,,,,,,,,,,,,,,,False,STRUCTURAL,비데이터 행,,,unknown
731,5,HHI,VS,Taziz Methanol ,SCR-7,2,2026-08-28 00:00:00,,4,30,,,,,용접,,0,,,,,,,,,,,,,,,,,,미정,7,8,,,,,,,,,,,,,,,,,,,,,,,,,,,,,,,,,,,,,,,,,,,,,,,,,,,,,,,,,,,,,,,,,,,,,,,,,,,,,,,,,,,,,,,,,,,,,,,,,,,,,,,,,,,,,,,,,,,,,,,,,,,,,,,,,,,,,,,,,,,,,,,,,,,,,,,,,,,,,,,,,,,,,,,,,,,,,,,,,,,,,,,,,,,,,,,,,,,,,,,,,,,,,,,,,,,,,,,,,,,,,,,,,,,,,,,,,,,,,,,,,,,,,,,,,,,,,,,,,,,,,,,,,,,,,,,,,,,,,,False,STRUCTURAL,비데이터 행,,,unknown
731,6,HHI,VS,Taziz Methanol ,SCR-7,2,2026-08-28 00:00:00,,4,30,,,,,조립,,0,,,,,,,,,,,,,,,,,,미정,7,8,,,,,,,,,,,,,,,,,,,,,,,,,,,,,,,,,,,,,,,,,,,,,,,,,,,,,,,,,,,,,,,,,,,,,,,,,,,,,,,,,,,,,,,,,,,,,,,,,,,,,,,,,,,,,,,,,,,,,,,,,,,,,,,,,,,,,,,,,,,,,,,,,,,,,,,,,,,,,,,,,,,,,,,,,,,,,,,,,,,,,,,,,,,,,,,,,,,,,,,,,,,,,,,,,,,,,,,,,,,,,,,,,,,,,,,,,,,,,,,,,,,,,,,,,,,,,,,,,,,,,,,,,,,,,,,,,,,,,,False,STRUCTURAL,비데이터 행,,,unknown
731,7,HHI,VS,Taziz Methanol ,SCR-7,2,2026-08-28 00:00:00,,4,30,,,,,사상,,0,,,,,,,,,,,,,,,,,,미정,7,8,,,,,,,,,,,,,,,,,,,,,,,,,,,,,,,,,,,,,,,,,,,,,,,,,,,,,,,,,,,,,,,,,,,,,,,,,,,,,,,,,,,,,,,,,,,,,,,,,,,,,,,,,,,,,,,,,,,,,,,,,,,,,,,,,,,,,,,,,,,,,,,,,,,,,,,,,,,,,,,,,,,,,,,,,,,,,,,,,,,,,,,,,,,,,,,,,,,,,,,,,,,,,,,,,,,,,,,,,,,,,,,,,,,,,,,,,,,,,,,,,,,,,,,,,,,,,,,,,,,,,,,,,,,,,,,,,,,,,,False,STRUCTURAL,비데이터 행,,,unknown
731,9,HHI,VS,Taziz Methanol ,SCR-7,2,2026-08-28 00:00:00,,4,30,,,,,실적,,,,,,,,,,,,,,,,,,,,미정,7,8,,,,,,,,,,,,,,,,,,,,,,,,,,,,,,,,,,,,,,,,,,,,,,,,,,,,,,,,,,,,,,,,,,,,,,,,,,,,,,,,,,,,,,,,,,,,,,,,,,,,,,,,,,,,,,,,,,,,,,,,,,,,,,,,,,,,,,,,,,,,,,,,,,,,,,,,,,,,,,,,,,,,,,,,,,,,,,,,,,,,,,,,,,,,,,,,,,,,,,,,,,,,,,,,,,,,,,,,,,,,,,,,,,,,,,,,,,,,,,,,,,,,,,,,,,,,,,,,,,,,,,,,,,,,,,,,,,,,,,False,STRUCTURAL,비데이터 행,,,unknown
732,1,HHI,SCR중,N293,SCR-7,4,2026-08-28 00:00:00,46231,2,30,,전기,X,,일자,미정,46181,46183,46184,46198,46209,46209,46224,46231,-,2026-08-11 00:00:00,46255,46258,46259,2026-08-26 00:00:00,46261,0%,,,미정,7,8,,,계획,46181,,46183,,46184,,46198,,46199,,46209,,46210,,46231,,46233,,46245,,46246,,46255,,46258,,46259,,46260,,46261,,,,,,,,,,,,,,,,,,,,,,,,,,,,,,,,,,,,,,,,,,,,,,,,,,,,,,,,,,,,,,,,,,,,,,,,,,,,,,,,,,,,,,,,,,,,,,,,,,,,,,,,,,,,,,,,,,,,,,,,,,,,,,,,,D,,K,발S,,,,,,,,,,,,,,발F,가S,,,,,,,,,,가F,제S,-----,-----,-----,-----,-----,-----,-----,-----,-----,-----,-----,-----,-----,-----,-----,-----,-----,-----,-----,-----,제F,,도S,,,,,,,,,,,,도F,조S,,,,,,,,,조F,,,상,검,포,출,납,,,,,,,,,,,,,,,,,,,,,,,,,,,,,,,,,,True,DATA_PLAN,,,,plan
732,2,HHI,SCR중,N293,SCR-7,4,2026-08-28 00:00:00,,2,30,,,,,실행,미정,,,,,,,,,,,,,,,,,,,미정,7,8,,,,,,,,,,,,,,,,,,,,,,,,,,,,,,,,,,,,,,,,,,,,,,,,,,,,,,,,,,,,,,,,,,,,,,,,,,,,,,,,,,,,,,,,,,,,,,,,,,,,,,,,,,,,,,,,,,,,,,,,,,,,,,,,,,,,,,,,,,,,,,,,,,,,,,,,,,,,,,,,,,,,,,,,,,,,,,,,,,,,,,,,,,,,,,,,,,,,,,,,,,,,,,,,,,,,,,,,,,,,,,,,,,,,,,,,,,,,,,,,,,,,,,,,,,,,,,,,,,,,,,,,,,,,,,,,,,,,,,True,DATA_ACTUAL,,,,actual
732,3,HHI,SCR중,N293,SCR-7,4,2026-08-28 00:00:00,,2,30,,,,,미정,미정,,,,,,,,,-,,,,,,,,,,미정,7,8,,,실적,,0,,0,,0,,0,,0,,0,,,,0,,,,0,,,,0,,0,,0,,0,,0,,,,,,,,,,,,,,,,,,,,,,,,,,,,,,,,,,,,,,,,,,,,,,,,,,,,,,,,,,,,,,,,,,,,,,,,,,,,,,,,,,,,,,,,,,,,,,,,,,,,,,,,,,,,,,,,,,,,,,,,,,,,,,,,,,,,,,,,,,,,,,,,,,,,,,,,,,,,,,,,,,,,,,,,,,,,,,,,,,,,,,,,,,,,,,,,,,,,,,,,,,,,,,,,,,,,,,,,,,,,,,,,,,,,,,,,,,,,,,,,,,,False,STRUCTURAL,비데이터 행,,,unknown
732,4,HHI,SCR중,N293,SCR-7,4,2026-08-28 00:00:00,,2,30,,,,,취부,,0,,,,,,,,,,,,,,,,,,미정,7,8,,,LOAD,,,,,,,,,,,,,,,,,,,,,,,,,,,,,,,,,,,,,,,,,,,,,,,,,,,,,,,,,,,,,,,,,,,,,,,,,,,,,,,,,,,,,,,,,,,,,,,,,,,,,,,,,,,,,,,,,,,,,,,,,,,,,,,,,,,,,,,,,,,,,,,,,,,,,,,,,,,,,,,,,,,,,,,,,,,,,,,,,,,,,,,,,,,,,,,,,,,,,,,,,,,,,,,,,,,,,,,,,,,,,,,,,,,,,,,,,,,,,,,,,,,,,,,,,,,,,,,,,,,,,,,,,,,,,,,,,,,False,STRUCTURAL,비데이터 행,,,unknown
732,5,HHI,SCR중,N293,SCR-7,4,2026-08-28 00:00:00,,2,30,,,,,용접,,0,,,,,,,,,,,,,,,,,,미정,7,8,,,,,,,,,,,,,,,,,,,,,,,,,,,,,,,,,,,,,,,,,,,,,,,,,,,,,,,,,,,,,,,,,,,,,,,,,,,,,,,,,,,,,,,,,,,,,,,,,,,,,,,,,,,,,,,,,,,,,,,,,,,,,,,,,,,,,,,,,,,,,,,,,,,,,,,,,,,,,,,,,,,,,,,,,,,,,,,,,,,,,,,,,,,,,,,,,,,,,,,,,,,,,,,,,,,,,,,,,,,,,,,,,,,,,,,,,,,,,,,,,,,,,,,,,,,,,,,,,,,,,,,,,,,,,,,,,,,,,,False,STRUCTURAL,비데이터 행,,,unknown
732,6,HHI,SCR중,N293,SCR-7,4,2026-08-28 00:00:00,,2,30,,,,,조립,,0,,,,,,,,,,,,,,,,,,미정,7,8,,,,,,,,,,,,,,,,,,,,,,,,,,,,,,,,,,,,,,,,,,,,,,,,,,,,,,,,,,,,,,,,,,,,,,,,,,,,,,,,,,,,,,,,,,,,,,,,,,,,,,,,,,,,,,,,,,,,,,,,,,,,,,,,,,,,,,,,,,,,,,,,,,,,,,,,,,,,,,,,,,,,,,,,,,,,,,,,,,,,,,,,,,,,,,,,,,,,,,,,,,,,,,,,,,,,,,,,,,,,,,,,,,,,,,,,,,,,,,,,,,,,,,,,,,,,,,,,,,,,,,,,,,,,,,,,,,,,,,False,STRUCTURAL,비데이터 행,,,unknown
732,7,HHI,SCR중,N293,SCR-7,4,2026-08-28 00:00:00,,2,30,,,,,사상,,0,,,,,,,,,,,,,,,,,,미정,7,8,,,,,,,,,,,,,,,,,,,,,,,,,,,,,,,,,,,,,,,,,,,,,,,,,,,,,,,,,,,,,,,,,,,,,,,,,,,,,,,,,,,,,,,,,,,,,,,,,,,,,,,,,,,,,,,,,,,,,,,,,,,,,,,,,,,,,,,,,,,,,,,,,,,,,,,,,,,,,,,,,,,,,,,,,,,,,,,,,,,,,,,,,,,,,,,,,,,,,,,,,,,,,,,,,,,,,,,,,,,,,,,,,,,,,,,,,,,,,,,,,,,,,,,,,,,,,,,,,,,,,,,,,,,,,,,,,,,,,,False,STRUCTURAL,비데이터 행,,,unknown
732,9,HHI,SCR중,N293,SCR-7,4,2026-08-28 00:00:00,,2,30,,,,,실적,,,,,,,,,,,,,,,,,,,,미정,7,8,,,,,,,,,,,,,,,,,,,,,,,,,,,,,,,,,,,,,,,,,,,,,,,,,,,,,,,,,,,,,,,,,,,,,,,,,,,,,,,,,,,,,,,,,,,,,,,,,,,,,,,,,,,,,,,,,,,,,,,,,,,,,,,,,,,,,,,,,,,,,,,,,,,,,,,,,,,,,,,,,,,,,,,,,,,,,,,,,,,,,,,,,,,,,,,,,,,,,,,,,,,,,,,,,,,,,,,,,,,,,,,,,,,,,,,,,,,,,,,,,,,,,,,,,,,,,,,,,,,,,,,,,,,,,,,,,,,,,,False,STRUCTURAL,비데이터 행,,,unknown
733,1,HHI,SCR중,H2864,SCR-7,5,2026-08-31 00:00:00,46232,2,30,,,,,일자,미정,46182,46184,46185,46199,46210,46210,46225,46232,-,2026-08-12 00:00:00,46258,46259,46260,2026-08-27 00:00:00,46262,0%,,,미정,7,8,,,계획,46182,,46184,,46185,,46199,,46202,,46210,,46211,,46232,,46234,,46246,,46247,,46258,,46259,,46260,,46261,,46262,,,,,,,,,,,,,,,,,,,,,,,,,,,,,,,,,,,,,,,,,,,,,,,,,,,,,,,,,,,,,,,,,,,,,,,,,,,,,,,,,,,,,,,,,,,,,,,,,,,,,,,,,,,,,,,,,,,,,,,,,,,,,,,,,,D,,K,발S,,,,,,,,,,,,,,발F,,,가S,,,,,,,,가F,제S,-----,-----,-----,-----,-----,-----,-----,-----,-----,-----,-----,-----,-----,-----,-----,-----,-----,-----,-----,-----,제F,,도S,,,,,,,,,,,,도F,조S,,,,,,,,,,,조F,상,검,포,출,,,납,,,,,,,,,,,,,,,,,,,,,,,,,,,,,,,True,DATA_PLAN,,,,plan
733,2,HHI,SCR중,H2864,SCR-7,5,2026-08-31 00:00:00,,2,30,,,,,실행,미정,,,,,,,,,,,,,,,,,,,미정,7,8,,,,,,,,,,,,,,,,,,,,,,,,,,,,,,,,,,,,,,,,,,,,,,,,,,,,,,,,,,,,,,,,,,,,,,,,,,,,,,,,,,,,,,,,,,,,,,,,,,,,,,,,,,,,,,,,,,,,,,,,,,,,,,,,,,,,,,,,,,,,,,,,,,,,,,,,,,,,,,,,,,,,,,,,,,,,,,,,,,,,,,,,,,,,,,,,,,,,,,,,,,,,,,,,,,,,,,,,,,,,,,,,,,,,,,,,,,,,,,,,,,,,,,,,,,,,,,,,,,,,,,,,,,,,,,,,,,,,,,True,DATA_ACTUAL,,,,actual
733,3,HHI,SCR중,H2864,SCR-7,5,2026-08-31 00:00:00,,2,30,,,,,미정,미정,,,,,,,,,-,,,,,,,,,,미정,7,8,,,실적,,0,,0,,0,,0,,,,0,,,,0,,,,0,,,,0,,0,,0,,0,,0,,,,,,,,,,,,,,,,,,,,,,,,,,,,,,,,,,,,,,,,,,,,,,,,,,,,,,,,,,,,,,,,,,,,,,,,,,,,,,,,,,,,,,,,,,,,,,,,,,,,,,,,,,,,,,,,,,,,,,,,,,,,,,,,,,,,,,,,,,,,,,,,,,,,,,,,,,,,,,,,,,,,,,,,,,,,,,,,,,,,,,,,,,,,,,,,,,,,,,,,,,,,,,,,,,,,,,,,,,,,,,,,,,,,,,,,,,,,,,,,,,,False,STRUCTURAL,비데이터 행,,,unknown
733,4,HHI,SCR중,H2864,SCR-7,5,2026-08-31 00:00:00,,2,30,,,,,취부,,0,,,,,,,,,,,,,,,,,,미정,7,8,,,LOAD,,,,,,,,,,,,,,,,,,,,,,,,,,,,,,,,,,,,,,,,,,,,,,,,,,,,,,,,,,,,,,,,,,,,,,,,,,,,,,,,,,,,,,,,,,,,,,,,,,,,,,,,,,,,,,,,,,,,,,,,,,,,,,,,,,,,,,,,,,,,,,,,,,,,,,,,,,,,,,,,,,,,,,,,,,,,,,,,,,,,,,,,,,,,,,,,,,,,,,,,,,,,,,,,,,,,,,,,,,,,,,,,,,,,,,,,,,,,,,,,,,,,,,,,,,,,,,,,,,,,,,,,,,,,,,,,,,,False,STRUCTURAL,비데이터 행,,,unknown
733,5,HHI,SCR중,H2864,SCR-7,5,2026-08-31 00:00:00,,2,30,,,,,용접,,0,,,,,,,,,,,,,,,,,,미정,7,8,,,,,,,,,,,,,,,,,,,,,,,,,,,,,,,,,,,,,,,,,,,,,,,,,,,,,,,,,,,,,,,,,,,,,,,,,,,,,,,,,,,,,,,,,,,,,,,,,,,,,,,,,,,,,,,,,,,,,,,,,,,,,,,,,,,,,,,,,,,,,,,,,,,,,,,,,,,,,,,,,,,,,,,,,,,,,,,,,,,,,,,,,,,,,,,,,,,,,,,,,,,,,,,,,,,,,,,,,,,,,,,,,,,,,,,,,,,,,,,,,,,,,,,,,,,,,,,,,,,,,,,,,,,,,,,,,,,,,,False,STRUCTURAL,비데이터 행,,,unknown
733,6,HHI,SCR중,H2864,SCR-7,5,2026-08-31 00:00:00,,2,30,,,,,조립,,0,,,,,,,,,,,,,,,,,,미정,7,8,,,,,,,,,,,,,,,,,,,,,,,,,,,,,,,,,,,,,,,,,,,,,,,,,,,,,,,,,,,,,,,,,,,,,,,,,,,,,,,,,,,,,,,,,,,,,,,,,,,,,,,,,,,,,,,,,,,,,,,,,,,,,,,,,,,,,,,,,,,,,,,,,,,,,,,,,,,,,,,,,,,,,,,,,,,,,,,,,,,,,,,,,,,,,,,,,,,,,,,,,,,,,,,,,,,,,,,,,,,,,,,,,,,,,,,,,,,,,,,,,,,,,,,,,,,,,,,,,,,,,,,,,,,,,,,,,,,,,,False,STRUCTURAL,비데이터 행,,,unknown
733,7,HHI,SCR중,H2864,SCR-7,5,2026-08-31 00:00:00,,2,30,,,,,사상,,0,,,,,,,,,,,,,,,,,,미정,7,8,,,,,,,,,,,,,,,,,,,,,,,,,,,,,,,,,,,,,,,,,,,,,,,,,,,,,,,,,,,,,,,,,,,,,,,,,,,,,,,,,,,,,,,,,,,,,,,,,,,,,,,,,,,,,,,,,,,,,,,,,,,,,,,,,,,,,,,,,,,,,,,,,,,,,,,,,,,,,,,,,,,,,,,,,,,,,,,,,,,,,,,,,,,,,,,,,,,,,,,,,,,,,,,,,,,,,,,,,,,,,,,,,,,,,,,,,,,,,,,,,,,,,,,,,,,,,,,,,,,,,,,,,,,,,,,,,,,,,,False,STRUCTURAL,비데이터 행,,,unknown
733,9,HHI,SCR중,H2864,SCR-7,5,2026-08-31 00:00:00,,2,30,,,,,실적,,,,,,,,,,,,,,,,,,,,미정,7,8,,,,,,,,,,,,,,,,,,,,,,,,,,,,,,,,,,,,,,,,,,,,,,,,,,,,,,,,,,,,,,,,,,,,,,,,,,,,,,,,,,,,,,,,,,,,,,,,,,,,,,,,,,,,,,,,,,,,,,,,,,,,,,,,,,,,,,,,,,,,,,,,,,,,,,,,,,,,,,,,,,,,,,,,,,,,,,,,,,,,,,,,,,,,,,,,,,,,,,,,,,,,,,,,,,,,,,,,,,,,,,,,,,,,,,,,,,,,,,,,,,,,,,,,,,,,,,,,,,,,,,,,,,,,,,,,,,,,,,False,STRUCTURAL,비데이터 행,,,unknown
734,1,HHI,SCR중,HMD4289,SCR-8,3,2026-08-31 00:00:00,46234,2,30,,,,,일자,미정,46183,46185,46188,46205,46216,46216,46228,46234,-,2026-08-13 00:00:00,46258,46259,46260,2026-08-27 00:00:00,46262,0%,,,미정,7,8,,,계획,46183,,46185,,46188,,46205,,46206,,46216,,46217,,46234,,46244,,46247,,46248,,46258,,46259,,46260,,46261,,46262,,,,,,,,,,,,,,,,,,,,,,,,,,,,,,,,,,,,,,,,,,,,,,,,,,,,,,,,,,,,,,,,,,,,,,,,,,,,,,,,,,,,,,,,,,,,,,,,,,,,,,,,,,,,,,,,,,,,,,,,,,,,,,,,,,,D,,K,,,발S,,,,,,,,,,,,,,,,,발F,가S,,,,,,,,,,가F,제S,-----,-----,-----,-----,-----,-----,-----,-----,-----,-----,-----,-----,-----,-----,-----,-----,제F,,,,,,,,,,도S,,,도F,조S,,,,,,,,,,조F,상,검,포,출,,,납,,,,,,,,,,,,,,,,,,,,,,,,,,,,,,,True,DATA_PLAN,,,,plan
734,2,HHI,SCR중,HMD4289,SCR-8,3,2026-08-31 00:00:00,,2,30,,,,,실행,미정,,,,,,,,,,,,,,,,,,,미정,7,8,,,,,,,,,,,,,,,,,,,,,,,,,,,,,,,,,,,,,,,,,,,,,,,,,,,,,,,,,,,,,,,,,,,,,,,,,,,,,,,,,,,,,,,,,,,,,,,,,,,,,,,,,,,,,,,,,,,,,,,,,,,,,,,,,,,,,,,,,,,,,,,,,,,,,,,,,,,,,,,,,,,,,,,,,,,,,,,,,,,,,,,,,,,,,,,,,,,,,,,,,,,,,,,,,,,,,,,,,,,,,,,,,,,,,,,,,,,,,,,,,,,,,,,,,,,,,,,,,,,,,,,,,,,,,,,,,,,,,,True,DATA_ACTUAL,,,,actual
734,3,HHI,SCR중,HMD4289,SCR-8,3,2026-08-31 00:00:00,,2,30,,,,,미정,미정,,,,,,,,,-,,,,,,,,,,미정,7,8,,,실적,,0,,0,,0,,0,,,,0,,,,0,,,,0,,,,0,,0,,0,,0,,0,,,,,,,,,,,,,,,,,,,,,,,,,,,,,,,,,,,,,,,,,,,,,,,,,,,,,,,,,,,,,,,,,,,,,,,,,,,,,,,,,,,,,,,,,,,,,,,,,,,,,,,,,,,,,,,,,,,,,,,,,,,,,,,,,,,,,,,,,,,,,,,,,,,,,,,,,,,,,,,,,,,,,,,,,,,,,,,,,,,,,,,,,,,,,,,,,,,,,,,,,,,,,,,,,,,,,,,,,,,,,,,,,,,,,,,,,,,,,,,,,,,False,STRUCTURAL,비데이터 행,,,unknown
734,4,HHI,SCR중,HMD4289,SCR-8,3,2026-08-31 00:00:00,,2,30,,,,,취부,,0,,,,,,,,,,,,,,,,,,미정,7,8,,,LOAD,,,,,,,,,,,,,,,,,,,,,,,,,,,,,,,,,,,,,,,,,,,,,,,,,,,,,,,,,,,,,,,,,,,,,,,,,,,,,,,,,,,,,,,,,,,,,,,,,,,,,,,,,,,,,,,,,,,,,,,,,,,,,,,,,,,,,,,,,,,,,,,,,,,,,,,,,,,,,,,,,,,,,,,,,,,,,,,,,,,,,,,,,,,,,,,,,,,,,,,,,,,,,,,,,,,,,,,,,,,,,,,,,,,,,,,,,,,,,,,,,,,,,,,,,,,,,,,,,,,,,,,,,,,,,,,,,,,False,STRUCTURAL,비데이터 행,,,unknown
734,5,HHI,SCR중,HMD4289,SCR-8,3,2026-08-31 00:00:00,,2,30,,,,,용접,,0,,,,,,,,,,,,,,,,,,미정,7,8,,,,,,,,,,,,,,,,,,,,,,,,,,,,,,,,,,,,,,,,,,,,,,,,,,,,,,,,,,,,,,,,,,,,,,,,,,,,,,,,,,,,,,,,,,,,,,,,,,,,,,,,,,,,,,,,,,,,,,,,,,,,,,,,,,,,,,,,,,,,,,,,,,,,,,,,,,,,,,,,,,,,,,,,,,,,,,,,,,,,,,,,,,,,,,,,,,,,,,,,,,,,,,,,,,,,,,,,,,,,,,,,,,,,,,,,,,,,,,,,,,,,,,,,,,,,,,,,,,,,,,,,,,,,,,,,,,,,,,False,STRUCTURAL,비데이터 행,,,unknown
734,6,HHI,SCR중,HMD4289,SCR-8,3,2026-08-31 00:00:00,,2,30,,,,,조립,,0,,,,,,,,,,,,,,,,,,미정,7,8,,,,,,,,,,,,,,,,,,,,,,,,,,,,,,,,,,,,,,,,,,,,,,,,,,,,,,,,,,,,,,,,,,,,,,,,,,,,,,,,,,,,,,,,,,,,,,,,,,,,,,,,,,,,,,,,,,,,,,,,,,,,,,,,,,,,,,,,,,,,,,,,,,,,,,,,,,,,,,,,,,,,,,,,,,,,,,,,,,,,,,,,,,,,,,,,,,,,,,,,,,,,,,,,,,,,,,,,,,,,,,,,,,,,,,,,,,,,,,,,,,,,,,,,,,,,,,,,,,,,,,,,,,,,,,,,,,,,,,False,STRUCTURAL,비데이터 행,,,unknown
734,7,HHI,SCR중,HMD4289,SCR-8,3,2026-08-31 00:00:00,,2,30,,,,,사상,,0,,,,,,,,,,,,,,,,,,미정,7,8,,,,,,,,,,,,,,,,,,,,,,,,,,,,,,,,,,,,,,,,,,,,,,,,,,,,,,,,,,,,,,,,,,,,,,,,,,,,,,,,,,,,,,,,,,,,,,,,,,,,,,,,,,,,,,,,,,,,,,,,,,,,,,,,,,,,,,,,,,,,,,,,,,,,,,,,,,,,,,,,,,,,,,,,,,,,,,,,,,,,,,,,,,,,,,,,,,,,,,,,,,,,,,,,,,,,,,,,,,,,,,,,,,,,,,,,,,,,,,,,,,,,,,,,,,,,,,,,,,,,,,,,,,,,,,,,,,,,,,False,STRUCTURAL,비데이터 행,,,unknown
734,9,HHI,SCR중,HMD4289,SCR-8,3,2026-08-31 00:00:00,,2,30,,,,,실적,,,,,,,,,,,,,,,,,,,,미정,7,8,,,,,,,,,,,,,,,,,,,,,,,,,,,,,,,,,,,,,,,,,,,,,,,,,,,,,,,,,,,,,,,,,,,,,,,,,,,,,,,,,,,,,,,,,,,,,,,,,,,,,,,,,,,,,,,,,,,,,,,,,,,,,,,,,,,,,,,,,,,,,,,,,,,,,,,,,,,,,,,,,,,,,,,,,,,,,,,,,,,,,,,,,,,,,,,,,,,,,,,,,,,,,,,,,,,,,,,,,,,,,,,,,,,,,,,,,,,,,,,,,,,,,,,,,,,,,,,,,,,,,,,,,,,,,,,,,,,,,,False,STRUCTURAL,비데이터 행,,,unknown
735,1,BHI,VS,QFE #2,VS,8,2026-09-01 00:00:00,46227,5,30,,,,,일자,H 남민테크,46164,46174,46178,46192,46204,46204,46219,46227,-,2026-07-31 00:00:00,46254,46258,46260,2026-08-28 00:00:00,46265,0%,,,H 남민테크,7,9,,,계획,46164,,46174,,46178,,46192,,46195,,46204,,46203,,46227,,46224,,46234,,46231,,46254,,46258,,46260,,46262,,46265,,,,,,,,,,,,,,,,,,,,,,,,,,,,,,,,,,,,,,,,,,,,,,,,,,,,,,,,,,,,,,,,,,,,,,,,,,,,,,,,,,,,,,,,,,,,,,,,,,,,,,,,,,,,,,,,D,,,,,,,,,,K,,,,발S,,,,,,,,,,,,,,발F,,,가S,,,,,,,,제S,가F,-----,-----,-----,-----,-----,-----,-----,-----,-----,-----,-----,-----,-----,-----,-----,-----,-----,-----,-----,도S,-----,-----,제F,,,,조S,,,도F,,,,,,,,,,,,,,,,,,,,조F,,,,상,,검,,포,,,출,납,,,,,,,,,,,,,,,,,,,,,,,,,,,,,,True,DATA_PLAN,,,,plan
735,2,BHI,VS,QFE #2,VS,8,2026-09-01 00:00:00,,5,30,,,,,실행,H 남민테크,,,,,,,,,,,,,,,,,,,H 남민테크,7,9,,,,,,,,,,,,,,,,,,,,,,,,,,,,,,,,,,,,,,,,,,,,,,,,,,,,,,,,,,,,,,,,,,,,,,,,,,,,,,,,,,,,,,,,,,,,,,,,,,,,,,,,,,,,,,,,,,,,,,,,,,,,,,,,,,,,,,,,,,,,,,,,,,,,,,,,,,,,,,,,,,,,,,,,,,,,,,,,,,,,,,,,,,,,,,,,,,,,,,,,,,,,,,,,,,,,,,,,,,,,,,,,,,,,,,,,,,,,,,,,,,,,,,,,,,,,,,,,,,,,,,,,,,,,,,,,,,,,,,True,DATA_ACTUAL,,,,actual
735,3,BHI,VS,QFE #2,VS,8,2026-09-01 00:00:00,,5,30,,,,,H 남민테크,H 남민테크,,,,,,,,,-,,,,,,,,,,H 남민테크,7,9,,,실적,,0,,0,,0,,0,,,,0,,,,0,,,,0,,,,0,,0,,0,,0,,0,,,,,,,,,,,,,,,,,,,,,,,,,,,,,,,,,,,,,,,,,,,,,,,,,,,,,,,,,,,,,,,,,,,,,,,,,,,,,,,,,,,,,,,,,,,,,,,,,,,,,,,,,,,,,,,,,,,,,,,,,,,,,,,,,,,,,,,,,,,,,,,,,,,,,,,,,,,,,,,,,,,,,,,,,,,,,,,,,,,,,,,,,,,,,,,,,,,,,,,,,,,,,,,,,,,,,,,,,,,,,,,,,,,,,,,,,,,,,,,,,,,False,STRUCTURAL,비데이터 행,,,unknown
735,4,BHI,VS,QFE #2,VS,8,2026-09-01 00:00:00,,5,30,,,,,취부,,0,,,,,,,,,,,,,,,,,,H 남민테크,7,9,,,LOAD,,,,,,,,,,,,,,,,,,,,,,,,,,,,,,,,,,,,,,,,,,,,,,,,,,,,,,,,,,,,,,,,,,,,,,,,,,,,,,,,,,,,,,,,,,,,,,,,,,,,,,,,,,,,,,,,,,,,,,,,,,,,,,,,,,,,,,,,,,,,,,,,,,,,,,,,,,,,,,,,,,,,,,,,,,,,,,,,,,,,,,,,,,,,,,,,,,,,,,,,,,,,,,,,,,,,,,,,,,,,,,,,,,,,,,,,,,,,,,,,,,,,,,,,,,,,,,,,,,,,,,,,,,,,,,,,,,,False,STRUCTURAL,비데이터 행,,,unknown
735,5,BHI,VS,QFE #2,VS,8,2026-09-01 00:00:00,,5,30,,,,,용접,,0,,,,,,,,,,,,,,,,,,H 남민테크,7,9,,,,,,,,,,,,,,,,,,,,,,,,,,,,,,,,,,,,,,,,,,,,,,,,,,,,,,,,,,,,,,,,,,,,,,,,,,,,,,,,,,,,,,,,,,,,,,,,,,,,,,,,,,,,,,,,,,,,,,,,,,,,,,,,,,,,,,,,,,,,,,,,,,,,,,,,,,,,,,,,,,,,,,,,,,,,,,,,,,,,,,,,,,,,,,,,,,,,,,,,,,,,,,,,,,,,,,,,,,,,,,,,,,,,,,,,,,,,,,,,,,,,,,,,,,,,,,,,,,,,,,,,,,,,,,,,,,,,,,False,STRUCTURAL,비데이터 행,,,unknown
735,6,BHI,VS,QFE #2,VS,8,2026-09-01 00:00:00,,5,30,,,,,조립,,0,,,,,,,,,,,,,,,,,,H 남민테크,7,9,,,,,,,,,,,,,,,,,,,,,,,,,,,,,,,,,,,,,,,,,,,,,,,,,,,,,,,,,,,,,,,,,,,,,,,,,,,,,,,,,,,,,,,,,,,,,,,,,,,,,,,,,,,,,,,,,,,,,,,,,,,,,,,,,,,,,,,,,,,,,,,,,,,,,,,,,,,,,,,,,,,,,,,,,,,,,,,,,,,,,,,,,,,,,,,,,,,,,,,,,,,,,,,,,,,,,,,,,,,,,,,,,,,,,,,,,,,,,,,,,,,,,,,,,,,,,,,,,,,,,,,,,,,,,,,,,,,,,,False,STRUCTURAL,비데이터 행,,,unknown
735,7,BHI,VS,QFE #2,VS,8,2026-09-01 00:00:00,,5,30,,,,,사상,,0,,,,,,,,,,,,,,,,,,H 남민테크,7,9,,,,,,,,,,,,,,,,,,,,,,,,,,,,,,,,,,,,,,,,,,,,,,,,,,,,,,,,,,,,,,,,,,,,,,,,,,,,,,,,,,,,,,,,,,,,,,,,,,,,,,,,,,,,,,,,,,,,,,,,,,,,,,,,,,,,,,,,,,,,,,,,,,,,,,,,,,,,,,,,,,,,,,,,,,,,,,,,,,,,,,,,,,,,,,,,,,,,,,,,,,,,,,,,,,,,,,,,,,,,,,,,,,,,,,,,,,,,,,,,,,,,,,,,,,,,,,,,,,,,,,,,,,,,,,,,,,,,,,False,STRUCTURAL,비데이터 행,,,unknown
735,9,BHI,VS,QFE #2,VS,8,2026-09-01 00:00:00,,5,30,,,,,실적,,,,,,,,,,,,,,,,,,,,H 남민테크,7,9,,,,,,,,,,,,,,,,,,,,,,,,,,,,,,,,,,,,,,,,,,,,,,,,,,,,,,,,,,,,,,,,,,,,,,,,,,,,,,,,,,,,,,,,,,,,,,,,,,,,,,,,,,,,,,,,,,,,,,,,,,,,,,,,,,,,,,,,,,,,,,,,,,,,,,,,,,,,,,,,,,,,,,,,,,,,,,,,,,,,,,,,,,,,,,,,,,,,,,,,,,,,,,,,,,,,,,,,,,,,,,,,,,,,,,,,,,,,,,,,,,,,,,,,,,,,,,,,,,,,,,,,,,,,,,,,,,,,,,False,STRUCTURAL,비데이터 행,,,unknown
736,1,DEB,VS,Jafurah2,VS,10,2026-09-01 00:00:00,46227,5,30,,,,,일자,미정,46164,46174,46178,46192,46204,46204,46219,46227,-,2026-07-31 00:00:00,46254,46258,46260,2026-08-28 00:00:00,46265,0%,,,미정,7,9,,,계획,46164,,46174,,46178,,46192,,46195,,46204,,46203,,46227,,46224,,46234,,46231,,46254,,46258,,46260,,46262,,46265,,,,,,,,,,,,,,,,,,,,,,,,,,,,,,,,,,,,,,,,,,,,,,,,,,,,,,,,,,,,,,,,,,,,,,,,,,,,,,,,,,,,,,,,,,,,,,,,,,,,,,,,,,,,,,,,D,,,,,,,,,,K,,,,발S,,,,,,,,,,,,,,발F,,,가S,,,,,,,,제S,가F,-----,-----,-----,-----,-----,-----,-----,-----,-----,-----,-----,-----,-----,-----,-----,-----,-----,-----,-----,도S,-----,-----,제F,,,,조S,,,도F,,,,,,,,,,,,,,,,,,,,조F,,,,상,,검,,포,,,출,납,,,,,,,,,,,,,,,,,,,,,,,,,,,,,,True,DATA_PLAN,,,,plan
736,2,DEB,VS,Jafurah2,VS,10,2026-09-01 00:00:00,,5,30,,,,,실행,미정,,,,,,,,,,,,,,,,,,,미정,7,9,,,,,,,,,,,,,,,,,,,,,,,,,,,,,,,,,,,,,,,,,,,,,,,,,,,,,,,,,,,,,,,,,,,,,,,,,,,,,,,,,,,,,,,,,,,,,,,,,,,,,,,,,,,,,,,,,,,,,,,,,,,,,,,,,,,,,,,,,,,,,,,,,,,,,,,,,,,,,,,,,,,,,,,,,,,,,,,,,,,,,,,,,,,,,,,,,,,,,,,,,,,,,,,,,,,,,,,,,,,,,,,,,,,,,,,,,,,,,,,,,,,,,,,,,,,,,,,,,,,,,,,,,,,,,,,,,,,,,,True,DATA_ACTUAL,,,,actual
736,3,DEB,VS,Jafurah2,VS,10,2026-09-01 00:00:00,,5,30,,,,,미정,미정,,,,,,,,,-,,,,,,,,,,미정,7,9,,,실적,,0,,0,,0,,0,,,,0,,,,0,,,,0,,,,0,,0,,0,,0,,0,,,,,,,,,,,,,,,,,,,,,,,,,,,,,,,,,,,,,,,,,,,,,,,,,,,,,,,,,,,,,,,,,,,,,,,,,,,,,,,,,,,,,,,,,,,,,,,,,,,,,,,,,,,,,,,,,,,,,,,,,,,,,,,,,,,,,,,,,,,,,,,,,,,,,,,,,,,,,,,,,,,,,,,,,,,,,,,,,,,,,,,,,,,,,,,,,,,,,,,,,,,,,,,,,,,,,,,,,,,,,,,,,,,,,,,,,,,,,,,,,,,False,STRUCTURAL,비데이터 행,,,unknown
736,4,DEB,VS,Jafurah2,VS,10,2026-09-01 00:00:00,,5,30,,,,,취부,,41,,,,,,,,,,,,,,,,,,미정,7,9,,,LOAD,,,,,,,,,,,,,,,,,,,,,,,,,,,,,,,,,,,,,,,,,,,,,,,,,,,,,,,,,,,,,,,,,,,,,,,,,,,,,,,,,,,,,,,,,,,,,,,,,,,,,,,,,,,,,,,,,,,,,,,,,,,,,,,,,,,,,,,,,,,,,,,,,,,,,,,,,,,,,,,,,,,,,,,,,,,,,,,,,,,,,,,,,,,,,,,,,,,,,,,,,,,,,,,,,,,2,2,2,3,,3,3,3,3,3,3,,3,2,2,2,2,2,,1,,,,,,,,,,,,,,,,,,,,,,,,,,,,,,,,,,,,,,,,,,,,,False,STRUCTURAL,비데이터 행,,,unknown
736,5,DEB,VS,Jafurah2,VS,10,2026-09-01 00:00:00,,5,30,,,,,용접,,50,,,,,,,,,,,,,,,,,,미정,7,9,,,,,,,,,,,,,,,,,,,,,,,,,,,,,,,,,,,,,,,,,,,,,,,,,,,,,,,,,,,,,,,,,,,,,,,,,,,,,,,,,,,,,,,,,,,,,,,,,,,,,,,,,,,,,,,,,,,,,,,,,,,,,,,,,,,,,,,,,,,,,,,,,,,,,,,,,,,,,,,,,,,,,,,,,,,,,,,,,,,,,,,,,,,,,,,,,,,,,,,,,,,,,,,,,,,,,,,2,3,3,,3,3,3,3,3,3,,3,3,3,3,3,3,,3,3,,,,,,,,,,,,,,,,,,,,,,,,,,,,,,,,,,,,,,,,,,,,False,STRUCTURAL,비데이터 행,,,unknown
736,6,DEB,VS,Jafurah2,VS,10,2026-09-01 00:00:00,,5,30,,,,,조립,,41,,,,,,,,,,,,,,,,,,미정,7,9,,,,,,,,,,,,,,,,,,,,,,,,,,,,,,,,,,,,,,,,,,,,,,,,,,,,,,,,,,,,,,,,,,,,,,,,,,,,,,,,,,,,,,,,,,,,,,,,,,,,,,,,,,,,,,,,,,,,,,,,,,,,,,,,,,,,,,,,,,,,,,,,,,,,,,,,,,,,,,,,,,,,,,,,,,,,,,,,,,,,,,,,,,,,,,,,,,,,,,,,,,,,,,,,,,,,,,,,2,2,,2,3,3,3,3,3,,3,3,3,2,2,2,,2,2,1,,,,,,,,,,,,,,,,,,,,,,,,,,,,,,,,,,,,,,,,,,,False,STRUCTURAL,비데이터 행,,,unknown
736,7,DEB,VS,Jafurah2,VS,10,2026-09-01 00:00:00,,5,30,,,,,사상,,23,,,,,,,,,,,,,,,,,,미정,7,9,,,,,,,,,,,,,,,,,,,,,,,,,,,,,,,,,,,,,,,,,,,,,,,,,,,,,,,,,,,,,,,,,,,,,,,,,,,,,,,,,,,,,,,,,,,,,,,,,,,,,,,,,,,,,,,,,,,,,,,,,,,,,,,,,,,,,,,,,,,,,,,,,,,,,,,,,,,,,,,,,,,,,,,,,,,,,,,,,,,,,,,,,,,,,,,,,,,,,,,,,,,,,,,,,,,,,,,,,2,,2,2,2,2,2,1,,1,1,1,1,1,1,,1,1,1,1,,,,,,,,,,,,,,,,,,,,,,,,,,,,,,,,,,,,,,,,,,False,STRUCTURAL,비데이터 행,,,unknown
736,9,DEB,VS,Jafurah2,VS,10,2026-09-01 00:00:00,,5,30,,,,,실적,,,,,,,,,,,,,,,,,,,,미정,7,9,,,,,,,,,,,,,,,,,,,,,,,,,,,,,,,,,,,,,,,,,,,,,,,,,,,,,,,,,,,,,,,,,,,,,,,,,,,,,,,,,,,,,,,,,,,,,,,,,,,,,,,,,,,,,,,,,,,,,,,,,,,,,,,,,,,,,,,,,,,,,,,,,,,,,,,,,,,,,,,,,,,,,,,,,,,,,,,,,,,,,,,,,,,,,,,,,,,,,,,,,,,,,,,,,,,,,,,,,,,,,,,,,,,,,,,,,,,,,,,,,,,,,,,,,,,,,,,,,,,,,,,,,,,,,,,,,,,,,,False,STRUCTURAL,비데이터 행,,,unknown
737,1,HHI,SCR중,3594,SCR-8,2,2026-09-04 00:00:00,46247,2,30,,,,3X3,일자,0,46189,46191,46192,46211,46220,46220,46239,46247,-,2026-08-20 00:00:00,46262,46265,46266,2026-09-02 00:00:00,46268,0%,,,0,8,9,,,계획,46189,,46191,,46192,,46211,,46212,,46220,,46223,,46247,,46248,,46254,,46255,,46262,,46265,,46266,,46267,,46268,,,,,,,,,,,,,,,,,,,,,,,,,,,,,,,,,,,,,,,,,,,,,,,,,,,,,,,,,,,,,,,,,,,,,,,,,,,,,,,,,,,,,,,,,,,,,,,,,,,,,,,,,,,,,,,,,,,,,,,,,,,,,,,,,,,,,,,,,D,,K,발S,,,,,,,,,,,,,,,,,,,발F,가S,,,,,,,,가F,,,제S,-----,-----,-----,-----,-----,-----,-----,-----,-----,-----,-----,-----,-----,-----,-----,-----,-----,-----,-----,-----,-----,-----,-----,제F,도S,,,,,,도F,조S,,,,,,,조F,,,상,검,포,출,납,,,,,,,,,,,,,,,,,,,,,,,,,,,True,DATA_PLAN,,,,plan
737,2,HHI,SCR중,3594,SCR-8,2,2026-09-04 00:00:00,,2,30,,,,,실행,0,,,,,,,,,,,,,,,,,,,0,8,9,,,,,,,,,,,,,,,,,,,,,,,,,,,,,,,,,,,,,,,,,,,,,,,,,,,,,,,,,,,,,,,,,,,,,,,,,,,,,,,,,,,,,,,,,,,,,,,,,,,,,,,,,,,,,,,,,,,,,,,,,,,,,,,,,,,,,,,,,,,,,,,,,,,,,,,,,,,,,,,,,,,,,,,,,,,,,,,,,,,,,,,,,,,,,,,,,,,,,,,,,,,,,,,,,,,,,,,,,,,,,,,,,,,,,,,,,,,,,,,,,,,,,,,,,,,,,,,,,,,,,,,,,,,,,,,,,,,,,,True,DATA_ACTUAL,,,,actual
737,3,HHI,SCR중,3594,SCR-8,2,2026-09-04 00:00:00,,2,30,,,,,,0,,,,,,,,,-,,,,,,,,,,0,8,9,,,실적,,0,,0,,0,,0,,0,,0,,,,0,,,,0,,,,0,,0,,0,,0,,0,,,,,,,,,,,,,,,,,,,,,,,,,,,,,,,,,,,,,,,,,,,,,,,,,,,,,,,,,,,,,,,,,,,,,,,,,,,,,,,,,,,,,,,,,,,,,,,,,,,,,,,,,,,,,,,,,,,,,,,,,,,,,,,,,,,,,,,,,,,,,,,,,,,,,,,,,,,,,,,,,,,,,,,,,,,,,,,,,,,,,,,,,,,,,,,,,,,,,,,,,,,,,,,,,,,,,,,,,,,,,,,,,,,,,,,,,,,,,,,,,,,False,STRUCTURAL,비데이터 행,,,unknown
737,4,HHI,SCR중,3594,SCR-8,2,2026-09-04 00:00:00,,2,30,,,,,취부,,0,,,,,,,,,,,,,,,,,,0,8,9,,,LOAD,,,,,,,,,,,,,,,,,,,,,,,,,,,,,,,,,,,,,,,,,,,,,,,,,,,,,,,,,,,,,,,,,,,,,,,,,,,,,,,,,,,,,,,,,,,,,,,,,,,,,,,,,,,,,,,,,,,,,,,,,,,,,,,,,,,,,,,,,,,,,,,,,,,,,,,,,,,,,,,,,,,,,,,,,,,,,,,,,,,,,,,,,,,,,,,,,,,,,,,,,,,,,,,,,,,,,,,,,,,,,,,,,,,,,,,,,,,,,,,,,,,,,,,,,,,,,,,,,,,,,,,,,,,,,,,,,,,False,STRUCTURAL,비데이터 행,,,unknown
737,5,HHI,SCR중,3594,SCR-8,2,2026-09-04 00:00:00,,2,30,,,,,용접,,0,,,,,,,,,,,,,,,,,,0,8,9,,,,,,,,,,,,,,,,,,,,,,,,,,,,,,,,,,,,,,,,,,,,,,,,,,,,,,,,,,,,,,,,,,,,,,,,,,,,,,,,,,,,,,,,,,,,,,,,,,,,,,,,,,,,,,,,,,,,,,,,,,,,,,,,,,,,,,,,,,,,,,,,,,,,,,,,,,,,,,,,,,,,,,,,,,,,,,,,,,,,,,,,,,,,,,,,,,,,,,,,,,,,,,,,,,,,,,,,,,,,,,,,,,,,,,,,,,,,,,,,,,,,,,,,,,,,,,,,,,,,,,,,,,,,,,,,,,,,,,False,STRUCTURAL,비데이터 행,,,unknown
737,6,HHI,SCR중,3594,SCR-8,2,2026-09-04 00:00:00,,2,30,,,,,조립,,0,,,,,,,,,,,,,,,,,,0,8,9,,,,,,,,,,,,,,,,,,,,,,,,,,,,,,,,,,,,,,,,,,,,,,,,,,,,,,,,,,,,,,,,,,,,,,,,,,,,,,,,,,,,,,,,,,,,,,,,,,,,,,,,,,,,,,,,,,,,,,,,,,,,,,,,,,,,,,,,,,,,,,,,,,,,,,,,,,,,,,,,,,,,,,,,,,,,,,,,,,,,,,,,,,,,,,,,,,,,,,,,,,,,,,,,,,,,,,,,,,,,,,,,,,,,,,,,,,,,,,,,,,,,,,,,,,,,,,,,,,,,,,,,,,,,,,,,,,,,,,False,STRUCTURAL,비데이터 행,,,unknown
737,7,HHI,SCR중,3594,SCR-8,2,2026-09-04 00:00:00,,2,30,,,,,사상,,0,,,,,,,,,,,,,,,,,,0,8,9,,,,,,,,,,,,,,,,,,,,,,,,,,,,,,,,,,,,,,,,,,,,,,,,,,,,,,,,,,,,,,,,,,,,,,,,,,,,,,,,,,,,,,,,,,,,,,,,,,,,,,,,,,,,,,,,,,,,,,,,,,,,,,,,,,,,,,,,,,,,,,,,,,,,,,,,,,,,,,,,,,,,,,,,,,,,,,,,,,,,,,,,,,,,,,,,,,,,,,,,,,,,,,,,,,,,,,,,,,,,,,,,,,,,,,,,,,,,,,,,,,,,,,,,,,,,,,,,,,,,,,,,,,,,,,,,,,,,,,False,STRUCTURAL,비데이터 행,,,unknown
737,9,HHI,SCR중,3594,SCR-8,2,2026-09-04 00:00:00,,2,30,,,,,실적,,,,,,,,,,,,,,,,,,,,0,8,9,,,,,,,,,,,,,,,,,,,,,,,,,,,,,,,,,,,,,,,,,,,,,,,,,,,,,,,,,,,,,,,,,,,,,,,,,,,,,,,,,,,,,,,,,,,,,,,,,,,,,,,,,,,,,,,,,,,,,,,,,,,,,,,,,,,,,,,,,,,,,,,,,,,,,,,,,,,,,,,,,,,,,,,,,,,,,,,,,,,,,,,,,,,,,,,,,,,,,,,,,,,,,,,,,,,,,,,,,,,,,,,,,,,,,,,,,,,,,,,,,,,,,,,,,,,,,,,,,,,,,,,,,,,,,,,,,,,,,,False,STRUCTURAL,비데이터 행,,,unknown
738,1,MHI,ENC,#4 Franklin Farms EH #1,ENC-3,1,2026-09-06 00:00:00,46211,3,100,,,,,일자,G 범안,46153,46155,46156,46177,46192,46192,46201,46211,-,2026-07-30 00:00:00,46258,46259,46261,2026-09-01 00:00:00,46268,0.25,,,G 범안,7,9,,,계획,46153,,46155,,46156,,46177,,46178,,46192,,46183,,46211,,46218,,46233,,46225,,46258,,46259,,46261,,46266,,46268,,,,,,,,,,,,,,,,,,,,,,,,,,,,,,,,,,,,,,,,,,,,,,,,,,,,,,,,,,,,,,,,,,,,,,,,,,,,,,,,,,,,,,,,,,,,,,,,,,,,,D,,K,발S,,,,,,,,,,,,,,,,,,,,,발F,가S,,,,,제S,-----,-----,-----,-----,-----,-----,-----,-----,가F,-----,-----,-----,-----,-----,-----,-----,-----,-----,-----,-----,-----,-----,-----,-----,-----,-----,-----,제F,,,,,,,도S,,,,,,,조S,,,,,,,,도F,,,,,,,,,,,,,,,,,,,,,,,,,조F,상,,검,,,,,포,,출,,,납,,,,,,,,,,,,,,,,,,,,,,,,,True,DATA_PLAN,,,,plan
738,2,MHI,ENC,#4 Franklin Farms EH #1,ENC-3,1,2026-09-06 00:00:00,,3,100,,,,,실행,G 범안,45925,45951,,,,,,,,,,,,,,,,,G 범안,7,9,,,,,,,,,,,,,,,,,,,,,,,,,,,,,,,,,,,,,,,,,,,,,,,,,,,,,,,,,,,,,,,,,,,,,,,,,,,,,,,,,,,,,,,,,,,,,,,,,,,,,,,,,,,,,,,,,,,,,,,,,,,,,,,,,,,,,,,,,,,,,,,,,,,,,,,,,,,,,,,,,,,,,,,,,,,,,,,,,,,,,,,,,,,,,,,,,,,,,,,,,,,,,,,,,,,,,,,,,,,,,,,,,,,,,,,,,,,,,,,,,,,,,,,,,,,,,,,,,,,,,,,,,,,,,,,,,,,,,,True,DATA_ACTUAL,,,,actual
738,3,MHI,ENC,#4 Franklin Farms #1,ENC-3,1,2026-09-06 00:00:00,,3,100,,,,9Ton,G 범안,G 범안,228,204,,,,,,,-,,,,,,,,,,G 범안,7,9,,,실적,,45925,,45951,,0,,0,,0,,0,,,,0,,,,0,,,,0,,0,,0,,0,,0,,,,,,,,,,,,,,,,,,,,,,,,,,,,,,,,,,,,,,,,,,,,,,,,,,,,,,,,,,,,,,,,,,,,,,,,,,,,,,,,,,,,,,,,,,,,,,,,,,,,,,,,,,,,,,,,,,,,,,,,,,,,,,,,,,,,,,,,,,,,,,,,,,,,,,,,,,,,,,,,,,,,,,,,,,,,,,,,,,,,,,,,,,,,,,,,,,,,,,,,,,,,,,,,,,,,,,,,,,,,,,,,,,,,,,,,,,,,,,,,,,,False,STRUCTURAL,비데이터 행,,,unknown
738,4,MHI,ENC,#4 Franklin Farms #1,ENC-3,1,2026-09-06 00:00:00,,3,100,,,,,취부,,0,,,,,,,,,,,,,,,,,,G 범안,7,9,,,LOAD,,,,,,,,,,,,,,,,,,,,,,,,,,,,,,,,,,,,,,,,,,,,,,,,,,,,,,,,,,,,,,,,,,,,,,,,,,,,,,,,,,,,,,,,,,,,,,,,,,,,,,,,,,,,,,,,,,,,,,,,,,,,,,,,,,,,,,,,,,,,,,,,,,,,,,,,,,,,,,,,,,,,,,,,,,,,,,,,,,,,,,,,,,,,,,,,,,,,,,,,,,,,,,,,,,,,,,,,,,,,,,,,,,,,,,,,,,,,,,,,,,,,,,,,,,,,,,,,,,,,,,,,,,,,,,,,,,,False,STRUCTURAL,비데이터 행,,,unknown
738,5,MHI,ENC,#4 Franklin Farms #1,ENC-3,1,2026-09-06 00:00:00,,3,100,,,,,용접,,0,,,,,,,,,,,,,,,,,,G 범안,7,9,,,,,,,,,,,,,,,,,,,,,,,,,,,,,,,,,,,,,,,,,,,,,,,,,,,,,,,,,,,,,,,,,,,,,,,,,,,,,,,,,,,,,,,,,,,,,,,,,,,,,,,,,,,,,,,,,,,,,,,,,,,,,,,,,,,,,,,,,,,,,,,,,,,,,,,,,,,,,,,,,,,,,,,,,,,,,,,,,,,,,,,,,,,,,,,,,,,,,,,,,,,,,,,,,,,,,,,,,,,,,,,,,,,,,,,,,,,,,,,,,,,,,,,,,,,,,,,,,,,,,,,,,,,,,,,,,,,,,,False,STRUCTURAL,비데이터 행,,,unknown
738,6,MHI,ENC,#4 Franklin Farms #1,ENC-3,1,2026-09-06 00:00:00,,3,100,,,,,조립,,48,,,,,,,,,,,,,,,,,,G 범안,7,9,,,,,,,,,,,,,,,,,,,,,,,,,,,,,,,,,,,,,,,,,,,,,,,,,,,,,,,,,,,,,,,,,,,,,,,,,,,,,,,,,,,,,,,,,,,,,,,,,,,,,,,,,,,,,,,,,,,,,,,,,,,,,,,,,,,,,,,,,,,,,,,,,,,,,,,,,,,,,,,,,,,,,,,,,,,,,,,,,,,,,,,,,,,,,,,,,,,,,,,,,,,,,,,,,,,,,,,,,,,,,,,,,,,4,4,4,4,4,,4,4,4,4,4,4,,4,,,,,,,,,,,,,,,,,,,,,,,,,,,,,,,,,,,,,,False,STRUCTURAL,비데이터 행,,,unknown
738,7,MHI,ENC,#4 Franklin Farms #1,ENC-3,1,2026-09-06 00:00:00,,3,100,,,,,사상,,0,,,,,,,,,,,,,,,,,,G 범안,7,9,,,,,,,,,,,,,,,,,,,,,,,,,,,,,,,,,,,,,,,,,,,,,,,,,,,,,,,,,,,,,,,,,,,,,,,,,,,,,,,,,,,,,,,,,,,,,,,,,,,,,,,,,,,,,,,,,,,,,,,,,,,,,,,,,,,,,,,,,,,,,,,,,,,,,,,,,,,,,,,,,,,,,,,,,,,,,,,,,,,,,,,,,,,,,,,,,,,,,,,,,,,,,,,,,,,,,,,,,,,,,,,,,,,,,,,,,,,,,,,,,,,,,,,,,,,,,,,,,,,,,,,,,,,,,,,,,,,,,,False,STRUCTURAL,비데이터 행,,,unknown
738,9,MHI,ENC,#4 Franklin Farms #1,ENC-3,1,2026-09-06 00:00:00,,3,100,,,,,실적,,,,,,,,,,,,,,,,,,,,G 범안,7,9,,,,,,,,,,,,,,,,,,,,,,,,,,,,,,,,,,,,,,,,,,,,,,,,,,,,,,,,,,,,,,,,,,,,,,,,,,,,,,,,,,,,,,,,,,,,,,,,,,,,,,,,,,,,,,,,,,,,,,,,,,,,,,,,,,,,,,,,,,,,,,,,,,,,,,,,,,,,,,,,,,,,,,,,,,,,,,,,,,,,,,,,,,,,,,,,,,,,,,,,,,,,,,,,,,,,,,,,,,,,,,,,,,,,,,,,,,,,,,,,,,,,,,,,,,,,,,,,,,,,,,,,,,,,,,,,,,,,,,False,STRUCTURAL,비데이터 행,,,unknown
739,1,HHI,SCR중,3517,SCR-8,3,2026-09-09 00:00:00,46253,2,30,,전기,X,3X3,일자,D 청림,46192,46196,46197,46216,46225,46225,46244,46253,-,2026-08-25 00:00:00,46267,46268,46269,2026-09-07 00:00:00,46273,0%,,,D 청림,8,9,,,계획,46192,,46196,,46197,,46216,,46217,,46225,,46226,,46253,,46254,,46259,,46260,,46267,,46268,,46269,,46272,,46273,,,,,,,,,,,,,,,,,,,,,,,,,,,,,,,,,,,,,,,,,,,,,,,,,,,,,,,,,,,,,,,,,,,,,,,,,,,,,,,,,,,,,,,,,,,,,,,,,,,,,,,,,,,,,,,,,,,,,,,,,,,,,,,,,,,,,,,,,,,,D,,,,K,발S,,,,,,,,,,,,,,,,,,,발F,가S,,,,,,,,가F,제S,-----,-----,-----,-----,-----,-----,-----,-----,-----,-----,-----,-----,-----,-----,-----,-----,-----,-----,-----,-----,-----,-----,-----,-----,-----,-----,제F,도S,,,,,도F,조S,,,,,,,조F,상,검,,,포,출,납,,,,,,,,,,,,,,,,,,,,,,True,DATA_PLAN,,,,plan
739,2,HHI,SCR중,3517,SCR-8,3,2026-09-09 00:00:00,,2,30,,,,,실행,D 청림,,,,,,,,,,,,,,,,,,,D 청림,8,9,,,,,,,,,,,,,,,,,,,,,,,,,,,,,,,,,,,,,,,,,,,,,,,,,,,,,,,,,,,,,,,,,,,,,,,,,,,,,,,,,,,,,,,,,,,,,,,,,,,,,,,,,,,,,,,,,,,,,,,,,,,,,,,,,,,,,,,,,,,,,,,,,,,,,,,,,,,,,,,,,,,,,,,,,,,,,,,,,,,,,,,,,,,,,,,,,,,,,,,,,,,,,,,,,,,,,,,,,,,,,,,,,,,,,,,,,,,,,,,,,,,,,,,,,,,,,,,,,,,,,,,,,,,,,,,,,,,,,,True,DATA_ACTUAL,,,,actual
739,3,HHI,SCR중,3517,SCR-8,3,2026-09-09 00:00:00,,2,30,,,,,D 청림,D 청림,,,,,,,,,-,,,,,,,,,,D 청림,8,9,,,실적,,0,,0,,0,,0,,0,,0,,,,0,,,,0,,,,0,,0,,0,,0,,0,,,,,,,,,,,,,,,,,,,,,,,,,,,,,,,,,,,,,,,,,,,,,,,,,,,,,,,,,,,,,,,,,,,,,,,,,,,,,,,,,,,,,,,,,,,,,,,,,,,,,,,,,,,,,,,,,,,,,,,,,,,,,,,,,,,,,,,,,,,,,,,,,,,,,,,,,,,,,,,,,,,,,,,,,,,,,,,,,,,,,,,,,,,,,,,,,,,,,,,,,,,,,,,,,,,,,,,,,,,,,,,,,,,,,,,,,,,,,,,,,,,False,STRUCTURAL,비데이터 행,,,unknown
739,4,HHI,SCR중,3517,SCR-8,3,2026-09-09 00:00:00,,2,30,,,,,취부,,0,,,,,,,,,,,,,,,,,,D 청림,8,9,,,LOAD,,,,,,,,,,,,,,,,,,,,,,,,,,,,,,,,,,,,,,,,,,,,,,,,,,,,,,,,,,,,,,,,,,,,,,,,,,,,,,,,,,,,,,,,,,,,,,,,,,,,,,,,,,,,,,,,,,,,,,,,,,,,,,,,,,,,,,,,,,,,,,,,,,,,,,,,,,,,,,,,,,,,,,,,,,,,,,,,,,,,,,,,,,,,,,,,,,,,,,,,,,,,,,,,,,,,,,,,,,,,,,,,,,,,,,,,,,,,,,,,,,,,,,,,,,,,,,,,,,,,,,,,,,,,,,,,,,,False,STRUCTURAL,비데이터 행,,,unknown
739,5,HHI,SCR중,3517,SCR-8,3,2026-09-09 00:00:00,,2,30,,,,,용접,,0,,,,,,,,,,,,,,,,,,D 청림,8,9,,,,,,,,,,,,,,,,,,,,,,,,,,,,,,,,,,,,,,,,,,,,,,,,,,,,,,,,,,,,,,,,,,,,,,,,,,,,,,,,,,,,,,,,,,,,,,,,,,,,,,,,,,,,,,,,,,,,,,,,,,,,,,,,,,,,,,,,,,,,,,,,,,,,,,,,,,,,,,,,,,,,,,,,,,,,,,,,,,,,,,,,,,,,,,,,,,,,,,,,,,,,,,,,,,,,,,,,,,,,,,,,,,,,,,,,,,,,,,,,,,,,,,,,,,,,,,,,,,,,,,,,,,,,,,,,,,,,,,False,STRUCTURAL,비데이터 행,,,unknown
739,6,HHI,SCR중,3517,SCR-8,3,2026-09-09 00:00:00,,2,30,,,,,조립,,0,,,,,,,,,,,,,,,,,,D 청림,8,9,,,,,,,,,,,,,,,,,,,,,,,,,,,,,,,,,,,,,,,,,,,,,,,,,,,,,,,,,,,,,,,,,,,,,,,,,,,,,,,,,,,,,,,,,,,,,,,,,,,,,,,,,,,,,,,,,,,,,,,,,,,,,,,,,,,,,,,,,,,,,,,,,,,,,,,,,,,,,,,,,,,,,,,,,,,,,,,,,,,,,,,,,,,,,,,,,,,,,,,,,,,,,,,,,,,,,,,,,,,,,,,,,,,,,,,,,,,,,,,,,,,,,,,,,,,,,,,,,,,,,,,,,,,,,,,,,,,,,,False,STRUCTURAL,비데이터 행,,,unknown
739,7,HHI,SCR중,3517,SCR-8,3,2026-09-09 00:00:00,,2,30,,,,,사상,,0,,,,,,,,,,,,,,,,,,D 청림,8,9,,,,,,,,,,,,,,,,,,,,,,,,,,,,,,,,,,,,,,,,,,,,,,,,,,,,,,,,,,,,,,,,,,,,,,,,,,,,,,,,,,,,,,,,,,,,,,,,,,,,,,,,,,,,,,,,,,,,,,,,,,,,,,,,,,,,,,,,,,,,,,,,,,,,,,,,,,,,,,,,,,,,,,,,,,,,,,,,,,,,,,,,,,,,,,,,,,,,,,,,,,,,,,,,,,,,,,,,,,,,,,,,,,,,,,,,,,,,,,,,,,,,,,,,,,,,,,,,,,,,,,,,,,,,,,,,,,,,,,False,STRUCTURAL,비데이터 행,,,unknown
739,9,HHI,SCR중,3517,SCR-8,3,2026-09-09 00:00:00,,2,30,,,,,실적,,,,,,,,,,,,,,,,,,,,D 청림,8,9,,,,,,,,,,,,,,,,,,,,,,,,,,,,,,,,,,,,,,,,,,,,,,,,,,,,,,,,,,,,,,,,,,,,,,,,,,,,,,,,,,,,,,,,,,,,,,,,,,,,,,,,,,,,,,,,,,,,,,,,,,,,,,,,,,,,,,,,,,,,,,,,,,,,,,,,,,,,,,,,,,,,,,,,,,,,,,,,,,,,,,,,,,,,,,,,,,,,,,,,,,,,,,,,,,,,,,,,,,,,,,,,,,,,,,,,,,,,,,,,,,,,,,,,,,,,,,,,,,,,,,,,,,,,,,,,,,,,,,False,STRUCTURAL,비데이터 행,,,unknown
740,1,HHI,SCR중,3503,SCR-8,3,2026-09-11 00:00:00,46255,2,30,,전기,X,3X3(B),일자,D 청림,46196,46198,46199,46218,46227,46227,46246,46255,-,2026-08-27 00:00:00,46269,46272,46273,2026-09-09 00:00:00,46275,0%,,,D 청림,8,9,,,계획,46196,,46198,,46199,,46218,,46219,,46227,,46230,,46255,,46258,,46261,,46262,,46269,,46272,,46273,,46274,,46275,,,,,,,,,,,,,,,,,,,,,,,,,,,,,,,,,,,,,,,,,,,,,,,,,,,,,,,,,,,,,,,,,,,,,,,,,,,,,,,,,,,,,,,,,,,,,,,,,,,,,,,,,,,,,,,,,,,,,,,,,,,,,,,,,,,,,,,,,,,,,,,,D,,K,발S,,,,,,,,,,,,,,,,,,,발F,가S,,,,,,,,가F,,,제S,-----,-----,-----,-----,-----,-----,-----,-----,-----,-----,-----,-----,-----,-----,-----,-----,-----,-----,-----,-----,-----,-----,-----,-----,제F,,,도S,,,도F,조S,,,,,,,조F,,,상,검,포,출,납,,,,,,,,,,,,,,,,,,,,True,DATA_PLAN,,,,plan
740,2,HHI,SCR중,3503,SCR-8,3,2026-09-11 00:00:00,,2,30,,,,,실행,D 청림,,,,,,,,,,,,,,,,,,,D 청림,8,9,,,,,,,,,,,,,,,,,,,,,,,,,,,,,,,,,,,,,,,,,,,,,,,,,,,,,,,,,,,,,,,,,,,,,,,,,,,,,,,,,,,,,,,,,,,,,,,,,,,,,,,,,,,,,,,,,,,,,,,,,,,,,,,,,,,,,,,,,,,,,,,,,,,,,,,,,,,,,,,,,,,,,,,,,,,,,,,,,,,,,,,,,,,,,,,,,,,,,,,,,,,,,,,,,,,,,,,,,,,,,,,,,,,,,,,,,,,,,,,,,,,,,,,,,,,,,,,,,,,,,,,,,,,,,,,,,,,,,,True,DATA_ACTUAL,,,,actual
740,3,HHI,SCR중,3503,SCR-8,3,2026-09-11 00:00:00,,2,30,,,,,D 청림,D 청림,,,,,,,,,-,,,,,,,,,,D 청림,8,9,,,실적,,0,,0,,0,,0,,0,,0,,,,0,,,,0,,,,0,,0,,0,,0,,0,,,,,,,,,,,,,,,,,,,,,,,,,,,,,,,,,,,,,,,,,,,,,,,,,,,,,,,,,,,,,,,,,,,,,,,,,,,,,,,,,,,,,,,,,,,,,,,,,,,,,,,,,,,,,,,,,,,,,,,,,,,,,,,,,,,,,,,,,,,,,,,,,,,,,,,,,,,,,,,,,,,,,,,,,,,,,,,,,,,,,,,,,,,,,,,,,,,,,,,,,,,,,,,,,,,,,,,,,,,,,,,,,,,,,,,,,,,,,,,,,,,False,STRUCTURAL,비데이터 행,,,unknown
740,4,HHI,SCR중,3503,SCR-8,3,2026-09-11 00:00:00,,2,30,,,,,취부,,0,,,,,,,,,,,,,,,,,,D 청림,8,9,,,LOAD,,,,,,,,,,,,,,,,,,,,,,,,,,,,,,,,,,,,,,,,,,,,,,,,,,,,,,,,,,,,,,,,,,,,,,,,,,,,,,,,,,,,,,,,,,,,,,,,,,,,,,,,,,,,,,,,,,,,,,,,,,,,,,,,,,,,,,,,,,,,,,,,,,,,,,,,,,,,,,,,,,,,,,,,,,,,,,,,,,,,,,,,,,,,,,,,,,,,,,,,,,,,,,,,,,,,,,,,,,,,,,,,,,,,,,,,,,,,,,,,,,,,,,,,,,,,,,,,,,,,,,,,,,,,,,,,,,,False,STRUCTURAL,비데이터 행,,,unknown
740,5,HHI,SCR중,3503,SCR-8,3,2026-09-11 00:00:00,,2,30,,,,,용접,,0,,,,,,,,,,,,,,,,,,D 청림,8,9,,,,,,,,,,,,,,,,,,,,,,,,,,,,,,,,,,,,,,,,,,,,,,,,,,,,,,,,,,,,,,,,,,,,,,,,,,,,,,,,,,,,,,,,,,,,,,,,,,,,,,,,,,,,,,,,,,,,,,,,,,,,,,,,,,,,,,,,,,,,,,,,,,,,,,,,,,,,,,,,,,,,,,,,,,,,,,,,,,,,,,,,,,,,,,,,,,,,,,,,,,,,,,,,,,,,,,,,,,,,,,,,,,,,,,,,,,,,,,,,,,,,,,,,,,,,,,,,,,,,,,,,,,,,,,,,,,,,,,False,STRUCTURAL,비데이터 행,,,unknown
740,6,HHI,SCR중,3503,SCR-8,3,2026-09-11 00:00:00,,2,30,,,,,조립,,0,,,,,,,,,,,,,,,,,,D 청림,8,9,,,,,,,,,,,,,,,,,,,,,,,,,,,,,,,,,,,,,,,,,,,,,,,,,,,,,,,,,,,,,,,,,,,,,,,,,,,,,,,,,,,,,,,,,,,,,,,,,,,,,,,,,,,,,,,,,,,,,,,,,,,,,,,,,,,,,,,,,,,,,,,,,,,,,,,,,,,,,,,,,,,,,,,,,,,,,,,,,,,,,,,,,,,,,,,,,,,,,,,,,,,,,,,,,,,,,,,,,,,,,,,,,,,,,,,,,,,,,,,,,,,,,,,,,,,,,,,,,,,,,,,,,,,,,,,,,,,,,,False,STRUCTURAL,비데이터 행,,,unknown
740,7,HHI,SCR중,3503,SCR-8,3,2026-09-11 00:00:00,,2,30,,,,,사상,,0,,,,,,,,,,,,,,,,,,D 청림,8,9,,,,,,,,,,,,,,,,,,,,,,,,,,,,,,,,,,,,,,,,,,,,,,,,,,,,,,,,,,,,,,,,,,,,,,,,,,,,,,,,,,,,,,,,,,,,,,,,,,,,,,,,,,,,,,,,,,,,,,,,,,,,,,,,,,,,,,,,,,,,,,,,,,,,,,,,,,,,,,,,,,,,,,,,,,,,,,,,,,,,,,,,,,,,,,,,,,,,,,,,,,,,,,,,,,,,,,,,,,,,,,,,,,,,,,,,,,,,,,,,,,,,,,,,,,,,,,,,,,,,,,,,,,,,,,,,,,,,,,False,STRUCTURAL,비데이터 행,,,unknown
740,9,HHI,SCR중,3503,SCR-8,3,2026-09-11 00:00:00,,2,30,,,,,실적,,,,,,,,,,,,,,,,,,,,D 청림,8,9,,,,,,,,,,,,,,,,,,,,,,,,,,,,,,,,,,,,,,,,,,,,,,,,,,,,,,,,,,,,,,,,,,,,,,,,,,,,,,,,,,,,,,,,,,,,,,,,,,,,,,,,,,,,,,,,,,,,,,,,,,,,,,,,,,,,,,,,,,,,,,,,,,,,,,,,,,,,,,,,,,,,,,,,,,,,,,,,,,,,,,,,,,,,,,,,,,,,,,,,,,,,,,,,,,,,,,,,,,,,,,,,,,,,,,,,,,,,,,,,,,,,,,,,,,,,,,,,,,,,,,,,,,,,,,,,,,,,,,False,STRUCTURAL,비데이터 행,,,unknown
741,1,HHI,EGP,S042,EGP-2,4,2026-09-11 00:00:00,46276,4,20,,,,외부함석 없음,일자,F JK플랜트,,,,,,,,,-,,,,,,,0%,,,F JK플랜트,0xf,9,,,계획,,,,,,,,,,,,,,,,,,,,,,,,,,,,,,,,,,,,,,,,,,,,,,,,,,,,,,,,,,,,,,,,,,,,,,,,,,,,,,,,,,,,,,,,,,,,,,,,,,,,,,,,,,,,,,,,,,,,,,,,,,,,,,,,,,,,,,,,,,,,,,,,,,,,,,,,,,,,,,,,,,,,,,,,,,,,,,,,,,,,,,,,,,,,,,,,,,,,,,,,,,,,,,,,,,,,,,,,,,,,,,,,,,,,,,,,,,,,,,,,,,,,,,,,,,,,,,,납,,,,,,,,,,,,,,,,,,,,True,DATA_PLAN,,,,plan
741,2,HHI,EGP,S042,EGP-2,2,2026-09-11 00:00:00,,4,20,,,,,실행,F JK플랜트,,,,,,,,,,,,,,,,,,,F JK플랜트,0xf,9,,,,,,,,,,,,,,,,,,,,,,,,,,,,,,,,,,,,,,,,,,,,,,,,,,,,,,,,,,,,,,,,,,,,,,,,,,,,,,,,,,,,,,,,,,,,,,,,,,,,,,,,,,,,,,,,,,,,,,,,,,,,,,,,,,,,,,,,,,,,,,,,,,,,,,,,,,,,,,,,,,,,,,,,,,,,,,,,,,,,,,,,,,,,,,,,,,,,,,,,,,,,,,,,,,,,,,,,,,,,,,,,,,,,,,,,,,,,,,,,,,,,,,,,,,,,,,,,,,,,,,,,,,,,,,,,,,,,,,True,DATA_ACTUAL,,,,actual
741,3,HHI,EGP,S042,EGP-2,2,2026-09-11 00:00:00,,4,20,,,,,F JK플랜트,F JK플랜트,,,,,,,,,-,,,,,,,,,,F JK플랜트,0xf,9,,,실적,,0,,0,,0,,0,,,,0,,,,0,,,,0,,,,0,,0,,0,,0,,0,,,,,,,,,,,,,,,,,,,,,,,,,,,,,,,,,,,,,,,,,,,,,,,,,,,,,,,,,,,,,,,,,,,,,,,,,,,,,,,,,,,,,,,,,,,,,,,,,,,,,,,,,,,,,,,,,,,,,,,,,,,,,,,,,,,,,,,,,,,,,,,,,,,,,,,,,,,,,,,,,,,,,,,,,,,,,,,,,,,,,,,,,,,,,,,,,,,,,,,,,,,,,,,,,,,,,,,,,,,,,,,,,,,,,,,,,,,,,,,,,,,False,STRUCTURAL,비데이터 행,,,unknown
741,4,HHI,EGP,S042,EGP-2,2,2026-09-11 00:00:00,,4,20,,,,,취부,,0,,,,,,,,,,,,,,,,,,F JK플랜트,0xf,9,,,LOAD,,,,,,,,,,,,,,,,,,,,,,,,,,,,,,,,,,,,,,,,,,,,,,,,,,,,,,,,,,,,,,,,,,,,,,,,,,,,,,,,,,,,,,,,,,,,,,,,,,,,,,,,,,,,,,,,,,,,,,,,,,,,,,,,,,,,,,,,,,,,,,,,,,,,,,,,,,,,,,,,,,,,,,,,,,,,,,,,,,,,,,,,,,,,,,,,,,,,,,,,,,,,,,,,,,,,,,,,,,,,,,,,,,,,,,,,,,,,,,,,,,,,,,,,,,,,,,,,,,,,,,,,,,,,,,,,,,,False,STRUCTURAL,비데이터 행,,,unknown
741,5,HHI,EGP,S042,EGP-2,2,2026-09-11 00:00:00,,4,20,,,,,용접,,0,,,,,,,,,,,,,,,,,,F JK플랜트,0xf,9,,,,,,,,,,,,,,,,,,,,,,,,,,,,,,,,,,,,,,,,,,,,,,,,,,,,,,,,,,,,,,,,,,,,,,,,,,,,,,,,,,,,,,,,,,,,,,,,,,,,,,,,,,,,,,,,,,,,,,,,,,,,,,,,,,,,,,,,,,,,,,,,,,,,,,,,,,,,,,,,,,,,,,,,,,,,,,,,,,,,,,,,,,,,,,,,,,,,,,,,,,,,,,,,,,,,,,,,,,,,,,,,,,,,,,,,,,,,,,,,,,,,,,,,,,,,,,,,,,,,,,,,,,,,,,,,,,,,,,False,STRUCTURAL,비데이터 행,,,unknown
741,6,HHI,EGP,S042,EGP-2,2,2026-09-11 00:00:00,,4,20,,,,,조립,,0,,,,,,,,,,,,,,,,,,F JK플랜트,0xf,9,,,,,,,,,,,,,,,,,,,,,,,,,,,,,,,,,,,,,,,,,,,,,,,,,,,,,,,,,,,,,,,,,,,,,,,,,,,,,,,,,,,,,,,,,,,,,,,,,,,,,,,,,,,,,,,,,,,,,,,,,,,,,,,,,,,,,,,,,,,,,,,,,,,,,,,,,,,,,,,,,,,,,,,,,,,,,,,,,,,,,,,,,,,,,,,,,,,,,,,,,,,,,,,,,,,,,,,,,,,,,,,,,,,,,,,,,,,,,,,,,,,,,,,,,,,,,,,,,,,,,,,,,,,,,,,,,,,,,,False,STRUCTURAL,비데이터 행,,,unknown
741,7,HHI,EGP,S042,EGP-2,2,2026-09-11 00:00:00,,4,20,,,,,사상,,0,,,,,,,,,,,,,,,,,,F JK플랜트,0xf,9,,,,,,,,,,,,,,,,,,,,,,,,,,,,,,,,,,,,,,,,,,,,,,,,,,,,,,,,,,,,,,,,,,,,,,,,,,,,,,,,,,,,,,,,,,,,,,,,,,,,,,,,,,,,,,,,,,,,,,,,,,,,,,,,,,,,,,,,,,,,,,,,,,,,,,,,,,,,,,,,,,,,,,,,,,,,,,,,,,,,,,,,,,,,,,,,,,,,,,,,,,,,,,,,,,,,,,,,,,,,,,,,,,,,,,,,,,,,,,,,,,,,,,,,,,,,,,,,,,,,,,,,,,,,,,,,,,,,,,False,STRUCTURAL,비데이터 행,,,unknown
741,9,HHI,EGP,S042,EGP-2,2,2026-09-11 00:00:00,,4,20,,,,,실적,,,,,,,,,,,,,,,,,,,,F JK플랜트,0xf,9,,,,,,,,,,,,,,,,,,,,,,,,,,,,,,,,,,,,,,,,,,,,,,,,,,,,,,,,,,,,,,,,,,,,,,,,,,,,,,,,,,,,,,,,,,,,,,,,,,,,,,,,,,,,,,,,,,,,,,,,,,,,,,,,,,,,,,,,,,,,,,,,,,,,,,,,,,,,,,,,,,,,,,,,,,,,,,,,,,,,,,,,,,,,,,,,,,,,,,,,,,,,,,,,,,,,,,,,,,,,,,,,,,,,,,,,,,,,,,,,,,,,,,,,,,,,,,,,,,,,,,,,,,,,,,,,,,,,,,False,STRUCTURAL,비데이터 행,,,unknown
742,1,HHI,GV,S042,VS-2,2,2026-09-11 00:00:00,46276,1,30,,,,,일자,E 케이테크,,,,,,,,,-,,,,,,,0%,,,E 케이테크,0xf,9,,,계획,,,,,,,,,,,,,,,,,,,,,,,,,,,,,,,,,,,,,,,,,,,,,,,,,,,,,,,,,,,,,,,,,,,,,,,,,,,,,,,,,,,,,,,,,,,,,,,,,,,,,,,,,,,,,,,,,,,,,,,,,,,,,,,,,,,,,,,,,,,,,,,,,,,,,,,,,,,,,,,,,,,,,,,,,,,,,,,,,,,,,,,,,,,,,,,,,,,,,,,,,,,,,,,,,,,,,,,,,,,,,,,,,,,,,,,,,,,,,,,,,,,,,,,,,,,,,,,납,,,,,,,,,,,,,,,,,,,,True,DATA_PLAN,,,,plan
742,2,HHI,GV,S042,VS-2,2,2026-09-11 00:00:00,,1,30,,,,,실행,E 케이테크,,,,,,,,,,,,,,,,,,,E 케이테크,0xf,9,,,,,,,,,,,,,,,,,,,,,,,,,,,,,,,,,,,,,,,,,,,,,,,,,,,,,,,,,,,,,,,,,,,,,,,,,,,,,,,,,,,,,,,,,,,,,,,,,,,,,,,,,,,,,,,,,,,,,,,,,,,,,,,,,,,,,,,,,,,,,,,,,,,,,,,,,,,,,,,,,,,,,,,,,,,,,,,,,,,,,,,,,,,,,,,,,,,,,,,,,,,,,,,,,,,,,,,,,,,,,,,,,,,,,,,,,,,,,,,,,,,,,,,,,,,,,,,,,,,,,,,,,,,,,,,,,,,,,,True,DATA_ACTUAL,,,,actual
742,3,HHI,GV,S042,VS-2,2,2026-09-11 00:00:00,,1,30,,,,,E 케이테크,E 케이테크,,,,,,,,,-,,,,,,,,,,E 케이테크,0xf,9,,,실적,,0,,0,,0,,0,,,,0,,,,0,,,,0,,,,0,,0,,0,,0,,0,,,,,,,,,,,,,,,,,,,,,,,,,,,,,,,,,,,,,,,,,,,,,,,,,,,,,,,,,,,,,,,,,,,,,,,,,,,,,,,,,,,,,,,,,,,,,,,,,,,,,,,,,,,,,,,,,,,,,,,,,,,,,,,,,,,,,,,,,,,,,,,,,,,,,,,,,,,,,,,,,,,,,,,,,,,,,,,,,,,,,,,,,,,,,,,,,,,,,,,,,,,,,,,,,,,,,,,,,,,,,,,,,,,,,,,,,,,,,,,,,,,False,STRUCTURAL,비데이터 행,,,unknown
742,4,HHI,GV,S042,VS-2,2,2026-09-11 00:00:00,,1,30,,,,,취부,,0,,,,,,,,,,,,,,,,,,E 케이테크,0xf,9,,,LOAD,,,,,,,,,,,,,,,,,,,,,,,,,,,,,,,,,,,,,,,,,,,,,,,,,,,,,,,,,,,,,,,,,,,,,,,,,,,,,,,,,,,,,,,,,,,,,,,,,,,,,,,,,,,,,,,,,,,,,,,,,,,,,,,,,,,,,,,,,,,,,,,,,,,,,,,,,,,,,,,,,,,,,,,,,,,,,,,,,,,,,,,,,,,,,,,,,,,,,,,,,,,,,,,,,,,,,,,,,,,,,,,,,,,,,,,,,,,,,,,,,,,,,,,,,,,,,,,,,,,,,,,,,,,,,,,,,,,False,STRUCTURAL,비데이터 행,,,unknown
742,5,HHI,GV,S042,VS-2,2,2026-09-11 00:00:00,,1,30,,,,,용접,,0,,,,,,,,,,,,,,,,,,E 케이테크,0xf,9,,,,,,,,,,,,,,,,,,,,,,,,,,,,,,,,,,,,,,,,,,,,,,,,,,,,,,,,,,,,,,,,,,,,,,,,,,,,,,,,,,,,,,,,,,,,,,,,,,,,,,,,,,,,,,,,,,,,,,,,,,,,,,,,,,,,,,,,,,,,,,,,,,,,,,,,,,,,,,,,,,,,,,,,,,,,,,,,,,,,,,,,,,,,,,,,,,,,,,,,,,,,,,,,,,,,,,,,,,,,,,,,,,,,,,,,,,,,,,,,,,,,,,,,,,,,,,,,,,,,,,,,,,,,,,,,,,,,,,False,STRUCTURAL,비데이터 행,,,unknown
742,6,HHI,GV,S042,VS-2,2,2026-09-11 00:00:00,,1,30,,,,,조립,,0,,,,,,,,,,,,,,,,,,E 케이테크,0xf,9,,,,,,,,,,,,,,,,,,,,,,,,,,,,,,,,,,,,,,,,,,,,,,,,,,,,,,,,,,,,,,,,,,,,,,,,,,,,,,,,,,,,,,,,,,,,,,,,,,,,,,,,,,,,,,,,,,,,,,,,,,,,,,,,,,,,,,,,,,,,,,,,,,,,,,,,,,,,,,,,,,,,,,,,,,,,,,,,,,,,,,,,,,,,,,,,,,,,,,,,,,,,,,,,,,,,,,,,,,,,,,,,,,,,,,,,,,,,,,,,,,,,,,,,,,,,,,,,,,,,,,,,,,,,,,,,,,,,,,False,STRUCTURAL,비데이터 행,,,unknown
742,7,HHI,GV,S042,VS-2,2,2026-09-11 00:00:00,,1,30,,,,,사상,,0,,,,,,,,,,,,,,,,,,E 케이테크,0xf,9,,,,,,,,,,,,,,,,,,,,,,,,,,,,,,,,,,,,,,,,,,,,,,,,,,,,,,,,,,,,,,,,,,,,,,,,,,,,,,,,,,,,,,,,,,,,,,,,,,,,,,,,,,,,,,,,,,,,,,,,,,,,,,,,,,,,,,,,,,,,,,,,,,,,,,,,,,,,,,,,,,,,,,,,,,,,,,,,,,,,,,,,,,,,,,,,,,,,,,,,,,,,,,,,,,,,,,,,,,,,,,,,,,,,,,,,,,,,,,,,,,,,,,,,,,,,,,,,,,,,,,,,,,,,,,,,,,,,,,False,STRUCTURAL,비데이터 행,,,unknown
742,9,HHI,GV,S042,VS-2,2,2026-09-11 00:00:00,,1,30,,,,,실적,,,,,,,,,,,,,,,,,,,,E 케이테크,0xf,9,,,,,,,,,,,,,,,,,,,,,,,,,,,,,,,,,,,,,,,,,,,,,,,,,,,,,,,,,,,,,,,,,,,,,,,,,,,,,,,,,,,,,,,,,,,,,,,,,,,,,,,,,,,,,,,,,,,,,,,,,,,,,,,,,,,,,,,,,,,,,,,,,,,,,,,,,,,,,,,,,,,,,,,,,,,,,,,,,,,,,,,,,,,,,,,,,,,,,,,,,,,,,,,,,,,,,,,,,,,,,,,,,,,,,,,,,,,,,,,,,,,,,,,,,,,,,,,,,,,,,,,,,,,,,,,,,,,,,,False,STRUCTURAL,비데이터 행,,,unknown
743,1,DEB,VS,"아틀라스 Anti Icing #1,2",VS-2,2,2026-09-12 00:00:00,46247,4,30,,,,,일자,A 동일,46190,46197,46202,46216,46225,46225,46239,46247,-,2026-08-24 00:00:00,46267,46269,46273,2026-09-09 00:00:00,46275,0%,,,A 동일,8,9,,,계획,46190,,46197,,46202,,46216,,46217,,46225,,46224,,46247,,46248,,46258,,46255,,46267,,46269,,46273,,46274,,46275,,,,,,,,,,,,,,,,,,,,,,,,,,,,,,,,,,,,,,,,,,,,,,,,,,,,,,,,,,,,,,,,,,,,,,,,,,,,,,,,,,,,,,,,,,,,,,,,,,,,,,,,,,,,,,,,,,,,,,,,,,,,,,,,,,,,,,,,,,D,,,,,,,K,,,,,발S,,,,,,,,,,,,,,발F,가S,,,,,,,제S,가F,-----,-----,-----,-----,-----,-----,-----,-----,-----,-----,-----,-----,-----,-----,-----,-----,-----,-----,-----,-----,-----,제F,도S,,,,,,,조S,,,도F,,,,,,,,,조F,,상,,,,검,포,출,,납,,,,,,,,,,,,,,,,,,,True,DATA_PLAN,,,,plan
743,2,DEB,VS,"아틀라스 Anti Icing #1,2",VS-2,2,2026-09-12 00:00:00,,4,30,,,,,실행,A 동일,,,,,,,,,,,,,,,,,,,A 동일,8,9,,,,,,,,,,,,,,,,,,,,,,,,,,,,,,,,,,,,,,,,,,,,,,,,,,,,,,,,,,,,,,,,,,,,,,,,,,,,,,,,,,,,,,,,,,,,,,,,,,,,,,,,,,,,,,,,,,,,,,,,,,,,,,,,,,,,,,,,,,,,,,,,,,,,,,,,,,,,,,,,,,,,,,,,,,,,,,,,,,,,,,,,,,,,,,,,,,,,,,,,,,,,,,,,,,,,,,,,,,,,,,,,,,,,,,,,,,,,,,,,,,,,,,,,,,,,,,,,,,,,,,,,,,,,,,,,,,,,,,True,DATA_ACTUAL,,,,actual
743,3,DEB,VS,"아틀라스 Anti Icing #1,2",VS-2,2,2026-09-12 00:00:00,,4,30,,,,,A 동일,A 동일,,,,,,,,,-,,,,,,,,,,A 동일,8,9,,,실적,,0,,0,,0,,0,,,,0,,,,0,,,,0,,,,0,,0,,0,,0,,0,,,,,,,,,,,,,,,,,,,,,,,,,,,,,,,,,,,,,,,,,,,,,,,,,,,,,,,,,,,,,,,,,,,,,,,,,,,,,,,,,,,,,,,,,,,,,,,,,,,,,,,,,,,,,,,,,,,,,,,,,,,,,,,,,,,,,,,,,,,,,,,,,,,,,,,,,,,,,,,,,,,,,,,,,,,,,,,,,,,,,,,,,,,,,,,,,,,,,,,,,,,,,,,,,,,,,,,,,,,,,,,,,,,,,,,,,,,,,,,,,,,False,STRUCTURAL,비데이터 행,,,unknown
743,4,DEB,VS,"아틀라스 Anti Icing #1,2",VS-2,2,2026-09-12 00:00:00,,4,30,,,,,취부,,0,,,,,,,,,,,,,,,,,,A 동일,8,9,,,LOAD,,,,,,,,,,,,,,,,,,,,,,,,,,,,,,,,,,,,,,,,,,,,,,,,,,,,,,,,,,,,,,,,,,,,,,,,,,,,,,,,,,,,,,,,,,,,,,,,,,,,,,,,,,,,,,,,,,,,,,,,,,,,,,,,,,,,,,,,,,,,,,,,,,,,,,,,,,,,,,,,,,,,,,,,,,,,,,,,,,,,,,,,,,,,,,,,,,,,,,,,,,,,,,,,,,,,,,,,,,,,,,,,,,,,,,,,,,,,,,,,,,,,,,,,,,,,,,,,,,,,,,,,,,,,,,,,,,,False,STRUCTURAL,비데이터 행,,,unknown
743,5,DEB,VS,"아틀라스 Anti Icing #1,2",VS-2,2,2026-09-12 00:00:00,,4,30,,,,,용접,,0,,,,,,,,,,,,,,,,,,A 동일,8,9,,,,,,,,,,,,,,,,,,,,,,,,,,,,,,,,,,,,,,,,,,,,,,,,,,,,,,,,,,,,,,,,,,,,,,,,,,,,,,,,,,,,,,,,,,,,,,,,,,,,,,,,,,,,,,,,,,,,,,,,,,,,,,,,,,,,,,,,,,,,,,,,,,,,,,,,,,,,,,,,,,,,,,,,,,,,,,,,,,,,,,,,,,,,,,,,,,,,,,,,,,,,,,,,,,,,,,,,,,,,,,,,,,,,,,,,,,,,,,,,,,,,,,,,,,,,,,,,,,,,,,,,,,,,,,,,,,,,,,False,STRUCTURAL,비데이터 행,,,unknown
743,6,DEB,VS,"아틀라스 Anti Icing #1,2",VS-2,2,2026-09-12 00:00:00,,4,30,,,,,조립,,0,,,,,,,,,,,,,,,,,,A 동일,8,9,,,,,,,,,,,,,,,,,,,,,,,,,,,,,,,,,,,,,,,,,,,,,,,,,,,,,,,,,,,,,,,,,,,,,,,,,,,,,,,,,,,,,,,,,,,,,,,,,,,,,,,,,,,,,,,,,,,,,,,,,,,,,,,,,,,,,,,,,,,,,,,,,,,,,,,,,,,,,,,,,,,,,,,,,,,,,,,,,,,,,,,,,,,,,,,,,,,,,,,,,,,,,,,,,,,,,,,,,,,,,,,,,,,,,,,,,,,,,,,,,,,,,,,,,,,,,,,,,,,,,,,,,,,,,,,,,,,,,,False,STRUCTURAL,비데이터 행,,,unknown
743,7,DEB,VS,"아틀라스 Anti Icing #1,2",VS-2,2,2026-09-12 00:00:00,,4,30,,,,,사상,,0,,,,,,,,,,,,,,,,,,A 동일,8,9,,,,,,,,,,,,,,,,,,,,,,,,,,,,,,,,,,,,,,,,,,,,,,,,,,,,,,,,,,,,,,,,,,,,,,,,,,,,,,,,,,,,,,,,,,,,,,,,,,,,,,,,,,,,,,,,,,,,,,,,,,,,,,,,,,,,,,,,,,,,,,,,,,,,,,,,,,,,,,,,,,,,,,,,,,,,,,,,,,,,,,,,,,,,,,,,,,,,,,,,,,,,,,,,,,,,,,,,,,,,,,,,,,,,,,,,,,,,,,,,,,,,,,,,,,,,,,,,,,,,,,,,,,,,,,,,,,,,,,False,STRUCTURAL,비데이터 행,,,unknown
743,9,DEB,VS,"아틀라스 Anti Icing #1,2",VS-2,2,2026-09-12 00:00:00,,4,30,,,,,실적,,,,,,,,,,,,,,,,,,,,A 동일,8,9,,,,,,,,,,,,,,,,,,,,,,,,,,,,,,,,,,,,,,,,,,,,,,,,,,,,,,,,,,,,,,,,,,,,,,,,,,,,,,,,,,,,,,,,,,,,,,,,,,,,,,,,,,,,,,,,,,,,,,,,,,,,,,,,,,,,,,,,,,,,,,,,,,,,,,,,,,,,,,,,,,,,,,,,,,,,,,,,,,,,,,,,,,,,,,,,,,,,,,,,,,,,,,,,,,,,,,,,,,,,,,,,,,,,,,,,,,,,,,,,,,,,,,,,,,,,,,,,,,,,,,,,,,,,,,,,,,,,,,False,STRUCTURAL,비데이터 행,,,unknown
744,1,DEB,ENC,공주복합 Gen,E-1,1,2026-09-15 00:00:00,46101,3,100,,,,2.5Ton,일자,A 동일,46037,46045,46048,46062,46078,46078,46093,46101,-,2026-03-30 00:00:00,46119,46120,46121,2026-04-13 00:00:00,46126,0.35,,,A 동일,3,9,,,계획,46037,,46045,,46048,,46062,,46063,,46078,,46079,,46101,,46104,,46111,,46112,,46119,,46120,,46121,,46125,,46126,,,,,,,,,,발F,가S,,,,,,,,,,,,,,,가F,제S,-----,-----,-----,-----,-----,-----,-----,-----,,-----,-----,-----,-----,-----,-----,,-----,-----,-----,-----,-----,제F,,,도S,,,,,,,도F,조S,,,,,,,조F,상,검,,,,포,출,,,,,,,,,,,,,,,,,,,,,,,,,,,,,,,,,,,,,,,,,,,,,,,,,,,,,,,,,,,,,,,,,,,,,,,,,,,,,,,,,,,,,,,,,,,,,,,,,,,,,,,,,,,,,,,,,,,,,,,,,,,,,,,,,,,,,,,,,,,,,,,,,,,,,,,,,,납,,,,,,,,,,,,,,,,True,DATA_PLAN,,,,plan
744,2,DEB,ENC,공주복합 Gen,E-1,1,2026-09-15 00:00:00,,3,100,,,,11/30->6/1->9/15,실행,A 동일,완료,완료,완료,완료,완료,완료,,,,,,,,,,,,,A 동일,3,9,,,,,,,,,,,,,,,,,,,,,,,,,,,,,,,,,,,,,,,,,,,,,,,,,,,,,,,,,,,,,,,,,,,,,,,,,,,,,,,,,,,,,,,,,,,,,,,,,,,,,,,,,,,,,,,,,,,,,,,,,,,,,,,,,,,,,,,,,,,,,,,,,,,,,,,,,,,,,,,,,,,,,,,,,,,,,,,,,,,,,,,,,,,,,,,,,,,,,,,,,,,,,,,,,,,,,,,,,,,,,,,,,,,,,,,,,,,,,,,,,,,,,,,,,,,,,,,,,,,,,,,,,,,,,,,,,,,,,,True,DATA_ACTUAL,,,,actual
744,3,DEB,ENC,공주복합 Gen,E-1,1,2026-09-15 00:00:00,,3,100,,,,2.5Ton,A 동일,A 동일,,,,,,,,,-,,,,,,,,,,A 동일,3,9,,,실적,,완료,,완료,,완료,,완료,,완료,,완료,,,,0,,,,0,,,,0,,0,,0,,0,,0,,,,,,,,,,,,,,,,,,,,,,,,,,,,,,,,,,,,,,,,,,,,,,,,,,,,,,,,,,,,,,,,,,,,,,,,,,,,,,,,,,,,,,,,,,,,,,,,,,,,,,,,,,,,,,,,,,,,,,,,,,,,,,,,,,,,,,,,,,,,,,,,,,,,,,,,,,,,,,,,,,,,,,,,,,,,,,,,,,,,,,,,,,,,,,,,,,,,,,,,,,,,,,,,,,,,,,,,,,,,,,,,,,,,,,,,,,,,,,,,,,,False,STRUCTURAL,비데이터 행,,,unknown
744,4,DEB,ENC,공주복합 Gen,E-1,1,2026-09-15 00:00:00,,3,100,,,,,취부,,0,,,,,,,,,,,,,,,,,,A 동일,3,9,,,LOAD,,,,,,,,,,,,,,,,,,,,,,,,,,,,,,,,,,,,,,,,,,,,,,,,,,,,,,,,,,,,,,,,,,,,,,,,,,,,,,,,,,,,,,,,,,,,,,,,,,,,,,,,,,,,,,,,,,,,,,,,,,,,,,,,,,,,,,,,,,,,,,,,,,,,,,,,,,,,,,,,,,,,,,,,,,,,,,,,,,,,,,,,,,,,,,,,,,,,,,,,,,,,,,,,,,,,,,,,,,,,,,,,,,,,,,,,,,,,,,,,,,,,,,,,,,,,,,,,,,,,,,,,,,,,,,,,,,,False,STRUCTURAL,비데이터 행,,,unknown
744,5,DEB,ENC,공주복합 Gen,E-1,1,2026-09-15 00:00:00,,3,100,,,,,용접,,0,,,,,,,,,,,,,,,,,,A 동일,3,9,,,,,,,,,,,,,,,,,,,,,,,,,,,,,,,,,,,,,,,,,,,,,,,,,,,,,,,,,,,,,,,,,,,,,,,,,,,,,,,,,,,,,,,,,,,,,,,,,,,,,,,,,,,,,,,,,,,,,,,,,,,,,,,,,,,,,,,,,,,,,,,,,,,,,,,,,,,,,,,,,,,,,,,,,,,,,,,,,,,,,,,,,,,,,,,,,,,,,,,,,,,,,,,,,,,,,,,,,,,,,,,,,,,,,,,,,,,,,,,,,,,,,,,,,,,,,,,,,,,,,,,,,,,,,,,,,,,,,,False,STRUCTURAL,비데이터 행,,,unknown
744,6,DEB,ENC,공주복합 Gen,E-1,1,2026-09-15 00:00:00,,3,100,,,,,조립,,32,,,,,,,,,,,,,,,,,,A 동일,3,9,,,,,,,,,,,,,,,,,,,,,,,,,,,,,,,,,,,,,,,,,,,,,,,,,,,,,,,,,,,,,,,,,,,,,,,,,,,,,,,,,4,4,4,4,,,4,4,,4,4.0,,,,,,,,,,,,,,,,,,,,,,,,,,,,,,,,,,,,,,,,,,,,,,,,,,,,,,,,,,,,,,,,,,,,,,,,,,,,,,,,,,,,,,,,,,,,,,,,,,,,,,,,,,,,,,,,,,,,,,,,,,,,,,,,,,,,,,,,,,,,,,,,,,,,,,,,,,,,,,,,,,,,,,,,,,,,,,,,,,,,,,,,,,,False,STRUCTURAL,비데이터 행,,,unknown
744,7,DEB,ENC,공주복합 Gen,E-1,1,2026-09-15 00:00:00,,3,100,,,,,사상,,0,,,,,,,,,,,,,,,,,,A 동일,3,9,,,,,,,,,,,,,,,,,,,,,,,,,,,,,,,,,,,,,,,,,,,,,,,,,,,,,,,,,,,,,,,,,,,,,,,,,,,,,,,,,,,,,,,,,,,,,,,,,,,,,,,,,,,,,,,,,,,,,,,,,,,,,,,,,,,,,,,,,,,,,,,,,,,,,,,,,,,,,,,,,,,,,,,,,,,,,,,,,,,,,,,,,,,,,,,,,,,,,,,,,,,,,,,,,,,,,,,,,,,,,,,,,,,,,,,,,,,,,,,,,,,,,,,,,,,,,,,,,,,,,,,,,,,,,,,,,,,,,,False,STRUCTURAL,비데이터 행,,,unknown
744,9,DEB,ENC,공주복합 Gen,E-1,1,2026-09-15 00:00:00,,3,100,,,,,실적,,45807,,,,,,,,,,,,,,,,,,A 동일,3,9,,,,,,,,,,,,,,,,,,,,,,,,,,,,,,,,,,,,,,,,,,,,,,,,,,,,,,,,,,,,,,,,,,,,,,,,,,,,,,,,,,,,,,,,,,,,,,,,,,,,,,,,,,,,,,,,,,,,,,,,,,,,,,,,,,,,,,,,,,,,,,,,,,,,,,,,,,,,,,,,,,,,,,,,,,,,,,,,,,,,,,,,,,,,,,,,,,,,,,,,,,,,,,,,,,,,,,,,,,,,,,,,,,,,,,,,,,,,,,,,,,,,,,,,,,,,,,,,,,,,,,,,,,,,,,,,,,,,,,False,STRUCTURAL,비데이터 행,,,unknown
745,1,DEB,ENC,공주복합 ST,E-1,1,2026-09-15 00:00:00,46235,3,100,,,,16Ton,일자,H 남민테크,46146,46155,46160,46178,46202,46202,46220,46235,-,2026-08-26 00:00:00,46271,46272,46274,2026-09-12 00:00:00,46279,0%,,,H 남민테크,8,9,,,계획,46146,,46155,,46160,,46178,,46181,,46202,,46191,,46235,,46240,,46260,,46247,,46271,,46272,,46274,,46277,,46279,,,,,,,,,,,,,,,,,,,,,,,,,,,,,,,,,,,,,,,,,,,,,,,,,,,,,,,,,,,,,,,,,,,,,,,,,,,,,,,,,,,,,,,,,,,,,,D,,,,,,,,,K,,,,,발S,,,,,,,,,,,,,,,,,,발F,,,가S,,,,,,,,,,제S,-----,-----,-----,-----,-----,-----,-----,-----,-----,-----,가F,-----,-----,-----,-----,-----,-----,-----,-----,-----,-----,-----,-----,-----,-----,-----,-----,-----,-----,-----,-----,-----,-----,-----,-----,-----,-----,-----,-----,-----,-----,-----,-----,제F,,,,,도S,,,,,,,조S,,,,,,,,,,,,,도F,,,,,,,,,,,조F,상,,검,,,포,,출,납,,,,,,,,,,,,,,,,True,DATA_PLAN,,,,plan
745,2,DEB,ENC,공주복합 ST,E-1,1,2026-09-15 00:00:00,,3,100,,,,11/30->6/1->9/15,실행,H 남민테크,,,,,,,,,,,,,,,,,,,H 남민테크,8,9,,,,,,,,,,,,,,,,,,,,,,,,,,,,,,,,,,,,,,,,,,,,,,,,,,,,,,,,,,,,,,,,,,,,,,,,,,,,,,,,,,,,,,,,,,,,,,,,,,,,,,,,,,,,,,,,,,,,,,,,,,,,,,,,,,,,,,,,,,,,,,,,,,,,,,,,,,,,,,,,,,,,,,,,,,,,,,,,,,,,,,,,,,,,,,,,,,,,,,,,,,,,,,,,,,,,,,,,,,,,,,,,,,,,,,,,,,,,,,,,,,,,,,,,,,,,,,,,,,,,,,,,,,,,,,,,,,,,,,True,DATA_ACTUAL,,,,actual
745,3,DEB,ENC,공주복합 ST,E-1,1,2026-09-15 00:00:00,,3,100,,,,16Ton,H 남민테크,H 남민테크,,,,,,,,,-,,,,,,,,,,H 남민테크,8,9,,,실적,,0,,0,,0,,0,,0,,0,,,,0,,,,0,,,,0,,0,,0,,0,,0,,,,,,,,,,,,,,,,,,,,,,,,,,,,,,,,,,,,,,,,,,,,,,,,,,,,,,,,,,,,,,,,,,,,,,,,,,,,,,,,,,,,,,,,,,,,,,,,,,,,,,,,,,,,,,,,,,,,,,,,,,,,,,,,,,,,,,,,,,,,,,,,,,,,,,,,,,,,,,,,,,,,,,,,,,,,,,,,,,,,,,,,,,,,,,,,,,,,,,,,,,,,,,,,,,,,,,,,,,,,,,,,,,,,,,,,,,,,,,,,,,,False,STRUCTURAL,비데이터 행,,,unknown
745,4,DEB,ENC,공주복합 ST,E-1,1,2026-09-15 00:00:00,,3,100,,,,,취부,,0,,,,,,,,,,,,,,,,,,H 남민테크,8,9,,,LOAD,,,,,,,,,,,,,,,,,,,,,,,,,,,,,,,,,,,,,,,,,,,,,,,,,,,,,,,,,,,,,,,,,,,,,,,,,,,,,,,,,,,,,,,,,,,,,,,,,,,,,,,,,,,,,,,,,,,,,,,,,,,,,,,,,,,,,,,,,,,,,,,,,,,,,,,,,,,,,,,,,,,,,,,,,,,,,,,,,,,,,,,,,,,,,,,,,,,,,,,,,,,,,,,,,,,,,,,,,,,,,,,,,,,,,,,,,,,,,,,,,,,,,,,,,,,,,,,,,,,,,,,,,,,,,,,,,,,False,STRUCTURAL,비데이터 행,,,unknown
745,5,DEB,ENC,공주복합 ST,E-1,1,2026-09-15 00:00:00,,3,100,,,,,용접,,0,,,,,,,,,,,,,,,,,,H 남민테크,8,9,,,,,,,,,,,,,,,,,,,,,,,,,,,,,,,,,,,,,,,,,,,,,,,,,,,,,,,,,,,,,,,,,,,,,,,,,,,,,,,,,,,,,,,,,,,,,,,,,,,,,,,,,,,,,,,,,,,,,,,,,,,,,,,,,,,,,,,,,,,,,,,,,,,,,,,,,,,,,,,,,,,,,,,,,,,,,,,,,,,,,,,,,,,,,,,,,,,,,,,,,,,,,,,,,,,,,,,,,,,,,,,,,,,,,,,,,,,,,,,,,,,,,,,,,,,,,,,,,,,,,,,,,,,,,,,,,,,,,,False,STRUCTURAL,비데이터 행,,,unknown
745,6,DEB,ENC,공주복합 ST,E-1,1,2026-09-15 00:00:00,,3,100,,,,,조립,,60,,,,,,,,,,,,,,,,,,H 남민테크,8,9,,,,,,,,,,,,,,,,,,,,,,,,,,,,,,,,,,,,,,,,,,,,,,,,,,,,,,,,,,,,,,,,,,,,,,,,,,,,,,,,,,,,,,,,,,,,,,,,,,,,,,,,,,,,,,,,,,,,,,,,,,,,,,,,,,,,,,,,,,,,,,,,,,,,,,,,,,,,,,,,,,,,,,,,,,,,,,,,,,,,,,,,,,,,,,,,,,,,,,,,,,,,,,,,,,,,,,,,,,,,,,,,,,,,,,,,,,,,,4,4,,4,4,4,4,4,4,,4,4,4,4,4,4,4,,,,,,,,,,,,,,,,,,,,,,,,,False,STRUCTURAL,비데이터 행,,,unknown
745,7,DEB,ENC,공주복합 ST,E-1,1,2026-09-15 00:00:00,,3,100,,,,,사상,,0,,,,,,,,,,,,,,,,,,H 남민테크,8,9,,,,,,,,,,,,,,,,,,,,,,,,,,,,,,,,,,,,,,,,,,,,,,,,,,,,,,,,,,,,,,,,,,,,,,,,,,,,,,,,,,,,,,,,,,,,,,,,,,,,,,,,,,,,,,,,,,,,,,,,,,,,,,,,,,,,,,,,,,,,,,,,,,,,,,,,,,,,,,,,,,,,,,,,,,,,,,,,,,,,,,,,,,,,,,,,,,,,,,,,,,,,,,,,,,,,,,,,,,,,,,,,,,,,,,,,,,,,,,,,,,,,,,,,,,,,,,,,,,,,,,,,,,,,,,,,,,,,,,False,STRUCTURAL,비데이터 행,,,unknown
745,9,DEB,ENC,공주복합 ST,E-1,1,2026-09-15 00:00:00,,3,100,,,,,실적,,45807,,,,,,,,,,,,,,,,,,H 남민테크,8,9,,,,,,,,,,,,,,,,,,,,,,,,,,,,,,,,,,,,,,,,,,,,,,,,,,,,,,,,,,,,,,,,,,,,,,,,,,,,,,,,,,,,,,,,,,,,,,,,,,,,,,,,,,,,,,,,,,,,,,,,,,,,,,,,,,,,,,,,,,,,,,,,,,,,,,,,,,,,,,,,,,,,,,,,,,,,,,,,,,,,,,,,,,,,,,,,,,,,,,,,,,,,,,,,,,,,,,,,,,,,,,,,,,,,,,,,,,,,,,,,,,,,,,,,,,,,,,,,,,,,,,,,,,,,,,,,,,,,,,False,STRUCTURAL,비데이터 행,,,unknown
746,1,DEB,ENC,아틀라스 F/House #2,ENC-3,1,2026-09-15 00:00:00,46188,3,100,,,,105Ton,일자,A 동일,46091,46099,46100,46119,46133,46133,46169,46188,-,2026-07-22 00:00:00,46267,46268,46269,2026-09-09 00:00:00,46279,0%,,,A 동일,6,9,,,계획,46091,,46099,,46100,,46119,,46120,,46133,,46132,,46188,,46197,,46225,,46224,,46267,,46268,,46269,,46274,,46279,,,,,,,,,,,,,,,,,,,,,,,,,,,,,,,,,,,,,,,D,,,,,,,,K,발S,,,,,,,,,,,,,,,,,,,발F,가S,,,,,,,,,,,,제S,가F,-----,-----,-----,-----,-----,-----,-----,-----,-----,-----,-----,-----,-----,-----,-----,-----,-----,-----,-----,-----,-----,-----,-----,-----,-----,-----,-----,-----,-----,-----,-----,-----,-----,-----,-----,-----,-----,-----,-----,-----,-----,-----,-----,-----,-----,-----,-----,-----,-----,-----,-----,-----,-----,-----,제F,,,,,,,,,도S,,,,,,,,,,,,,,,,,,,,,,,,,,,조S,도F,,,,,,,,,,,,,,,,,,,,,,,,,,,,,,,,,,,,,,,,,,조F,상,검,,,,,포,,,,,출,납,,,,,,,,,,,,,,,,True,DATA_PLAN,,,,plan
746,2,DEB,ENC,아틀라스 F/House #2,ENC-3,1,2026-09-15 00:00:00,,3,100,,,,,실행,A 동일,,,,,,,,,,,,,,,,,,,A 동일,6,9,,,,,,,,,,,,,,,,,,,,,,,,,,,,,,,,,,,,,,,,,,,,,,,,,,,,,,,,,,,,,,,,,,,,,,,,,,,,,,,,,,,,,,,,,,,,,,,,,,,,,,,,,,,,,,,,,,,,,,,,,,,,,,,,,,,,,,,,,,,,,,,,,,,,,,,,,,,,,,,,,,,,,,,,,,,,,,,,,,,,,,,,,,,,,,,,,,,,,,,,,,,,,,,,,,,,,,,,,,,,,,,,,,,,,,,,,,,,,,,,,,,,,,,,,,,,,,,,,,,,,,,,,,,,,,,,,,,,,,True,DATA_ACTUAL,,,,actual
746,3,DEB,ENC,아틀라스 F/House #2,ENC-3,1,2026-09-15 00:00:00,,3,100,,,,,A 동일,A 동일,,,,,,,,,-,,,,,,,,,,A 동일,6,9,,,실적,,0,,0,,0,,0,,0,,0,,,,0,,,,0,,,,0,,0,,0,,0,,0,,,,,,,,,,,,,,,,,,,,,,,,,,,,,,,,,,,,,,,,,,,,,,,,,,,,,,,,,,,,,,,,,,,,,,,,,,,,,,,,,,,,,,,,,,,,,,,,,,,,,,,,,,,,,,,,,,,,,,,,,,,,,,,,,,,,,,,,,,,,,,,,,,,,,,,,,,,,,,,,,,,,,,,,,,,,,,,,,,,,,,,,,,,,,,,,,,,,,,,,,,,,,,,,,,,,,,,,,,,,,,,,,,,,,,,,,,,,,,,,,,,False,STRUCTURAL,비데이터 행,,,unknown
746,4,DEB,ENC,아틀라스 F/House #2,ENC-3,1,2026-09-15 00:00:00,,3,100,,,,75Ton,취부,,0,,,,,,,,,,,,,,,,,,A 동일,6,9,,,LOAD,,,,,,,,,,,,,,,,,,,,,,,,,,,,,,,,,,,,,,,,,,,,,,,,,,,,,,,,,,,,,,,,,,,,,,,,,,,,,,,,,,,,,,,,,,,,,,,,,,,,,,,,,,,,,,,,,,,,,,,,,,,,,,,,,,,,,,,,,,,,,,,,,,,,,,,,,,,,,,,,,,,,,,,,,,,,,,,,,,,,,,,,,,,,,,,,,,,,,,,,,,,,,,,,,,,,,,,,,,,,,,,,,,,,,,,,,,,,,,,,,,,,,,,,,,,,,,,,,,,,,,,,,,,,,,,,,,,False,STRUCTURAL,비데이터 행,,,unknown
746,5,DEB,ENC,아틀라스 F/House #2,ENC-3,1,2026-09-15 00:00:00,,3,100,,,,100Ton,용접,,0,,,,,,,,,,,,,,,,,,A 동일,6,9,,,,,,,,,,,,,,,,,,,,,,,,,,,,,,,,,,,,,,,,,,,,,,,,,,,,,,,,,,,,,,,,,,,,,,,,,,,,,,,,,,,,,,,,,,,,,,,,,,,,,,,,,,,,,,,,,,,,,,,,,,,,,,,,,,,,,,,,,,,,,,,,,,,,,,,,,,,,,,,,,,,,,,,,,,,,,,,,,,,,,,,,,,,,,,,,,,,,,,,,,,,,,,,,,,,,,,,,,,,,,,,,,,,,,,,,,,,,,,,,,,,,,,,,,,,,,,,,,,,,,,,,,,,,,,,,,,,,,,False,STRUCTURAL,비데이터 행,,,unknown
746,6,DEB,ENC,아틀라스 F/House #2,ENC-3,1,2026-09-15 00:00:00,,3,100,,,,45Ton,조립,,80,,,,,,,,,,,,,,,,,,A 동일,6,9,,,,,,,,,,,,,,,,,,,,,,,,,,,,,,,,,,,,,,,,,,,,,,,,,,,,,,,,,,,,,,,,,,,,,,,,,,,,,,,,,,,,,,,,,,,,,,,,,,,,,,,,,,,,,,,,,,,,,,,,,,,,,,,,,,,,,,,,,,,,,,,,,,,,,,,,,,,,,,,,,,,,,,,,,,,,,,,,,,,,,,,,,,,,,,,,,,,,,,,,,,,,,,,,,,,,,,,,,,,,,,,,,,,4,4,4,4,4,,4,4,4,4,4,4,,4,4,4,4,4,4,,4,4,4,,,,,,,,,,,,,,,,,,,,,,,,,,,,,False,STRUCTURAL,비데이터 행,,,unknown
746,7,DEB,ENC,아틀라스 F/House #2,ENC-3,1,2026-09-15 00:00:00,,3,100,,,,,사상,,0,,,,,,,,,,,,,,,,,,A 동일,6,9,,,,,,,,,,,,,,,,,,,,,,,,,,,,,,,,,,,,,,,,,,,,,,,,,,,,,,,,,,,,,,,,,,,,,,,,,,,,,,,,,,,,,,,,,,,,,,,,,,,,,,,,,,,,,,,,,,,,,,,,,,,,,,,,,,,,,,,,,,,,,,,,,,,,,,,,,,,,,,,,,,,,,,,,,,,,,,,,,,,,,,,,,,,,,,,,,,,,,,,,,,,,,,,,,,,,,,,,,,,,,,,,,,,,,,,,,,,,,,,,,,,,,,,,,,,,,,,,,,,,,,,,,,,,,,,,,,,,,,False,STRUCTURAL,비데이터 행,,,unknown
746,9,DEB,ENC,아틀라스 F/House #2,ENC-3,1,2026-09-15 00:00:00,,3,100,,,,,실적,,,,,,,,,,,,,,,,,,,,A 동일,6,9,,,,,,,,,,,,,,,,,,,,,,,,,,,,,,,,,,,,,,,,,,,,,,,,,,,,,,,,,,,,,,,,,,,,,,,,,,,,,,,,,,,,,,,,,,,,,,,,,,,,,,,,,,,,,,,,,,,,,,,,,,,,,,,,,,,,,,,,,,,,,,,,,,,,,,,,,,,,,,,,,,,,,,,,,,,,,,,,,,,,,,,,,,,,,,,,,,,,,,,,,,,,,,,,,,,,,,,,,,,,,,,,,,,,,,,,,,,,,,,,,,,,,,,,,,,,,,,,,,,,,,,,,,,,,,,,,,,,,,False,STRUCTURAL,비데이터 행,,,unknown
747,1,DEB,DS,아틀라스 I/Duct #2,DUCT-2,1,2026-09-15 00:00:00,46232,1,100,,,,75Ton,일자,미정,46160,46169,46174,46189,46209,46209,46222,46232,-,2026-08-31 00:00:00,46268,46269,46273,2026-09-10 00:00:00,46279,0%,,,미정,7,9,,,계획,46160,,46169,,46174,,46189,,46190,,46209,,46204,,46232,,46248,,46265,,46254,,46268,,46269,,46273,,46275,,46279,,,,,,,,,,,,,,,,,,,,,,,,,,,,,,,,,,,,,,,,,,,,,,,,,,,,,,,,,,,,,,,,,,,,,,,,,,,,,,,,,,,,,,,,,,,,,,,,,,,,,,,,,,,,D,,,,,,,,,K,,,,,발S,,,,,,,,,,,,,,,발F,가S,,,,,,,,,,,,,,제S,-----,-----,-----,-----,가F,-----,-----,-----,-----,-----,-----,-----,-----,-----,-----,-----,-----,-----,-----,-----,-----,-----,-----,-----,-----,-----,-----,제F,,,,,,,,,,,,,,,,도S,,,,,,조S,,,,,,,,,,,도F,,,조F,상,,,,검,,포,,,,출,납,,,,,,,,,,,,,,,,True,DATA_PLAN,,,,plan
747,2,DEB,DS,아틀라스 I/Duct #2,DUCT-2,1,2026-09-15 00:00:00,,1,100,,,,,실행,미정,,,,,,,,,,,,,,,,,,,미정,7,9,,,,,,,,,,,,,,,,,,,,,,,,,,,,,,,,,,,,,,,,,,,,,,,,,,,,,,,,,,,,,,,,,,,,,,,,,,,,,,,,,,,,,,,,,,,,,,,,,,,,,,,,,,,,,,,,,,,,,,,,,,,,,,,,,,,,,,,,,,,,,,,,,,,,,,,,,,,,,,,,,,,,,,,,,,,,,,,,,,,,,,,,,,,,,,,,,,,,,,,,,,,,,,,,,,,,,,,,,,,,,,,,,,,,,,,,,,,,,,,,,,,,,,,,,,,,,,,,,,,,,,,,,,,,,,,,,,,,,,True,DATA_ACTUAL,,,,actual
747,3,DEB,DS,아틀라스 I/Duct #2,DUCT-2,1,2026-09-15 00:00:00,,1,100,,,,75Ton,미정,미정,,,,,,,,,-,,,,,,,,,,미정,7,9,,,실적,,0,,0,,0,,0,,0,,0,,,,0,,,,0,,,,0,,0,,0,,0,,0,,,,,,,,,,,,,,,,,,,,,,,,,,,,,,,,,,,,,,,,,,,,,,,,,,,,,,,,,,,,,,,,,,,,,,,,,,,,,,,,,,,,,,,,,,,,,,,,,,,,,,,,,,,,,,,,,,,,,,,,,,,,,,,,,,,,,,,,,,,,,,,,,,,,,,,,,,,,,,,,,,,,,,,,,,,,,,,,,,,,,,,,,,,,,,,,,,,,,,,,,,,,,,,,,,,,,,,,,,,,,,,,,,,,,,,,,,,,,,,,,,,False,STRUCTURAL,비데이터 행,,,unknown
747,4,DEB,DS,아틀라스 I/Duct #2,DUCT-2,1,2026-09-15 00:00:00,,1,100,,,,,취부,,30,,,,,,,,,,,,,,,,,,미정,7,9,,,LOAD,,,,,,,,,,,,,,,,,,,,,,,,,,,,,,,,,,,,,,,,,,,,,,,,,,,,,,,,,,,,,,,,,,,,,,,,,,,,,,,,,,,,,,,,,,,,,,,,,,,,,,,,,,,,,,,,,,,,,,,,,,,,,,,,,,,,,,,,,,,,,,,,,,,,,,,,,,,,,,,,,,,,,,,,,,,,,,,,,,,,,,,,,,,,,,,,,,,,,,,,,,,,,,,,,,,,,,,,,,,,,,,2,2,2,2,2,2,,,2,2,2,2,2,,2,,2,2,2,,,,,,,,,,,,,,,,,,,,,,,,,,,,,,,,,,False,STRUCTURAL,비데이터 행,,,unknown
747,5,DEB,DS,아틀라스 I/Duct #2,DUCT-2,1,2026-09-15 00:00:00,,1,100,,,,,용접,,30,,,,,,,,,,,,,,,,,,미정,7,9,,,,,,,,,,,,,,,,,,,,,,,,,,,,,,,,,,,,,,,,,,,,,,,,,,,,,,,,,,,,,,,,,,,,,,,,,,,,,,,,,,,,,,,,,,,,,,,,,,,,,,,,,,,,,,,,,,,,,,,,,,,,,,,,,,,,,,,,,,,,,,,,,,,,,,,,,,,,,,,,,,,,,,,,,,,,,,,,,,,,,,,,,,,,,,,,,,,,,,,,,,,,,,,,,,,,,,,,,,,,,,,,,,,,2,2,2,2,,,2,2,2,2,2,,2,,2,2,2,2,,2,,,,,,,,,,,,,,,,,,,,,,,,,,,,,,,False,STRUCTURAL,비데이터 행,,,unknown
747,6,DEB,DS,아틀라스 I/Duct #2,DUCT-2,1,2026-09-15 00:00:00,,1,100,,,,,조립,,0,,,,,,,,,,,,,,,,,,미정,7,9,,,,,,,,,,,,,,,,,,,,,,,,,,,,,,,,,,,,,,,,,,,,,,,,,,,,,,,,,,,,,,,,,,,,,,,,,,,,,,,,,,,,,,,,,,,,,,,,,,,,,,,,,,,,,,,,,,,,,,,,,,,,,,,,,,,,,,,,,,,,,,,,,,,,,,,,,,,,,,,,,,,,,,,,,,,,,,,,,,,,,,,,,,,,,,,,,,,,,,,,,,,,,,,,,,,,,,,,,,,,,,,,,,,,,,,,,,,,,,,,,,,,,,,,,,,,,,,,,,,,,,,,,,,,,,,,,,,,,,False,STRUCTURAL,비데이터 행,,,unknown
747,7,DEB,DS,아틀라스 I/Duct #2,DUCT-2,1,2026-09-15 00:00:00,,1,100,,,,,사상,,30,,,,,,,,,,,,,,,,,,미정,7,9,,,,,,,,,,,,,,,,,,,,,,,,,,,,,,,,,,,,,,,,,,,,,,,,,,,,,,,,,,,,,,,,,,,,,,,,,,,,,,,,,,,,,,,,,,,,,,,,,,,,,,,,,,,,,,,,,,,,,,,,,,,,,,,,,,,,,,,,,,,,,,,,,,,,,,,,,,,,,,,,,,,,,,,,,,,,,,,,,,,,,,,,,,,,,,,,,,,,,,,,,,,,,,,,,,,,,,,,,,,,,,,,,,,,,,2,2,,,2,2,2,2,2,,2,,2,2,2,2,,2,2,,2,,,,,,,,,,,,,,,,,,,,,,,,,,,,False,STRUCTURAL,비데이터 행,,,unknown
747,9,DEB,DS,아틀라스 I/Duct #2,DUCT-2,1,2026-09-15 00:00:00,,1,100,,,,,실적,,,,,,,,,,,,,,,,,,,,미정,7,9,,,,,,,,,,,,,,,,,,,,,,,,,,,,,,,,,,,,,,,,,,,,,,,,,,,,,,,,,,,,,,,,,,,,,,,,,,,,,,,,,,,,,,,,,,,,,,,,,,,,,,,,,,,,,,,,,,,,,,,,,,,,,,,,,,,,,,,,,,,,,,,,,,,,,,,,,,,,,,,,,,,,,,,,,,,,,,,,,,,,,,,,,,,,,,,,,,,,,,,,,,,,,,,,,,,,,,,,,,,,,,,,,,,,,,,,,,,,,,,,,,,,,,,,,,,,,,,,,,,,,,,,,,,,,,,,,,,,,,False,STRUCTURAL,비데이터 행,,,unknown
748,1,DEB,ENC,아틀라스 GT #2,ENC-3,1,2026-09-15 00:00:00,46185,3,100,,,,100Ton,일자,미정,46052,46062,46065,46090,46119,46119,46159,46185,-,2026-07-24 00:00:00,46260,46261,46267,2026-09-09 00:00:00,46279,0%,,,미정,6,9,,,계획,46052,,46062,,46065,,46090,,46091,,46119,,46108,,46185,,46192,,46227,,46210,,46260,,46261,,46267,,46274,,46279,,,,,,,,,,K,,,발S,,,,,,,,,,,,,,,,,,,,,,,,,발F,가S,,,,,,,,,,,,,,,,,제S,,-----,-----,-----,-----,-----,-----,-----,-----,-----,가F,-----,-----,-----,-----,-----,-----,-----,-----,-----,-----,-----,-----,-----,-----,-----,-----,-----,-----,-----,-----,-----,-----,-----,-----,-----,-----,-----,-----,-----,-----,-----,-----,-----,-----,-----,-----,-----,-----,-----,-----,-----,-----,-----,-----,-----,-----,-----,-----,-----,-----,-----,-----,-----,-----,-----,-----,-----,-----,-----,-----,-----,-----,-----,-----,-----,제F,,,,,,,도S,,,,,,,,,,,,,,,,,,조S,,,,,,,,,,,,,,,,,도F,,,,,,,,,,,,,,,,,,,,,,,,,,,,,,,,,조F,상,,,,,,검,,,,,,,포,,,,,출,납,,,,,,,,,,,,,,,,True,DATA_PLAN,,,,plan
748,2,DEB,ENC,아틀라스 GT #2,ENC-3,1,2026-09-15 00:00:00,,3,100,,,,,실행,미정,,,,,,,,,,,,,,,,,,,미정,6,9,,,,,,,,,,,,,,,,,,,,,,,,,,,,,,,,,,,,,,,,,,,,,,,,,,,,,,,,,,,,,,,,,,,,,,,,,,,,,,,,,,,,,,,,,,,,,,,,,,,,,,,,,,,,,,,,,,,,,,,,,,,,,,,,,,,,,,,,,,,,,,,,,,,,,,,,,,,,,,,,,,,,,,,,,,,,,,,,,,,,,,,,,,,,,,,,,,,,,,,,,,,,,,,,,,,,,,,,,,,,,,,,,,,,,,,,,,,,,,,,,,,,,,,,,,,,,,,,,,,,,,,,,,,,,,,,,,,,,,True,DATA_ACTUAL,,,,actual
748,3,DEB,ENC,아틀라스 GT #2,ENC-3,1,2026-09-15 00:00:00,,3,100,,,,,미정,미정,,,,,,,,,-,,,,,,,,,,미정,6,9,,,실적,,0,,0,,0,,0,,0,,0,,,,0,,,,0,,,,0,,0,,0,,0,,0,,,,,,,,,,,,,,,,,,,,,,,,,,,,,,,,,,,,,,,,,,,,,,,,,,,,,,,,,,,,,,,,,,,,,,,,,,,,,,,,,,,,,,,,,,,,,,,,,,,,,,,,,,,,,,,,,,,,,,,,,,,,,,,,,,,,,,,,,,,,,,,,,,,,,,,,,,,,,,,,,,,,,,,,,,,,,,,,,,,,,,,,,,,,,,,,,,,,,,,,,,,,,,,,,,,,,,,,,,,,,,,,,,,,,,,,,,,,,,,,,,,False,STRUCTURAL,비데이터 행,,,unknown
748,4,DEB,ENC,아틀라스 GT #2,ENC-3,1,2026-09-15 00:00:00,,3,100,,,,,취부,,0,,,,,,,,,,,,,,,,,,미정,6,9,,,LOAD,,,,,,,,,,,,,,,,,,,,,,,,,,,,,,,,,,,,,,,,,,,,,,,,,,,,,,,,,,,,,,,,,,,,,,,,,,,,,,,,,,,,,,,,,,,,,,,,,,,,,,,,,,,,,,,,,,,,,,,,,,,,,,,,,,,,,,,,,,,,,,,,,,,,,,,,,,,,,,,,,,,,,,,,,,,,,,,,,,,,,,,,,,,,,,,,,,,,,,,,,,,,,,,,,,,,,,,,,,,,,,,,,,,,,,,,,,,,,,,,,,,,,,,,,,,,,,,,,,,,,,,,,,,,,,,,,,,False,STRUCTURAL,비데이터 행,,,unknown
748,5,DEB,ENC,아틀라스 GT #2,ENC-3,1,2026-09-15 00:00:00,,3,100,,,,,용접,,0,,,,,,,,,,,,,,,,,,미정,6,9,,,,,,,,,,,,,,,,,,,,,,,,,,,,,,,,,,,,,,,,,,,,,,,,,,,,,,,,,,,,,,,,,,,,,,,,,,,,,,,,,,,,,,,,,,,,,,,,,,,,,,,,,,,,,,,,,,,,,,,,,,,,,,,,,,,,,,,,,,,,,,,,,,,,,,,,,,,,,,,,,,,,,,,,,,,,,,,,,,,,,,,,,,,,,,,,,,,,,,,,,,,,,,,,,,,,,,,,,,,,,,,,,,,,,,,,,,,,,,,,,,,,,,,,,,,,,,,,,,,,,,,,,,,,,,,,,,,,,,False,STRUCTURAL,비데이터 행,,,unknown
748,6,DEB,ENC,아틀라스 GT #2,ENC-3,1,2026-09-15 00:00:00,,3,100,,,,,조립,,124,,,,,,,,,,,,,,,,,,미정,6,9,,,,,,,,,,,,,,,,,,,,,,,,,,,,,,,,,,,,,,,,,,,,,,,,,,,,,,,,,,,,,,,,,,,,,,,,,,,,,,,,,,,,,,,,,,,,,,,,,,,,,,,,,,,,,,,,,,,,,,,,,,,,,,,,,,,,,,,,,,,,,,,,,,,,,,,,,,,,,,,,,,,,,,,,,,,,,,,,,,,,,,,,,,,,,,,,,,,,,,,,,,,,,,,,,,,,,,,,,,,4,4,4,4,4,4,4,4,4,4,4,4,4,4,4,4,4,4,4,4,4,4,4,4,4,4,4,4,4,4,4,,,,,,,,,,,,,,,,,,,,,,,,,,,,,False,STRUCTURAL,비데이터 행,,,unknown
748,7,DEB,ENC,아틀라스 GT #2,ENC-3,1,2026-09-15 00:00:00,,3,100,,,,,사상,,0,,,,,,,,,,,,,,,,,,미정,6,9,,,,,,,,,,,,,,,,,,,,,,,,,,,,,,,,,,,,,,,,,,,,,,,,,,,,,,,,,,,,,,,,,,,,,,,,,,,,,,,,,,,,,,,,,,,,,,,,,,,,,,,,,,,,,,,,,,,,,,,,,,,,,,,,,,,,,,,,,,,,,,,,,,,,,,,,,,,,,,,,,,,,,,,,,,,,,,,,,,,,,,,,,,,,,,,,,,,,,,,,,,,,,,,,,,,,,,,,,,,,,,,,,,,,,,,,,,,,,,,,,,,,,,,,,,,,,,,,,,,,,,,,,,,,,,,,,,,,,,False,STRUCTURAL,비데이터 행,,,unknown
748,9,DEB,ENC,아틀라스 GT #2,ENC-3,1,2026-09-15 00:00:00,,3,100,,,,,실적,,,,,,,,,,,,,,,,,,,,미정,6,9,,,,,,,,,,,,,,,,,,,,,,,,,,,,,,,,,,,,,,,,,,,,,,,,,,,,,,,,,,,,,,,,,,,,,,,,,,,,,,,,,,,,,,,,,,,,,,,,,,,,,,,,,,,,,,,,,,,,,,,,,,,,,,,,,,,,,,,,,,,,,,,,,,,,,,,,,,,,,,,,,,,,,,,,,,,,,,,,,,,,,,,,,,,,,,,,,,,,,,,,,,,,,,,,,,,,,,,,,,,,,,,,,,,,,,,,,,,,,,,,,,,,,,,,,,,,,,,,,,,,,,,,,,,,,,,,,,,,,,False,STRUCTURAL,비데이터 행,,,unknown
749,1,DEB,DS,"아틀라스 Exh. Duct, Platform #2",DUCT-2,1,2026-09-15 00:00:00,46244,1,100,,,,45Ton,일자,미정,46157,46164,46170,46192,46209,46209,46230,46244,-,2026-08-24 00:00:00,46267,46269,46274,2026-09-11 00:00:00,46279,0%,,,미정,8,9,,,계획,46157,,46164,,46170,,46192,,46195,,46209,,46204,,46244,,46232,,46258,,46245,,46267,,46269,,46274,,46276,,46279,,,,,,,,,,,,,,,,,,,,,,,,,,,,,,,,,,,,,,,,,,,,,,,,,,,,,,,,,,,,,,,,,,,,,,,,,,,,,,,,,,,,,,,,,,,,,,,,,,,,,,,,,D,,,,,,,K,,,,,,발S,,,,,,,,,,,,,,,,,,,,,,발F,,,가S,,,,,,,,,제S,-----,-----,-----,-----,가F,-----,-----,-----,-----,-----,-----,-----,-----,-----,-----,-----,-----,-----,-----,-----,-----,-----,-----,-----,-----,-----,-----,도S,-----,-----,-----,-----,-----,-----,-----,-----,-----,-----,-----,제F,조S,,,,,,,,,,,,,도F,,,,,,,,,조F,,상,,,,,검,,포,,,출,납,,,,,,,,,,,,,,,,True,DATA_PLAN,,,,plan
749,2,DEB,DS,"아틀라스 Exh. Duct, Platform #2",DUCT-2,1,2026-09-15 00:00:00,,1,100,,,,,실행,미정,,,,,,,,,,,,,,,,,,,미정,8,9,,,,,,,,,,,,,,,,,,,,,,,,,,,,,,,,,,,,,,,,,,,,,,,,,,,,,,,,,,,,,,,,,,,,,,,,,,,,,,,,,,,,,,,,,,,,,,,,,,,,,,,,,,,,,,,,,,,,,,,,,,,,,,,,,,,,,,,,,,,,,,,,,,,,,,,,,,,,,,,,,,,,,,,,,,,,,,,,,,,,,,,,,,,,,,,,,,,,,,,,,,,,,,,,,,,,,,,,,,,,,,,,,,,,,,,,,,,,,,,,,,,,,,,,,,,,,,,,,,,,,,,,,,,,,,,,,,,,,,True,DATA_ACTUAL,,,,actual
749,3,DEB,DS,"아틀라스 Exh. Duct, Platform #2",DUCT-2,1,2026-09-15 00:00:00,,1,100,,,,,미정,미정,,,,,,,,,-,,,,,,,,,,미정,8,9,,,실적,,0,,0,,0,,0,,0,,0,,,,0,,,,0,,,,0,,0,,0,,0,,0,,,,,,,,,,,,,,,,,,,,,,,,,,,,,,,,,,,,,,,,,,,,,,,,,,,,,,,,,,,,,,,,,,,,,,,,,,,,,,,,,,,,,,,,,,,,,,,,,,,,,,,,,,,,,,,,,,,,,,,,,,,,,,,,,,,,,,,,,,,,,,,,,,,,,,,,,,,,,,,,,,,,,,,,,,,,,,,,,,,,,,,,,,,,,,,,,,,,,,,,,,,,,,,,,,,,,,,,,,,,,,,,,,,,,,,,,,,,,,,,,,,False,STRUCTURAL,비데이터 행,,,unknown
749,4,DEB,DS,"아틀라스 Exh. Duct, Platform #2",DUCT-2,1,2026-09-15 00:00:00,,1,100,,,,,취부,,25,,,,,,,,,,,,,,,,,,미정,8,9,,,LOAD,,,,,,,,,,,,,,,,,,,,,,,,,,,,,,,,,,,,,,,,,,,,,,,,,,,,,,,,,,,,,,,,,,,,,,,,,,,,,,,,,,,,,,,,,,,,,,,,,,,,,,,,,,,,,,,,,,,,,,,,,,,,,,,,,,,,,,,,,,,,,,,,,,,,,,,,,,,,,,,,,,,,,,,,,,,,,,,,,,,,,,,,,,,,,,,,,,,,,,,,,,,,,,,,,,,,,,,,,,,,,,,,,,,,2,,2,2,2,2,2,2,,2,2,2,2,2,1,,,,,,,,,,,,,,,,,,,,,,,,,,,,,,,,,False,STRUCTURAL,비데이터 행,,,unknown
749,5,DEB,DS,"아틀라스 Exh. Duct, Platform #2",DUCT-2,1,2026-09-15 00:00:00,,1,100,,,,,용접,,30,,,,,,,,,,,,,,,,,,미정,8,9,,,,,,,,,,,,,,,,,,,,,,,,,,,,,,,,,,,,,,,,,,,,,,,,,,,,,,,,,,,,,,,,,,,,,,,,,,,,,,,,,,,,,,,,,,,,,,,,,,,,,,,,,,,,,,,,,,,,,,,,,,,,,,,,,,,,,,,,,,,,,,,,,,,,,,,,,,,,,,,,,,,,,,,,,,,,,,,,,,,,,,,,,,,,,,,,,,,,,,,,,,,,,,,,,,,,,,,,,,,,,,,,,,,,,,,,,2,2,3,3,3,3,,3,3,2,2,2,1,,1,,,,,,,,,,,,,,,,,,,,,,,,,,,,,,,False,STRUCTURAL,비데이터 행,,,unknown
749,6,DEB,DS,"아틀라스 Exh. Duct, Platform #2",DUCT-2,1,2026-09-15 00:00:00,,1,100,,,,,조립,,25,,,,,,,,,,,,,,,,,,미정,8,9,,,,,,,,,,,,,,,,,,,,,,,,,,,,,,,,,,,,,,,,,,,,,,,,,,,,,,,,,,,,,,,,,,,,,,,,,,,,,,,,,,,,,,,,,,,,,,,,,,,,,,,,,,,,,,,,,,,,,,,,,,,,,,,,,,,,,,,,,,,,,,,,,,,,,,,,,,,,,,,,,,,,,,,,,,,,,,,,,,,,,,,,,,,,,,,,,,,,,,,,,,,,,,,,,,,,,,,,,,,,,,,,,,,,,,,,,,2,2,2,2,2,,2,2,2,2,2,2,,2,1,,,,,,,,,,,,,,,,,,,,,,,,,,,,,,False,STRUCTURAL,비데이터 행,,,unknown
749,7,DEB,DS,"아틀라스 Exh. Duct, Platform #2",DUCT-2,1,2026-09-15 00:00:00,,1,100,,,,,사상,,15,,,,,,,,,,,,,,,,,,미정,8,9,,,,,,,,,,,,,,,,,,,,,,,,,,,,,,,,,,,,,,,,,,,,,,,,,,,,,,,,,,,,,,,,,,,,,,,,,,,,,,,,,,,,,,,,,,,,,,,,,,,,,,,,,,,,,,,,,,,,,,,,,,,,,,,,,,,,,,,,,,,,,,,,,,,,,,,,,,,,,,,,,,,,,,,,,,,,,,,,,,,,,,,,,,,,,,,,,,,,,,,,,,,,,,,,,,,,,,,,,,,,,,,,,,,,,,,,,,,2,2,1,1,,1,1,1,1,1,1,,1,1,1,,,,,,,,,,,,,,,,,,,,,,,,,,,,,False,STRUCTURAL,비데이터 행,,,unknown
749,9,DEB,DS,"아틀라스 Exh. Duct, Platform #2",DUCT-2,1,2026-09-15 00:00:00,,1,100,,,,,실적,,,,,,,,,,,,,,,,,,,,미정,8,9,,,,,,,,,,,,,,,,,,,,,,,,,,,,,,,,,,,,,,,,,,,,,,,,,,,,,,,,,,,,,,,,,,,,,,,,,,,,,,,,,,,,,,,,,,,,,,,,,,,,,,,,,,,,,,,,,,,,,,,,,,,,,,,,,,,,,,,,,,,,,,,,,,,,,,,,,,,,,,,,,,,,,,,,,,,,,,,,,,,,,,,,,,,,,,,,,,,,,,,,,,,,,,,,,,,,,,,,,,,,,,,,,,,,,,,,,,,,,,,,,,,,,,,,,,,,,,,,,,,,,,,,,,,,,,,,,,,,,,False,STRUCTURAL,비데이터 행,,,unknown
750,1,DEB,ENC,아틀라스 GT Aux #2,ENC-3,1,2026-09-15 00:00:00,46209,3,100,,,,50Ton,일자,미정,46108,46118,46121,46140,46168,46168,46191,46209,-,2026-08-18 00:00:00,46267,46268,46272,2026-09-10 00:00:00,46279,0%,,,미정,7,9,,,계획,46108,,46118,,46121,,46140,,46141,,46168,,46156,,46209,,46216,,46252,,46225,,46267,,46268,,46272,,46275,,46279,,,,,,,,,,,,,,,,,,,,,,,,,,,,,,,,,,,,,,,,,,,,,,,,,,,,,,,,D,,,,,,,,,,K,,,발S,,,,,,,,,,,,,,,,,,,발F,가S,,,,,,,,,,,,,,,제S,-----,-----,-----,-----,-----,-----,-----,-----,-----,-----,-----,가F,-----,-----,-----,-----,-----,-----,-----,-----,-----,-----,-----,-----,-----,-----,-----,-----,-----,-----,-----,-----,-----,-----,-----,-----,-----,-----,-----,-----,-----,-----,-----,-----,-----,-----,-----,-----,-----,-----,-----,-----,제F,,,,,,,도S,,,,,,,,,조S,,,,,,,,,,,,,,,,,,,,,,,,,,,도F,,,,,,,,,,,,,,,조F,상,,,,검,,,포,,,,출,납,,,,,,,,,,,,,,,,True,DATA_PLAN,,,,plan
750,2,DEB,ENC,아틀라스 GT Aux #2,ENC-3,1,2026-09-15 00:00:00,,3,100,,,,,실행,미정,,,,,,,,,,,,,,,,,,,미정,7,9,,,,,,,,,,,,,,,,,,,,,,,,,,,,,,,,,,,,,,,,,,,,,,,,,,,,,,,,,,,,,,,,,,,,,,,,,,,,,,,,,,,,,,,,,,,,,,,,,,,,,,,,,,,,,,,,,,,,,,,,,,,,,,,,,,,,,,,,,,,,,,,,,,,,,,,,,,,,,,,,,,,,,,,,,,,,,,,,,,,,,,,,,,,,,,,,,,,,,,,,,,,,,,,,,,,,,,,,,,,,,,,,,,,,,,,,,,,,,,,,,,,,,,,,,,,,,,,,,,,,,,,,,,,,,,,,,,,,,,True,DATA_ACTUAL,,,,actual
750,3,DEB,ENC,아틀라스 GT Aux #2,ENC-3,1,2026-09-15 00:00:00,,3,100,,,,,미정,미정,,,,,,,,,-,,,,,,,,,,미정,7,9,,,실적,,0,,0,,0,,0,,0,,0,,,,0,,,,0,,,,0,,0,,0,,0,,0,,,,,,,,,,,,,,,,,,,,,,,,,,,,,,,,,,,,,,,,,,,,,,,,,,,,,,,,,,,,,,,,,,,,,,,,,,,,,,,,,,,,,,,,,,,,,,,,,,,,,,,,,,,,,,,,,,,,,,,,,,,,,,,,,,,,,,,,,,,,,,,,,,,,,,,,,,,,,,,,,,,,,,,,,,,,,,,,,,,,,,,,,,,,,,,,,,,,,,,,,,,,,,,,,,,,,,,,,,,,,,,,,,,,,,,,,,,,,,,,,,,False,STRUCTURAL,비데이터 행,,,unknown
750,4,DEB,ENC,아틀라스 GT Aux #2,ENC-3,1,2026-09-15 00:00:00,,3,100,,,,,취부,,0,,,,,,,,,,,,,,,,,,미정,7,9,,,LOAD,,,,,,,,,,,,,,,,,,,,,,,,,,,,,,,,,,,,,,,,,,,,,,,,,,,,,,,,,,,,,,,,,,,,,,,,,,,,,,,,,,,,,,,,,,,,,,,,,,,,,,,,,,,,,,,,,,,,,,,,,,,,,,,,,,,,,,,,,,,,,,,,,,,,,,,,,,,,,,,,,,,,,,,,,,,,,,,,,,,,,,,,,,,,,,,,,,,,,,,,,,,,,,,,,,,,,,,,,,,,,,,,,,,,,,,,,,,,,,,,,,,,,,,,,,,,,,,,,,,,,,,,,,,,,,,,,,,False,STRUCTURAL,비데이터 행,,,unknown
750,5,DEB,ENC,아틀라스 GT Aux #2,ENC-3,1,2026-09-15 00:00:00,,3,100,,,,,용접,,0,,,,,,,,,,,,,,,,,,미정,7,9,,,,,,,,,,,,,,,,,,,,,,,,,,,,,,,,,,,,,,,,,,,,,,,,,,,,,,,,,,,,,,,,,,,,,,,,,,,,,,,,,,,,,,,,,,,,,,,,,,,,,,,,,,,,,,,,,,,,,,,,,,,,,,,,,,,,,,,,,,,,,,,,,,,,,,,,,,,,,,,,,,,,,,,,,,,,,,,,,,,,,,,,,,,,,,,,,,,,,,,,,,,,,,,,,,,,,,,,,,,,,,,,,,,,,,,,,,,,,,,,,,,,,,,,,,,,,,,,,,,,,,,,,,,,,,,,,,,,,,False,STRUCTURAL,비데이터 행,,,unknown
750,6,DEB,ENC,아틀라스 GT Aux #2,ENC-3,1,2026-09-15 00:00:00,,3,100,,,,,조립,,100,,,,,,,,,,,,,,,,,,미정,7,9,,,,,,,,,,,,,,,,,,,,,,,,,,,,,,,,,,,,,,,,,,,,,,,,,,,,,,,,,,,,,,,,,,,,,,,,,,,,,,,,,,,,,,,,,,,,,,,,,,,,,,,,,,,,,,,,,,,,,,,,,,,,,,,,,,,,,,,,,,,,,,,,,,,,,,,,,,,,,,,,,,,,,,,,,,,,,,,,,,,,,,,,,,,,,,,,,,,,,,,,,,,,,,,,,,,,,,,,,,,,,4,4,4,4,,4,4,4,4,4,4,,4,4,4,4,4,4,,4,4,4,4,4,4,,4,4,4,,,,,,,,,,,,,,,,,,,,,,,,,,,,,False,STRUCTURAL,비데이터 행,,,unknown
750,7,DEB,ENC,아틀라스 GT Aux #2,ENC-3,1,2026-09-15 00:00:00,,3,100,,,,,사상,,0,,,,,,,,,,,,,,,,,,미정,7,9,,,,,,,,,,,,,,,,,,,,,,,,,,,,,,,,,,,,,,,,,,,,,,,,,,,,,,,,,,,,,,,,,,,,,,,,,,,,,,,,,,,,,,,,,,,,,,,,,,,,,,,,,,,,,,,,,,,,,,,,,,,,,,,,,,,,,,,,,,,,,,,,,,,,,,,,,,,,,,,,,,,,,,,,,,,,,,,,,,,,,,,,,,,,,,,,,,,,,,,,,,,,,,,,,,,,,,,,,,,,,,,,,,,,,,,,,,,,,,,,,,,,,,,,,,,,,,,,,,,,,,,,,,,,,,,,,,,,,,False,STRUCTURAL,비데이터 행,,,unknown
750,9,DEB,ENC,아틀라스 GT Aux #2,ENC-3,1,2026-09-15 00:00:00,,3,100,,,,,실적,,,,,,,,,,,,,,,,,,,,미정,7,9,,,,,,,,,,,,,,,,,,,,,,,,,,,,,,,,,,,,,,,,,,,,,,,,,,,,,,,,,,,,,,,,,,,,,,,,,,,,,,,,,,,,,,,,,,,,,,,,,,,,,,,,,,,,,,,,,,,,,,,,,,,,,,,,,,,,,,,,,,,,,,,,,,,,,,,,,,,,,,,,,,,,,,,,,,,,,,,,,,,,,,,,,,,,,,,,,,,,,,,,,,,,,,,,,,,,,,,,,,,,,,,,,,,,,,,,,,,,,,,,,,,,,,,,,,,,,,,,,,,,,,,,,,,,,,,,,,,,,,False,STRUCTURAL,비데이터 행,,,unknown
751,1,DEB,ENC,아틀라스 GT Gen. #2,ENC-3,1,2026-09-15 00:00:00,46220,3,100,,,,15Ton,일자,미정,46162,46164,46168,46188,46203,46203,46210,46220,-,2026-08-18 00:00:00,46267,46268,46272,2026-09-10 00:00:00,46279,0%,,,미정,7,9,,,계획,46162,,46164,,46168,,46188,,46189,,46203,,46192,,46220,,46227,,46252,,46234,,46267,,46268,,46272,,46275,,46279,,,,,,,,,,,,,,,,,,,,,,,,,,,,,,,,,,,,,,,,,,,,,,,,,,,,,,,,,,,,,,,,,,,,,,,,,,,,,,,,,,,,,,,,,,,,,,,,,,,,,,,,,,,,,,D,,K,,,,발S,,,,,,,,,,,,,,,,,,,,발F,가S,,,제S,-----,-----,-----,-----,-----,-----,-----,-----,-----,-----,가F,-----,-----,-----,-----,-----,-----,-----,-----,-----,-----,-----,-----,-----,-----,-----,-----,제F,,,,,,,도S,,,,,,,조S,,,,,,,,,,,,,,,,,,도F,,,,,,,,,,,,,,,조F,상,,,,검,,,포,,,,출,납,,,,,,,,,,,,,,,,True,DATA_PLAN,,,,plan
751,2,DEB,ENC,아틀라스 GT Gen. #2,ENC-3,1,2026-09-15 00:00:00,,3,100,,,,,실행,미정,,,,,,,,,,,,,,,,,,,미정,7,9,,,,,,,,,,,,,,,,,,,,,,,,,,,,,,,,,,,,,,,,,,,,,,,,,,,,,,,,,,,,,,,,,,,,,,,,,,,,,,,,,,,,,,,,,,,,,,,,,,,,,,,,,,,,,,,,,,,,,,,,,,,,,,,,,,,,,,,,,,,,,,,,,,,,,,,,,,,,,,,,,,,,,,,,,,,,,,,,,,,,,,,,,,,,,,,,,,,,,,,,,,,,,,,,,,,,,,,,,,,,,,,,,,,,,,,,,,,,,,,,,,,,,,,,,,,,,,,,,,,,,,,,,,,,,,,,,,,,,,True,DATA_ACTUAL,,,,actual
751,3,DEB,ENC,아틀라스 GT Gen. #2,ENC-3,1,2026-09-15 00:00:00,,3,100,,,,15Ton,미정,미정,,,,,,,,,-,,,,,,,,,,미정,7,9,,,실적,,0,,0,,0,,0,,0,,0,,,,0,,,,0,,,,0,,0,,0,,0,,0,,,,,,,,,,,,,,,,,,,,,,,,,,,,,,,,,,,,,,,,,,,,,,,,,,,,,,,,,,,,,,,,,,,,,,,,,,,,,,,,,,,,,,,,,,,,,,,,,,,,,,,,,,,,,,,,,,,,,,,,,,,,,,,,,,,,,,,,,,,,,,,,,,,,,,,,,,,,,,,,,,,,,,,,,,,,,,,,,,,,,,,,,,,,,,,,,,,,,,,,,,,,,,,,,,,,,,,,,,,,,,,,,,,,,,,,,,,,,,,,,,,False,STRUCTURAL,비데이터 행,,,unknown
751,4,DEB,ENC,아틀라스 GT Gen. #2,ENC-3,1,2026-09-15 00:00:00,,3,100,,,,,취부,,0,,,,,,,,,,,,,,,,,,미정,7,9,,,LOAD,,,,,,,,,,,,,,,,,,,,,,,,,,,,,,,,,,,,,,,,,,,,,,,,,,,,,,,,,,,,,,,,,,,,,,,,,,,,,,,,,,,,,,,,,,,,,,,,,,,,,,,,,,,,,,,,,,,,,,,,,,,,,,,,,,,,,,,,,,,,,,,,,,,,,,,,,,,,,,,,,,,,,,,,,,,,,,,,,,,,,,,,,,,,,,,,,,,,,,,,,,,,,,,,,,,,,,,,,,,,,,,,,,,,,,,,,,,,,,,,,,,,,,,,,,,,,,,,,,,,,,,,,,,,,,,,,,,False,STRUCTURAL,비데이터 행,,,unknown
751,5,DEB,ENC,아틀라스 GT Gen. #2,ENC-3,1,2026-09-15 00:00:00,,3,100,,,,,용접,,0,,,,,,,,,,,,,,,,,,미정,7,9,,,,,,,,,,,,,,,,,,,,,,,,,,,,,,,,,,,,,,,,,,,,,,,,,,,,,,,,,,,,,,,,,,,,,,,,,,,,,,,,,,,,,,,,,,,,,,,,,,,,,,,,,,,,,,,,,,,,,,,,,,,,,,,,,,,,,,,,,,,,,,,,,,,,,,,,,,,,,,,,,,,,,,,,,,,,,,,,,,,,,,,,,,,,,,,,,,,,,,,,,,,,,,,,,,,,,,,,,,,,,,,,,,,,,,,,,,,,,,,,,,,,,,,,,,,,,,,,,,,,,,,,,,,,,,,,,,,,,,False,STRUCTURAL,비데이터 행,,,unknown
751,6,DEB,ENC,아틀라스 GT Gen. #2,ENC-3,1,2026-09-15 00:00:00,,3,100,,,,,조립,,60,,,,,,,,,,,,,,,,,,미정,7,9,,,,,,,,,,,,,,,,,,,,,,,,,,,,,,,,,,,,,,,,,,,,,,,,,,,,,,,,,,,,,,,,,,,,,,,,,,,,,,,,,,,,,,,,,,,,,,,,,,,,,,,,,,,,,,,,,,,,,,,,,,,,,,,,,,,,,,,,,,,,,,,,,,,,,,,,,,,,,,,,,,,,,,,,,,,,,,,,,,,,,,,,,,,,,,,,,,,,,,,,,,,,,,,,,,,,,,,,,,,,,,,,,,,,,,,,,4,4,4,4,4,4,,4,4,4,4,4,4,,4,4,4,,,,,,,,,,,,,,,,,,,,,,,,,,,,,False,STRUCTURAL,비데이터 행,,,unknown
751,7,DEB,ENC,아틀라스 GT Gen. #2,ENC-3,1,2026-09-15 00:00:00,,3,100,,,,,사상,,0,,,,,,,,,,,,,,,,,,미정,7,9,,,,,,,,,,,,,,,,,,,,,,,,,,,,,,,,,,,,,,,,,,,,,,,,,,,,,,,,,,,,,,,,,,,,,,,,,,,,,,,,,,,,,,,,,,,,,,,,,,,,,,,,,,,,,,,,,,,,,,,,,,,,,,,,,,,,,,,,,,,,,,,,,,,,,,,,,,,,,,,,,,,,,,,,,,,,,,,,,,,,,,,,,,,,,,,,,,,,,,,,,,,,,,,,,,,,,,,,,,,,,,,,,,,,,,,,,,,,,,,,,,,,,,,,,,,,,,,,,,,,,,,,,,,,,,,,,,,,,,False,STRUCTURAL,비데이터 행,,,unknown
751,9,DEB,ENC,아틀라스 GT Gen. #2,ENC-3,1,2026-09-15 00:00:00,,3,100,,,,,실적,,,,,,,,,,,,,,,,,,,,미정,7,9,,,,,,,,,,,,,,,,,,,,,,,,,,,,,,,,,,,,,,,,,,,,,,,,,,,,,,,,,,,,,,,,,,,,,,,,,,,,,,,,,,,,,,,,,,,,,,,,,,,,,,,,,,,,,,,,,,,,,,,,,,,,,,,,,,,,,,,,,,,,,,,,,,,,,,,,,,,,,,,,,,,,,,,,,,,,,,,,,,,,,,,,,,,,,,,,,,,,,,,,,,,,,,,,,,,,,,,,,,,,,,,,,,,,,,,,,,,,,,,,,,,,,,,,,,,,,,,,,,,,,,,,,,,,,,,,,,,,,,False,STRUCTURAL,비데이터 행,,,unknown
752,1,HHI,EGP,H2865,EGP-2,5,2026-09-17 00:00:00,46247,4,20,,,,"8H_2,7H_2,9H_1set",일자,F JK플랜트,46189,46196,46197,46211,46220,46220,46239,46247,-,2026-08-24 00:00:00,46275,46276,46279,2026-09-15 00:00:00,46281,0%,,,F JK플랜트,8,9,,,계획,46189,,46196,,46197,,46211,,46212,,46220,,46223,,46247,,46253,,46258,,46255,,46275,,46276,,46279,,46280,,46281,,,,,,,,,,,,,,,,,,,,,,,,,,,,,,,,,,,,,,,,,,,,,,,,,,,,,,,,,,,,,,,,,,,,,,,,,,,,,,,,,,,,,,,,,,,,,,,,,,,,,,,,,,,,,,,,,,,,,,,,,,,,,,,,,,,,,,,,,D,,,,,,,K,발S,,,,,,,,,,,,,,발F,가S,,,,,,,,가F,,,제S,-----,-----,-----,-----,-----,-----,-----,-----,-----,-----,-----,-----,-----,-----,-----,-----,-----,-----,-----,-----,-----,-----,-----,제F,,,,,,도S,,조S,,,도F,,,,,,,,,,,,,,,,,조F,상,,,검,포,출,납,,,,,,,,,,,,,,True,DATA_PLAN,,,,plan
752,2,HHI,EGP,H2865,EGP-2,5,2026-09-17 00:00:00,,4,20,,,,10/26->8/14→9/17,실행,F JK플랜트,,,,,,,,,,,,,,,,,,,F JK플랜트,8,9,,,,,,,,,,,,,,,,,,,,,,,,,,,,,,,,,,,,,,,,,,,,,,,,,,,,,,,,,,,,,,,,,,,,,,,,,,,,,,,,,,,,,,,,,,,,,,,,,,,,,,,,,,,,,,,,,,,,,,,,,,,,,,,,,,,,,,,,,,,,,,,,,,,,,,,,,,,,,,,,,,,,,,,,,,,,,,,,,,,,,,,,,,,,,,,,,,,,,,,,,,,,,,,,,,,,,,,,,,,,,,,,,,,,,,,,,,,,,,,,,,,,,,,,,,,,,,,,,,,,,,,,,,,,,,,,,,,,,,True,DATA_ACTUAL,,,,actual
752,3,HHI,EGP,H2865,EGP-2,5,2026-09-17 00:00:00,,4,20,,,,,F JK플랜트,F JK플랜트,,,,,,,,,-,,,,,,,,,,F JK플랜트,8,9,,,실적,,0,,0,,0,,0,,,,0,,,,0,,,,0,,,,0,,0,,0,,0,,0,,,,,,,,,,,,,,,,,,,,,,,,,,,,,,,,,,,,,,,,,,,,,,,,,,,,,,,,,,,,,,,,,,,,,,,,,,,,,,,,,,,,,,,,,,,,,,,,,,,,,,,,,,,,,,,,,,,,,,,,,,,,,,,,,,,,,,,,,,,,,,,,,,,,,,,,,,,,,,,,,,,,,,,,,,,,,,,,,,,,,,,,,,,,,,,,,,,,,,,,,,,,,,,,,,,,,,,,,,,,,,,,,,,,,,,,,,,,,,,,,,,False,STRUCTURAL,비데이터 행,,,unknown
752,4,HHI,EGP,H2865,EGP-2,5,2026-09-17 00:00:00,,4,20,,,,,취부,,14,,,,,,,,,,,,,,,,,,F JK플랜트,8,9,,,LOAD,,,,,,,,,,,,,,,,,,,,,,,,,,,,,,,,,,,,,,,,,,,,,,,,,,,,,,,,,,,,,,,,,,,,,,,,,,,,,,,,,,,,,,,,,,,,,,,,,,,,,,,,,,,,,,,,,,,,,,,,,,,,,,,,,,,,,,,,,,,,,,,,,,,,,,,,,,,,,,,,,,,,,,,,,,,,,,,,,,,,,,,,,,,,,,,,,,,,,,,,,,,,,,,,,,,,,,,,,,,,,,,,,,,,,,,,,2,2,,2,2,2,2,2,,,,,,,,,,,,,,,,,,,,,,,,,,,,,,,,,,,False,STRUCTURAL,비데이터 행,,,unknown
752,5,HHI,EGP,H2865,EGP-2,5,2026-09-17 00:00:00,,4,20,,,,,용접,,15,,,,,,,,,,,,,,,,,,F JK플랜트,8,9,,,,,,,,,,,,,,,,,,,,,,,,,,,,,,,,,,,,,,,,,,,,,,,,,,,,,,,,,,,,,,,,,,,,,,,,,,,,,,,,,,,,,,,,,,,,,,,,,,,,,,,,,,,,,,,,,,,,,,,,,,,,,,,,,,,,,,,,,,,,,,,,,,,,,,,,,,,,,,,,,,,,,,,,,,,,,,,,,,,,,,,,,,,,,,,,,,,,,,,,,,,,,,,,,,,,,,,,,,,,,,,,,,,,,,,,,,,,,2,,2,2,2,2,2,2,,1,,,,,,,,,,,,,,,,,,,,,,,,,,,,,,,,False,STRUCTURAL,비데이터 행,,,unknown
752,6,HHI,EGP,H2865,EGP-2,5,2026-09-17 00:00:00,,4,20,,,,,조립,,19,,,,,,,,,,,,,,,,,,F JK플랜트,8,9,,,,,,,,,,,,,,,,,,,,,,,,,,,,,,,,,,,,,,,,,,,,,,,,,,,,,,,,,,,,,,,,,,,,,,,,,,,,,,,,,,,,,,,,,,,,,,,,,,,,,,,,,,,,,,,,,,,,,,,,,,,,,,,,,,,,,,,,,,,,,,,,,,,,,,,,,,,,,,,,,,,,,,,,,,,,,,,,,,,,,,,,,,,,,,,,,,,,,,,,,,,,,,,,,,,,,,,,,,,,,,,,,,,,,,,,,,,,,,,2,2,2,2,2,2,,2,1,,,,,,,,,2,2,,,,,,,,,,,,,,,,,,,,,False,STRUCTURAL,비데이터 행,,,unknown
752,7,HHI,EGP,H2865,EGP-2,5,2026-09-17 00:00:00,,4,20,,,,,사상,,13,,,,,,,,,,,,,,,,,,F JK플랜트,8,9,,,,,,,,,,,,,,,,,,,,,,,,,,,,,,,,,,,,,,,,,,,,,,,,,,,,,,,,,,,,,,,,,,,,,,,,,,,,,,,,,,,,,,,,,,,,,,,,,,,,,,,,,,,,,,,,,,,,,,,,,,,,,,,,,,,,,,,,,,,,,,,,,,,,,,,,,,,,,,,,,,,,,,,,,,,,,,,,,,,,,,,,,,,,,,,,,,,,,,,,,,,,,,,,,,,,,,,,,,,,,,,,,,,,,,,,,,,,,,,,2,2,2,2,2,,1,1,1,,,,,,,,,,,,,,,,,,,,,,,,,,,,,,False,STRUCTURAL,비데이터 행,,,unknown
752,9,HHI,EGP,H2865,EGP-2,5,2026-09-17 00:00:00,,4,20,,,,,실적,,,,,,,,,,,,,,,,,,,,F JK플랜트,8,9,,,,,,,,,,,,,,,,,,,,,,,,,,,,,,,,,,,,,,,,,,,,,,,,,,,,,,,,,,,,,,,,,,,,,,,,,,,,,,,,,,,,,,,,,,,,,,,,,,,,,,,,,,,,,,,,,,,,,,,,,,,,,,,,,,,,,,,,,,,,,,,,,,,,,,,,,,,,,,,,,,,,,,,,,,,,,,,,,,,,,,,,,,,,,,,,,,,,,,,,,,,,,,,,,,,,,,,,,,,,,,,,,,,,,,,,,,,,,,,,,,,,,,,,,,,,,,,,,,,,,,,,,,,,,,,,,,,,,,False,STRUCTURAL,비데이터 행,,,unknown
753,1,GE,VS,CPV Basin Ranch #2,VS-2,11,2026-09-18 00:00:00,46247,5,30,,,,,일자,미정,46162,46170,46175,46197,46212,46212,46234,46247,-,2026-08-27 00:00:00,46272,46274,46279,2026-09-16 00:00:00,46282,0.2,,,미정,8,9,,,계획,46162,,46170,,46175,,46197,,46198,,46212,,46209,,46247,,46244,,46261,,46248,,46272,,46274,,46279,,46281,,46282,,,,,,,,,,,,,,,,,,,,,,,,,,,,,,,,,,,,,,,,,,,,,,,,,,,,,,,,,,,,,,,,,,,,,,,,,,,,,,,,,,,,,,,,,,,,,,,,,,,,,,,,,,,,,,D,,,,,,,,K,,,,,발S,,,,,,,,,,,,,,,,,,,,,,발F,가S,,,,,,,,,,,제S,-----,-----,가F,-----,-----,-----,-----,-----,-----,-----,-----,-----,-----,-----,-----,-----,-----,-----,-----,-----,-----,-----,-----,-----,-----,-----,-----,-----,-----,-----,-----,-----,-----,-----,도S,-----,-----,제F,조S,,,,,,,,,,,,,도F,,,,,,,,,,,조F,,상,,,,,검,,포,출,납,,,,,,,,,,,,,True,DATA_PLAN,,,,plan
753,2,GE,VS,CPV Basin Ranch #2,VS-2,11,2026-09-18 00:00:00,,5,30,,,,,실행,미정,46112,,,,,,,,,,,,,,,,,,미정,8,9,,,,,,,,,,,,,,,,,,,,,,,,,,,,,,,,,,,,,,,,,,,,,,,,,,,,,,,,,,,,,,,,,,,,,,,,,,,,,,,,,,,,,,,,,,,,,,,,,,,,,,,,,,,,,,,,,,,,,,,,,,,,,,,,,,,,,,,,,,,,,,,,,,,,,,,,,,,,,,,,,,,,,,,,,,,,,,,,,,,,,,,,,,,,,,,,,,,,,,,,,,,,,,,,,,,,,,,,,,,,,,,,,,,,,,,,,,,,,,,,,,,,,,,,,,,,,,,,,,,,,,,,,,,,,,,,,,,,,,True,DATA_ACTUAL,,,,actual
753,3,GE,VS,CPV Basin Ranch #2,VS-2,11,2026-09-18 00:00:00,,5,30,,,,,미정,미정,50,,,,,,,,-,,,,,,,,,,미정,8,9,,,실적,,46112,,0,,0,,0,,0,,0,,,,0,,,,0,,,,0,,0,,0,,0,,0,,,,,,,,,,,,,,,,,,,,,,,,,,,,,,,,,,,,,,,,,,,,,,,,,,,,,,,,,,,,,,,,,,,,,,,,,,,,,,,,,,,,,,,,,,,,,,,,,,,,,,,,,,,,,,,,,,,,,,,,,,,,,,,,,,,,,,,,,,,,,,,,,,,,,,,,,,,,,,,,,,,,,,,,,,,,,,,,,,,,,,,,,,,,,,,,,,,,,,,,,,,,,,,,,,,,,,,,,,,,,,,,,,,,,,,,,,,,,,,,,,,False,STRUCTURAL,비데이터 행,,,unknown
753,4,GE,VS,CPV Basin Ranch #2,VS-2,11,2026-09-18 00:00:00,,5,30,,,,,취부,,0,,,,,,,,,,,,,,,,,,미정,8,9,,,LOAD,,,,,,,,,,,,,,,,,,,,,,,,,,,,,,,,,,,,,,,,,,,,,,,,,,,,,,,,,,,,,,,,,,,,,,,,,,,,,,,,,,,,,,,,,,,,,,,,,,,,,,,,,,,,,,,,,,,,,,,,,,,,,,,,,,,,,,,,,,,,,,,,,,,,,,,,,,,,,,,,,,,,,,,,,,,,,,,,,,,,,,,,,,,,,,,,,,,,,,,,,,,,,,,,,,,,,,,,,,,,,,,,,,,,,,,,,,,,,,,,,,,,,,,,,,,,,,,,,,,,,,,,,,,,,,,,,,,False,STRUCTURAL,비데이터 행,,,unknown
753,5,GE,VS,CPV Basin Ranch #2,VS-2,11,2026-09-18 00:00:00,,5,30,,,,,용접,,0,,,,,,,,,,,,,,,,,,미정,8,9,,,,,,,,,,,,,,,,,,,,,,,,,,,,,,,,,,,,,,,,,,,,,,,,,,,,,,,,,,,,,,,,,,,,,,,,,,,,,,,,,,,,,,,,,,,,,,,,,,,,,,,,,,,,,,,,,,,,,,,,,,,,,,,,,,,,,,,,,,,,,,,,,,,,,,,,,,,,,,,,,,,,,,,,,,,,,,,,,,,,,,,,,,,,,,,,,,,,,,,,,,,,,,,,,,,,,,,,,,,,,,,,,,,,,,,,,,,,,,,,,,,,,,,,,,,,,,,,,,,,,,,,,,,,,,,,,,,,,,False,STRUCTURAL,비데이터 행,,,unknown
753,6,GE,VS,CPV Basin Ranch #2,VS-2,11,2026-09-18 00:00:00,,5,30,,,,,조립,,0,,,,,,,,,,,,,,,,,,미정,8,9,,,,,,,,,,,,,,,,,,,,,,,,,,,,,,,,,,,,,,,,,,,,,,,,,,,,,,,,,,,,,,,,,,,,,,,,,,,,,,,,,,,,,,,,,,,,,,,,,,,,,,,,,,,,,,,,,,,,,,,,,,,,,,,,,,,,,,,,,,,,,,,,,,,,,,,,,,,,,,,,,,,,,,,,,,,,,,,,,,,,,,,,,,,,,,,,,,,,,,,,,,,,,,,,,,,,,,,,,,,,,,,,,,,,,,,,,,,,,,,,,,,,,,,,,,,,,,,,,,,,,,,,,,,,,,,,,,,,,,False,STRUCTURAL,비데이터 행,,,unknown
753,7,GE,VS,CPV Basin Ranch #2,VS-2,11,2026-09-18 00:00:00,,5,30,,,,,사상,,0,,,,,,,,,,,,,,,,,,미정,8,9,,,,,,,,,,,,,,,,,,,,,,,,,,,,,,,,,,,,,,,,,,,,,,,,,,,,,,,,,,,,,,,,,,,,,,,,,,,,,,,,,,,,,,,,,,,,,,,,,,,,,,,,,,,,,,,,,,,,,,,,,,,,,,,,,,,,,,,,,,,,,,,,,,,,,,,,,,,,,,,,,,,,,,,,,,,,,,,,,,,,,,,,,,,,,,,,,,,,,,,,,,,,,,,,,,,,,,,,,,,,,,,,,,,,,,,,,,,,,,,,,,,,,,,,,,,,,,,,,,,,,,,,,,,,,,,,,,,,,,False,STRUCTURAL,비데이터 행,,,unknown
753,9,GE,VS,CPV Basin Ranch #2,VS-2,11,2026-09-18 00:00:00,,5,30,,,,,실적,,,,,,,,,,,,,,,,,,,,미정,8,9,,,,,,,,,,,,,,,,,,,,,,,,,,,,,,,,,,,,,,,,,,,,,,,,,,,,,,,,,,,,,,,,,,,,,,,,,,,,,,,,,,,,,,,,,,,,,,,,,,,,,,,,,,,,,,,,,,,,,,,,,,,,,,,,,,,,,,,,,,,,,,,,,,,,,,,,,,,,,,,,,,,,,,,,,,,,,,,,,,,,,,,,,,,,,,,,,,,,,,,,,,,,,,,,,,,,,,,,,,,,,,,,,,,,,,,,,,,,,,,,,,,,,,,,,,,,,,,,,,,,,,,,,,,,,,,,,,,,,,False,STRUCTURAL,비데이터 행,,,unknown
754,1,HHI,SCR중,3582,SCR-7,5,2026-09-18 00:00:00,46261,2,30,,전기,,5x5(B),일자,미정,46203,46205,46206,46220,46231,46231,46251,46261,-,2026-09-03 00:00:00,46276,46279,46280,2026-09-16 00:00:00,46282,0%,,,미정,8,9,,,계획,46203,,46205,,46206,,46220,,46223,,46231,,46232,,46261,,46265,,46268,,46269,,46276,,46279,,46280,,46281,,46282,,,,,,,,,,,,,,,,,,,,,,,,,,,,,,,,,,,,,,,,,,,,,,,,,,,,,,,,,,,,,,,,,,,,,,,,,,,,,,,,,,,,,,,,,,,,,,,,,,,,,,,,,,,,,,,,,,,,,,,,,,,,,,,,,,,,,,,,,,,,,,,,,,,,,,,D,,K,발S,,,,,,,,,,,,,,발F,,,가S,,,,,,,,가F,제S,-----,-----,-----,-----,-----,-----,-----,-----,-----,-----,-----,-----,-----,-----,-----,-----,-----,-----,-----,-----,-----,-----,-----,-----,-----,-----,-----,-----,제F,,,,도S,,,도F,조S,,,,,,,조F,,,상,검,포,출,납,,,,,,,,,,,,,True,DATA_PLAN,,,,plan
754,2,HHI,SCR중,3582,SCR-7,5,2026-09-18 00:00:00,,2,30,,,,,실행,미정,,,,,,,,,,,,,,,,,,,미정,8,9,,,,,,,,,,,,,,,,,,,,,,,,,,,,,,,,,,,,,,,,,,,,,,,,,,,,,,,,,,,,,,,,,,,,,,,,,,,,,,,,,,,,,,,,,,,,,,,,,,,,,,,,,,,,,,,,,,,,,,,,,,,,,,,,,,,,,,,,,,,,,,,,,,,,,,,,,,,,,,,,,,,,,,,,,,,,,,,,,,,,,,,,,,,,,,,,,,,,,,,,,,,,,,,,,,,,,,,,,,,,,,,,,,,,,,,,,,,,,,,,,,,,,,,,,,,,,,,,,,,,,,,,,,,,,,,,,,,,,,True,DATA_ACTUAL,,,,actual
754,3,HHI,SCR중,3582,SCR-7,5,2026-09-18 00:00:00,,2,30,,,,,미정,미정,,,,,,,,,-,,,,,,,,,,미정,8,9,,,실적,,0,,0,,0,,0,,0,,0,,,,0,,,,0,,,,0,,0,,0,,0,,0,,,,,,,,,,,,,,,,,,,,,,,,,,,,,,,,,,,,,,,,,,,,,,,,,,,,,,,,,,,,,,,,,,,,,,,,,,,,,,,,,,,,,,,,,,,,,,,,,,,,,,,,,,,,,,,,,,,,,,,,,,,,,,,,,,,,,,,,,,,,,,,,,,,,,,,,,,,,,,,,,,,,,,,,,,,,,,,,,,,,,,,,,,,,,,,,,,,,,,,,,,,,,,,,,,,,,,,,,,,,,,,,,,,,,,,,,,,,,,,,,,,False,STRUCTURAL,비데이터 행,,,unknown
754,4,HHI,SCR중,3582,SCR-7,5,2026-09-18 00:00:00,,2,30,,,,,취부,,0,,,,,,,,,,,,,,,,,,미정,8,9,,,LOAD,,,,,,,,,,,,,,,,,,,,,,,,,,,,,,,,,,,,,,,,,,,,,,,,,,,,,,,,,,,,,,,,,,,,,,,,,,,,,,,,,,,,,,,,,,,,,,,,,,,,,,,,,,,,,,,,,,,,,,,,,,,,,,,,,,,,,,,,,,,,,,,,,,,,,,,,,,,,,,,,,,,,,,,,,,,,,,,,,,,,,,,,,,,,,,,,,,,,,,,,,,,,,,,,,,,,,,,,,,,,,,,,,,,,,,,,,,,,,,,,,,,,,,,,,,,,,,,,,,,,,,,,,,,,,,,,,,,False,STRUCTURAL,비데이터 행,,,unknown
754,5,HHI,SCR중,3582,SCR-7,5,2026-09-18 00:00:00,,2,30,,,,,용접,,0,,,,,,,,,,,,,,,,,,미정,8,9,,,,,,,,,,,,,,,,,,,,,,,,,,,,,,,,,,,,,,,,,,,,,,,,,,,,,,,,,,,,,,,,,,,,,,,,,,,,,,,,,,,,,,,,,,,,,,,,,,,,,,,,,,,,,,,,,,,,,,,,,,,,,,,,,,,,,,,,,,,,,,,,,,,,,,,,,,,,,,,,,,,,,,,,,,,,,,,,,,,,,,,,,,,,,,,,,,,,,,,,,,,,,,,,,,,,,,,,,,,,,,,,,,,,,,,,,,,,,,,,,,,,,,,,,,,,,,,,,,,,,,,,,,,,,,,,,,,,,,False,STRUCTURAL,비데이터 행,,,unknown
754,6,HHI,SCR중,3582,SCR-7,5,2026-09-18 00:00:00,,2,30,,,,,조립,,6,,,,,,,,,,,,,,,,,,미정,8,9,,,,,,,,,,,,,,,,,,,,,,,,,,,,,,,,,,,,,,,,,,,,,,,,,,,,,,,,,,,,,,,,,,,,,,,,,,,,,,,,,,,,,,,,,,,,,,,,,,,,,,,,,,,,,,,,,,,,,,,,,,,,,,,,,,,,,,,,,,,,,,,,,,,,,,,,,,,,,,,,,,,,,,,,,,,,,,,,,,,,,,,,,,,,,,,,,,,,,,,,,,,,,,,,,,,,2,2,2,,,,,,,,,,,,,,,,,,,,,,,,,,,,,,,,,,,,,,,,,,,,,,,,,,,,,,,,,,,,,,,,False,STRUCTURAL,비데이터 행,,,unknown
754,7,HHI,SCR중,3582,SCR-7,5,2026-09-18 00:00:00,,2,30,,,,,사상,,0,,,,,,,,,,,,,,,,,,미정,8,9,,,,,,,,,,,,,,,,,,,,,,,,,,,,,,,,,,,,,,,,,,,,,,,,,,,,,,,,,,,,,,,,,,,,,,,,,,,,,,,,,,,,,,,,,,,,,,,,,,,,,,,,,,,,,,,,,,,,,,,,,,,,,,,,,,,,,,,,,,,,,,,,,,,,,,,,,,,,,,,,,,,,,,,,,,,,,,,,,,,,,,,,,,,,,,,,,,,,,,,,,,,,,,,,,,,,,,,,,,,,,,,,,,,,,,,,,,,,,,,,,,,,,,,,,,,,,,,,,,,,,,,,,,,,,,,,,,,,,,False,STRUCTURAL,비데이터 행,,,unknown
754,9,HHI,SCR중,3582,SCR-7,5,2026-09-18 00:00:00,,2,30,,,,,실적,,,,,,,,,,,,,,,,,,,,미정,8,9,,,,,,,,,,,,,,,,,,,,,,,,,,,,,,,,,,,,,,,,,,,,,,,,,,,,,,,,,,,,,,,,,,,,,,,,,,,,,,,,,,,,,,,,,,,,,,,,,,,,,,,,,,,,,,,,,,,,,,,,,,,,,,,,,,,,,,,,,,,,,,,,,,,,,,,,,,,,,,,,,,,,,,,,,,,,,,,,,,,,,,,,,,,,,,,,,,,,,,,,,,,,,,,,,,,,,,,,,,,,,,,,,,,,,,,,,,,,,,,,,,,,,,,,,,,,,,,,,,,,,,,,,,,,,,,,,,,,,,False,STRUCTURAL,비데이터 행,,,unknown
755,1,HHI,EGP,"CHB2063 #1,2",E-1,10,2026-09-18 00:00:00,46235,4,20,,,,,일자,F JK플랜트,46146,46155,46160,46178,46202,46202,46220,46235,-,2026-08-26 00:00:00,46271,46272,46274,2026-09-12 00:00:00,46279,0%,,,F JK플랜트,8,9,,,계획,46146,,46155,,46160,,46178,,46181,,46202,,46191,,46235,,46240,,46260,,46247,,46271,,46272,,46274,,46277,,46279,,,,,,,,,,,,,,,,,,,,,,,,,,,,,,,,,,,,,,,,,,,,,,,,,,,,,,,,,,,,,,,,,,,,,,,,,,,,,,,,,,,,,,,,,,,,,,D,,,,,,,,,K,,,,,발S,,,,,,,,,,,,,,,,,,발F,,,가S,,,,,,,,,,제S,-----,-----,-----,-----,-----,-----,-----,-----,-----,-----,가F,-----,-----,-----,-----,-----,-----,-----,-----,-----,-----,-----,-----,-----,-----,-----,-----,-----,-----,-----,-----,-----,-----,-----,-----,-----,-----,-----,-----,-----,-----,-----,-----,제F,,,,,도S,,,,,,,조S,,,,,,,,,,,,,도F,,,,,,,,,,,조F,상,,검,,,포,,출,,,,납,,,,,,,,,,,,,True,DATA_PLAN,,,,plan
755,2,HHI,EGP,"CHB2063 #1,2",E-1,10,2026-09-18 00:00:00,,4,20,,,,,실행,F JK플랜트,,,,,,,,,,,,,,,,,,,F JK플랜트,8,9,,,,,,,,,,,,,,,,,,,,,,,,,,,,,,,,,,,,,,,,,,,,,,,,,,,,,,,,,,,,,,,,,,,,,,,,,,,,,,,,,,,,,,,,,,,,,,,,,,,,,,,,,,,,,,,,,,,,,,,,,,,,,,,,,,,,,,,,,,,,,,,,,,,,,,,,,,,,,,,,,,,,,,,,,,,,,,,,,,,,,,,,,,,,,,,,,,,,,,,,,,,,,,,,,,,,,,,,,,,,,,,,,,,,,,,,,,,,,,,,,,,,,,,,,,,,,,,,,,,,,,,,,,,,,,,,,,,,,,True,DATA_ACTUAL,,,,actual
755,3,HHI,EGP,"CHB2063 #1,2",E-1,10,2026-09-18 00:00:00,,4,20,,,,,F JK플랜트,F JK플랜트,,,,,,,,,-,,,,,,,,,,F JK플랜트,8,9,,,실적,,0,,0,,0,,0,,0,,0,,,,0,,,,0,,,,0,,0,,0,,0,,0,,,,,,,,,,,,,,,,,,,,,,,,,,,,,,,,,,,,,,,,,,,,,,,,,,,,,,,,,,,,,,,,,,,,,,,,,,,,,,,,,,,,,,,,,,,,,,,,,,,,,,,,,,,,,,,,,,,,,,,,,,,,,,,,,,,,,,,,,,,,,,,,,,,,,,,,,,,,,,,,,,,,,,,,,,,,,,,,,,,,,,,,,,,,,,,,,,,,,,,,,,,,,,,,,,,,,,,,,,,,,,,,,,,,,,,,,,,,,,,,,,,False,STRUCTURAL,비데이터 행,,,unknown
755,4,HHI,EGP,"CHB2063 #1,2",E-1,10,2026-09-18 00:00:00,,4,20,,,,,취부,,0,,,,,,,,,,,,,,,,,,F JK플랜트,8,9,,,LOAD,,,,,,,,,,,,,,,,,,,,,,,,,,,,,,,,,,,,,,,,,,,,,,,,,,,,,,,,,,,,,,,,,,,,,,,,,,,,,,,,,,,,,,,,,,,,,,,,,,,,,,,,,,,,,,,,,,,,,,,,,,,,,,,,,,,,,,,,,,,,,,,,,,,,,,,,,,,,,,,,,,,,,,,,,,,,,,,,,,,,,,,,,,,,,,,,,,,,,,,,,,,,,,,,,,,,,,,,,,,,,,,,,,,,,,,,,,,,,,,,,,,,,,,,,,,,,,,,,,,,,,,,,,,,,,,,,,,False,STRUCTURAL,비데이터 행,,,unknown
755,5,HHI,EGP,"CHB2063 #1,2",E-1,10,2026-09-18 00:00:00,,4,20,,,,,용접,,0,,,,,,,,,,,,,,,,,,F JK플랜트,8,9,,,,,,,,,,,,,,,,,,,,,,,,,,,,,,,,,,,,,,,,,,,,,,,,,,,,,,,,,,,,,,,,,,,,,,,,,,,,,,,,,,,,,,,,,,,,,,,,,,,,,,,,,,,,,,,,,,,,,,,,,,,,,,,,,,,,,,,,,,,,,,,,,,,,,,,,,,,,,,,,,,,,,,,,,,,,,,,,,,,,,,,,,,,,,,,,,,,,,,,,,,,,,,,,,,,,,,,,,,,,,,,,,,,,,,,,,,,,,,,,,,,,,,,,,,,,,,,,,,,,,,,,,,,,,,,,,,,,,,False,STRUCTURAL,비데이터 행,,,unknown
755,6,HHI,EGP,"CHB2063 #1,2",E-1,10,2026-09-18 00:00:00,,4,20,,,,,조립,,0,,,,,,,,,,,,,,,,,,F JK플랜트,8,9,,,,,,,,,,,,,,,,,,,,,,,,,,,,,,,,,,,,,,,,,,,,,,,,,,,,,,,,,,,,,,,,,,,,,,,,,,,,,,,,,,,,,,,,,,,,,,,,,,,,,,,,,,,,,,,,,,,,,,,,,,,,,,,,,,,,,,,,,,,,,,,,,,,,,,,,,,,,,,,,,,,,,,,,,,,,,,,,,,,,,,,,,,,,,,,,,,,,,,,,,,,,,,,,,,,,,,,,,,,,,,,,,,,,,,,,,,,,,,,,,,,,,,,,,,,,,,,,,,,,,,,,,,,,,,,,,,,,,,False,STRUCTURAL,비데이터 행,,,unknown
755,7,HHI,EGP,"CHB2063 #1,2",E-1,10,2026-09-18 00:00:00,,4,20,,,,,사상,,0,,,,,,,,,,,,,,,,,,F JK플랜트,8,9,,,,,,,,,,,,,,,,,,,,,,,,,,,,,,,,,,,,,,,,,,,,,,,,,,,,,,,,,,,,,,,,,,,,,,,,,,,,,,,,,,,,,,,,,,,,,,,,,,,,,,,,,,,,,,,,,,,,,,,,,,,,,,,,,,,,,,,,,,,,,,,,,,,,,,,,,,,,,,,,,,,,,,,,,,,,,,,,,,,,,,,,,,,,,,,,,,,,,,,,,,,,,,,,,,,,,,,,,,,,,,,,,,,,,,,,,,,,,,,,,,,,,,,,,,,,,,,,,,,,,,,,,,,,,,,,,,,,,,False,STRUCTURAL,비데이터 행,,,unknown
755,9,HHI,EGP,"CHB2063 #1,2",E-1,10,2026-09-18 00:00:00,,4,20,,,,,실적,,45807,,,,,,,,,,,,,,,,,,F JK플랜트,8,9,,,,,,,,,,,,,,,,,,,,,,,,,,,,,,,,,,,,,,,,,,,,,,,,,,,,,,,,,,,,,,,,,,,,,,,,,,,,,,,,,,,,,,,,,,,,,,,,,,,,,,,,,,,,,,,,,,,,,,,,,,,,,,,,,,,,,,,,,,,,,,,,,,,,,,,,,,,,,,,,,,,,,,,,,,,,,,,,,,,,,,,,,,,,,,,,,,,,,,,,,,,,,,,,,,,,,,,,,,,,,,,,,,,,,,,,,,,,,,,,,,,,,,,,,,,,,,,,,,,,,,,,,,,,,,,,,,,,,,False,STRUCTURAL,비데이터 행,,,unknown
756,1,BHI,VS,Nairyah #3,VS-5,8,2026-09-20 00:00:00,46176,4,30,,,,,일자,H 남민테크,46112,46119,46122,46136,46150,46150,46167,46176,-,2026-06-10 00:00:00,46192,46196,46198,2026-06-29 00:00:00,46203,0.2,,,H 남민테크,6,9,,,계획,46112,,46119,,46122,,46136,,46139,,46150,,46149,,46176,,46171,,46183,,46178,,46192,,46196,,46198,,46202,,46203,,,,,,,,,,,,,,,,,,,,,,,,,,,,,,,,,,,,,,,,,,,,,,,,,,,,,,,,,,,,D,,,,,,,K,,,발S,,,,,,,,,,,,,,발F,,,가S,,,,,,,,,,제S,가F,-----,-----,-----,-----,-----,-----,-----,-----,-----,-----,-----,-----,-----,-----,-----,-----,-----,-----,-----,-----,도S,-----,-----,-----,-----,제F,,조S,,,,,도F,,,,,,,,,조F,,,,상,,검,,,,포,출,,,,,,,,,,,,,,,,,,,,,,,,,,,,,,,,,,,,,,,,,,,,,,,,,,,,,,,,,,,,,,,,,,,,,,,,,,,,,,,,,,납,,,,,,,,,,,True,DATA_PLAN,,,,plan
756,2,BHI,VS,Nairyah #3,VS-5,8,2026-09-20 00:00:00,,4,30,,,,7/1→9/20,실행,H 남민테크,46112,,,,,,,,,,,,,,,,,,H 남민테크,6,9,,,,,,,,,,,,,,,,,,,,,,,,,,,,,,,,,,,,,,,,,,,,,,,,,,,,,,,,,,,,,,,,,,,,,,,,,,,,,,,,,,,,,,,,,,,,,,,,,,,,,,,,,,,,,,,,,,,,,,,,,,,,,,,,,,,,,,,,,,,,,,,,,,,,,,,,,,,,,,,,,,,,,,,,,,,,,,,,,,,,,,,,,,,,,,,,,,,,,,,,,,,,,,,,,,,,,,,,,,,,,,,,,,,,,,,,,,,,,,,,,,,,,,,,,,,,,,,,,,,,,,,,,,,,,,,,,,,,,,True,DATA_ACTUAL,,,,actual
756,3,BHI,VS,Nairyah #3,VS-5,8,2026-09-20 00:00:00,,4,30,,,,,H 남민테크,H 남민테크,0,,,,,,,,-,,,,,,,,,,H 남민테크,6,9,,,실적,,46112,,0,,0,,0,,,,0,,,,0,,,,0,,,,0,,0,,0,,0,,0,,,,,,,,,,,,,,,,,,,,,,,,,,,,,,,,,,,,,,,,,,,,,,,,,,,,,,,,,,,,,,,,,,,,,,,,,,,,,,,,,,,,,,,,,,,,,,,,,,,,,,,,,,,,,,,,,,,,,,,,,,,,,,,,,,,,,,,,,,,,,,,,,,,,,,,,,,,,,,,,,,,,,,,,,,,,,,,,,,,,,,,,,,,,,,,,,,,,,,,,,,,,,,,,,,,,,,,,,,,,,,,,,,,,,,,,,,,,,,,,,,,False,STRUCTURAL,비데이터 행,,,unknown
756,4,BHI,VS,Nairyah #3,VS-5,8,2026-09-20 00:00:00,,4,30,,,,,취부,,33,,,,,,,,,,,,,,,,,,H 남민테크,6,9,,,LOAD,,,,,,,,,,,,,,,,,,,,,,,,,,,,,,,,,,,,,,,,,,,,,,,,,,,,,,,,,,,,,,,,,,,,,,,,,,,,,,,,,,,,,,,,,,,,,,,,,,,,,,,,,,,,,,,,,,2,2,2,,3,3,3,3,,,,,,,,,,,,,,,,,,,,,,,,,3,,2,2,2,2,,,,,,,,,,,,,,,,2,1,1,,,,,,,,,,,,,,,,,,,,,,,,,,,,,,,,,,,,,,,,,,,,,,,,,,,,,,,,,,,,,,,,,,,,,,,,,,,,,,,,,,,,,,,,,,,,,,,,,,,,,,,,,,False,STRUCTURAL,비데이터 행,,,unknown
756,5,BHI,VS,Nairyah #3,VS-5,8,2026-09-20 00:00:00,,4,30,,,,,용접,,40,,,,,,,,,,,,,,,,,,H 남민테크,6,9,,,,,,,,,,,,,,,,,,,,,,,,,,,,,,,,,,,,,,,,,,,,,,,,,,,,,,,,,,,,,,,,,,,,,,,,,,,,,,,,,,,,,,,,,,,,,,,,,,,,,,,,,,,,,,,,,,,,,,2,3,,3,3,3,3,,,,,,,,,,,,,,,,,,,,,,,,,3,,3,3,3,3,,,,,,,,,,,,,,,,3,3,1,1,,,,,,,,,,,,,,,,,,,,,,,,,,,,,,,,,,,,,,,,,,,,,,,,,,,,,,,,,,,,,,,,,,,,,,,,,,,,,,,,,,,,,,,,,,,,,,,,,,,,,,,,,False,STRUCTURAL,비데이터 행,,,unknown
756,6,BHI,VS,Nairyah #3,VS-5,8,2026-09-20 00:00:00,,4,30,,,,,조립,,33,,,,,,,,,,,,,,,,,,H 남민테크,6,9,,,,,,,,,,,,,,,,,,,,,,,,,,,,,,,,,,,,,,,,,,,,,,,,,,,,,,,,,,,,,,,,,,,,,,,,,,,,,,,,,,,,,,,,,,,,,,,,,,,,,,,,,,,,,,,,,,,,,,,2,,2,2,3,3,,,,,,,,,,,,,,,,,,,,,,,,,3,,3,3,3,2,,,,,,,,,,,,,,,,2,2,1,1,1,,,,,,,,,,,,,,,,,,,,,,,,,,,,,,,,,,,,,,,,,,,,,,,,,,,,,,,,,,,,,,,,,,,,,,,,,,,,,,,,,,,,,,,,,,,,,,,,,,,,,,,,False,STRUCTURAL,비데이터 행,,,unknown
756,7,BHI,VS,Nairyah #3,VS-5,8,2026-09-20 00:00:00,,4,30,,,,,사상,,19,,,,,,,,,,,,,,,,,,H 남민테크,6,9,,,,,,,,,,,,,,,,,,,,,,,,,,,,,,,,,,,,,,,,,,,,,,,,,,,,,,,,,,,,,,,,,,,,,,,,,,,,,,,,,,,,,,,,,,,,,,,,,,,,,,,,,,,,,,,,,,,,,,,,,2,2,2,2,,,,,,,,,,,,,,,,,,,,,,,,,1,,1,1,1,1,,,,,,,,,,,,,,,,1,1,1,1,1,1,,,,,,,,,,,,,,,,,,,,,,,,,,,,,,,,,,,,,,,,,,,,,,,,,,,,,,,,,,,,,,,,,,,,,,,,,,,,,,,,,,,,,,,,,,,,,,,,,,,,,,,False,STRUCTURAL,비데이터 행,,,unknown
756,9,BHI,VS,Nairyah #3,VS-5,8,2026-09-20 00:00:00,,4,30,,,,,실적,,,,,,,,,,,,,,,,,,,,H 남민테크,6,9,,,,,,,,,,,,,,,,,,,,,,,,,,,,,,,,,,,,,,,,,,,,,,,,,,,,,,,,,,,,,,,,,,,,,,,,,,,,,,,,,,,,,,,,,,,,,,,,,,,,,,,,,,,,,,,,,,,,,,,,,,,,,,,,,,,,,,,,,,,,,,,,,,,,,,,,,,,,,,,,,,,,,,,,,,,,,,,,,,,,,,,,,,,,,,,,,,,,,,,,,,,,,,,,,,,,,,,,,,,,,,,,,,,,,,,,,,,,,,,,,,,,,,,,,,,,,,,,,,,,,,,,,,,,,,,,,,,,,,False,STRUCTURAL,비데이터 행,,,unknown
757,1,BHI,VS,Rumah #3,VS-5,8,2026-09-20 00:00:00,46176,4,30,,,,,일자,C 에이스,46112,46119,46122,46136,46150,46150,46167,46176,-,2026-06-10 00:00:00,46192,46196,46198,2026-06-29 00:00:00,46203,0.25,,,C 에이스,6,9,,,계획,46112,,46119,,46122,,46136,,46139,,46150,,46149,,46176,,46171,,46183,,46178,,46192,,46196,,46198,,46202,,46203,,,,,,,,,,,,,,,,,,,,,,,,,,,,,,,,,,,,,,,,,,,,,,,,,,,,,,,,,,,,D,,,,,,,K,,,발S,,,,,,,,,,,,,,발F,,,가S,,,,,,,,,,제S,가F,-----,-----,-----,-----,-----,-----,-----,-----,-----,-----,-----,-----,-----,-----,-----,-----,-----,-----,-----,-----,도S,-----,-----,-----,-----,제F,,조S,,,,,도F,,,,,,,,,조F,,,,상,,검,,,,포,출,,,,,,,,,,,,,,,,,,,,,,,,,,,,,,,,,,,,,,,,,,,,,,,,,,,,,,,,,,,,,,,,,,,,,,,,,,,,,,,,,,납,,,,,,,,,,,True,DATA_PLAN,,,,plan
757,2,BHI,VS,Rumah #3,VS-5,8,2026-09-20 00:00:00,,4,30,,,,7/1→9/20,실행,C 에이스,46031,46035,,,,,,,,,,,,,,,,,C 에이스,6,9,,,,,,,,,,,,,,,,,,,,,,,,,,,,,,,,,,,,,,,,,,,,,,,,,,,,,,,,,,,,,,,,,,,,,,,,,,,,,,,,,,,,,,,,,,,,,,,,,,,,,,,,,,,,,,,,,,,,,,,,,,,,,,,,,,,,,,,,,,,,,,,,,,,,,,,,,,,,,,,,,,,,,,,,,,,,,,,,,,,,,,,,,,,,,,,,,,,,,,,,,,,,,,,,,,,,,,,,,,,,,,,,,,,,,,,,,,,,,,,,,,,,,,,,,,,,,,,,,,,,,,,,,,,,,,,,,,,,,,True,DATA_ACTUAL,,,,actual
757,3,BHI,VS,Rumah #3,VS-5,8,2026-09-20 00:00:00,,4,30,,,,,C 에이스,C 에이스,81,84,,,,,,,-,,,,,,,,,,C 에이스,6,9,,,실적,,46031,,46035,,0,,0,,,,0,,,,0,,,,0,,,,0,,0,,0,,0,,0,,,,,,,,,,,,,,,,,,,,,,,,,,,,,,,,,,,,,,,,,,,,,,,,,,,,,,,,,,,,,,,,,,,,,,,,,,,,,,,,,,,,,,,,,,,,,,,,,,,,,,,,,,,,,,,,,,,,,,,,,,,,,,,,,,,,,,,,,,,,,,,,,,,,,,,,,,,,,,,,,,,,,,,,,,,,,,,,,,,,,,,,,,,,,,,,,,,,,,,,,,,,,,,,,,,,,,,,,,,,,,,,,,,,,,,,,,,,,,,,,,,False,STRUCTURAL,비데이터 행,,,unknown
757,4,BHI,VS,Rumah #3,VS-5,8,2026-09-20 00:00:00,,4,30,,,,,취부,,33,,,,,,,,,,,,,,,,,,C 에이스,6,9,,,LOAD,,,,,,,,,,,,,,,,,,,,,,,,,,,,,,,,,,,,,,,,,,,,,,,,,,,,,,,,,,,,,,,,,,,,,,,,,,,,,,,,,,,,,,,,,,,,2,2,2,3,,3,3,3,,,,,,,,,,,,,,,,,,,,,,,,,,,,,,,,,,,,,,,,3,2,2,2,2,2,,,1,1,,,,,,,,,,,,,,,,,,,,,,,,,,,,,,,,,,,,,,,,,,,,,,,,,,,,,,,,,,,,,,,,,,,,,,,,,,,,,,,,,,,,,,,,,,,,,,,,,,,,,,,,,,,,,,,,,,,,,,,,,,,,,,,False,STRUCTURAL,비데이터 행,,,unknown
757,5,BHI,VS,Rumah #3,VS-5,8,2026-09-20 00:00:00,,4,30,,,,,용접,,40,,,,,,,,,,,,,,,,,,C 에이스,6,9,,,,,,,,,,,,,,,,,,,,,,,,,,,,,,,,,,,,,,,,,,,,,,,,,,,,,,,,,,,,,,,,,,,,,,,,,,,,,,,,,,,,,,,,,,,,,,,,2,3,3,,3,3,3,,,,,,,,,,,,,,,,,,,,,,,,,,,,,,,,,,,,,,,,3,3,3,3,3,3,,,3,1,1,,,,,,,,,,,,,,,,,,,,,,,,,,,,,,,,,,,,,,,,,,,,,,,,,,,,,,,,,,,,,,,,,,,,,,,,,,,,,,,,,,,,,,,,,,,,,,,,,,,,,,,,,,,,,,,,,,,,,,,,,,,,,,False,STRUCTURAL,비데이터 행,,,unknown
757,6,BHI,VS,Rumah #3,VS-5,8,2026-09-20 00:00:00,,4,30,,,,,조립,,33,,,,,,,,,,,,,,,,,,C 에이스,6,9,,,,,,,,,,,,,,,,,,,,,,,,,,,,,,,,,,,,,,,,,,,,,,,,,,,,,,,,,,,,,,,,,,,,,,,,,,,,,,,,,,,,,,,,,,,,,,,,,2,2,,2,3,3,,,,,,,,,,,,,,,,,,,,,,,,,,,,,,,,,,,,,,,,3,3,3,3,2,2,,,2,1,1,1,,,,,,,,,,,,,,,,,,,,,,,,,,,,,,,,,,,,,,,,,,,,,,,,,,,,,,,,,,,,,,,,,,,,,,,,,,,,,,,,,,,,,,,,,,,,,,,,,,,,,,,,,,,,,,,,,,,,,,,,,,,,,False,STRUCTURAL,비데이터 행,,,unknown
757,7,BHI,VS,Rumah #3,VS-5,8,2026-09-20 00:00:00,,4,30,,,,,사상,,19,,,,,,,,,,,,,,,,,,C 에이스,6,9,,,,,,,,,,,,,,,,,,,,,,,,,,,,,,,,,,,,,,,,,,,,,,,,,,,,,,,,,,,,,,,,,,,,,,,,,,,,,,,,,,,,,,,,,,,,,,,,,,2,,2,2,2,,,,,,,,,,,,,,,,,,,,,,,,,,,,,,,,,,,,,,,,1,1,1,1,1,1,,,1,1,1,1,1,,,,,,,,,,,,,,,,,,,,,,,,,,,,,,,,,,,,,,,,,,,,,,,,,,,,,,,,,,,,,,,,,,,,,,,,,,,,,,,,,,,,,,,,,,,,,,,,,,,,,,,,,,,,,,,,,,,,,,,,,,,,False,STRUCTURAL,비데이터 행,,,unknown
757,9,BHI,VS,Rumah #3,VS-5,8,2026-09-20 00:00:00,,4,30,,,,,실적,,,,,,,,,,,,,,,,,,,,C 에이스,6,9,,,,,,,,,,,,,,,,,,,,,,,,,,,,,,,,,,,,,,,,,,,,,,,,,,,,,,,,,,,,,,,,,,,,,,,,,,,,,,,,,,,,,,,,,,,,,,,,,,,,,,,,,,,,,,,,,,,,,,,,,,,,,,,,,,,,,,,,,,,,,,,,,,,,,,,,,,,,,,,,,,,,,,,,,,,,,,,,,,,,,,,,,,,,,,,,,,,,,,,,,,,,,,,,,,,,,,,,,,,,,,,,,,,,,,,,,,,,,,,,,,,,,,,,,,,,,,,,,,,,,,,,,,,,,,,,,,,,,,False,STRUCTURAL,비데이터 행,,,unknown
758,1,MHI,ENC,#4 Franklin Farms #1,ENC-3,1,2026-09-20 00:00:00,46218,3,100,,,,,일자,A 동일,46128,46132,46135,46157,46175,46175,46199,46218,-,2026-08-18 00:00:00,46272,46273,46275,2026-09-15 00:00:00,46282,0.2,,,A 동일,7,9,,,계획,46128,,46132,,46135,,46157,,46160,,46175,,46163,,46218,,46225,,46252,,46234,,46272,,46273,,46275,,46280,,46282,,,,,,,,,,,,,,,,,,,,,,,,,,,,,,,,,,,,,,,,,,,,,,,,,,,,,,,,,,,,,,,,,,,,,,,,,,,,D,,,,K,,,발S,,,,,,,,,,,,,,,,,,,,,,발F,,,가S,,,제S,-----,-----,-----,-----,-----,-----,-----,-----,-----,-----,-----,가F,-----,-----,-----,-----,-----,-----,-----,-----,-----,-----,-----,-----,-----,-----,-----,-----,-----,-----,-----,-----,-----,-----,-----,-----,-----,-----,-----,-----,-----,-----,-----,-----,-----,-----,-----,-----,-----,-----,-----,-----,-----,-----,제F,,,,,,,도S,,,,,,,,,조S,,,,,,,,,,,,,,,,,,도F,,,,,,,,,,,,,,,,,,,,조F,상,,검,,,,,포,,출,,,납,,,,,,,,,,,True,DATA_PLAN,,,,plan
758,2,MHI,ENC,#4 Franklin Farms #1,ENC-3,1,2026-09-20 00:00:00,,3,100,,,,,실행,A 동일,45925,,,,,,,,,,,,,,,,,,A 동일,7,9,,,,,,,,,,,,,,,,,,,,,,,,,,,,,,,,,,,,,,,,,,,,,,,,,,,,,,,,,,,,,,,,,,,,,,,,,,,,,,,,,,,,,,,,,,,,,,,,,,,,,,,,,,,,,,,,,,,,,,,,,,,,,,,,,,,,,,,,,,,,,,,,,,,,,,,,,,,,,,,,,,,,,,,,,,,,,,,,,,,,,,,,,,,,,,,,,,,,,,,,,,,,,,,,,,,,,,,,,,,,,,,,,,,,,,,,,,,,,,,,,,,,,,,,,,,,,,,,,,,,,,,,,,,,,,,,,,,,,,True,DATA_ACTUAL,,,,actual
758,3,MHI,ENC,#4 Franklin Farms #1,ENC-3,1,2026-09-20 00:00:00,,3,100,,,,35Ton,A 동일,A 동일,203,,,,,,,,-,,,,,,,,,,A 동일,7,9,,,실적,,45925,,0,,0,,0,,0,,0,,,,0,,,,0,,,,0,,0,,0,,0,,0,,,,,,,,,,,,,,,,,,,,,,,,,,,,,,,,,,,,,,,,,,,,,,,,,,,,,,,,,,,,,,,,,,,,,,,,,,,,,,,,,,,,,,,,,,,,,,,,,,,,,,,,,,,,,,,,,,,,,,,,,,,,,,,,,,,,,,,,,,,,,,,,,,,,,,,,,,,,,,,,,,,,,,,,,,,,,,,,,,,,,,,,,,,,,,,,,,,,,,,,,,,,,,,,,,,,,,,,,,,,,,,,,,,,,,,,,,,,,,,,,,,False,STRUCTURAL,비데이터 행,,,unknown
758,4,MHI,ENC,#4 Franklin Farms #1,ENC-3,1,2026-09-20 00:00:00,,3,100,,,,,취부,,0,,,,,,,,,,,,,,,,,,A 동일,7,9,,,LOAD,,,,,,,,,,,,,,,,,,,,,,,,,,,,,,,,,,,,,,,,,,,,,,,,,,,,,,,,,,,,,,,,,,,,,,,,,,,,,,,,,,,,,,,,,,,,,,,,,,,,,,,,,,,,,,,,,,,,,,,,,,,,,,,,,,,,,,,,,,,,,,,,,,,,,,,,,,,,,,,,,,,,,,,,,,,,,,,,,,,,,,,,,,,,,,,,,,,,,,,,,,,,,,,,,,,,,,,,,,,,,,,,,,,,,,,,,,,,,,,,,,,,,,,,,,,,,,,,,,,,,,,,,,,,,,,,,,,False,STRUCTURAL,비데이터 행,,,unknown
758,5,MHI,ENC,#4 Franklin Farms #1,ENC-3,1,2026-09-20 00:00:00,,3,100,,,,,용접,,0,,,,,,,,,,,,,,,,,,A 동일,7,9,,,,,,,,,,,,,,,,,,,,,,,,,,,,,,,,,,,,,,,,,,,,,,,,,,,,,,,,,,,,,,,,,,,,,,,,,,,,,,,,,,,,,,,,,,,,,,,,,,,,,,,,,,,,,,,,,,,,,,,,,,,,,,,,,,,,,,,,,,,,,,,,,,,,,,,,,,,,,,,,,,,,,,,,,,,,,,,,,,,,,,,,,,,,,,,,,,,,,,,,,,,,,,,,,,,,,,,,,,,,,,,,,,,,,,,,,,,,,,,,,,,,,,,,,,,,,,,,,,,,,,,,,,,,,,,,,,,,,,False,STRUCTURAL,비데이터 행,,,unknown
758,6,MHI,ENC,#4 Franklin Farms #1,ENC-3,1,2026-09-20 00:00:00,,3,100,,,,,조립,,0,,,,,,,,,,,,,,,,,,A 동일,7,9,,,,,,,,,,,,,,,,,,,,,,,,,,,,,,,,,,,,,,,,,,,,,,,,,,,,,,,,,,,,,,,,,,,,,,,,,,,,,,,,,,,,,,,,,,,,,,,,,,,,,,,,,,,,,,,,,,,,,,,,,,,,,,,,,,,,,,,,,,,,,,,,,,,,,,,,,,,,,,,,,,,,,,,,,,,,,,,,,,,,,,,,,,,,,,,,,,,,,,,,,,,,,,,,,,,,,,,,,,,,,,,,,,,,,,,,,,,,,,,,,,,,,,,,,,,,,,,,,,,,,,,,,,,,,,,,,,,,,,False,STRUCTURAL,비데이터 행,,,unknown
758,7,MHI,ENC,#4 Franklin Farms #1,ENC-3,1,2026-09-20 00:00:00,,3,100,,,,,사상,,0,,,,,,,,,,,,,,,,,,A 동일,7,9,,,,,,,,,,,,,,,,,,,,,,,,,,,,,,,,,,,,,,,,,,,,,,,,,,,,,,,,,,,,,,,,,,,,,,,,,,,,,,,,,,,,,,,,,,,,,,,,,,,,,,,,,,,,,,,,,,,,,,,,,,,,,,,,,,,,,,,,,,,,,,,,,,,,,,,,,,,,,,,,,,,,,,,,,,,,,,,,,,,,,,,,,,,,,,,,,,,,,,,,,,,,,,,,,,,,,,,,,,,,,,,,,,,,,,,,,,,,,,,,,,,,,,,,,,,,,,,,,,,,,,,,,,,,,,,,,,,,,,False,STRUCTURAL,비데이터 행,,,unknown
758,9,MHI,ENC,#4 Franklin Farms #1,ENC-3,1,2026-09-20 00:00:00,,3,100,,,,,실적,,,,,,,,,,,,,,,,,,,,A 동일,7,9,,,,,,,,,,,,,,,,,,,,,,,,,,,,,,,,,,,,,,,,,,,,,,,,,,,,,,,,,,,,,,,,,,,,,,,,,,,,,,,,,,,,,,,,,,,,,,,,,,,,,,,,,,,,,,,,,,,,,,,,,,,,,,,,,,,,,,,,,,,,,,,,,,,,,,,,,,,,,,,,,,,,,,,,,,,,,,,,,,,,,,,,,,,,,,,,,,,,,,,,,,,,,,,,,,,,,,,,,,,,,,,,,,,,,,,,,,,,,,,,,,,,,,,,,,,,,,,,,,,,,,,,,,,,,,,,,,,,,,False,STRUCTURAL,비데이터 행,,,unknown
759,1,BHI,VS,Rabigh #4,VS-2,7,2026-09-20 00:00:00,46258,4,30,,,,,일자,미정,46195,46202,46205,46219,46230,46230,46247,46258,-,2026-08-28 00:00:00,46273,46275,46279,2026-09-16 00:00:00,46282,0%,,,미정,8,9,,,계획,46195,,46202,,46205,,46219,,46220,,46230,,46227,,46258,,46253,,46262,,46259,,46273,,46275,,46279,,46281,,46282,,,,,,,,,,,,,,,,,,,,,,,,,,,,,,,,,,,,,,,,,,,,,,,,,,,,,,,,,,,,,,,,,,,,,,,,,,,,,,,,,,,,,,,,,,,,,,,,,,,,,,,,,,,,,,,,,,,,,,,,,,,,,,,,,,,,,,,,,,,,,,,D,,,,,,,K,,,발S,,,,,,,,,,,,,,발F,가S,,,,,,,제S,-----,-----,가F,-----,-----,-----,-----,-----,-----,-----,-----,-----,-----,-----,-----,-----,-----,-----,-----,-----,-----,-----,-----,-----,-----,도S,-----,-----,-----,-----,제F,조S,,,도F,,,,,,,,,,,조F,,상,,,,검,,포,출,,,납,,,,,,,,,,,True,DATA_PLAN,,,,plan
759,2,BHI,VS,Rabigh #4,VS-2,7,2026-09-20 00:00:00,,4,30,,,,9/1->9/20,실행,미정,,,,,,,,,,,,,,,,,,,미정,8,9,,,,,,,,,,,,,,,,,,,,,,,,,,,,,,,,,,,,,,,,,,,,,,,,,,,,,,,,,,,,,,,,,,,,,,,,,,,,,,,,,,,,,,,,,,,,,,,,,,,,,,,,,,,,,,,,,,,,,,,,,,,,,,,,,,,,,,,,,,,,,,,,,,,,,,,,,,,,,,,,,,,,,,,,,,,,,,,,,,,,,,,,,,,,,,,,,,,,,,,,,,,,,,,,,,,,,,,,,,,,,,,,,,,,,,,,,,,,,,,,,,,,,,,,,,,,,,,,,,,,,,,,,,,,,,,,,,,,,,True,DATA_ACTUAL,,,,actual
759,3,BHI,VS,Rabigh #4,VS-2,7,2026-09-20 00:00:00,,4,30,,,,,미정,미정,,,,,,,,,-,,,,,,,,,,미정,8,9,,,실적,,0,,0,,0,,0,,0,,0,,,,0,,,,0,,,,0,,0,,0,,0,,0,,,,,,,,,,,,,,,,,,,,,,,,,,,,,,,,,,,,,,,,,,,,,,,,,,,,,,,,,,,,,,,,,,,,,,,,,,,,,,,,,,,,,,,,,,,,,,,,,,,,,,,,,,,,,,,,,,,,,,,,,,,,,,,,,,,,,,,,,,,,,,,,,,,,,,,,,,,,,,,,,,,,,,,,,,,,,,,,,,,,,,,,,,,,,,,,,,,,,,,,,,,,,,,,,,,,,,,,,,,,,,,,,,,,,,,,,,,,,,,,,,,False,STRUCTURAL,비데이터 행,,,unknown
759,4,BHI,VS,Rabigh #4,VS-2,7,2026-09-20 00:00:00,,4,30,,,,,취부,,0,,,,,,,,,,,,,,,,,,미정,8,9,,,LOAD,,,,,,,,,,,,,,,,,,,,,,,,,,,,,,,,,,,,,,,,,,,,,,,,,,,,,,,,,,,,,,,,,,,,,,,,,,,,,,,,,,,,,,,,,,,,,,,,,,,,,,,,,,,,,,,,,,,,,,,,,,,,,,,,,,,,,,,,,,,,,,,,,,,,,,,,,,,,,,,,,,,,,,,,,,,,,,,,,,,,,,,,,,,,,,,,,,,,,,,,,,,,,,,,,,,,,,,,,,,,,,,,,,,,,,,,,,,,,,,,,,,,,,,,,,,,,,,,,,,,,,,,,,,,,,,,,,,False,STRUCTURAL,비데이터 행,,,unknown
759,5,BHI,VS,Rabigh #4,VS-2,7,2026-09-20 00:00:00,,4,30,,,,,용접,,0,,,,,,,,,,,,,,,,,,미정,8,9,,,,,,,,,,,,,,,,,,,,,,,,,,,,,,,,,,,,,,,,,,,,,,,,,,,,,,,,,,,,,,,,,,,,,,,,,,,,,,,,,,,,,,,,,,,,,,,,,,,,,,,,,,,,,,,,,,,,,,,,,,,,,,,,,,,,,,,,,,,,,,,,,,,,,,,,,,,,,,,,,,,,,,,,,,,,,,,,,,,,,,,,,,,,,,,,,,,,,,,,,,,,,,,,,,,,,,,,,,,,,,,,,,,,,,,,,,,,,,,,,,,,,,,,,,,,,,,,,,,,,,,,,,,,,,,,,,,,,,False,STRUCTURAL,비데이터 행,,,unknown
759,6,BHI,VS,Rabigh #4,VS-2,7,2026-09-20 00:00:00,,4,30,,,,,조립,,0,,,,,,,,,,,,,,,,,,미정,8,9,,,,,,,,,,,,,,,,,,,,,,,,,,,,,,,,,,,,,,,,,,,,,,,,,,,,,,,,,,,,,,,,,,,,,,,,,,,,,,,,,,,,,,,,,,,,,,,,,,,,,,,,,,,,,,,,,,,,,,,,,,,,,,,,,,,,,,,,,,,,,,,,,,,,,,,,,,,,,,,,,,,,,,,,,,,,,,,,,,,,,,,,,,,,,,,,,,,,,,,,,,,,,,,,,,,,,,,,,,,,,,,,,,,,,,,,,,,,,,,,,,,,,,,,,,,,,,,,,,,,,,,,,,,,,,,,,,,,,,False,STRUCTURAL,비데이터 행,,,unknown
759,7,BHI,VS,Rabigh #4,VS-2,7,2026-09-20 00:00:00,,4,30,,,,,사상,,0,,,,,,,,,,,,,,,,,,미정,8,9,,,,,,,,,,,,,,,,,,,,,,,,,,,,,,,,,,,,,,,,,,,,,,,,,,,,,,,,,,,,,,,,,,,,,,,,,,,,,,,,,,,,,,,,,,,,,,,,,,,,,,,,,,,,,,,,,,,,,,,,,,,,,,,,,,,,,,,,,,,,,,,,,,,,,,,,,,,,,,,,,,,,,,,,,,,,,,,,,,,,,,,,,,,,,,,,,,,,,,,,,,,,,,,,,,,,,,,,,,,,,,,,,,,,,,,,,,,,,,,,,,,,,,,,,,,,,,,,,,,,,,,,,,,,,,,,,,,,,,False,STRUCTURAL,비데이터 행,,,unknown
759,9,BHI,VS,Rabigh #4,VS-2,7,2026-09-20 00:00:00,,4,30,,,,,실적,,,,,,,,,,,,,,,,,,,,미정,8,9,,,,,,,,,,,,,,,,,,,,,,,,,,,,,,,,,,,,,,,,,,,,,,,,,,,,,,,,,,,,,,,,,,,,,,,,,,,,,,,,,,,,,,,,,,,,,,,,,,,,,,,,,,,,,,,,,,,,,,,,,,,,,,,,,,,,,,,,,,,,,,,,,,,,,,,,,,,,,,,,,,,,,,,,,,,,,,,,,,,,,,,,,,,,,,,,,,,,,,,,,,,,,,,,,,,,,,,,,,,,,,,,,,,,,,,,,,,,,,,,,,,,,,,,,,,,,,,,,,,,,,,,,,,,,,,,,,,,,,False,STRUCTURAL,비데이터 행,,,unknown
760,1,HHI,SCR중,HMD4290,SCR-8,3,2026-09-22 00:00:00,46266,2,30,,전기,,4x3(B),일자,0,46205,46209,46210,46227,46245,46245,46259,46266,-,2026-09-07 00:00:00,46280,46281,46282,2026-09-18 00:00:00,46286,0%,,,0,9,9,,,계획,46205,,46209,,46210,,46227,,46230,,46245,,46246,,46266,,46267,,46272,,46273,,46280,,46281,,46282,,46283,,46286,,,,,,,,,,,,,,,,,,,,,,,,,,,,,,,,,,,,,,,,,,,,,,,,,,,,,,,,,,,,,,,,,,,,,,,,,,,,,,,,,,,,,,,,,,,,,,,,,,,,,,,,,,,,,,,,,,,,,,,,,,,,,,,,,,,,,,,,,,,,,,,,,,,,,,,,,D,,,,K,발S,,,,,,,,,,,,,,,,,발F,,,가S,,,,,,,,,,,,,,,가F,제S,-----,-----,-----,-----,-----,-----,-----,-----,-----,-----,-----,-----,-----,-----,-----,-----,-----,-----,-----,제F,도S,,,,,도F,조S,,,,,,,조F,상,검,포,,,출,납,,,,,,,,,True,DATA_PLAN,,,,plan
760,2,HHI,SCR중,HMD4290,SCR-8,3,2026-09-22 00:00:00,,2,30,,,,,실행,0,,,,,,,,,,,,,,,,,,,0,9,9,,,,,,,,,,,,,,,,,,,,,,,,,,,,,,,,,,,,,,,,,,,,,,,,,,,,,,,,,,,,,,,,,,,,,,,,,,,,,,,,,,,,,,,,,,,,,,,,,,,,,,,,,,,,,,,,,,,,,,,,,,,,,,,,,,,,,,,,,,,,,,,,,,,,,,,,,,,,,,,,,,,,,,,,,,,,,,,,,,,,,,,,,,,,,,,,,,,,,,,,,,,,,,,,,,,,,,,,,,,,,,,,,,,,,,,,,,,,,,,,,,,,,,,,,,,,,,,,,,,,,,,,,,,,,,,,,,,,,,True,DATA_ACTUAL,,,,actual
760,3,HHI,SCR중,HMD4290,SCR-8,3,2026-09-22 00:00:00,,2,30,,,,,,0,,,,,,,,,-,,,,,,,,,,0,9,9,,,실적,,0,,0,,0,,0,,0,,0,,,,0,,,,0,,,,0,,0,,0,,0,,0,,,,,,,,,,,,,,,,,,,,,,,,,,,,,,,,,,,,,,,,,,,,,,,,,,,,,,,,,,,,,,,,,,,,,,,,,,,,,,,,,,,,,,,,,,,,,,,,,,,,,,,,,,,,,,,,,,,,,,,,,,,,,,,,,,,,,,,,,,,,,,,,,,,,,,,,,,,,,,,,,,,,,,,,,,,,,,,,,,,,,,,,,,,,,,,,,,,,,,,,,,,,,,,,,,,,,,,,,,,,,,,,,,,,,,,,,,,,,,,,,,,False,STRUCTURAL,비데이터 행,,,unknown
760,4,HHI,SCR중,HMD4290,SCR-8,3,2026-09-22 00:00:00,,2,30,,,,,취부,,0,,,,,,,,,,,,,,,,,,0,9,9,,,LOAD,,,,,,,,,,,,,,,,,,,,,,,,,,,,,,,,,,,,,,,,,,,,,,,,,,,,,,,,,,,,,,,,,,,,,,,,,,,,,,,,,,,,,,,,,,,,,,,,,,,,,,,,,,,,,,,,,,,,,,,,,,,,,,,,,,,,,,,,,,,,,,,,,,,,,,,,,,,,,,,,,,,,,,,,,,,,,,,,,,,,,,,,,,,,,,,,,,,,,,,,,,,,,,,,,,,,,,,,,,,,,,,,,,,,,,,,,,,,,,,,,,,,,,,,,,,,,,,,,,,,,,,,,,,,,,,,,,,False,STRUCTURAL,비데이터 행,,,unknown
760,5,HHI,SCR중,HMD4290,SCR-8,3,2026-09-22 00:00:00,,2,30,,,,,용접,,0,,,,,,,,,,,,,,,,,,0,9,9,,,,,,,,,,,,,,,,,,,,,,,,,,,,,,,,,,,,,,,,,,,,,,,,,,,,,,,,,,,,,,,,,,,,,,,,,,,,,,,,,,,,,,,,,,,,,,,,,,,,,,,,,,,,,,,,,,,,,,,,,,,,,,,,,,,,,,,,,,,,,,,,,,,,,,,,,,,,,,,,,,,,,,,,,,,,,,,,,,,,,,,,,,,,,,,,,,,,,,,,,,,,,,,,,,,,,,,,,,,,,,,,,,,,,,,,,,,,,,,,,,,,,,,,,,,,,,,,,,,,,,,,,,,,,,,,,,,,,,False,STRUCTURAL,비데이터 행,,,unknown
760,6,HHI,SCR중,HMD4290,SCR-8,3,2026-09-22 00:00:00,,2,30,,,,,조립,,6,,,,,,,,,,,,,,,,,,0,9,9,,,,,,,,,,,,,,,,,,,,,,,,,,,,,,,,,,,,,,2,2,2,,,,,,,,,,,,,,,,,,,,,,,,,,,,,,,,,,,,,,,,,,,,,,,,,,,,,,,,,,,,,,,,,,,,,,,,,,,,,,,,,,,,,,,,,,,,,,,,,,,,,,,,,,,,,,,,,,,,,,,,,,,,,,,,,,,,,,,,,,,,,,,,,,,,,,,,,,,,,,,,,,,,,,,,,,,,,,,,,,,,,,,,,,,,,,,,,,,,,,,,,,,,,,,,,,,,,,,,,,,,,,,,,,,,,,,,,,,,,,False,STRUCTURAL,비데이터 행,,,unknown
760,7,HHI,SCR중,HMD4290,SCR-8,3,2026-09-22 00:00:00,,2,30,,,,,사상,,0,,,,,,,,,,,,,,,,,,0,9,9,,,,,,,,,,,,,,,,,,,,,,,,,,,,,,,,,,,,,,,,,,,,,,,,,,,,,,,,,,,,,,,,,,,,,,,,,,,,,,,,,,,,,,,,,,,,,,,,,,,,,,,,,,,,,,,,,,,,,,,,,,,,,,,,,,,,,,,,,,,,,,,,,,,,,,,,,,,,,,,,,,,,,,,,,,,,,,,,,,,,,,,,,,,,,,,,,,,,,,,,,,,,,,,,,,,,,,,,,,,,,,,,,,,,,,,,,,,,,,,,,,,,,,,,,,,,,,,,,,,,,,,,,,,,,,,,,,,,,,False,STRUCTURAL,비데이터 행,,,unknown
760,9,HHI,SCR중,HMD4290,SCR-8,3,2026-09-22 00:00:00,,2,30,,,,,실적,,,,,,,,,,,,,,,,,,,,0,9,9,,,,,,,,,,,,,,,,,,,,,,,,,,,,,,,,,,,,,,,,,,,,,,,,,,,,,,,,,,,,,,,,,,,,,,,,,,,,,,,,,,,,,,,,,,,,,,,,,,,,,,,,,,,,,,,,,,,,,,,,,,,,,,,,,,,,,,,,,,,,,,,,,,,,,,,,,,,,,,,,,,,,,,,,,,,,,,,,,,,,,,,,,,,,,,,,,,,,,,,,,,,,,,,,,,,,,,,,,,,,,,,,,,,,,,,,,,,,,,,,,,,,,,,,,,,,,,,,,,,,,,,,,,,,,,,,,,,,,,False,STRUCTURAL,비데이터 행,,,unknown
761,1,HHI,SCR중,SH8317,SCR-7,5,2026-09-23 00:00:00,46266,2,30,,전기,,5x5(B),일자,미정,46206,46210,46211,46225,46234,46234,46258,46266,-,2026-09-08 00:00:00,46281,46282,46283,2026-09-21 00:00:00,46287,0%,,,미정,9,9,,,계획,46206,,46210,,46211,,46225,,46226,,46234,,46244,,46266,,46268,,46273,,46274,,46281,,46282,,46283,,46286,,46287,,,,,,,,,,,,,,,,,,,,,,,,,,,,,,,,,,,,,,,,,,,,,,,,,,,,,,,,,,,,,,,,,,,,,,,,,,,,,,,,,,,,,,,,,,,,,,,,,,,,,,,,,,,,,,,,,,,,,,,,,,,,,,,,,,,,,,,,,,,,,,,,,,,,,,,,,,D,,,,K,발S,,,,,,,,,,,,,,발F,가S,,,,,,,,가F,,,,,,,,,,제S,-----,-----,-----,-----,-----,-----,-----,-----,-----,-----,-----,-----,-----,-----,-----,-----,-----,-----,-----,-----,-----,제F,,도S,,,,,도F,조S,,,,,,,조F,상,검,,,포,출,납,,,,,,,,True,DATA_PLAN,,,,plan
761,2,HHI,SCR중,SH8317,SCR-7,5,2026-09-23 00:00:00,,2,30,,,,,실행,미정,,,,,,,,,,,,,,,,,,,미정,9,9,,,,,,,,,,,,,,,,,,,,,,,,,,,,,,,,,,,,,,,,,,,,,,,,,,,,,,,,,,,,,,,,,,,,,,,,,,,,,,,,,,,,,,,,,,,,,,,,,,,,,,,,,,,,,,,,,,,,,,,,,,,,,,,,,,,,,,,,,,,,,,,,,,,,,,,,,,,,,,,,,,,,,,,,,,,,,,,,,,,,,,,,,,,,,,,,,,,,,,,,,,,,,,,,,,,,,,,,,,,,,,,,,,,,,,,,,,,,,,,,,,,,,,,,,,,,,,,,,,,,,,,,,,,,,,,,,,,,,,True,DATA_ACTUAL,,,,actual
761,3,HHI,SCR중,SH8317,SCR-7,5,2026-09-23 00:00:00,,2,30,,,,,미정,미정,,,,,,,,,-,,,,,,,,,,미정,9,9,,,실적,,0,,0,,0,,0,,0,,0,,,,0,,,,0,,,,0,,0,,0,,0,,0,,,,,,,,,,,,,,,,,,,,,,,,,,,,,,,,,,,,,,,,,,,,,,,,,,,,,,,,,,,,,,,,,,,,,,,,,,,,,,,,,,,,,,,,,,,,,,,,,,,,,,,,,,,,,,,,,,,,,,,,,,,,,,,,,,,,,,,,,,,,,,,,,,,,,,,,,,,,,,,,,,,,,,,,,,,,,,,,,,,,,,,,,,,,,,,,,,,,,,,,,,,,,,,,,,,,,,,,,,,,,,,,,,,,,,,,,,,,,,,,,,,False,STRUCTURAL,비데이터 행,,,unknown
761,4,HHI,SCR중,SH8317,SCR-7,5,2026-09-23 00:00:00,,2,30,,,,,취부,,0,,,,,,,,,,,,,,,,,,미정,9,9,,,LOAD,,,,,,,,,,,,,,,,,,,,,,,,,,,,,,,,,,,,,,,,,,,,,,,,,,,,,,,,,,,,,,,,,,,,,,,,,,,,,,,,,,,,,,,,,,,,,,,,,,,,,,,,,,,,,,,,,,,,,,,,,,,,,,,,,,,,,,,,,,,,,,,,,,,,,,,,,,,,,,,,,,,,,,,,,,,,,,,,,,,,,,,,,,,,,,,,,,,,,,,,,,,,,,,,,,,,,,,,,,,,,,,,,,,,,,,,,,,,,,,,,,,,,,,,,,,,,,,,,,,,,,,,,,,,,,,,,,,False,STRUCTURAL,비데이터 행,,,unknown
761,5,HHI,SCR중,SH8317,SCR-7,5,2026-09-23 00:00:00,,2,30,,,,,용접,,0,,,,,,,,,,,,,,,,,,미정,9,9,,,,,,,,,,,,,,,,,,,,,,,,,,,,,,,,,,,,,,,,,,,,,,,,,,,,,,,,,,,,,,,,,,,,,,,,,,,,,,,,,,,,,,,,,,,,,,,,,,,,,,,,,,,,,,,,,,,,,,,,,,,,,,,,,,,,,,,,,,,,,,,,,,,,,,,,,,,,,,,,,,,,,,,,,,,,,,,,,,,,,,,,,,,,,,,,,,,,,,,,,,,,,,,,,,,,,,,,,,,,,,,,,,,,,,,,,,,,,,,,,,,,,,,,,,,,,,,,,,,,,,,,,,,,,,,,,,,,,,False,STRUCTURAL,비데이터 행,,,unknown
761,6,HHI,SCR중,SH8317,SCR-7,5,2026-09-23 00:00:00,,2,30,,,,,조립,,6,,,,,,,,,,,,,,,,,,미정,9,9,,,,,,,,,,,,,,,,,,,,,,,,,,,,,,,,,,,,,,,,,,,,,,,,,,,,,,,,,,,,,,,,,,,,,,,,,,,,,,,,,,,,,,,,,,,,,,,,,,,,,,,,,,,,,,,,,,,,,,,,,,,,,,,,,,,,,,,,,,,,,,,,,,,,,,,,,,,,,,,,,,,,,,,,,,,,,,,,,,,,,,,,,,,,,,,,,,,,,,,,,,,,,,,,,,,,2,2,2,,,,,,,,,,,,,,,,,,,,,,,,,,,,,,,,,,,,,,,,,,,,,,,,,,,,,,,,,,,,,,,,False,STRUCTURAL,비데이터 행,,,unknown
761,7,HHI,SCR중,SH8317,SCR-7,5,2026-09-23 00:00:00,,2,30,,,,,사상,,0,,,,,,,,,,,,,,,,,,미정,9,9,,,,,,,,,,,,,,,,,,,,,,,,,,,,,,,,,,,,,,,,,,,,,,,,,,,,,,,,,,,,,,,,,,,,,,,,,,,,,,,,,,,,,,,,,,,,,,,,,,,,,,,,,,,,,,,,,,,,,,,,,,,,,,,,,,,,,,,,,,,,,,,,,,,,,,,,,,,,,,,,,,,,,,,,,,,,,,,,,,,,,,,,,,,,,,,,,,,,,,,,,,,,,,,,,,,,,,,,,,,,,,,,,,,,,,,,,,,,,,,,,,,,,,,,,,,,,,,,,,,,,,,,,,,,,,,,,,,,,,False,STRUCTURAL,비데이터 행,,,unknown
761,9,HHI,SCR중,SH8317,SCR-7,5,2026-09-23 00:00:00,,2,30,,,,,실적,,,,,,,,,,,,,,,,,,,,미정,9,9,,,,,,,,,,,,,,,,,,,,,,,,,,,,,,,,,,,,,,,,,,,,,,,,,,,,,,,,,,,,,,,,,,,,,,,,,,,,,,,,,,,,,,,,,,,,,,,,,,,,,,,,,,,,,,,,,,,,,,,,,,,,,,,,,,,,,,,,,,,,,,,,,,,,,,,,,,,,,,,,,,,,,,,,,,,,,,,,,,,,,,,,,,,,,,,,,,,,,,,,,,,,,,,,,,,,,,,,,,,,,,,,,,,,,,,,,,,,,,,,,,,,,,,,,,,,,,,,,,,,,,,,,,,,,,,,,,,,,,False,STRUCTURAL,비데이터 행,,,unknown
762,1,HHI,EGP,"SB688, 689",E-1,6,2026-09-23 00:00:00,46235,4,20,,,,,일자,F JK플랜트,46146,46155,46160,46178,46202,46202,46220,46235,-,2026-08-26 00:00:00,46271,46272,46274,2026-09-12 00:00:00,46279,0%,,,F JK플랜트,8,9,,,계획,46146,,46155,,46160,,46178,,46181,,46202,,46191,,46235,,46240,,46260,,46247,,46271,,46272,,46274,,46277,,46279,,,,,,,,,,,,,,,,,,,,,,,,,,,,,,,,,,,,,,,,,,,,,,,,,,,,,,,,,,,,,,,,,,,,,,,,,,,,,,,,,,,,,,,,,,,,,,D,,,,,,,,,K,,,,,발S,,,,,,,,,,,,,,,,,,발F,,,가S,,,,,,,,,,제S,-----,-----,-----,-----,-----,-----,-----,-----,-----,-----,가F,-----,-----,-----,-----,-----,-----,-----,-----,-----,-----,-----,-----,-----,-----,-----,-----,-----,-----,-----,-----,-----,-----,-----,-----,-----,-----,-----,-----,-----,-----,-----,-----,제F,,,,,도S,,,,,,,조S,,,,,,,,,,,,,도F,,,,,,,,,,,조F,상,,검,,,포,,출,,,,,,,,,납,,,,,,,,True,DATA_PLAN,,,,plan
762,2,HHI,EGP,"SB688, 689",E-1,6,2026-09-23 00:00:00,,4,20,,,,,실행,F JK플랜트,,,,,,,,,,,,,,,,,,,F JK플랜트,8,9,,,,,,,,,,,,,,,,,,,,,,,,,,,,,,,,,,,,,,,,,,,,,,,,,,,,,,,,,,,,,,,,,,,,,,,,,,,,,,,,,,,,,,,,,,,,,,,,,,,,,,,,,,,,,,,,,,,,,,,,,,,,,,,,,,,,,,,,,,,,,,,,,,,,,,,,,,,,,,,,,,,,,,,,,,,,,,,,,,,,,,,,,,,,,,,,,,,,,,,,,,,,,,,,,,,,,,,,,,,,,,,,,,,,,,,,,,,,,,,,,,,,,,,,,,,,,,,,,,,,,,,,,,,,,,,,,,,,,,True,DATA_ACTUAL,,,,actual
762,3,HHI,EGP,"SB688, 689",E-1,6,2026-09-23 00:00:00,,4,20,,,,,F JK플랜트,F JK플랜트,,,,,,,,,-,,,,,,,,,,F JK플랜트,8,9,,,실적,,0,,0,,0,,0,,0,,0,,,,0,,,,0,,,,0,,0,,0,,0,,0,,,,,,,,,,,,,,,,,,,,,,,,,,,,,,,,,,,,,,,,,,,,,,,,,,,,,,,,,,,,,,,,,,,,,,,,,,,,,,,,,,,,,,,,,,,,,,,,,,,,,,,,,,,,,,,,,,,,,,,,,,,,,,,,,,,,,,,,,,,,,,,,,,,,,,,,,,,,,,,,,,,,,,,,,,,,,,,,,,,,,,,,,,,,,,,,,,,,,,,,,,,,,,,,,,,,,,,,,,,,,,,,,,,,,,,,,,,,,,,,,,,False,STRUCTURAL,비데이터 행,,,unknown
762,4,HHI,EGP,"SB688, 689",E-1,6,2026-09-23 00:00:00,,4,20,,,,,취부,,0,,,,,,,,,,,,,,,,,,F JK플랜트,8,9,,,LOAD,,,,,,,,,,,,,,,,,,,,,,,,,,,,,,,,,,,,,,,,,,,,,,,,,,,,,,,,,,,,,,,,,,,,,,,,,,,,,,,,,,,,,,,,,,,,,,,,,,,,,,,,,,,,,,,,,,,,,,,,,,,,,,,,,,,,,,,,,,,,,,,,,,,,,,,,,,,,,,,,,,,,,,,,,,,,,,,,,,,,,,,,,,,,,,,,,,,,,,,,,,,,,,,,,,,,,,,,,,,,,,,,,,,,,,,,,,,,,,,,,,,,,,,,,,,,,,,,,,,,,,,,,,,,,,,,,,,False,STRUCTURAL,비데이터 행,,,unknown
762,5,HHI,EGP,"SB688, 689",E-1,6,2026-09-23 00:00:00,,4,20,,,,,용접,,0,,,,,,,,,,,,,,,,,,F JK플랜트,8,9,,,,,,,,,,,,,,,,,,,,,,,,,,,,,,,,,,,,,,,,,,,,,,,,,,,,,,,,,,,,,,,,,,,,,,,,,,,,,,,,,,,,,,,,,,,,,,,,,,,,,,,,,,,,,,,,,,,,,,,,,,,,,,,,,,,,,,,,,,,,,,,,,,,,,,,,,,,,,,,,,,,,,,,,,,,,,,,,,,,,,,,,,,,,,,,,,,,,,,,,,,,,,,,,,,,,,,,,,,,,,,,,,,,,,,,,,,,,,,,,,,,,,,,,,,,,,,,,,,,,,,,,,,,,,,,,,,,,,,False,STRUCTURAL,비데이터 행,,,unknown
762,6,HHI,EGP,"SB688, 689",E-1,6,2026-09-23 00:00:00,,4,20,,,,,조립,,0,,,,,,,,,,,,,,,,,,F JK플랜트,8,9,,,,,,,,,,,,,,,,,,,,,,,,,,,,,,,,,,,,,,,,,,,,,,,,,,,,,,,,,,,,,,,,,,,,,,,,,,,,,,,,,,,,,,,,,,,,,,,,,,,,,,,,,,,,,,,,,,,,,,,,,,,,,,,,,,,,,,,,,,,,,,,,,,,,,,,,,,,,,,,,,,,,,,,,,,,,,,,,,,,,,,,,,,,,,,,,,,,,,,,,,,,,,,,,,,,,,,,,,,,,,,,,,,,,,,,,,,,,,,,,,,,,,,,,,,,,,,,,,,,,,,,,,,,,,,,,,,,,,,False,STRUCTURAL,비데이터 행,,,unknown
762,7,HHI,EGP,"SB688, 689",E-1,6,2026-09-23 00:00:00,,4,20,,,,,사상,,0,,,,,,,,,,,,,,,,,,F JK플랜트,8,9,,,,,,,,,,,,,,,,,,,,,,,,,,,,,,,,,,,,,,,,,,,,,,,,,,,,,,,,,,,,,,,,,,,,,,,,,,,,,,,,,,,,,,,,,,,,,,,,,,,,,,,,,,,,,,,,,,,,,,,,,,,,,,,,,,,,,,,,,,,,,,,,,,,,,,,,,,,,,,,,,,,,,,,,,,,,,,,,,,,,,,,,,,,,,,,,,,,,,,,,,,,,,,,,,,,,,,,,,,,,,,,,,,,,,,,,,,,,,,,,,,,,,,,,,,,,,,,,,,,,,,,,,,,,,,,,,,,,,,False,STRUCTURAL,비데이터 행,,,unknown
762,9,HHI,EGP,"SB688, 689",E-1,6,2026-09-23 00:00:00,,4,20,,,,,실적,,45807,,,,,,,,,,,,,,,,,,F JK플랜트,8,9,,,,,,,,,,,,,,,,,,,,,,,,,,,,,,,,,,,,,,,,,,,,,,,,,,,,,,,,,,,,,,,,,,,,,,,,,,,,,,,,,,,,,,,,,,,,,,,,,,,,,,,,,,,,,,,,,,,,,,,,,,,,,,,,,,,,,,,,,,,,,,,,,,,,,,,,,,,,,,,,,,,,,,,,,,,,,,,,,,,,,,,,,,,,,,,,,,,,,,,,,,,,,,,,,,,,,,,,,,,,,,,,,,,,,,,,,,,,,,,,,,,,,,,,,,,,,,,,,,,,,,,,,,,,,,,,,,,,,,False,STRUCTURAL,비데이터 행,,,unknown
763,1,HHI,EGP,N293,EGP-2,4,2026-09-24 00:00:00,46289,4,20,,,,도면미출도,일자,C 에이스,,,,,,,,,-,,,,,,,0%,,,C 에이스,0xf,9,,,계획,,,,,,,,,,,,,,,,,,,,,,,,,,,,,,,,,,,,,,,,,,,,,,,,,,,,,,,,,,,,,,,,,,,,,,,,,,,,,,,,,,,,,,,,,,,,,,,,,,,,,,,,,,,,,,,,,,,,,,,,,,,,,,,,,,,,,,,,,,,,,,,,,,,,,,,,,,,,,,,,,,,,,,,,,,,,,,,,,,,,,,,,,,,,,,,,,,,,,,,,,,,,,,,,,,,,,,,,,,,,,,,,,,,,,,,,,,,,,,,,,,,,,,,,,,,,,,,,,,,,,,,,,,,,납,,,,,,,True,DATA_PLAN,,,,plan
763,2,HHI,EGP,N293,EGP-2,4,2026-09-24 00:00:00,,4,20,,,,10/7→9/24,실행,C 에이스,,,,,,,,,,,,,,,,,,,C 에이스,0xf,9,,,,,,,,,,,,,,,,,,,,,,,,,,,,,,,,,,,,,,,,,,,,,,,,,,,,,,,,,,,,,,,,,,,,,,,,,,,,,,,,,,,,,,,,,,,,,,,,,,,,,,,,,,,,,,,,,,,,,,,,,,,,,,,,,,,,,,,,,,,,,,,,,,,,,,,,,,,,,,,,,,,,,,,,,,,,,,,,,,,,,,,,,,,,,,,,,,,,,,,,,,,,,,,,,,,,,,,,,,,,,,,,,,,,,,,,,,,,,,,,,,,,,,,,,,,,,,,,,,,,,,,,,,,,,,,,,,,,,,True,DATA_ACTUAL,,,,actual
763,3,HHI,EGP,N293,EGP-2,4,2026-09-24 00:00:00,,4,20,,,,,C 에이스,C 에이스,,,,,,,,,-,,,,,,,,,,C 에이스,0xf,9,,,실적,,0,,0,,0,,0,,,,0,,,,0,,,,0,,,,0,,0,,0,,0,,0,,,,,,,,,,,,,,,,,,,,,,,,,,,,,,,,,,,,,,,,,,,,,,,,,,,,,,,,,,,,,,,,,,,,,,,,,,,,,,,,,,,,,,,,,,,,,,,,,,,,,,,,,,,,,,,,,,,,,,,,,,,,,,,,,,,,,,,,,,,,,,,,,,,,,,,,,,,,,,,,,,,,,,,,,,,,,,,,,,,,,,,,,,,,,,,,,,,,,,,,,,,,,,,,,,,,,,,,,,,,,,,,,,,,,,,,,,,,,,,,,,,False,STRUCTURAL,비데이터 행,,,unknown
763,4,HHI,EGP,N293,EGP-2,4,2026-09-24 00:00:00,,4,20,,,,,취부,,0,,,,,,,,,,,,,,,,,,C 에이스,0xf,9,,,LOAD,,,,,,,,,,,,,,,,,,,,,,,,,,,,,,,,,,,,,,,,,,,,,,,,,,,,,,,,,,,,,,,,,,,,,,,,,,,,,,,,,,,,,,,,,,,,,,,,,,,,,,,,,,,,,,,,,,,,,,,,,,,,,,,,,,,,,,,,,,,,,,,,,,,,,,,,,,,,,,,,,,,,,,,,,,,,,,,,,,,,,,,,,,,,,,,,,,,,,,,,,,,,,,,,,,,,,,,,,,,,,,,,,,,,,,,,,,,,,,,,,,,,,,,,,,,,,,,,,,,,,,,,,,,,,,,,,,,False,STRUCTURAL,비데이터 행,,,unknown
763,5,HHI,EGP,N293,EGP-2,4,2026-09-24 00:00:00,,4,20,,,,,용접,,0,,,,,,,,,,,,,,,,,,C 에이스,0xf,9,,,,,,,,,,,,,,,,,,,,,,,,,,,,,,,,,,,,,,,,,,,,,,,,,,,,,,,,,,,,,,,,,,,,,,,,,,,,,,,,,,,,,,,,,,,,,,,,,,,,,,,,,,,,,,,,,,,,,,,,,,,,,,,,,,,,,,,,,,,,,,,,,,,,,,,,,,,,,,,,,,,,,,,,,,,,,,,,,,,,,,,,,,,,,,,,,,,,,,,,,,,,,,,,,,,,,,,,,,,,,,,,,,,,,,,,,,,,,,,,,,,,,,,,,,,,,,,,,,,,,,,,,,,,,,,,,,,,,,False,STRUCTURAL,비데이터 행,,,unknown
763,6,HHI,EGP,N293,EGP-2,4,2026-09-24 00:00:00,,4,20,,,,,조립,,0,,,,,,,,,,,,,,,,,,C 에이스,0xf,9,,,,,,,,,,,,,,,,,,,,,,,,,,,,,,,,,,,,,,,,,,,,,,,,,,,,,,,,,,,,,,,,,,,,,,,,,,,,,,,,,,,,,,,,,,,,,,,,,,,,,,,,,,,,,,,,,,,,,,,,,,,,,,,,,,,,,,,,,,,,,,,,,,,,,,,,,,,,,,,,,,,,,,,,,,,,,,,,,,,,,,,,,,,,,,,,,,,,,,,,,,,,,,,,,,,,,,,,,,,,,,,,,,,,,,,,,,,,,,,,,,,,,,,,,,,,,,,,,,,,,,,,,,,,,,,,,,,,,,False,STRUCTURAL,비데이터 행,,,unknown
763,7,HHI,EGP,N293,EGP-2,4,2026-09-24 00:00:00,,4,20,,,,,사상,,0,,,,,,,,,,,,,,,,,,C 에이스,0xf,9,,,,,,,,,,,,,,,,,,,,,,,,,,,,,,,,,,,,,,,,,,,,,,,,,,,,,,,,,,,,,,,,,,,,,,,,,,,,,,,,,,,,,,,,,,,,,,,,,,,,,,,,,,,,,,,,,,,,,,,,,,,,,,,,,,,,,,,,,,,,,,,,,,,,,,,,,,,,,,,,,,,,,,,,,,,,,,,,,,,,,,,,,,,,,,,,,,,,,,,,,,,,,,,,,,,,,,,,,,,,,,,,,,,,,,,,,,,,,,,,,,,,,,,,,,,,,,,,,,,,,,,,,,,,,,,,,,,,,,False,STRUCTURAL,비데이터 행,,,unknown
763,9,HHI,EGP,N293,EGP-2,4,2026-09-24 00:00:00,,4,20,,,,,실적,,,,,,,,,,,,,,,,,,,,C 에이스,0xf,9,,,,,,,,,,,,,,,,,,,,,,,,,,,,,,,,,,,,,,,,,,,,,,,,,,,,,,,,,,,,,,,,,,,,,,,,,,,,,,,,,,,,,,,,,,,,,,,,,,,,,,,,,,,,,,,,,,,,,,,,,,,,,,,,,,,,,,,,,,,,,,,,,,,,,,,,,,,,,,,,,,,,,,,,,,,,,,,,,,,,,,,,,,,,,,,,,,,,,,,,,,,,,,,,,,,,,,,,,,,,,,,,,,,,,,,,,,,,,,,,,,,,,,,,,,,,,,,,,,,,,,,,,,,,,,,,,,,,,,False,STRUCTURAL,비데이터 행,,,unknown
764,1,HHI,EGP,H2845,EGP-2,3,2026-09-25 00:00:00,46129,4,20,,,,외부함석,일자,J 해림ENG,46080,46090,46091,46105,46114,46114,46124,46129,-,2026-04-22 00:00:00,46155,46156,46157,2026-05-18 00:00:00,46161,0.25,,,J 해림ENG,4,9,,,계획,46080,,46090,,46091,,46105,,46106,,46114,,46115,,46129,,46133,,46134,,46135,,46155,,46156,,46157,,46160,,46161,,,,,,,,,,,,,,,,,,,,,,,,,,,,D,,,,,,,,,,K,발S,,,,,,,,,,,,,,발F,가S,,,,,,,,가F,제S,-----,-----,-----,-----,-----,-----,-----,-----,-----,-----,-----,-----,-----,제F,,,,도S,도F,조S,,,,,,,,,,,,,,,,,,,,조F,상,검,,,포,출,,,,,,,,,,,,,,,,,,,,,,,,,,,,,,,,,,,,,,,,,,,,,,,,,,,,,,,,,,,,,,,,,,,,,,,,,,,,,,,,,,,,,,,,,,,,,,,,,,,,,,,,,,,,,,,,,,,,,,,,,,,,,,,,,납,,,,,,True,DATA_PLAN,,,,plan
764,2,HHI,EGP,H2845,EGP-2,3,2026-09-25 00:00:00,,4,20,,,,5/20->9/25,실행,J 해림ENG,45961,45974,,,,,,,,,,,,,,,,,J 해림ENG,4,9,,,,,,,,,,,,,,,,,,,,,,,,,,,,,,,,,,,,,,,,,,,,,,,,,,,,,,,,,,,,,,,,,,,,,,,,,,,,,,,,,,,,,,,,,,,,,,,,,,,,,,,,,,,,,,,,,,,,,,,,,,,,,,,,,,,,,,,,,,,,,,,,,,,,,,,,,,,,,,,,,,,,,,,,,,,,,,,,,,,,,,,,,,,,,,,,,,,,,,,,,,,,,,,,,,,,,,,,,,,,,,,,,,,,,,,,,,,,,,,,,,,,,,,,,,,,,,,,,,,,,,,,,,,,,,,,,,,,,,True,DATA_ACTUAL,,,,actual
764,3,HHI,EGP,H2845,EGP-2,3,2026-09-25 00:00:00,,4,20,,,,,J 해림ENG,J 해림ENG,119,116,,,,,,,-,,,,,,,,,,J 해림ENG,4,9,,,실적,,45961,,45974,,0,,0,,,,0,,,,0,,,,0,,,,0,,0,,0,,0,,0,,,,,,,,,,,,,,,,,,,,,,,,,,,,,,,,,,,,,,,,,,,,,,,,,,,,,,,,,,,,,,,,,,,,,,,,,,,,,,,,,,,,,,,,,,,,,,,,,,,,,,,,,,,,,,,,,,,,,,,,,,,,,,,,,,,,,,,,,,,,,,,,,,,,,,,,,,,,,,,,,,,,,,,,,,,,,,,,,,,,,,,,,,,,,,,,,,,,,,,,,,,,,,,,,,,,,,,,,,,,,,,,,,,,,,,,,,,,,,,,,,,False,STRUCTURAL,비데이터 행,,,unknown
764,4,HHI,EGP,H2845,EGP-2,3,2026-09-25 00:00:00,,4,20,,,,,취부,,0,,,,,,,,,,,,,,,,,,J 해림ENG,4,9,,,LOAD,,,,,,,,,,,,,,,,,,,,,,,,,,,,,,,,,,,,,,,,,,,,,,,,,,,,,,,,,,,,,,,,,,,,,,,,,,,,,,,,,,,,,,,,,,,,,,,,,,,,,,,,,,,,,,,,,,,,,,,,,,,,,,,,,,,,,,,,,,,,,,,,,,,,,,,,,,,,,,,,,,,,,,,,,,,,,,,,,,,,,,,,,,,,,,,,,,,,,,,,,,,,,,,,,,,,,,,,,,,,,,,,,,,,,,,,,,,,,,,,,,,,,,,,,,,,,,,,,,,,,,,,,,,,,,,,,,,False,STRUCTURAL,비데이터 행,,,unknown
764,5,HHI,EGP,H2845,EGP-2,3,2026-09-25 00:00:00,,4,20,,,,,용접,,0,,,,,,,,,,,,,,,,,,J 해림ENG,4,9,,,,,,,,,,,,,,,,,,,,,,,,,,,,,,,,,,,,,,,,,,,,,,,,,,,,,,,,,,,,,,,,,,,,,,,,,,,,,,,,,,,,,,,,,,,,,,,,,,,,,,,,,,,,,,,,,,,,,,,,,,,,,,,,,,,,,,,,,,,,,,,,,,,,,,,,,,,,,,,,,,,,,,,,,,,,,,,,,,,,,,,,,,,,,,,,,,,,,,,,,,,,,,,,,,,,,,,,,,,,,,,,,,,,,,,,,,,,,,,,,,,,,,,,,,,,,,,,,,,,,,,,,,,,,,,,,,,,,,False,STRUCTURAL,비데이터 행,,,unknown
764,6,HHI,EGP,H2845,EGP-2,3,2026-09-25 00:00:00,,4,20,,,,,조립,,0,,,,,,,,,,,,,,,,,,J 해림ENG,4,9,,,,,,,,,,,,,,,,,,,,,,,,,,,,,,,,,,,,,,,,,,,,,,,,,,,,,,,,,,,,,,,,,,,,,,,,,,,,,,,,,,,,,,,,,,,,,,,,,,,,,,,,,,,,,,,,,,,,,,,,,,,,,,,,,,,,,,,,,,,,,,,,,,,,,,,,,,,,,,,,,,,,,,,,,,,,,,,,,,,,,,,,,,,,,,,,,,,,,,,,,,,,,,,,,,,,,,,,,,,,,,,,,,,,,,,,,,,,,,,,,,,,,,,,,,,,,,,,,,,,,,,,,,,,,,,,,,,,,,False,STRUCTURAL,비데이터 행,,,unknown
764,7,HHI,EGP,H2845,EGP-2,3,2026-09-25 00:00:00,,4,20,,,,,사상,,0,,,,,,,,,,,,,,,,,,J 해림ENG,4,9,,,,,,,,,,,,,,,,,,,,,,,,,,,,,,,,,,,,,,,,,,,,,,,,,,,,,,,,,,,,,,,,,,,,,,,,,,,,,,,,,,,,,,,,,,,,,,,,,,,,,,,,,,,,,,,,,,,,,,,,,,,,,,,,,,,,,,,,,,,,,,,,,,,,,,,,,,,,,,,,,,,,,,,,,,,,,,,,,,,,,,,,,,,,,,,,,,,,,,,,,,,,,,,,,,,,,,,,,,,,,,,,,,,,,,,,,,,,,,,,,,,,,,,,,,,,,,,,,,,,,,,,,,,,,,,,,,,,,,False,STRUCTURAL,비데이터 행,,,unknown
764,9,HHI,EGP,H2845,EGP-2,3,2026-09-25 00:00:00,,4,20,,,,,실적,,,,,,,,,,,,,,,,,,,,J 해림ENG,4,9,,,,,,,,,,,,,,,,,,,,,,,,,,,,,,,,,,,,,,,,,,,,,,,,,,,,,,,,,,,,,,,,,,,,,,,,,,,,,,,,,,,,,,,,,,,,,,,,,,,,,,,,,,,,,,,,,,,,,,,,,,,,,,,,,,,,,,,,,,,,,,,,,,,,,,,,,,,,,,,,,,,,,,,,,,,,,,,,,,,,,,,,,,,,,,,,,,,,,,,,,,,,,,,,,,,,,,,,,,,,,,,,,,,,,,,,,,,,,,,,,,,,,,,,,,,,,,,,,,,,,,,,,,,,,,,,,,,,,,False,STRUCTURAL,비데이터 행,,,unknown
765,1,HHI,SCR중,S042,SCR-7,4,2026-09-29 00:00:00,46294,2,30,,전기,X,3X3(B)(2) 4X4(B)(2),일자,0,,,,,,,,,-,,,,,,,0%,,,0,0xf,9,,,계획,,,,,,,,,,,,,,,,,,,,,,,,,,,,,,,,,,,,,,,,,,,,,,,,,,,,,,,,,,,,,,,,,,,,,,,,,,,,,,,,,,,,,,,,,,,,,,,,,,,,,,,,,,,,,,,,,,,,,,,,,,,,,,,,,,,,,,,,,,,,,,,,,,,,,,,,,,,,,,,,,,,,,,,,,,,,,,,,,,,,,,,,,,,,,,,,,,,,,,,,,,,,,,,,,,,,,,,,,,,,,,,,,,,,,,,,,,,,,,,,,,,,,,,,,,,,,,,,,,,,,,,,,,,,,,,,,납,,True,DATA_PLAN,,,,plan
765,2,HHI,SCR중,S042,SCR-7,4,2026-09-29 00:00:00,,2,30,,,,,실행,0,,,,,,,,,,,,,,,,,,,0,0xf,9,,,,,,,,,,,,,,,,,,,,,,,,,,,,,,,,,,,,,,,,,,,,,,,,,,,,,,,,,,,,,,,,,,,,,,,,,,,,,,,,,,,,,,,,,,,,,,,,,,,,,,,,,,,,,,,,,,,,,,,,,,,,,,,,,,,,,,,,,,,,,,,,,,,,,,,,,,,,,,,,,,,,,,,,,,,,,,,,,,,,,,,,,,,,,,,,,,,,,,,,,,,,,,,,,,,,,,,,,,,,,,,,,,,,,,,,,,,,,,,,,,,,,,,,,,,,,,,,,,,,,,,,,,,,,,,,,,,,,,True,DATA_ACTUAL,,,,actual
765,3,HHI,SCR중,S042,SCR-7,4,2026-09-29 00:00:00,,2,30,,,,,,0,,,,,,,,,-,,,,,,,,,,0,0xf,9,,,실적,,0,,0,,0,,0,,0,,0,,,,0,,,,0,,,,0,,0,,0,,0,,0,,,,,,,,,,,,,,,,,,,,,,,,,,,,,,,,,,,,,,,,,,,,,,,,,,,,,,,,,,,,,,,,,,,,,,,,,,,,,,,,,,,,,,,,,,,,,,,,,,,,,,,,,,,,,,,,,,,,,,,,,,,,,,,,,,,,,,,,,,,,,,,,,,,,,,,,,,,,,,,,,,,,,,,,,,,,,,,,,,,,,,,,,,,,,,,,,,,,,,,,,,,,,,,,,,,,,,,,,,,,,,,,,,,,,,,,,,,,,,,,,,,False,STRUCTURAL,비데이터 행,,,unknown
765,4,HHI,SCR중,S042,SCR-7,4,2026-09-29 00:00:00,,2,30,,,,,취부,,0,,,,,,,,,,,,,,,,,,0,0xf,9,,,LOAD,,,,,,,,,,,,,,,,,,,,,,,,,,,,,,,,,,,,,,,,,,,,,,,,,,,,,,,,,,,,,,,,,,,,,,,,,,,,,,,,,,,,,,,,,,,,,,,,,,,,,,,,,,,,,,,,,,,,,,,,,,,,,,,,,,,,,,,,,,,,,,,,,,,,,,,,,,,,,,,,,,,,,,,,,,,,,,,,,,,,,,,,,,,,,,,,,,,,,,,,,,,,,,,,,,,,,,,,,,,,,,,,,,,,,,,,,,,,,,,,,,,,,,,,,,,,,,,,,,,,,,,,,,,,,,,,,,,False,STRUCTURAL,비데이터 행,,,unknown
765,5,HHI,SCR중,S042,SCR-7,4,2026-09-29 00:00:00,,2,30,,,,,용접,,0,,,,,,,,,,,,,,,,,,0,0xf,9,,,,,,,,,,,,,,,,,,,,,,,,,,,,,,,,,,,,,,,,,,,,,,,,,,,,,,,,,,,,,,,,,,,,,,,,,,,,,,,,,,,,,,,,,,,,,,,,,,,,,,,,,,,,,,,,,,,,,,,,,,,,,,,,,,,,,,,,,,,,,,,,,,,,,,,,,,,,,,,,,,,,,,,,,,,,,,,,,,,,,,,,,,,,,,,,,,,,,,,,,,,,,,,,,,,,,,,,,,,,,,,,,,,,,,,,,,,,,,,,,,,,,,,,,,,,,,,,,,,,,,,,,,,,,,,,,,,,,,False,STRUCTURAL,비데이터 행,,,unknown
765,6,HHI,SCR중,S042,SCR-7,4,2026-09-29 00:00:00,,2,30,,,,,조립,,0,,,,,,,,,,,,,,,,,,0,0xf,9,,,,,,,,,,,,,,,,,,,,,,,,,,,,,,,,,,,,,,,,,,,,,,,,,,,,,,,,,,,,,,,,,,,,,,,,,,,,,,,,,,,,,,,,,,,,,,,,,,,,,,,,,,,,,,,,,,,,,,,,,,,,,,,,,,,,,,,,,,,,,,,,,,,,,,,,,,,,,,,,,,,,,,,,,,,,,,,,,,,,,,,,,,,,,,,,,,,,,,,,,,,,,,,,,,,,,,,,,,,,,,,,,,,,,,,,,,,,,,,,,,,,,,,,,,,,,,,,,,,,,,,,,,,,,,,,,,,,,,False,STRUCTURAL,비데이터 행,,,unknown
765,7,HHI,SCR중,S042,SCR-7,4,2026-09-29 00:00:00,,2,30,,,,,사상,,0,,,,,,,,,,,,,,,,,,0,0xf,9,,,,,,,,,,,,,,,,,,,,,,,,,,,,,,,,,,,,,,,,,,,,,,,,,,,,,,,,,,,,,,,,,,,,,,,,,,,,,,,,,,,,,,,,,,,,,,,,,,,,,,,,,,,,,,,,,,,,,,,,,,,,,,,,,,,,,,,,,,,,,,,,,,,,,,,,,,,,,,,,,,,,,,,,,,,,,,,,,,,,,,,,,,,,,,,,,,,,,,,,,,,,,,,,,,,,,,,,,,,,,,,,,,,,,,,,,,,,,,,,,,,,,,,,,,,,,,,,,,,,,,,,,,,,,,,,,,,,,,False,STRUCTURAL,비데이터 행,,,unknown
765,9,HHI,SCR중,S042,SCR-7,4,2026-09-29 00:00:00,,2,30,,,,,실적,,,,,,,,,,,,,,,,,,,,0,0xf,9,,,,,,,,,,,,,,,,,,,,,,,,,,,,,,,,,,,,,,,,,,,,,,,,,,,,,,,,,,,,,,,,,,,,,,,,,,,,,,,,,,,,,,,,,,,,,,,,,,,,,,,,,,,,,,,,,,,,,,,,,,,,,,,,,,,,,,,,,,,,,,,,,,,,,,,,,,,,,,,,,,,,,,,,,,,,,,,,,,,,,,,,,,,,,,,,,,,,,,,,,,,,,,,,,,,,,,,,,,,,,,,,,,,,,,,,,,,,,,,,,,,,,,,,,,,,,,,,,,,,,,,,,,,,,,,,,,,,,,False,STRUCTURAL,비데이터 행,,,unknown
766,1,MHI,VS,고성 Anti Icing,VS-2,8,2026-09-30 00:00:00,46175,4,30,,,,,일자,E 케이테크,46111,46118,46121,46135,46149,46149,46166,46175,-,2026-06-09 00:00:00,46191,46195,46197,2026-06-26 00:00:00,46202,0%,,,E 케이테크,6,9,,,계획,46111,,46118,,46121,,46135,,46136,,46149,,46148,,46175,,46170,,46182,,46177,,46191,,46195,,46197,,46199,,46202,,,,,,,,,,,,,,,,,,,,,,,,,,,,,,,,,,,,,,,,,,,,,,,,,,,,,,,,,,,D,,,,,,,K,,,발S,,,,,,,,,,,,,,발F,가S,,,,,,,,,,,,제S,가F,-----,-----,-----,-----,-----,-----,-----,-----,-----,-----,-----,-----,-----,-----,-----,-----,-----,-----,-----,-----,도S,-----,-----,-----,-----,제F,,조S,,,,,도F,,,,,,,,,조F,,,,상,,검,,포,,,출,,,,,,,,,,,,,,,,,,,,,,,,,,,,,,,,,,,,,,,,,,,,,,,,,,,,,,,,,,,,,,,,,,,,,,,,,,,,,,,,,,,,,,,,,,,,,납,True,DATA_PLAN,,,,plan
766,2,MHI,VS,고성 Anti Icing,VS-2,8,2026-09-30 00:00:00,,4,30,,,,6/30->9/30,실행,E 케이테크,,,,,,,,,,,,,,,,,,,E 케이테크,6,9,,,,,,,,,,,,,,,,,,,,,,,,,,,,,,,,,,,,,,,,,,,,,,,,,,,,,,,,,,,,,,,,,,,,,,,,,,,,,,,,,,,,,,,,,,,,,,,,,,,,,,,,,,,,,,,,,,,,,,,,,,,,,,,,,,,,,,,,,,,,,,,,,,,,,,,,,,,,,,,,,,,,,,,,,,,,,,,,,,,,,,,,,,,,,,,,,,,,,,,,,,,,,,,,,,,,,,,,,,,,,,,,,,,,,,,,,,,,,,,,,,,,,,,,,,,,,,,,,,,,,,,,,,,,,,,,,,,,,,True,DATA_ACTUAL,,,,actual
766,3,MHI,VS,고성 Anti Icing,VS-2,8,2026-09-30 00:00:00,,4,30,,,,,E 케이테크,E 케이테크,,,,,,,,,-,,,,,,,,,,E 케이테크,6,9,,,실적,,0,,0,,0,,0,,0,,0,,,,0,,,,0,,,,0,,0,,0,,0,,0,,,,,,,,,,,,,,,,,,,,,,,,,,,,,,,,,,,,,,,,,,,,,,,,,,,,,,,,,,,,,,,,,,,,,,,,,,,,,,,,,,,,,,,,,,,,,,,,,,,,,,,,,,,,,,,,,,,,,,,,2,2,2,3,3,3,3,3,2,2,2,2,2,1,,,,,,,,,,,,,,,,,,,,,,,,,,,,,,,,,,,,,,,,,,,,,,,,,,,,,,,,,,,,,,,,,,,,,,,,,,,,,,,,,,,,,,,,,,,,,,,,,,,,,,,,,,,,,,False,STRUCTURAL,비데이터 행,,,unknown
766,4,MHI,VS,고성 Anti Icing,VS-2,8,2026-09-30 00:00:00,,4,30,,,,,취부,,33,,,,,,,,,,,,,,,,,,E 케이테크,6,9,,,LOAD,,,,,,,,,,,,,,,,,,,,,,,,,,,,,,,,,,,,,,,,,,,,,,,,,,,,,,,,,,,,,,,,,,,,,,,,,,,,,,,,,,,,,,,,,,,,,,,,,,,,,,,,,,,,,,,,,,,,,,,,,,,,,,,,,,,,2,2,2,3,3,,,,,,,,,,,,,,,,,,,3,3,3,,,2,2,2,2,2,1,,1,,,,,,,,,,,,,,,,,,,,,,,,,,,,,,,,,,,,,,,,,,,,,,,,,,,,,,,,,,,,,,,,,,,,,,,,,,,,,,,,,,,,,,,,,,,,,,,,,,,,,,,,,,,,False,STRUCTURAL,비데이터 행,,,unknown
766,5,MHI,VS,고성 Anti Icing,VS-2,8,2026-09-30 00:00:00,,4,30,,,,,용접,,40,,,,,,,,,,,,,,,,,,E 케이테크,6,9,,,,,,,,,,,,,,,,,,,,,,,,,,,,,,,,,,,,,,,,,,,,,,,,,,,,,,,,,,,,,,,,,,,,,,,,,,,,,,,,,,,,,,,,,,,,,,,,,,,,,,,,,,,,,,,,,,,,,,,,,,,,,,,,,,,,,,,,2,3,3,3,,,,,,,,,,,,,,,,,,,3,3,3,,,3,3,3,3,3,3,,1,1,,,,,,,,,,,,,,,,,,,,,,,,,,,,,,,,,,,,,,,,,,,,,,,,,,,,,,,,,,,,,,,,,,,,,,,,,,,,,,,,,,,,,,,,,,,,,,,,,,,,,,,,,,,False,STRUCTURAL,비데이터 행,,,unknown
766,6,MHI,VS,고성 Anti Icing,VS-2,8,2026-09-30 00:00:00,,4,30,,,,,조립,,33,,,,,,,,,,,,,,,,,,E 케이테크,6,9,,,,,,,,,,,,,,,,,,,,,,,,,,,,,,,,,,,,,,,,,,,,,,,,,,,,,,,,,,,,,,,,,,,,,,,,,,,,,,,,,,,,,,,,,,,,,,,,,,,,,,,,,,,,,,,,,,,,,,,,,,,,,,,,,,,,,,,,,2,2,2,,,,,,,,,,,,,,,,,,,3,3,3,,,3,3,3,2,2,2,,1,1,1,,,,,,,,,,,,,,,,,,,,,,,,,,,,,,,,,,,,,,,,,,,,,,,,,,,,,,,,,,,,,,,,,,,,,,,,,,,,,,,,,,,,,,,,,,,,,,,,,,,,,,,,,,False,STRUCTURAL,비데이터 행,,,unknown
766,7,MHI,VS,고성 Anti Icing,VS-2,8,2026-09-30 00:00:00,,4,30,,,,,사상,,19,,,,,,,,,,,,,,,,,,E 케이테크,6,9,,,,,,,,,,,,,,,,,,,,,,,,,,,,,,,,,,,,,,,,,,,,,,,,,,,,,,,,,,,,,,,,,,,,,,,,,,,,,,,,,,,,,,,,,,,,,,,,,,,,,,,,,,,,,,,,,,,,,,,,,,,,,,,,,,,,,,,,,,2,2,,,,,,,,,,,,,,,,,,,2,2,1,,,1,1,1,1,1,1,,1,1,1,1,,,,,,,,,,,,,,,,,,,,,,,,,,,,,,,,,,,,,,,,,,,,,,,,,,,,,,,,,,,,,,,,,,,,,,,,,,,,,,,,,,,,,,,,,,,,,,,,,,,,,,,,,False,STRUCTURAL,비데이터 행,,,unknown
766,9,MHI,VS,고성 Anti Icing,VS-2,8,2026-09-30 00:00:00,,4,30,,,,,실적,,,,,,,,,,,,,,,,,,,,E 케이테크,6,9,,,,,,,,,,,,,,,,,,,,,,,,,,,,,,,,,,,,,,,,,,,,,,,,,,,,,,,,,,,,,,,,,,,,,,,,,,,,,,,,,,,,,,,,,,,,,,,,,,,,,,,,,,,,,,,,,,,,,,,,,,,,,,,,,,,,,,,,,,,,,,,,,,,,,,,,,,,,,,,,,,,,,,,,,,,,,,,,,,,,,,,,,,,,,,,,,,,,,,,,,,,,,,,,,,,,,,,,,,,,,,,,,,,,,,,,,,,,,,,,,,,,,,,,,,,,,,,,,,,,,,,,,,,,,,,,,,,,,,False,STRUCTURAL,비데이터 행,,,unknown
767,1,DEB,ENC,Rumah ST,ENC,1,2026-09-30 00:00:00,46233,3,100,,,,16Ton,일자,미정,46177,46181,46182,46199,46216,46216,46223,46233,-,2026-08-31 00:00:00,46280,46281,46283,2026-09-23 00:00:00,46294,0%,,,미정,7,9,,,계획,46177,,46181,,46182,,46199,,46202,,46216,,46205,,46233,,46247,,46265,,46255,,46280,,46281,,46283,,46288,,46294,,,,,,,,,,,,,,,,,,,,,,,,,,,,,,,,,,,,,,,,,,,,,,,,,,,,,,,,,,,,,,,,,,,,,,,,,,,,,,,,,,,,,,,,,,,,,,,,,,,,,,,,,,,,,,,,,,,,,,,,,,,,,D,,,,K,발S,,,,,,,,,,,,,,,,,발F,,,가S,,,제S,-----,-----,-----,-----,-----,-----,-----,-----,-----,-----,가F,-----,-----,-----,-----,-----,-----,-----,-----,-----,-----,-----,-----,-----,-----,-----,-----,제F,,,,,,,,,,,,,,도S,,,,,,,,조S,,,,,,,,,,도F,,,,,,,,,,,,,,,조F,상,,검,,,,,포,,,,,,출,납,True,DATA_PLAN,,,,plan
767,2,DEB,ENC,Rumah ST,ENC,1,2026-09-30 00:00:00,,3,100,,,,,실행,미정,,,,,,,,,,,,,,,,,,,미정,7,9,,,,,,,,,,,,,,,,,,,,,,,,,,,,,,,,,,,,,,,,,,,,,,,,,,,,,,,,,,,,,,,,,,,,,,,,,,,,,,,,,,,,,,,,,,,,,,,,,,,,,,,,,,,,,,,,,,,,,,,,,,,,,,,,,,,,,,,,,,,,,,,,,,,,,,,,,,,,,,,,,,,,,,,,,,,,,,,,,,,,,,,,,,,,,,,,,,,,,,,,,,,,,,,,,,,,,,,,,,,,,,,,,,,,,,,,,,,,,,,,,,,,,,,,,,,,,,,,,,,,,,,,,,,,,,,,,,,,,,True,DATA_ACTUAL,,,,actual
767,3,DEB,ENC,Rumah ST,ENC,1,2026-09-30 00:00:00,,3,100,,,,,미정,미정,,,,,,,,,-,,,,,,,,,,미정,7,9,,,실적,,0,,0,,0,,0,,0,,0,,,,0,,,,0,,,,0,,0,,0,,0,,0,,,,,,,,,,,,,,,,,,,,,,,,,,,,,,,,,,,,,,,,,,,,,,,,,,,,,,,,,,,,,,,,,,,,,,,,,,,,,,,,,,,,,,,,,,,,,,,,,,,,,,,,,,,,,,,,,,,,,,,,,,,,,,,,,,,,,,,,,,,,,,,,,,,,,,,,,,,,,,,,,,,,,,,,,,,,,,,,,,,,,,,,,,,,,,,,,,,,,,,,,,,,,,,,,,,,,,,,,,,,,,,,,,,,,,,,,,,,,,,,,,,False,STRUCTURAL,비데이터 행,,,unknown
767,4,DEB,ENC,Rumah ST,ENC,1,2026-09-30 00:00:00,,3,100,,,,,취부,,0,,,,,,,,,,,,,,,,,,미정,7,9,,,LOAD,,,,,,,,,,,,,,,,,,,,,,,,,,,,,,,,,,,,,,,,,,,,,,,,,,,,,,,,,,,,,,,,,,,,,,,,,,,,,,,,,,,,,,,,,,,,,,,,,,,,,,,,,,,,,,,,,,,,,,,,,,,,,,,,,,,,,,,,,,,,,,,,,,,,,,,,,,,,,,,,,,,,,,,,,,,,,,,,,,,,,,,,,,,,,,,,,,,,,,,,,,,,,,,,,,,,,,,,,,,,,,,,,,,,,,,,,,,,,,,,,,,,,,,,,,,,,,,,,,,,,,,,,,,,,,,,,,,False,STRUCTURAL,비데이터 행,,,unknown
767,5,DEB,ENC,Rumah ST,ENC,1,2026-09-30 00:00:00,,3,100,,,,,용접,,0,,,,,,,,,,,,,,,,,,미정,7,9,,,,,,,,,,,,,,,,,,,,,,,,,,,,,,,,,,,,,,,,,,,,,,,,,,,,,,,,,,,,,,,,,,,,,,,,,,,,,,,,,,,,,,,,,,,,,,,,,,,,,,,,,,,,,,,,,,,,,,,,,,,,,,,,,,,,,,,,,,,,,,,,,,,,,,,,,,,,,,,,,,,,,,,,,,,,,,,,,,,,,,,,,,,,,,,,,,,,,,,,,,,,,,,,,,,,,,,,,,,,,,,,,,,,,,,,,,,,,,,,,,,,,,,,,,,,,,,,,,,,,,,,,,,,,,,,,,,,,,False,STRUCTURAL,비데이터 행,,,unknown
767,6,DEB,ENC,Rumah ST,ENC,1,2026-09-30 00:00:00,,3,100,,,,,조립,,0,,,,,,,,,,,,,,,,,,미정,7,9,,,,,,,,,,,,,,,,,,,,,,,,,,,,,,,,,,,,,,,,,,,,,,,,,,,,,,,,,,,,,,,,,,,,,,,,,,,,,,,,,,,,,,,,,,,,,,,,,,,,,,,,,,,,,,,,,,,,,,,,,,,,,,,,,,,,,,,,,,,,,,,,,,,,,,,,,,,,,,,,,,,,,,,,,,,,,,,,,,,,,,,,,,,,,,,,,,,,,,,,,,,,,,,,,,,,,,,,,,,,,,,,,,,,,,,,,,,,,,,,,,,,,,,,,,,,,,,,,,,,,,,,,,,,,,,,,,,,,,False,STRUCTURAL,비데이터 행,,,unknown
767,7,DEB,ENC,Rumah ST,ENC,1,2026-09-30 00:00:00,,3,100,,,,,사상,,0,,,,,,,,,,,,,,,,,,미정,7,9,,,,,,,,,,,,,,,,,,,,,,,,,,,,,,,,,,,,,,,,,,,,,,,,,,,,,,,,,,,,,,,,,,,,,,,,,,,,,,,,,,,,,,,,,,,,,,,,,,,,,,,,,,,,,,,,,,,,,,,,,,,,,,,,,,,,,,,,,,,,,,,,,,,,,,,,,,,,,,,,,,,,,,,,,,,,,,,,,,,,,,,,,,,,,,,,,,,,,,,,,,,,,,,,,,,,,,,,,,,,,,,,,,,,,,,,,,,,,,,,,,,,,,,,,,,,,,,,,,,,,,,,,,,,,,,,,,,,,,False,STRUCTURAL,비데이터 행,,,unknown
767,9,DEB,ENC,Rumah ST,ENC,1,2026-09-30 00:00:00,,3,100,,,,,실적,,,,,,,,,,,,,,,,,,,,미정,7,9,,,,,,,,,,,,,,,,,,,,,,,,,,,,,,,,,,,,,,,,,,,,,,,,,,,,,,,,,,,,,,,,,,,,,,,,,,,,,,,,,,,,,,,,,,,,,,,,,,,,,,,,,,,,,,,,,,,,,,,,,,,,,,,,,,,,,,,,,,,,,,,,,,,,,,,,,,,,,,,,,,,,,,,,,,,,,,,,,,,,,,,,,,,,,,,,,,,,,,,,,,,,,,,,,,,,,,,,,,,,,,,,,,,,,,,,,,,,,,,,,,,,,,,,,,,,,,,,,,,,,,,,,,,,,,,,,,,,,,False,STRUCTURAL,비데이터 행,,,unknown
768,1,DEB,ENC,Rumah Gen,ENC,1,2026-09-30 00:00:00,46233,3,100,,,,18Ton,일자,미정,46177,46181,46182,46199,46216,46216,46223,46233,-,2026-08-31 00:00:00,46280,46281,46283,2026-09-23 00:00:00,46294,0%,,,미정,7,9,,,계획,46177,,46181,,46182,,46199,,46202,,46216,,46205,,46233,,46247,,46265,,46255,,46280,,46281,,46283,,46288,,46294,,,,,,,,,,,,,,,,,,,,,,,,,,,,,,,,,,,,,,,,,,,,,,,,,,,,,,,,,,,,,,,,,,,,,,,,,,,,,,,,,,,,,,,,,,,,,,,,,,,,,,,,,,,,,,,,,,,,,,,,,,,,,D,,,,K,발S,,,,,,,,,,,,,,,,,발F,,,가S,,,제S,-----,-----,-----,-----,-----,-----,-----,-----,-----,-----,가F,-----,-----,-----,-----,-----,-----,-----,-----,-----,-----,-----,-----,-----,-----,-----,-----,제F,,,,,,,,,,,,,,도S,,,,,,,,조S,,,,,,,,,,도F,,,,,,,,,,,,,,,조F,상,,검,,,,,포,,,,,,출,납,True,DATA_PLAN,,,,plan
768,2,DEB,ENC,Rumah Gen,ENC,1,2026-09-30 00:00:00,,3,100,,,,,실행,미정,,,,,,,,,,,,,,,,,,,미정,7,9,,,,,,,,,,,,,,,,,,,,,,,,,,,,,,,,,,,,,,,,,,,,,,,,,,,,,,,,,,,,,,,,,,,,,,,,,,,,,,,,,,,,,,,,,,,,,,,,,,,,,,,,,,,,,,,,,,,,,,,,,,,,,,,,,,,,,,,,,,,,,,,,,,,,,,,,,,,,,,,,,,,,,,,,,,,,,,,,,,,,,,,,,,,,,,,,,,,,,,,,,,,,,,,,,,,,,,,,,,,,,,,,,,,,,,,,,,,,,,,,,,,,,,,,,,,,,,,,,,,,,,,,,,,,,,,,,,,,,,True,DATA_ACTUAL,,,,actual
768,3,DEB,ENC,Rumah Gen,ENC,1,2026-09-30 00:00:00,,3,100,,,,,미정,미정,,,,,,,,,-,,,,,,,,,,미정,7,9,,,실적,,0,,0,,0,,0,,0,,0,,,,0,,,,0,,,,0,,0,,0,,0,,0,,,,,,,,,,,,,,,,,,,,,,,,,,,,,,,,,,,,,,,,,,,,,,,,,,,,,,,,,,,,,,,,,,,,,,,,,,,,,,,,,,,,,,,,,,,,,,,,,,,,,,,,,,,,,,,,,,,,,,,,,,,,,,,,,,,,,,,,,,,,,,,,,,,,,,,,,,,,,,,,,,,,,,,,,,,,,,,,,,,,,,,,,,,,,,,,,,,,,,,,,,,,,,,,,,,,,,,,,,,,,,,,,,,,,,,,,,,,,,,,,,,False,STRUCTURAL,비데이터 행,,,unknown
768,4,DEB,ENC,Rumah Gen,ENC,1,2026-09-30 00:00:00,,3,100,,,,,취부,,0,,,,,,,,,,,,,,,,,,미정,7,9,,,LOAD,,,,,,,,,,,,,,,,,,,,,,,,,,,,,,,,,,,,,,,,,,,,,,,,,,,,,,,,,,,,,,,,,,,,,,,,,,,,,,,,,,,,,,,,,,,,,,,,,,,,,,,,,,,,,,,,,,,,,,,,,,,,,,,,,,,,,,,,,,,,,,,,,,,,,,,,,,,,,,,,,,,,,,,,,,,,,,,,,,,,,,,,,,,,,,,,,,,,,,,,,,,,,,,,,,,,,,,,,,,,,,,,,,,,,,,,,,,,,,,,,,,,,,,,,,,,,,,,,,,,,,,,,,,,,,,,,,,False,STRUCTURAL,비데이터 행,,,unknown
768,5,DEB,ENC,Rumah Gen,ENC,1,2026-09-30 00:00:00,,3,100,,,,,용접,,0,,,,,,,,,,,,,,,,,,미정,7,9,,,,,,,,,,,,,,,,,,,,,,,,,,,,,,,,,,,,,,,,,,,,,,,,,,,,,,,,,,,,,,,,,,,,,,,,,,,,,,,,,,,,,,,,,,,,,,,,,,,,,,,,,,,,,,,,,,,,,,,,,,,,,,,,,,,,,,,,,,,,,,,,,,,,,,,,,,,,,,,,,,,,,,,,,,,,,,,,,,,,,,,,,,,,,,,,,,,,,,,,,,,,,,,,,,,,,,,,,,,,,,,,,,,,,,,,,,,,,,,,,,,,,,,,,,,,,,,,,,,,,,,,,,,,,,,,,,,,,,False,STRUCTURAL,비데이터 행,,,unknown
768,6,DEB,ENC,Rumah Gen,ENC,1,2026-09-30 00:00:00,,3,100,,,,,조립,,0,,,,,,,,,,,,,,,,,,미정,7,9,,,,,,,,,,,,,,,,,,,,,,,,,,,,,,,,,,,,,,,,,,,,,,,,,,,,,,,,,,,,,,,,,,,,,,,,,,,,,,,,,,,,,,,,,,,,,,,,,,,,,,,,,,,,,,,,,,,,,,,,,,,,,,,,,,,,,,,,,,,,,,,,,,,,,,,,,,,,,,,,,,,,,,,,,,,,,,,,,,,,,,,,,,,,,,,,,,,,,,,,,,,,,,,,,,,,,,,,,,,,,,,,,,,,,,,,,,,,,,,,,,,,,,,,,,,,,,,,,,,,,,,,,,,,,,,,,,,,,,False,STRUCTURAL,비데이터 행,,,unknown
768,7,DEB,ENC,Rumah Gen,ENC,1,2026-09-30 00:00:00,,3,100,,,,,사상,,0,,,,,,,,,,,,,,,,,,미정,7,9,,,,,,,,,,,,,,,,,,,,,,,,,,,,,,,,,,,,,,,,,,,,,,,,,,,,,,,,,,,,,,,,,,,,,,,,,,,,,,,,,,,,,,,,,,,,,,,,,,,,,,,,,,,,,,,,,,,,,,,,,,,,,,,,,,,,,,,,,,,,,,,,,,,,,,,,,,,,,,,,,,,,,,,,,,,,,,,,,,,,,,,,,,,,,,,,,,,,,,,,,,,,,,,,,,,,,,,,,,,,,,,,,,,,,,,,,,,,,,,,,,,,,,,,,,,,,,,,,,,,,,,,,,,,,,,,,,,,,,False,STRUCTURAL,비데이터 행,,,unknown
768,9,DEB,ENC,Rumah Gen,ENC,1,2026-09-30 00:00:00,,3,100,,,,,실적,,,,,,,,,,,,,,,,,,,,미정,7,9,,,,,,,,,,,,,,,,,,,,,,,,,,,,,,,,,,,,,,,,,,,,,,,,,,,,,,,,,,,,,,,,,,,,,,,,,,,,,,,,,,,,,,,,,,,,,,,,,,,,,,,,,,,,,,,,,,,,,,,,,,,,,,,,,,,,,,,,,,,,,,,,,,,,,,,,,,,,,,,,,,,,,,,,,,,,,,,,,,,,,,,,,,,,,,,,,,,,,,,,,,,,,,,,,,,,,,,,,,,,,,,,,,,,,,,,,,,,,,,,,,,,,,,,,,,,,,,,,,,,,,,,,,,,,,,,,,,,,,False,STRUCTURAL,비데이터 행,,,unknown
769,1,DEB,ENC,Nairyah ST,ENC,1,2026-09-30 00:00:00,46233,3,100,,,,16Ton,일자,미정,46177,46181,46182,46199,46216,46216,46223,46233,-,2026-08-31 00:00:00,46280,46281,46283,2026-09-23 00:00:00,46294,0%,,,미정,7,9,,,계획,46177,,46181,,46182,,46199,,46202,,46216,,46205,,46233,,46247,,46265,,46255,,46280,,46281,,46283,,46288,,46294,,,,,,,,,,,,,,,,,,,,,,,,,,,,,,,,,,,,,,,,,,,,,,,,,,,,,,,,,,,,,,,,,,,,,,,,,,,,,,,,,,,,,,,,,,,,,,,,,,,,,,,,,,,,,,,,,,,,,,,,,,,,,D,,,,K,발S,,,,,,,,,,,,,,,,,발F,,,가S,,,제S,-----,-----,-----,-----,-----,-----,-----,-----,-----,-----,가F,-----,-----,-----,-----,-----,-----,-----,-----,-----,-----,-----,-----,-----,-----,-----,-----,제F,,,,,,,,,,,,,,도S,,,,,,,,조S,,,,,,,,,,도F,,,,,,,,,,,,,,,조F,상,,검,,,,,포,,,,,,출,납,True,DATA_PLAN,,,,plan
769,2,DEB,ENC,Nairyah ST,ENC,1,2026-09-30 00:00:00,,3,100,,,,10/15->9/30,실행,미정,,,,,,,,,,,,,,,,,,,미정,7,9,,,,,,,,,,,,,,,,,,,,,,,,,,,,,,,,,,,,,,,,,,,,,,,,,,,,,,,,,,,,,,,,,,,,,,,,,,,,,,,,,,,,,,,,,,,,,,,,,,,,,,,,,,,,,,,,,,,,,,,,,,,,,,,,,,,,,,,,,,,,,,,,,,,,,,,,,,,,,,,,,,,,,,,,,,,,,,,,,,,,,,,,,,,,,,,,,,,,,,,,,,,,,,,,,,,,,,,,,,,,,,,,,,,,,,,,,,,,,,,,,,,,,,,,,,,,,,,,,,,,,,,,,,,,,,,,,,,,,,True,DATA_ACTUAL,,,,actual
769,3,DEB,ENC,Nairyah ST,ENC,1,2026-09-30 00:00:00,,3,100,,,,,미정,미정,,,,,,,,,-,,,,,,,,,,미정,7,9,,,실적,,0,,0,,0,,0,,0,,0,,,,0,,,,0,,,,0,,0,,0,,0,,0,,,,,,,,,,,,,,,,,,,,,,,,,,,,,,,,,,,,,,,,,,,,,,,,,,,,,,,,,,,,,,,,,,,,,,,,,,,,,,,,,,,,,,,,,,,,,,,,,,,,,,,,,,,,,,,,,,,,,,,,,,,,,,,,,,,,,,,,,,,,,,,,,,,,,,,,,,,,,,,,,,,,,,,,,,,,,,,,,,,,,,,,,,,,,,,,,,,,,,,,,,,,,,,,,,,,,,,,,,,,,,,,,,,,,,,,,,,,,,,,,,,False,STRUCTURAL,비데이터 행,,,unknown
769,4,DEB,ENC,Nairyah ST,ENC,1,2026-09-30 00:00:00,,3,100,,,,,취부,,0,,,,,,,,,,,,,,,,,,미정,7,9,,,LOAD,,,,,,,,,,,,,,,,,,,,,,,,,,,,,,,,,,,,,,,,,,,,,,,,,,,,,,,,,,,,,,,,,,,,,,,,,,,,,,,,,,,,,,,,,,,,,,,,,,,,,,,,,,,,,,,,,,,,,,,,,,,,,,,,,,,,,,,,,,,,,,,,,,,,,,,,,,,,,,,,,,,,,,,,,,,,,,,,,,,,,,,,,,,,,,,,,,,,,,,,,,,,,,,,,,,,,,,,,,,,,,,,,,,,,,,,,,,,,,,,,,,,,,,,,,,,,,,,,,,,,,,,,,,,,,,,,,,False,STRUCTURAL,비데이터 행,,,unknown
769,5,DEB,ENC,Nairyah ST,ENC,1,2026-09-30 00:00:00,,3,100,,,,,용접,,0,,,,,,,,,,,,,,,,,,미정,7,9,,,,,,,,,,,,,,,,,,,,,,,,,,,,,,,,,,,,,,,,,,,,,,,,,,,,,,,,,,,,,,,,,,,,,,,,,,,,,,,,,,,,,,,,,,,,,,,,,,,,,,,,,,,,,,,,,,,,,,,,,,,,,,,,,,,,,,,,,,,,,,,,,,,,,,,,,,,,,,,,,,,,,,,,,,,,,,,,,,,,,,,,,,,,,,,,,,,,,,,,,,,,,,,,,,,,,,,,,,,,,,,,,,,,,,,,,,,,,,,,,,,,,,,,,,,,,,,,,,,,,,,,,,,,,,,,,,,,,,False,STRUCTURAL,비데이터 행,,,unknown
769,6,DEB,ENC,Nairyah ST,ENC,1,2026-09-30 00:00:00,,3,100,,,,,조립,,0,,,,,,,,,,,,,,,,,,미정,7,9,,,,,,,,,,,,,,,,,,,,,,,,,,,,,,,,,,,,,,,,,,,,,,,,,,,,,,,,,,,,,,,,,,,,,,,,,,,,,,,,,,,,,,,,,,,,,,,,,,,,,,,,,,,,,,,,,,,,,,,,,,,,,,,,,,,,,,,,,,,,,,,,,,,,,,,,,,,,,,,,,,,,,,,,,,,,,,,,,,,,,,,,,,,,,,,,,,,,,,,,,,,,,,,,,,,,,,,,,,,,,,,,,,,,,,,,,,,,,,,,,,,,,,,,,,,,,,,,,,,,,,,,,,,,,,,,,,,,,,False,STRUCTURAL,비데이터 행,,,unknown
769,7,DEB,ENC,Nairyah ST,ENC,1,2026-09-30 00:00:00,,3,100,,,,,사상,,0,,,,,,,,,,,,,,,,,,미정,7,9,,,,,,,,,,,,,,,,,,,,,,,,,,,,,,,,,,,,,,,,,,,,,,,,,,,,,,,,,,,,,,,,,,,,,,,,,,,,,,,,,,,,,,,,,,,,,,,,,,,,,,,,,,,,,,,,,,,,,,,,,,,,,,,,,,,,,,,,,,,,,,,,,,,,,,,,,,,,,,,,,,,,,,,,,,,,,,,,,,,,,,,,,,,,,,,,,,,,,,,,,,,,,,,,,,,,,,,,,,,,,,,,,,,,,,,,,,,,,,,,,,,,,,,,,,,,,,,,,,,,,,,,,,,,,,,,,,,,,,False,STRUCTURAL,비데이터 행,,,unknown
769,9,DEB,ENC,Nairyah ST,ENC,1,2026-09-30 00:00:00,,3,100,,,,,실적,,,,,,,,,,,,,,,,,,,,미정,7,9,,,,,,,,,,,,,,,,,,,,,,,,,,,,,,,,,,,,,,,,,,,,,,,,,,,,,,,,,,,,,,,,,,,,,,,,,,,,,,,,,,,,,,,,,,,,,,,,,,,,,,,,,,,,,,,,,,,,,,,,,,,,,,,,,,,,,,,,,,,,,,,,,,,,,,,,,,,,,,,,,,,,,,,,,,,,,,,,,,,,,,,,,,,,,,,,,,,,,,,,,,,,,,,,,,,,,,,,,,,,,,,,,,,,,,,,,,,,,,,,,,,,,,,,,,,,,,,,,,,,,,,,,,,,,,,,,,,,,,False,STRUCTURAL,비데이터 행,,,unknown
770,1,DEB,ENC,Nairyah Gen,ENC,1,2026-09-30 00:00:00,46233,3,100,,,,16Ton,일자,미정,46177,46181,46182,46199,46216,46216,46223,46233,-,2026-08-31 00:00:00,46280,46281,46283,2026-09-23 00:00:00,46294,0%,,,미정,7,9,,,계획,46177,,46181,,46182,,46199,,46202,,46216,,46205,,46233,,46247,,46265,,46255,,46280,,46281,,46283,,46288,,46294,,,,,,,,,,,,,,,,,,,,,,,,,,,,,,,,,,,,,,,,,,,,,,,,,,,,,,,,,,,,,,,,,,,,,,,,,,,,,,,,,,,,,,,,,,,,,,,,,,,,,,,,,,,,,,,,,,,,,,,,,,,,,D,,,,K,발S,,,,,,,,,,,,,,,,,발F,,,가S,,,제S,-----,-----,-----,-----,-----,-----,-----,-----,-----,-----,가F,-----,-----,-----,-----,-----,-----,-----,-----,-----,-----,-----,-----,-----,-----,-----,-----,제F,,,,,,,,,,,,,,도S,,,,,,,,조S,,,,,,,,,,도F,,,,,,,,,,,,,,,조F,상,,검,,,,,포,,,,,,출,납,True,DATA_PLAN,,,,plan
770,2,DEB,ENC,Nairyah Gen,ENC,1,2026-09-30 00:00:00,,3,100,,,,10/15->9/30,실행,미정,,,,,,,,,,,,,,,,,,,미정,7,9,,,,,,,,,,,,,,,,,,,,,,,,,,,,,,,,,,,,,,,,,,,,,,,,,,,,,,,,,,,,,,,,,,,,,,,,,,,,,,,,,,,,,,,,,,,,,,,,,,,,,,,,,,,,,,,,,,,,,,,,,,,,,,,,,,,,,,,,,,,,,,,,,,,,,,,,,,,,,,,,,,,,,,,,,,,,,,,,,,,,,,,,,,,,,,,,,,,,,,,,,,,,,,,,,,,,,,,,,,,,,,,,,,,,,,,,,,,,,,,,,,,,,,,,,,,,,,,,,,,,,,,,,,,,,,,,,,,,,,True,DATA_ACTUAL,,,,actual
770,3,DEB,ENC,Nairyah Gen,ENC,1,2026-09-30 00:00:00,,3,100,,,,,미정,미정,,,,,,,,,-,,,,,,,,,,미정,7,9,,,실적,,0,,0,,0,,0,,0,,0,,,,0,,,,0,,,,0,,0,,0,,0,,0,,,,,,,,,,,,,,,,,,,,,,,,,,,,,,,,,,,,,,,,,,,,,,,,,,,,,,,,,,,,,,,,,,,,,,,,,,,,,,,,,,,,,,,,,,,,,,,,,,,,,,,,,,,,,,,,,,,,,,,,,,,,,,,,,,,,,,,,,,,,,,,,,,,,,,,,,,,,,,,,,,,,,,,,,,,,,,,,,,,,,,,,,,,,,,,,,,,,,,,,,,,,,,,,,,,,,,,,,,,,,,,,,,,,,,,,,,,,,,,,,,,False,STRUCTURAL,비데이터 행,,,unknown
770,4,DEB,ENC,Nairyah Gen,ENC,1,2026-09-30 00:00:00,,3,100,,,,,취부,,0,,,,,,,,,,,,,,,,,,미정,7,9,,,LOAD,,,,,,,,,,,,,,,,,,,,,,,,,,,,,,,,,,,,,,,,,,,,,,,,,,,,,,,,,,,,,,,,,,,,,,,,,,,,,,,,,,,,,,,,,,,,,,,,,,,,,,,,,,,,,,,,,,,,,,,,,,,,,,,,,,,,,,,,,,,,,,,,,,,,,,,,,,,,,,,,,,,,,,,,,,,,,,,,,,,,,,,,,,,,,,,,,,,,,,,,,,,,,,,,,,,,,,,,,,,,,,,,,,,,,,,,,,,,,,,,,,,,,,,,,,,,,,,,,,,,,,,,,,,,,,,,,,,False,STRUCTURAL,비데이터 행,,,unknown
770,5,DEB,ENC,Nairyah Gen,ENC,1,2026-09-30 00:00:00,,3,100,,,,,용접,,0,,,,,,,,,,,,,,,,,,미정,7,9,,,,,,,,,,,,,,,,,,,,,,,,,,,,,,,,,,,,,,,,,,,,,,,,,,,,,,,,,,,,,,,,,,,,,,,,,,,,,,,,,,,,,,,,,,,,,,,,,,,,,,,,,,,,,,,,,,,,,,,,,,,,,,,,,,,,,,,,,,,,,,,,,,,,,,,,,,,,,,,,,,,,,,,,,,,,,,,,,,,,,,,,,,,,,,,,,,,,,,,,,,,,,,,,,,,,,,,,,,,,,,,,,,,,,,,,,,,,,,,,,,,,,,,,,,,,,,,,,,,,,,,,,,,,,,,,,,,,,,False,STRUCTURAL,비데이터 행,,,unknown
770,6,DEB,ENC,Nairyah Gen,ENC,1,2026-09-30 00:00:00,,3,100,,,,,조립,,0,,,,,,,,,,,,,,,,,,미정,7,9,,,,,,,,,,,,,,,,,,,,,,,,,,,,,,,,,,,,,,,,,,,,,,,,,,,,,,,,,,,,,,,,,,,,,,,,,,,,,,,,,,,,,,,,,,,,,,,,,,,,,,,,,,,,,,,,,,,,,,,,,,,,,,,,,,,,,,,,,,,,,,,,,,,,,,,,,,,,,,,,,,,,,,,,,,,,,,,,,,,,,,,,,,,,,,,,,,,,,,,,,,,,,,,,,,,,,,,,,,,,,,,,,,,,,,,,,,,,,,,,,,,,,,,,,,,,,,,,,,,,,,,,,,,,,,,,,,,,,,False,STRUCTURAL,비데이터 행,,,unknown
770,7,DEB,ENC,Nairyah Gen,ENC,1,2026-09-30 00:00:00,,3,100,,,,,사상,,0,,,,,,,,,,,,,,,,,,미정,7,9,,,,,,,,,,,,,,,,,,,,,,,,,,,,,,,,,,,,,,,,,,,,,,,,,,,,,,,,,,,,,,,,,,,,,,,,,,,,,,,,,,,,,,,,,,,,,,,,,,,,,,,,,,,,,,,,,,,,,,,,,,,,,,,,,,,,,,,,,,,,,,,,,,,,,,,,,,,,,,,,,,,,,,,,,,,,,,,,,,,,,,,,,,,,,,,,,,,,,,,,,,,,,,,,,,,,,,,,,,,,,,,,,,,,,,,,,,,,,,,,,,,,,,,,,,,,,,,,,,,,,,,,,,,,,,,,,,,,,,False,STRUCTURAL,비데이터 행,,,unknown
770,9,DEB,ENC,Nairyah Gen,ENC,1,2026-09-30 00:00:00,,3,100,,,,,실적,,,,,,,,,,,,,,,,,,,,미정,7,9,,,,,,,,,,,,,,,,,,,,,,,,,,,,,,,,,,,,,,,,,,,,,,,,,,,,,,,,,,,,,,,,,,,,,,,,,,,,,,,,,,,,,,,,,,,,,,,,,,,,,,,,,,,,,,,,,,,,,,,,,,,,,,,,,,,,,,,,,,,,,,,,,,,,,,,,,,,,,,,,,,,,,,,,,,,,,,,,,,,,,,,,,,,,,,,,,,,,,,,,,,,,,,,,,,,,,,,,,,,,,,,,,,,,,,,,,,,,,,,,,,,,,,,,,,,,,,,,,,,,,,,,,,,,,,,,,,,,,,False,STRUCTURAL,비데이터 행,,,unknown
771,1,BHI,VS,QFE #3,VS,8,2026-10-01 00:00:00,46156,5,30,,,,,일자,H 남민테크,46043,46050,46055,46079,46104,46104,46136,46156,-,2026-06-04 00:00:00,46190,46192,46198,2026-06-29 00:00:00,46203,0%,,,H 남민테크,5,10,,,계획,46043,,46050,,46055,,46079,,46080,,46104,,46098,,46156,,46128,,46177,,46141,,46190,,46192,,46198,,46202,,46203,,,발S,,,,,,,,,,,,,,,,,,,,,,,,발F,가S,,,,,,,,,,,,,,,,,,제S,-----,-----,-----,,-----,가F,-----,-----,-----,-----,,-----,-----,-----,-----,-----,-----,-----,-----,-----,-----,-----,-----,-----,-----,-----,-----,-----,-----,도S,-----,-----,-----,-----,-----,-----,-----,-----,-----,-----,-----,-----,조S,-----,-----,-----,-----,-----,-----,-----,-----,-----,-----,-----,-----,-----,-----,제F,,,,,,,,,,,,,,,,,,,,,도F,,,,,,,,,,,,,조F,,상,,,,,,검,,,,포,출,,,,,,,,,,,,,,,,,,,,,,,,,,,,,,,,,,,,,,,,,,,,,,,,,,,,,,,,,,,,,,,,,,,,,,,,,,,,,,,,,,,,,,,,,,,,,True,DATA_PLAN,,,,plan
771,2,BHI,VS,QFE #3,VS,8,2026-10-01 00:00:00,,5,30,,,,,실행,H 남민테크,,,,,,,,,,,,,,,,,,,H 남민테크,5,10,,,,,,,,,,,,,,,,,,,,,,,,,,,,,,,,,,,,,,,,,,,,,,,,,,,,,,,,,,,,,,,,,,,,,,,,,,,,,,,,,,,,,,,,,,,,,,,,,,,,,,,,,,,,,,,,,,,,,,,,,,,,,,,,,,,,,,,,,,,,,,,,,,,,,,,,,,,,,,,,,,,,,,,,,,,,,,,,,,,,,,,,,,,,,,,,,,,,,,,,,,,,,,,,,,,,,,,,,,,,,,,,,,,,,,,,,,,,,,,,,,,,,,,,,,,,,,,,,,,,,,,,,,,,,,,,,,,,,,True,DATA_ACTUAL,,,,actual
771,3,BHI,VS,QFE #3,VS,8,2026-10-01 00:00:00,,5,30,,,,,H 남민테크,H 남민테크,,,,,,,,,-,,,,,,,,,,H 남민테크,5,10,,,실적,,0,,0,,0,,0,,,,0,,,,0,,,,0,,,,0,,0,,0,,0,,0,,,,,,,,,,,,,,,,,,,,,,,,,,,,,,,,,,,,,,,,,,,,,,,,,,,,,,,,,,,,,,,,,,,,,,,,,,,,,,,,,,,,,,,,,,,,,,,,,,,,,,,,,,,,,,,,,,,,,,,,,,,,,,,,,,,,,,,,,,,,,,,,,,,,,,,,,,,,,,,,,,,,,,,,,,,,,,,,,,,,,,,,,,,,,,,,,,,,,,,,,,,,,,,,,,,,,,,,,,,,,,,,,,,,,,,,,,,,,,,,,,,False,STRUCTURAL,비데이터 행,,,unknown
771,4,BHI,VS,QFE #3,VS,8,2026-10-01 00:00:00,,5,30,,,,,취부,,0,,,,,,,,,,,,,,,,,,H 남민테크,5,10,,,LOAD,,,,,,,,,,,,,,,,,,,,,,,,,,,,,,,,,,,,,,,,,,,,,,,,,,,,,,,,,,,,,,,,,,,,,,,,,,,,,,,,,,,,,,,,,,,,,,,,,,,,,,,,,,,,,,,,,,,,,,,,,,,,,,,,,,,,,,,,,,,,,,,,,,,,,,,,,,,,,,,,,,,,,,,,,,,,,,,,,,,,,,,,,,,,,,,,,,,,,,,,,,,,,,,,,,,,,,,,,,,,,,,,,,,,,,,,,,,,,,,,,,,,,,,,,,,,,,,,,,,,,,,,,,,,,,,,,,,False,STRUCTURAL,비데이터 행,,,unknown
771,5,BHI,VS,QFE #3,VS,8,2026-10-01 00:00:00,,5,30,,,,,용접,,0,,,,,,,,,,,,,,,,,,H 남민테크,5,10,,,,,,,,,,,,,,,,,,,,,,,,,,,,,,,,,,,,,,,,,,,,,,,,,,,,,,,,,,,,,,,,,,,,,,,,,,,,,,,,,,,,,,,,,,,,,,,,,,,,,,,,,,,,,,,,,,,,,,,,,,,,,,,,,,,,,,,,,,,,,,,,,,,,,,,,,,,,,,,,,,,,,,,,,,,,,,,,,,,,,,,,,,,,,,,,,,,,,,,,,,,,,,,,,,,,,,,,,,,,,,,,,,,,,,,,,,,,,,,,,,,,,,,,,,,,,,,,,,,,,,,,,,,,,,,,,,,,,,False,STRUCTURAL,비데이터 행,,,unknown
771,6,BHI,VS,QFE #3,VS,8,2026-10-01 00:00:00,,5,30,,,,,조립,,0,,,,,,,,,,,,,,,,,,H 남민테크,5,10,,,,,,,,,,,,,,,,,,,,,,,,,,,,,,,,,,,,,,,,,,,,,,,,,,,,,,,,,,,,,,,,,,,,,,,,,,,,,,,,,,,,,,,,,,,,,,,,,,,,,,,,,,,,,,,,,,,,,,,,,,,,,,,,,,,,,,,,,,,,,,,,,,,,,,,,,,,,,,,,,,,,,,,,,,,,,,,,,,,,,,,,,,,,,,,,,,,,,,,,,,,,,,,,,,,,,,,,,,,,,,,,,,,,,,,,,,,,,,,,,,,,,,,,,,,,,,,,,,,,,,,,,,,,,,,,,,,,,,False,STRUCTURAL,비데이터 행,,,unknown
771,7,BHI,VS,QFE #3,VS,8,2026-10-01 00:00:00,,5,30,,,,,사상,,0,,,,,,,,,,,,,,,,,,H 남민테크,5,10,,,,,,,,,,,,,,,,,,,,,,,,,,,,,,,,,,,,,,,,,,,,,,,,,,,,,,,,,,,,,,,,,,,,,,,,,,,,,,,,,,,,,,,,,,,,,,,,,,,,,,,,,,,,,,,,,,,,,,,,,,,,,,,,,,,,,,,,,,,,,,,,,,,,,,,,,,,,,,,,,,,,,,,,,,,,,,,,,,,,,,,,,,,,,,,,,,,,,,,,,,,,,,,,,,,,,,,,,,,,,,,,,,,,,,,,,,,,,,,,,,,,,,,,,,,,,,,,,,,,,,,,,,,,,,,,,,,,,,False,STRUCTURAL,비데이터 행,,,unknown
771,9,BHI,VS,QFE #3,VS,8,2026-10-01 00:00:00,,5,30,,,,,실적,,,,,,,,,,,,,,,,,,,,H 남민테크,5,10,,,,,,,,,,,,,,,,,,,,,,,,,,,,,,,,,,,,,,,,,,,,,,,,,,,,,,,,,,,,,,,,,,,,,,,,,,,,,,,,,,,,,,,,,,,,,,,,,,,,,,,,,,,,,,,,,,,,,,,,,,,,,,,,,,,,,,,,,,,,,,,,,,,,,,,,,,,,,,,,,,,,,,,,,,,,,,,,,,,,,,,,,,,,,,,,,,,,,,,,,,,,,,,,,,,,,,,,,,,,,,,,,,,,,,,,,,,,,,,,,,,,,,,,,,,,,,,,,,,,,,,,,,,,,,,,,,,,,,False,STRUCTURAL,비데이터 행,,,unknown
772,1,BHI,SS,O-Man,SS,2,2026-10-01 00:00:00,46156,1,30,,,,,일자,미정,46043,46050,46055,46079,46104,46104,46136,46156,-,2026-06-04 00:00:00,46190,46192,46198,2026-06-29 00:00:00,46203,0%,,,미정,5,10,,,계획,46043,,46050,,46055,,46079,,46080,,46104,,46098,,46156,,46128,,46177,,46141,,46190,,46192,,46198,,46202,,46203,,,발S,,,,,,,,,,,,,,,,,,,,,,,,발F,가S,,,,,,,,,,,,,,,,,,제S,-----,-----,-----,,-----,가F,-----,-----,-----,-----,,-----,-----,-----,-----,-----,-----,-----,-----,-----,-----,-----,-----,-----,-----,-----,-----,-----,-----,도S,-----,-----,-----,-----,-----,-----,-----,-----,-----,-----,-----,-----,조S,-----,-----,-----,-----,-----,-----,-----,-----,-----,-----,-----,-----,-----,-----,제F,,,,,,,,,,,,,,,,,,,,,도F,,,,,,,,,,,,,조F,,상,,,,,,검,,,,포,출,,,,,,,,,,,,,,,,,,,,,,,,,,,,,,,,,,,,,,,,,,,,,,,,,,,,,,,,,,,,,,,,,,,,,,,,,,,,,,,,,,,,,,,,,,,,,True,DATA_PLAN,,,,plan
772,2,BHI,SS,O-Man,SS,2,2026-10-01 00:00:00,,1,30,,,,,실행,미정,,,,,,,,,,,,,,,,,,,미정,5,10,,,,,,,,,,,,,,,,,,,,,,,,,,,,,,,,,,,,,,,,,,,,,,,,,,,,,,,,,,,,,,,,,,,,,,,,,,,,,,,,,,,,,,,,,,,,,,,,,,,,,,,,,,,,,,,,,,,,,,,,,,,,,,,,,,,,,,,,,,,,,,,,,,,,,,,,,,,,,,,,,,,,,,,,,,,,,,,,,,,,,,,,,,,,,,,,,,,,,,,,,,,,,,,,,,,,,,,,,,,,,,,,,,,,,,,,,,,,,,,,,,,,,,,,,,,,,,,,,,,,,,,,,,,,,,,,,,,,,,True,DATA_ACTUAL,,,,actual
772,3,BHI,SS,O-Man,SS,2,2026-10-01 00:00:00,,1,30,,,,,미정,미정,,,,,,,,,-,,,,,,,,,,미정,5,10,,,실적,,0,,0,,0,,0,,,,0,,,,0,,,,0,,,,0,,0,,0,,0,,0,,,,,,,,,,,,,,,,,,,,,,,,,,,,,,,,,,,,,,,,,,,,,,,,,,,,,,,,,,,,,,,,,,,,,,,,,,,,,,,,,,,,,,,,,,,,,,,,,,,,,,,,,,,,,,,,,,,,,,,,,,,,,,,,,,,,,,,,,,,,,,,,,,,,,,,,,,,,,,,,,,,,,,,,,,,,,,,,,,,,,,,,,,,,,,,,,,,,,,,,,,,,,,,,,,,,,,,,,,,,,,,,,,,,,,,,,,,,,,,,,,,False,STRUCTURAL,비데이터 행,,,unknown
772,4,BHI,SS,O-Man,SS,2,2026-10-01 00:00:00,,1,30,,,,,취부,,0,,,,,,,,,,,,,,,,,,미정,5,10,,,LOAD,,,,,,,,,,,,,,,,,,,,,,,,,,,,,,,,,,,,,,,,,,,,,,,,,,,,,,,,,,,,,,,,,,,,,,,,,,,,,,,,,,,,,,,,,,,,,,,,,,,,,,,,,,,,,,,,,,,,,,,,,,,,,,,,,,,,,,,,,,,,,,,,,,,,,,,,,,,,,,,,,,,,,,,,,,,,,,,,,,,,,,,,,,,,,,,,,,,,,,,,,,,,,,,,,,,,,,,,,,,,,,,,,,,,,,,,,,,,,,,,,,,,,,,,,,,,,,,,,,,,,,,,,,,,,,,,,,,False,STRUCTURAL,비데이터 행,,,unknown
772,5,BHI,SS,O-Man,SS,2,2026-10-01 00:00:00,,1,30,,,,,용접,,0,,,,,,,,,,,,,,,,,,미정,5,10,,,,,,,,,,,,,,,,,,,,,,,,,,,,,,,,,,,,,,,,,,,,,,,,,,,,,,,,,,,,,,,,,,,,,,,,,,,,,,,,,,,,,,,,,,,,,,,,,,,,,,,,,,,,,,,,,,,,,,,,,,,,,,,,,,,,,,,,,,,,,,,,,,,,,,,,,,,,,,,,,,,,,,,,,,,,,,,,,,,,,,,,,,,,,,,,,,,,,,,,,,,,,,,,,,,,,,,,,,,,,,,,,,,,,,,,,,,,,,,,,,,,,,,,,,,,,,,,,,,,,,,,,,,,,,,,,,,,,,False,STRUCTURAL,비데이터 행,,,unknown
772,6,BHI,SS,O-Man,SS,2,2026-10-01 00:00:00,,1,30,,,,,조립,,0,,,,,,,,,,,,,,,,,,미정,5,10,,,,,,,,,,,,,,,,,,,,,,,,,,,,,,,,,,,,,,,,,,,,,,,,,,,,,,,,,,,,,,,,,,,,,,,,,,,,,,,,,,,,,,,,,,,,,,,,,,,,,,,,,,,,,,,,,,,,,,,,,,,,,,,,,,,,,,,,,,,,,,,,,,,,,,,,,,,,,,,,,,,,,,,,,,,,,,,,,,,,,,,,,,,,,,,,,,,,,,,,,,,,,,,,,,,,,,,,,,,,,,,,,,,,,,,,,,,,,,,,,,,,,,,,,,,,,,,,,,,,,,,,,,,,,,,,,,,,,,False,STRUCTURAL,비데이터 행,,,unknown
772,7,BHI,SS,O-Man,SS,2,2026-10-01 00:00:00,,1,30,,,,,사상,,0,,,,,,,,,,,,,,,,,,미정,5,10,,,,,,,,,,,,,,,,,,,,,,,,,,,,,,,,,,,,,,,,,,,,,,,,,,,,,,,,,,,,,,,,,,,,,,,,,,,,,,,,,,,,,,,,,,,,,,,,,,,,,,,,,,,,,,,,,,,,,,,,,,,,,,,,,,,,,,,,,,,,,,,,,,,,,,,,,,,,,,,,,,,,,,,,,,,,,,,,,,,,,,,,,,,,,,,,,,,,,,,,,,,,,,,,,,,,,,,,,,,,,,,,,,,,,,,,,,,,,,,,,,,,,,,,,,,,,,,,,,,,,,,,,,,,,,,,,,,,,,False,STRUCTURAL,비데이터 행,,,unknown
772,9,BHI,SS,O-Man,SS,2,2026-10-01 00:00:00,,1,30,,,,,실적,,,,,,,,,,,,,,,,,,,,미정,5,10,,,,,,,,,,,,,,,,,,,,,,,,,,,,,,,,,,,,,,,,,,,,,,,,,,,,,,,,,,,,,,,,,,,,,,,,,,,,,,,,,,,,,,,,,,,,,,,,,,,,,,,,,,,,,,,,,,,,,,,,,,,,,,,,,,,,,,,,,,,,,,,,,,,,,,,,,,,,,,,,,,,,,,,,,,,,,,,,,,,,,,,,,,,,,,,,,,,,,,,,,,,,,,,,,,,,,,,,,,,,,,,,,,,,,,,,,,,,,,,,,,,,,,,,,,,,,,,,,,,,,,,,,,,,,,,,,,,,,,False,STRUCTURAL,비데이터 행,,,unknown
773,1,BHI,VS,"O-Man #1,2",VS,12,2026-10-01 00:00:00,46156,5,30,,,,,일자,미정,46043,46050,46055,46079,46104,46104,46136,46156,-,2026-06-04 00:00:00,46190,46192,46198,2026-06-29 00:00:00,46203,0%,,,미정,5,10,,,계획,46043,,46050,,46055,,46079,,46080,,46104,,46098,,46156,,46128,,46177,,46141,,46190,,46192,,46198,,46202,,46203,,,발S,,,,,,,,,,,,,,,,,,,,,,,,발F,가S,,,,,,,,,,,,,,,,,,제S,-----,-----,-----,,-----,가F,-----,-----,-----,-----,,-----,-----,-----,-----,-----,-----,-----,-----,-----,-----,-----,-----,-----,-----,-----,-----,-----,-----,도S,-----,-----,-----,-----,-----,-----,-----,-----,-----,-----,-----,-----,조S,-----,-----,-----,-----,-----,-----,-----,-----,-----,-----,-----,-----,-----,-----,제F,,,,,,,,,,,,,,,,,,,,,도F,,,,,,,,,,,,,조F,,상,,,,,,검,,,,포,출,,,,,,,,,,,,,,,,,,,,,,,,,,,,,,,,,,,,,,,,,,,,,,,,,,,,,,,,,,,,,,,,,,,,,,,,,,,,,,,,,,,,,,,,,,,,,True,DATA_PLAN,,,,plan
773,2,BHI,VS,"O-Man #1,2",VS,12,2026-10-01 00:00:00,,5,30,,,,,실행,미정,,,,,,,,,,,,,,,,,,,미정,5,10,,,,,,,,,,,,,,,,,,,,,,,,,,,,,,,,,,,,,,,,,,,,,,,,,,,,,,,,,,,,,,,,,,,,,,,,,,,,,,,,,,,,,,,,,,,,,,,,,,,,,,,,,,,,,,,,,,,,,,,,,,,,,,,,,,,,,,,,,,,,,,,,,,,,,,,,,,,,,,,,,,,,,,,,,,,,,,,,,,,,,,,,,,,,,,,,,,,,,,,,,,,,,,,,,,,,,,,,,,,,,,,,,,,,,,,,,,,,,,,,,,,,,,,,,,,,,,,,,,,,,,,,,,,,,,,,,,,,,,True,DATA_ACTUAL,,,,actual
773,3,BHI,VS,"O-Man #1,2",VS,12,2026-10-01 00:00:00,,5,30,,,,,미정,미정,,,,,,,,,-,,,,,,,,,,미정,5,10,,,실적,,0,,0,,0,,0,,,,0,,,,0,,,,0,,,,0,,0,,0,,0,,0,,,,,,,,,,,,,,,,,,,,,,,,,,,,,,,,,,,,,,,,,,,,,,,,,,,,,,,,,,,,,,,,,,,,,,,,,,,,,,,,,,,,,,,,,,,,,,,,,,,,,,,,,,,,,,,,,,,,,,,,,,,,,,,,,,,,,,,,,,,,,,,,,,,,,,,,,,,,,,,,,,,,,,,,,,,,,,,,,,,,,,,,,,,,,,,,,,,,,,,,,,,,,,,,,,,,,,,,,,,,,,,,,,,,,,,,,,,,,,,,,,,False,STRUCTURAL,비데이터 행,,,unknown
773,4,BHI,VS,"O-Man #1,2",VS,12,2026-10-01 00:00:00,,5,30,,,,,취부,,0,,,,,,,,,,,,,,,,,,미정,5,10,,,LOAD,,,,,,,,,,,,,,,,,,,,,,,,,,,,,,,,,,,,,,,,,,,,,,,,,,,,,,,,,,,,,,,,,,,,,,,,,,,,,,,,,,,,,,,,,,,,,,,,,,,,,,,,,,,,,,,,,,,,,,,,,,,,,,,,,,,,,,,,,,,,,,,,,,,,,,,,,,,,,,,,,,,,,,,,,,,,,,,,,,,,,,,,,,,,,,,,,,,,,,,,,,,,,,,,,,,,,,,,,,,,,,,,,,,,,,,,,,,,,,,,,,,,,,,,,,,,,,,,,,,,,,,,,,,,,,,,,,,False,STRUCTURAL,비데이터 행,,,unknown
773,5,BHI,VS,"O-Man #1,2",VS,12,2026-10-01 00:00:00,,5,30,,,,,용접,,0,,,,,,,,,,,,,,,,,,미정,5,10,,,,,,,,,,,,,,,,,,,,,,,,,,,,,,,,,,,,,,,,,,,,,,,,,,,,,,,,,,,,,,,,,,,,,,,,,,,,,,,,,,,,,,,,,,,,,,,,,,,,,,,,,,,,,,,,,,,,,,,,,,,,,,,,,,,,,,,,,,,,,,,,,,,,,,,,,,,,,,,,,,,,,,,,,,,,,,,,,,,,,,,,,,,,,,,,,,,,,,,,,,,,,,,,,,,,,,,,,,,,,,,,,,,,,,,,,,,,,,,,,,,,,,,,,,,,,,,,,,,,,,,,,,,,,,,,,,,,,,False,STRUCTURAL,비데이터 행,,,unknown
773,6,BHI,VS,"O-Man #1,2",VS,12,2026-10-01 00:00:00,,5,30,,,,,조립,,0,,,,,,,,,,,,,,,,,,미정,5,10,,,,,,,,,,,,,,,,,,,,,,,,,,,,,,,,,,,,,,,,,,,,,,,,,,,,,,,,,,,,,,,,,,,,,,,,,,,,,,,,,,,,,,,,,,,,,,,,,,,,,,,,,,,,,,,,,,,,,,,,,,,,,,,,,,,,,,,,,,,,,,,,,,,,,,,,,,,,,,,,,,,,,,,,,,,,,,,,,,,,,,,,,,,,,,,,,,,,,,,,,,,,,,,,,,,,,,,,,,,,,,,,,,,,,,,,,,,,,,,,,,,,,,,,,,,,,,,,,,,,,,,,,,,,,,,,,,,,,,False,STRUCTURAL,비데이터 행,,,unknown
773,7,BHI,VS,"O-Man #1,2",VS,12,2026-10-01 00:00:00,,5,30,,,,,사상,,0,,,,,,,,,,,,,,,,,,미정,5,10,,,,,,,,,,,,,,,,,,,,,,,,,,,,,,,,,,,,,,,,,,,,,,,,,,,,,,,,,,,,,,,,,,,,,,,,,,,,,,,,,,,,,,,,,,,,,,,,,,,,,,,,,,,,,,,,,,,,,,,,,,,,,,,,,,,,,,,,,,,,,,,,,,,,,,,,,,,,,,,,,,,,,,,,,,,,,,,,,,,,,,,,,,,,,,,,,,,,,,,,,,,,,,,,,,,,,,,,,,,,,,,,,,,,,,,,,,,,,,,,,,,,,,,,,,,,,,,,,,,,,,,,,,,,,,,,,,,,,,False,STRUCTURAL,비데이터 행,,,unknown
773,9,BHI,VS,"O-Man #1,2",VS,12,2026-10-01 00:00:00,,5,30,,,,,실적,,,,,,,,,,,,,,,,,,,,미정,5,10,,,,,,,,,,,,,,,,,,,,,,,,,,,,,,,,,,,,,,,,,,,,,,,,,,,,,,,,,,,,,,,,,,,,,,,,,,,,,,,,,,,,,,,,,,,,,,,,,,,,,,,,,,,,,,,,,,,,,,,,,,,,,,,,,,,,,,,,,,,,,,,,,,,,,,,,,,,,,,,,,,,,,,,,,,,,,,,,,,,,,,,,,,,,,,,,,,,,,,,,,,,,,,,,,,,,,,,,,,,,,,,,,,,,,,,,,,,,,,,,,,,,,,,,,,,,,,,,,,,,,,,,,,,,,,,,,,,,,,False,STRUCTURAL,비데이터 행,,,unknown
774,1,HHI,SCR중,SH8235,SCR-8,3,2026-10-08 00:00:00,46279,2,30,,전기,,3X3,일자,D 청림,46218,46220,46223,46247,46259,46259,46272,46279,-,2026-09-18 00:00:00,46295,46296,46297,2026-10-06 00:00:00,46302,0%,,,D 청림,9,10,,,계획,46218,,46220,,46223,,46247,,46248,,46259,,46260,,46279,,46280,,46283,,46286,,46295,,46296,,46297,,46301,,46302,,,,,,,,,,,,,,,,,,,,,,,,,,,,,,,,,,,,,,,,,,,,,,,,,,,,,,,,,,,,,,,,,,,,,,,,,,,,,,,,,,,,,,,,,,,,,,,,,,,,,,,,,,,,,,,,,,,,,,,,,,,,,,,,,,,,,,,,,,,,,,,,,,,,,,,,,,,,,,,,,,,,,,D,,K,,,발S,,,,,,,,,,,,,,,,,,,,,,,,발F,가S,,,,,,,,,,,가F,제S,-----,-----,-----,-----,-----,-----,-----,-----,-----,-----,-----,-----,-----,-----,-----,-----,-----,-----,제F,도S,,,도F,,,조S,,,,,,,,,조F,True,DATA_PLAN,,,,plan
774,2,HHI,SCR중,SH8235,SCR-8,3,2026-10-08 00:00:00,,2,30,,,,,실행,D 청림,,,,,,,,,,,,,,,,,,,D 청림,9,10,,,,,,,,,,,,,,,,,,,,,,,,,,,,,,,,,,,,,,,,,,,,,,,,,,,,,,,,,,,,,,,,,,,,,,,,,,,,,,,,,,,,,,,,,,,,,,,,,,,,,,,,,,,,,,,,,,,,,,,,,,,,,,,,,,,,,,,,,,,,,,,,,,,,,,,,,,,,,,,,,,,,,,,,,,,,,,,,,,,,,,,,,,,,,,,,,,,,,,,,,,,,,,,,,,,,,,,,,,,,,,,,,,,,,,,,,,,,,,,,,,,,,,,,,,,,,,,,,,,,,,,,,,,,,,,,,,,,,,True,DATA_ACTUAL,,,,actual
774,3,HHI,SCR중,SH8235,SCR-8,3,2026-10-08 00:00:00,,2,30,,,,,D 청림,D 청림,,,,,,,,,-,,,,,,,,,,D 청림,9,10,,,실적,,0,,0,,0,,0,,0,,0,,,,0,,,,0,,,,0,,0,,0,,0,,0,,,,,,,,,,,,,,,,,,,,,,,,,,,,,,,,,,,,,,,,,,,,,,,,,,,,,,,,,,,,,,,,,,,,,,,,,,,,,,,,,,,,,,,,,,,,,,,,,,,,,,,,,,,,,,,,,,,,,,,,,,,,,,,,,,,,,,,,,,,,,,,,,,,,,,,,,,,,,,,,,,,,,,,,,,,,,,,,,,,,,,,,,,,,,,,,,,,,,,,,,,,,,,,,,,,,,,,,,,,,,,,,,,,,,,,,,,,,,,,,,,,False,STRUCTURAL,비데이터 행,,,unknown
774,4,HHI,SCR중,SH8235,SCR-8,3,2026-10-08 00:00:00,,2,30,,,,,취부,,0,,,,,,,,,,,,,,,,,,D 청림,9,10,,,LOAD,,,,,,,,,,,,,,,,,,,,,,,,,,,,,,,,,,,,,,,,,,,,,,,,,,,,,,,,,,,,,,,,,,,,,,,,,,,,,,,,,,,,,,,,,,,,,,,,,,,,,,,,,,,,,,,,,,,,,,,,,,,,,,,,,,,,,,,,,,,,,,,,,,,,,,,,,,,,,,,,,,,,,,,,,,,,,,,,,,,,,,,,,,,,,,,,,,,,,,,,,,,,,,,,,,,,,,,,,,,,,,,,,,,,,,,,,,,,,,,,,,,,,,,,,,,,,,,,,,,,,,,,,,,,,,,,,,,False,STRUCTURAL,비데이터 행,,,unknown
774,5,HHI,SCR중,SH8235,SCR-8,3,2026-10-08 00:00:00,,2,30,,,,,용접,,0,,,,,,,,,,,,,,,,,,D 청림,9,10,,,,,,,,,,,,,,,,,,,,,,,,,,,,,,,,,,,,,,,,,,,,,,,,,,,,,,,,,,,,,,,,,,,,,,,,,,,,,,,,,,,,,,,,,,,,,,,,,,,,,,,,,,,,,,,,,,,,,,,,,,,,,,,,,,,,,,,,,,,,,,,,,,,,,,,,,,,,,,,,,,,,,,,,,,,,,,,,,,,,,,,,,,,,,,,,,,,,,,,,,,,,,,,,,,,,,,,,,,,,,,,,,,,,,,,,,,,,,,,,,,,,,,,,,,,,,,,,,,,,,,,,,,,,,,,,,,,,,,False,STRUCTURAL,비데이터 행,,,unknown
774,6,HHI,SCR중,SH8235,SCR-8,3,2026-10-08 00:00:00,,2,30,,,,,조립,,0,,,,,,,,,,,,,,,,,,D 청림,9,10,,,,,,,,,,,,,,,,,,,,,,,,,,,,,,,,,,,,,,,,,,,,,,,,,,,,,,,,,,,,,,,,,,,,,,,,,,,,,,,,,,,,,,,,,,,,,,,,,,,,,,,,,,,,,,,,,,,,,,,,,,,,,,,,,,,,,,,,,,,,,,,,,,,,,,,,,,,,,,,,,,,,,,,,,,,,,,,,,,,,,,,,,,,,,,,,,,,,,,,,,,,,,,,,,,,,,,,,,,,,,,,,,,,,,,,,,,,,,,,,,,,,,,,,,,,,,,,,,,,,,,,,,,,,,,,,,,,,,,False,STRUCTURAL,비데이터 행,,,unknown
774,7,HHI,SCR중,SH8235,SCR-8,3,2026-10-08 00:00:00,,2,30,,,,,사상,,0,,,,,,,,,,,,,,,,,,D 청림,9,10,,,,,,,,,,,,,,,,,,,,,,,,,,,,,,,,,,,,,,,,,,,,,,,,,,,,,,,,,,,,,,,,,,,,,,,,,,,,,,,,,,,,,,,,,,,,,,,,,,,,,,,,,,,,,,,,,,,,,,,,,,,,,,,,,,,,,,,,,,,,,,,,,,,,,,,,,,,,,,,,,,,,,,,,,,,,,,,,,,,,,,,,,,,,,,,,,,,,,,,,,,,,,,,,,,,,,,,,,,,,,,,,,,,,,,,,,,,,,,,,,,,,,,,,,,,,,,,,,,,,,,,,,,,,,,,,,,,,,,False,STRUCTURAL,비데이터 행,,,unknown
774,9,HHI,SCR중,SH8235,SCR-8,3,2026-10-08 00:00:00,,2,30,,,,,실적,,,,,,,,,,,,,,,,,,,,D 청림,9,10,,,,,,,,,,,,,,,,,,,,,,,,,,,,,,,,,,,,,,,,,,,,,,,,,,,,,,,,,,,,,,,,,,,,,,,,,,,,,,,,,,,,,,,,,,,,,,,,,,,,,,,,,,,,,,,,,,,,,,,,,,,,,,,,,,,,,,,,,,,,,,,,,,,,,,,,,,,,,,,,,,,,,,,,,,,,,,,,,,,,,,,,,,,,,,,,,,,,,,,,,,,,,,,,,,,,,,,,,,,,,,,,,,,,,,,,,,,,,,,,,,,,,,,,,,,,,,,,,,,,,,,,,,,,,,,,,,,,,,False,STRUCTURAL,비데이터 행,,,unknown
775,1,DEB,ENC,Hazar #1,ENC,1,2026-10-15 00:00:00,46185,3,100,,,,100Ton,일자,범안/동일,46052,46062,46065,46090,46119,46119,46159,46185,-,2026-07-24 00:00:00,46260,46261,46267,2026-09-09 00:00:00,46279,0%,,,범안/동일,6,10,,,계획,46052,,46062,,46065,,46090,,46091,,46119,,46108,,46185,,46192,,46227,,46210,,46260,,46261,,46267,,46274,,46279,,,,,,,,,,K,,,발S,,,,,,,,,,,,,,,,,,,,,,,,,발F,가S,,,,,,,,,,,,,,,,,제S,,-----,-----,-----,-----,-----,-----,-----,-----,-----,가F,-----,-----,-----,-----,-----,-----,-----,-----,-----,-----,-----,-----,-----,-----,-----,-----,-----,-----,-----,-----,-----,-----,-----,-----,-----,-----,-----,-----,-----,-----,-----,-----,-----,-----,-----,-----,-----,-----,-----,-----,-----,-----,-----,-----,-----,-----,-----,-----,-----,-----,-----,-----,-----,-----,-----,-----,-----,-----,-----,-----,-----,-----,-----,-----,-----,제F,,,,,,,도S,,,,,,,,,,,,,,,,,,조S,,,,,,,,,,,,,,,,,도F,,,,,,,,,,,,,,,,,,,,,,,,,,,,,,,,,조F,상,,,,,,검,,,,,,,포,,,,,출,,,,,,,,,,,,,,,,,True,DATA_PLAN,,,,plan
775,2,DEB,ENC,Hazar #1,ENC,1,2026-10-15 00:00:00,,3,100,,,,,실행,범안/동일,,,,,,,,,,,,,,,,,,,범안/동일,6,10,,,,,,,,,,,,,,,,,,,,,,,,,,,,,,,,,,,,,,,,,,,,,,,,,,,,,,,,,,,,,,,,,,,,,,,,,,,,,,,,,,,,,,,,,,,,,,,,,,,,,,,,,,,,,,,,,,,,,,,,,,,,,,,,,,,,,,,,,,,,,,,,,,,,,,,,,,,,,,,,,,,,,,,,,,,,,,,,,,,,,,,,,,,,,,,,,,,,,,,,,,,,,,,,,,,,,,,,,,,,,,,,,,,,,,,,,,,,,,,,,,,,,,,,,,,,,,,,,,,,,,,,,,,,,,,,,,,,,,True,DATA_ACTUAL,,,,actual
775,3,DEB,ENC,Hazar #1,ENC,1,2026-10-15 00:00:00,,3,100,,,,,범안/동일,범안/동일,,,,,,,,,-,,,,,,,,,,범안/동일,6,10,,,실적,,0,,0,,0,,0,,0,,0,,,,0,,,,0,,,,0,,0,,0,,0,,0,,,,,,,,,,,,,,,,,,,,,,,,,,,,,,,,,,,,,,,,,,,,,,,,,,,,,,,,,,,,,,,,,,,,,,,,,,,,,,,,,,,,,,,,,,,,,,,,,,,,,,,,,,,,,,,,,,,,,,,,,,,,,,,,,,,,,,,,,,,,,,,,,,,,,,,,,,,,,,,,,,,,,,,,,,,,,,,,,,,,,,,,,,,,,,,,,,,,,,,,,,,,,,,,,,,,,,,,,,,,,,,,,,,,,,,,,,,,,,,,,,,False,STRUCTURAL,비데이터 행,,,unknown
775,4,DEB,ENC,Hazar #1,ENC,1,2026-10-15 00:00:00,,3,100,,,,,취부,,0,,,,,,,,,,,,,,,,,,범안/동일,6,10,,,LOAD,,,,,,,,,,,,,,,,,,,,,,,,,,,,,,,,,,,,,,,,,,,,,,,,,,,,,,,,,,,,,,,,,,,,,,,,,,,,,,,,,,,,,,,,,,,,,,,,,,,,,,,,,,,,,,,,,,,,,,,,,,,,,,,,,,,,,,,,,,,,,,,,,,,,,,,,,,,,,,,,,,,,,,,,,,,,,,,,,,,,,,,,,,,,,,,,,,,,,,,,,,,,,,,,,,,,,,,,,,,,,,,,,,,,,,,,,,,,,,,,,,,,,,,,,,,,,,,,,,,,,,,,,,,,,,,,,,,False,STRUCTURAL,비데이터 행,,,unknown
775,5,DEB,ENC,Hazar #1,ENC,1,2026-10-15 00:00:00,,3,100,,,,,용접,,0,,,,,,,,,,,,,,,,,,범안/동일,6,10,,,,,,,,,,,,,,,,,,,,,,,,,,,,,,,,,,,,,,,,,,,,,,,,,,,,,,,,,,,,,,,,,,,,,,,,,,,,,,,,,,,,,,,,,,,,,,,,,,,,,,,,,,,,,,,,,,,,,,,,,,,,,,,,,,,,,,,,,,,,,,,,,,,,,,,,,,,,,,,,,,,,,,,,,,,,,,,,,,,,,,,,,,,,,,,,,,,,,,,,,,,,,,,,,,,,,,,,,,,,,,,,,,,,,,,,,,,,,,,,,,,,,,,,,,,,,,,,,,,,,,,,,,,,,,,,,,,,,,False,STRUCTURAL,비데이터 행,,,unknown
775,6,DEB,ENC,Hazar #1,ENC,1,2026-10-15 00:00:00,,3,100,,,,,조립,,128,,,,,,,,,,,,,,,,,,범안/동일,6,10,,,,,,,,,,,,,,,,,,,,,,,,,,,,,,,,,,,,,,,,,,,,,,,,,,,,,,,,,,,,,,,,,,,,,,,,,,,,,,,,,,,,,,,,,,,,,,,,,,,,,,,,,,,,,,,,,,,,,,,,,,,,,,,,,,,,,,,,,,,,,,,,,,,,,,,,,,,,,,,,,,,,,,,,,,,,,,,,,,,,,,,,,,,,,,,,,,,,,,,,,,,,,,,,,,,,,4,4,4,4,4,,4,4,4,4,4,4,,4,4,4,4,4,4,,4,4,4,4,4,4,,4,4,4,4,4,4,,4,4,4,,,,,,,,,,,,,,,,,,,,,,,,,,,,,False,STRUCTURAL,비데이터 행,,,unknown
775,7,DEB,ENC,Hazar #1,ENC,1,2026-10-15 00:00:00,,3,100,,,,,사상,,0,,,,,,,,,,,,,,,,,,범안/동일,6,10,,,,,,,,,,,,,,,,,,,,,,,,,,,,,,,,,,,,,,,,,,,,,,,,,,,,,,,,,,,,,,,,,,,,,,,,,,,,,,,,,,,,,,,,,,,,,,,,,,,,,,,,,,,,,,,,,,,,,,,,,,,,,,,,,,,,,,,,,,,,,,,,,,,,,,,,,,,,,,,,,,,,,,,,,,,,,,,,,,,,,,,,,,,,,,,,,,,,,,,,,,,,,,,,,,,,,,,,,,,,,,,,,,,,,,,,,,,,,,,,,,,,,,,,,,,,,,,,,,,,,,,,,,,,,,,,,,,,,,False,STRUCTURAL,비데이터 행,,,unknown
775,9,DEB,ENC,Hazar #1,ENC,1,2026-10-15 00:00:00,,3,100,,,,,실적,,,,,,,,,,,,,,,,,,,,범안/동일,6,10,,,,,,,,,,,,,,,,,,,,,,,,,,,,,,,,,,,,,,,,,,,,,,,,,,,,,,,,,,,,,,,,,,,,,,,,,,,,,,,,,,,,,,,,,,,,,,,,,,,,,,,,,,,,,,,,,,,,,,,,,,,,,,,,,,,,,,,,,,,,,,,,,,,,,,,,,,,,,,,,,,,,,,,,,,,,,,,,,,,,,,,,,,,,,,,,,,,,,,,,,,,,,,,,,,,,,,,,,,,,,,,,,,,,,,,,,,,,,,,,,,,,,,,,,,,,,,,,,,,,,,,,,,,,,,,,,,,,,,False,STRUCTURAL,비데이터 행,,,unknown
776,1,DEB,ENC,Hazar Gen #1,ENC,1,2026-10-15 00:00:00,46254,3,100,,,,12Ton,일자,미정,46188,46196,46197,46211,46224,46224,46244,46254,-,2026-08-28 00:00:00,46272,46273,46274,2026-09-11 00:00:00,46279,0%,,,미정,8,10,,,계획,46188,,46196,,46197,,46211,,46212,,46224,,46225,,46254,,46255,,46262,,46265,,46272,,46273,,46274,,46276,,46279,,,,,,,,,,,,,,,,,,,,,,,,,,,,,,,,,,,,,,,,,,,,,,,,,,,,,,,,,,,,,,,,,,,,,,,,,,,,,,,,,,,,,,,,,,,,,,,,,,,,,,,,,,,,,,,,,,,,,,,,,,,,,,,,,,,,,,,,D,,,,,,,,K,발S,,,,,,,,,,,,,,발F,가S,,,,,,,,,,,,가F,제S,-----,-----,-----,-----,-----,-----,-----,-----,-----,-----,-----,-----,-----,-----,-----,-----,-----,-----,-----,-----,-----,-----,-----,-----,-----,-----,-----,-----,제F,도S,,,,,,,도F,,,조S,,,,,,,조F,상,검,,포,,,출,,,,,,,,,,,,,,,,,True,DATA_PLAN,,,,plan
776,2,DEB,ENC,Hazar Gen #1,ENC,1,2026-10-15 00:00:00,,3,100,,,,,실행,미정,,,,,,,,,,,,,,,,,,,미정,8,10,,,,,,,,,,,,,,,,,,,,,,,,,,,,,,,,,,,,,,,,,,,,,,,,,,,,,,,,,,,,,,,,,,,,,,,,,,,,,,,,,,,,,,,,,,,,,,,,,,,,,,,,,,,,,,,,,,,,,,,,,,,,,,,,,,,,,,,,,,,,,,,,,,,,,,,,,,,,,,,,,,,,,,,,,,,,,,,,,,,,,,,,,,,,,,,,,,,,,,,,,,,,,,,,,,,,,,,,,,,,,,,,,,,,,,,,,,,,,,,,,,,,,,,,,,,,,,,,,,,,,,,,,,,,,,,,,,,,,,True,DATA_ACTUAL,,,,actual
776,3,DEB,ENC,Hazar Gen #1,ENC,1,2026-10-15 00:00:00,,3,100,,,,,미정,미정,,,,,,,,,-,,,,,,,,,,미정,8,10,,,실적,,0,,0,,0,,0,,0,,0,,,,0,,,,0,,,,0,,0,,0,,0,,0,,,,,,,,,,,,,,,,,,,,,,,,,,,,,,,,,,,,,,,,,,,,,,,,,,,,,,,,,,,,,,,,,,,,,,,,,,,,,,,,,,,,,,,,,,,,,,,,,,,,,,,,,,,,,,,,,,,,,,,,,,,,,,,,,,,,,,,,,,,,,,,,,,,,,,,,,,,,,,,,,,,,,,,,,,,,,,,,,,,,,,,,,,,,,,,,,,,,,,,,,,,,,,,,,,,,,,,,,,,,,,,,,,,,,,,,,,,,,,,,,,,False,STRUCTURAL,비데이터 행,,,unknown
776,4,DEB,ENC,Hazar Gen #1,ENC,1,2026-10-15 00:00:00,,3,100,,,,,취부,,0,,,,,,,,,,,,,,,,,,미정,8,10,,,LOAD,,,,,,,,,,,,,,,,,,,,,,,,,,,,,,,,,,,,,,,,,,,,,,,,,,,,,,,,,,,,,,,,,,,,,,,,,,,,,,,,,,,,,,,,,,,,,,,,,,,,,,,,,,,,,,,,,,,,,,,,,,,,,,,,,,,,,,,,,,,,,,,,,,,,,,,,,,,,,,,,,,,,,,,,,,,,,,,,,,,,,,,,,,,,,,,,,,,,,,,,,,,,,,,,,,,,,,,,,,,,,,,,,,,,,,,,,,,,,,,,,,,,,,,,,,,,,,,,,,,,,,,,,,,,,,,,,,,False,STRUCTURAL,비데이터 행,,,unknown
776,5,DEB,ENC,Hazar Gen #1,ENC,1,2026-10-15 00:00:00,,3,100,,,,,용접,,0,,,,,,,,,,,,,,,,,,미정,8,10,,,,,,,,,,,,,,,,,,,,,,,,,,,,,,,,,,,,,,,,,,,,,,,,,,,,,,,,,,,,,,,,,,,,,,,,,,,,,,,,,,,,,,,,,,,,,,,,,,,,,,,,,,,,,,,,,,,,,,,,,,,,,,,,,,,,,,,,,,,,,,,,,,,,,,,,,,,,,,,,,,,,,,,,,,,,,,,,,,,,,,,,,,,,,,,,,,,,,,,,,,,,,,,,,,,,,,,,,,,,,,,,,,,,,,,,,,,,,,,,,,,,,,,,,,,,,,,,,,,,,,,,,,,,,,,,,,,,,,False,STRUCTURAL,비데이터 행,,,unknown
776,6,DEB,ENC,Hazar Gen #1,ENC,1,2026-10-15 00:00:00,,3,100,,,,,조립,,48,,,,,,,,,,,,,,,,,,미정,8,10,,,,,,,,,,,,,,,,,,,,,,,,,,,,,,,,,,,,,,,,,,,,,,,,,,,,,,,,,,,,,,,,,,,,,,,,,,,,,,,,,,,,,,,,,,,,,,,,,,,,,,,,,,,,,,,,,,,,,,,,,,,,,,,,,,,,,,,,,,,,,,,,,,,,,,,,,,,,,,,,,,,,,,,,,,,,,,,,,,,,,,,,,,,,,,,,,,,,,,,,,,,,,,,,,,,,,,,,,,,,,,,,,,,,,,,,,,,,,,,,,4,4,4,4,4,,4,4,4,4,4,4,,4,,,,,,,,,,,,,,,,,,,,,,,,False,STRUCTURAL,비데이터 행,,,unknown
776,7,DEB,ENC,Hazar Gen #1,ENC,1,2026-10-15 00:00:00,,3,100,,,,,사상,,0,,,,,,,,,,,,,,,,,,미정,8,10,,,,,,,,,,,,,,,,,,,,,,,,,,,,,,,,,,,,,,,,,,,,,,,,,,,,,,,,,,,,,,,,,,,,,,,,,,,,,,,,,,,,,,,,,,,,,,,,,,,,,,,,,,,,,,,,,,,,,,,,,,,,,,,,,,,,,,,,,,,,,,,,,,,,,,,,,,,,,,,,,,,,,,,,,,,,,,,,,,,,,,,,,,,,,,,,,,,,,,,,,,,,,,,,,,,,,,,,,,,,,,,,,,,,,,,,,,,,,,,,,,,,,,,,,,,,,,,,,,,,,,,,,,,,,,,,,,,,,,False,STRUCTURAL,비데이터 행,,,unknown
776,9,DEB,ENC,Hazar Gen #1,ENC,1,2026-10-15 00:00:00,,3,100,,,,,실적,,,,,,,,,,,,,,,,,,,,미정,8,10,,,,,,,,,,,,,,,,,,,,,,,,,,,,,,,,,,,,,,,,,,,,,,,,,,,,,,,,,,,,,,,,,,,,,,,,,,,,,,,,,,,,,,,,,,,,,,,,,,,,,,,,,,,,,,,,,,,,,,,,,,,,,,,,,,,,,,,,,,,,,,,,,,,,,,,,,,,,,,,,,,,,,,,,,,,,,,,,,,,,,,,,,,,,,,,,,,,,,,,,,,,,,,,,,,,,,,,,,,,,,,,,,,,,,,,,,,,,,,,,,,,,,,,,,,,,,,,,,,,,,,,,,,,,,,,,,,,,,,False,STRUCTURAL,비데이터 행,,,unknown
777,1,HHI,SCR중,SH8239,SCR-7,4,2026-10-16 00:00:00,46311,2,30,,전기,X,,일자,미정,,,,,,,,,-,,,,,,,0%,,,미정,0xf,10,,,계획,,,,,,,,,,,,,,,,,,,,,,,,,,,,,,,,,,,,,,,,,,,,,,,,,,,,,,,,,,,,,,,,,,,,,,,,,,,,,,,,,,,,,,,,,,,,,,,,,,,,,,,,,,,,,,,,,,,,,,,,,,,,,,,,,,,,,,,,,,,,,,,,,,,,,,,,,,,,,,,,,,,,,,,,,,,,,,,,,,,,,,,,,,,,,,,,,,,,,,,,,,,,,,,,,,,,,,,,,,,,,,,,,,,,,,,,,,,,,,,,,,,,,,,,,,,,,,,,,,,,,,,,,,,,,,,,,,,True,DATA_PLAN,,,,plan
777,2,HHI,SCR중,SH8239,SCR-7,4,2026-10-16 00:00:00,,2,30,,,,8/17->10/16,실행,미정,,,,,,,,,,,,,,,,,,,미정,0xf,10,,,,,,,,,,,,,,,,,,,,,,,,,,,,,,,,,,,,,,,,,,,,,,,,,,,,,,,,,,,,,,,,,,,,,,,,,,,,,,,,,,,,,,,,,,,,,,,,,,,,,,,,,,,,,,,,,,,,,,,,,,,,,,,,,,,,,,,,,,,,,,,,,,,,,,,,,,,,,,,,,,,,,,,,,,,,,,,,,,,,,,,,,,,,,,,,,,,,,,,,,,,,,,,,,,,,,,,,,,,,,,,,,,,,,,,,,,,,,,,,,,,,,,,,,,,,,,,,,,,,,,,,,,,,,,,,,,,,,,True,DATA_ACTUAL,,,,actual
777,3,HHI,SCR중,SH8239,SCR-7,4,2026-10-16 00:00:00,,2,30,,,,,미정,미정,,,,,,,,,-,,,,,,,,,,미정,0xf,10,,,실적,,0,,0,,0,,0,,0,,0,,,,0,,,,0,,,,0,,0,,0,,0,,0,,,,,,,,,,,,,,,,,,,,,,,,,,,,,,,,,,,,,,,,,,,,,,,,,,,,,,,,,,,,,,,,,,,,,,,,,,,,,,,,,,,,,,,,,,,,,,,,,,,,,,,,,,,,,,,,,,,,,,,,,,,,,,,,,,,,,,,,,,,,,,,,,,,,,,,,,,,,,,,,,,,,,,,,,,,,,,,,,,,,,,,,,,,,,,,,,,,,,,,,,,,,,,,,,,,,,,,,,,,,,,,,,,,,,,,,,,,,,,,,,,,False,STRUCTURAL,비데이터 행,,,unknown
777,4,HHI,SCR중,SH8239,SCR-7,4,2026-10-16 00:00:00,,2,30,,,,,취부,,0,,,,,,,,,,,,,,,,,,미정,0xf,10,,,LOAD,,,,,,,,,,,,,,,,,,,,,,,,,,,,,,,,,,,,,,,,,,,,,,,,,,,,,,,,,,,,,,,,,,,,,,,,,,,,,,,,,,,,,,,,,,,,,,,,,,,,,,,,,,,,,,,,,,,,,,,,,,,,,,,,,,,,,,,,,,,,,,,,,,,,,,,,,,,,,,,,,,,,,,,,,,,,,,,,,,,,,,,,,,,,,,,,,,,,,,,,,,,,,,,,,,,,,,,,,,,,,,,,,,,,,,,,,,,,,,,,,,,,,,,,,,,,,,,,,,,,,,,,,,,,,,,,,,,False,STRUCTURAL,비데이터 행,,,unknown
777,5,HHI,SCR중,SH8239,SCR-7,4,2026-10-16 00:00:00,,2,30,,,,,용접,,0,,,,,,,,,,,,,,,,,,미정,0xf,10,,,,,,,,,,,,,,,,,,,,,,,,,,,,,,,,,,,,,,,,,,,,,,,,,,,,,,,,,,,,,,,,,,,,,,,,,,,,,,,,,,,,,,,,,,,,,,,,,,,,,,,,,,,,,,,,,,,,,,,,,,,,,,,,,,,,,,,,,,,,,,,,,,,,,,,,,,,,,,,,,,,,,,,,,,,,,,,,,,,,,,,,,,,,,,,,,,,,,,,,,,,,,,,,,,,,,,,,,,,,,,,,,,,,,,,,,,,,,,,,,,,,,,,,,,,,,,,,,,,,,,,,,,,,,,,,,,,,,,False,STRUCTURAL,비데이터 행,,,unknown
777,6,HHI,SCR중,SH8239,SCR-7,4,2026-10-16 00:00:00,,2,30,,,,,조립,,0,,,,,,,,,,,,,,,,,,미정,0xf,10,,,,,,,,,,,,,,,,,,,,,,,,,,,,,,,,,,,,,,,,,,,,,,,,,,,,,,,,,,,,,,,,,,,,,,,,,,,,,,,,,,,,,,,,,,,,,,,,,,,,,,,,,,,,,,,,,,,,,,,,,,,,,,,,,,,,,,,,,,,,,,,,,,,,,,,,,,,,,,,,,,,,,,,,,,,,,,,,,,,,,,,,,,,,,,,,,,,,,,,,,,,,,,,,,,,,,,,,,,,,,,,,,,,,,,,,,,,,,,,,,,,,,,,,,,,,,,,,,,,,,,,,,,,,,,,,,,,,,,False,STRUCTURAL,비데이터 행,,,unknown
777,7,HHI,SCR중,SH8239,SCR-7,4,2026-10-16 00:00:00,,2,30,,,,,사상,,0,,,,,,,,,,,,,,,,,,미정,0xf,10,,,,,,,,,,,,,,,,,,,,,,,,,,,,,,,,,,,,,,,,,,,,,,,,,,,,,,,,,,,,,,,,,,,,,,,,,,,,,,,,,,,,,,,,,,,,,,,,,,,,,,,,,,,,,,,,,,,,,,,,,,,,,,,,,,,,,,,,,,,,,,,,,,,,,,,,,,,,,,,,,,,,,,,,,,,,,,,,,,,,,,,,,,,,,,,,,,,,,,,,,,,,,,,,,,,,,,,,,,,,,,,,,,,,,,,,,,,,,,,,,,,,,,,,,,,,,,,,,,,,,,,,,,,,,,,,,,,,,,False,STRUCTURAL,비데이터 행,,,unknown
777,9,HHI,SCR중,SH8239,SCR-7,4,2026-10-16 00:00:00,,2,30,,,,,실적,,,,,,,,,,,,,,,,,,,,미정,0xf,10,,,,,,,,,,,,,,,,,,,,,,,,,,,,,,,,,,,,,,,,,,,,,,,,,,,,,,,,,,,,,,,,,,,,,,,,,,,,,,,,,,,,,,,,,,,,,,,,,,,,,,,,,,,,,,,,,,,,,,,,,,,,,,,,,,,,,,,,,,,,,,,,,,,,,,,,,,,,,,,,,,,,,,,,,,,,,,,,,,,,,,,,,,,,,,,,,,,,,,,,,,,,,,,,,,,,,,,,,,,,,,,,,,,,,,,,,,,,,,,,,,,,,,,,,,,,,,,,,,,,,,,,,,,,,,,,,,,,,,False,STRUCTURAL,비데이터 행,,,unknown
778,1,HHI,차기호위함,차기호위함 Batch4 #1,E-1,3,2026-10-17 00:00:00,46246,2,20,,,,,일자,A 동일,46129,46139,46140,46174,46196,46196,46229,46246,-,2026-09-07 00:00:00,46295,46296,46301,2026-10-13 00:00:00,46310,0%,,,A 동일,8,10,,,계획,46129,,46139,,46140,,46174,,46175,,46196,,46197,,46246,,46258,,46272,,46267,,46295,,46296,,46301,,46308,,46310,,,,,,,,,,,,,,,,,,,,,,,,,,,,,,,,,,,,,,,,,,,,,,,,,,,,,,,,,,,,,,,,,,,,,,,,,,,,,D,,,,,,,,,,K,발S,,,,,,,,,,,,,,,,,,,,,,,,,,,,,,,,,,발F,가S,,,,,,,,,,,,,,,,,,,,,가F,제S,-----,-----,-----,-----,-----,-----,-----,-----,-----,-----,-----,-----,-----,-----,-----,-----,-----,-----,-----,-----,-----,-----,-----,-----,-----,-----,-----,-----,-----,-----,-----,-----,-----,-----,-----,-----,-----,-----,-----,-----,-----,-----,-----,-----,-----,-----,-----,-----,제F,,,,,,,,,,,,도S,,,,,,,,,조S,,,,,도F,,,,,,,,,,,,,,,,,,,,,,,조F,True,DATA_PLAN,,,,plan
778,2,HHI,차기호위함,차기호위함 Batch4 #1,E-1,1,2026-10-17 00:00:00,,2,20,,,,,실행,A 동일,,,,,,,,,,,,,,,,,,,A 동일,8,10,,,,,,,,,,,,,,,,,,,,,,,,,,,,,,,,,,,,,,,,,,,,,,,,,,,,,,,,,,,,,,,,,,,,,,,,,,,,,,,,,,,,,,,,,,,,,,,,,,,,,,,,,,,,,,,,,,,,,,,,,,,,,,,,,,,,,,,,,,,,,,,,,,,,,,,,,,,,,,,,,,,,,,,,,,,,,,,,,,,,,,,,,,,,,,,,,,,,,,,,,,,,,,,,,,,,,,,,,,,,,,,,,,,,,,,,,,,,,,,,,,,,,,,,,,,,,,,,,,,,,,,,,,,,,,,,,,,,,,True,DATA_ACTUAL,,,,actual
778,3,HHI,차기호위함,차기호위함 Batch4 #1,E-1,1,2026-10-17 00:00:00,,2,20,,,,,A 동일,A 동일,,,,,,,,,-,,,,,,,,,,A 동일,8,10,,,실적,,0,,0,,0,,0,,0,,0,,,,0,,,,0,,,,0,,0,,0,,0,,0,,,,,,,,,,,,,,,,,,,,,,,,,,,,,,,,,,,,,,,,,,,,,,,,,,,,,,,,,,,,,,,,,,,,,,,,,,,,,,,,,,,,,,,,,,,,,,,,,,,,,,,,,,,,,,,,,,,,,,,,,,,,,,,,,,,,,,,,,,,,,,,,,,,,,,,,,,,,,,,,,,,,,,,,,,,,,,,,,,,,,,,,,,,,,,,,,,,,,,,,,,,,,,,,,,,,,,,,,,,,,,,,,,,,,,,,,,,,,,,,,,,False,STRUCTURAL,비데이터 행,,,unknown
778,4,HHI,차기호위함,차기호위함 Batch4 #1,E-1,1,2026-10-17 00:00:00,,2,20,,,,,취부,,0,,,,,,,,,,,,,,,,,,A 동일,8,10,,,LOAD,,,,,,,,,,,,,,,,,,,,,,,,,,,,,,,,,,,,,,,,,,,,,,,,,,,,,,,,,,,,,,,,,,,,,,,,,,,,,,,,,,,,,,,,,,,,,,,,,,,,,,,,,,,,,,,,,,,,,,,,,,,,,,,,,,,,,,,,,,,,,,,,,,,,,,,,,,,,,,,,,,,,,,,,,,,,,,,,,,,,,,,,,,,,,,,,,,,,,,,,,,,,,,,,,,,,,,,,,,,,,,,,,,,,,,,,,,,,,,,,,,,,,,,,,,,,,,,,,,,,,,,,,,,,,,,,,,,False,STRUCTURAL,비데이터 행,,,unknown
778,5,HHI,차기호위함,차기호위함 Batch4 #1,E-1,1,2026-10-17 00:00:00,,2,20,,,,,용접,,0,,,,,,,,,,,,,,,,,,A 동일,8,10,,,,,,,,,,,,,,,,,,,,,,,,,,,,,,,,,,,,,,,,,,,,,,,,,,,,,,,,,,,,,,,,,,,,,,,,,,,,,,,,,,,,,,,,,,,,,,,,,,,,,,,,,,,,,,,,,,,,,,,,,,,,,,,,,,,,,,,,,,,,,,,,,,,,,,,,,,,,,,,,,,,,,,,,,,,,,,,,,,,,,,,,,,,,,,,,,,,,,,,,,,,,,,,,,,,,,,,,,,,,,,,,,,,,,,,,,,,,,,,,,,,,,,,,,,,,,,,,,,,,,,,,,,,,,,,,,,,,,,False,STRUCTURAL,비데이터 행,,,unknown
778,6,HHI,차기호위함,차기호위함 Batch4 #1,E-1,1,2026-10-17 00:00:00,,2,20,,,,,조립,,0,,,,,,,,,,,,,,,,,,A 동일,8,10,,,,,,,,,,,,,,,,,,,,,,,,,,,,,,,,,,,,,,,,,,,,,,,,,,,,,,,,,,,,,,,,,,,,,,,,,,,,,,,,,,,,,,,,,,,,,,,,,,,,,,,,,,,,,,,,,,,,,,,,,,,,,,,,,,,,,,,,,,,,,,,,,,,,,,,,,,,,,,,,,,,,,,,,,,,,,,,,,,,,,,,,,,,,,,,,,,,,,,,,,,,,,,,,,,,,,,,,,,,,,,,,,,,,,,,,,,,,,,,,,,,,,,,,,,,,,,,,,,,,,,,,,,,,,,,,,,,,,,False,STRUCTURAL,비데이터 행,,,unknown
778,7,HHI,차기호위함,차기호위함 Batch4 #1,E-1,1,2026-10-17 00:00:00,,2,20,,,,,사상,,0,,,,,,,,,,,,,,,,,,A 동일,8,10,,,,,,,,,,,,,,,,,,,,,,,,,,,,,,,,,,,,,,,,,,,,,,,,,,,,,,,,,,,,,,,,,,,,,,,,,,,,,,,,,,,,,,,,,,,,,,,,,,,,,,,,,,,,,,,,,,,,,,,,,,,,,,,,,,,,,,,,,,,,,,,,,,,,,,,,,,,,,,,,,,,,,,,,,,,,,,,,,,,,,,,,,,,,,,,,,,,,,,,,,,,,,,,,,,,,,,,,,,,,,,,,,,,,,,,,,,,,,,,,,,,,,,,,,,,,,,,,,,,,,,,,,,,,,,,,,,,,,,False,STRUCTURAL,비데이터 행,,,unknown
778,9,HHI,차기호위함,차기호위함 Batch4 #1,E-1,1,2026-10-17 00:00:00,,2,20,,,,,실적,,,,,,,,,,,,,,,,,,,,A 동일,8,10,,,,,,,,,,,,,,,,,,,,,,,,,,,,,,,,,,,,,,,,,,,,,,,,,,,,,,,,,,,,,,,,,,,,,,,,,,,,,,,,,,,,,,,,,,,,,,,,,,,,,,,,,,,,,,,,,,,,,,,,,,,,,,,,,,,,,,,,,,,,,,,,,,,,,,,,,,,,,,,,,,,,,,,,,,,,,,,,,,,,,,,,,,,,,,,,,,,,,,,,,,,,,,,,,,,,,,,,,,,,,,,,,,,,,,,,,,,,,,,,,,,,,,,,,,,,,,,,,,,,,,,,,,,,,,,,,,,,,,False,STRUCTURAL,비데이터 행,,,unknown
779,1,BHI,VS,Rabigh #5,VS-2,7,2026-10-20 00:00:00,46282,4,30,,,,,일자,미정,46219,46226,46231,46253,46262,46262,46275,46282,-,2026-09-23 00:00:00,46302,46307,46309,2026-10-16 00:00:00,46314,0%,,,미정,9,10,,,계획,46219,,46226,,46231,,46253,,46254,,46262,,46261,,46282,,46279,,46288,,46283,,46302,,46307,,46309,,46311,,46314,,,,,,,,,,,,,,,,,,,,,,,,,,,,,,,,,,,,,,,,,,,,,,,,,,,,,,,,,,,,,,,,,,,,,,,,,,,,,,,,,,,,,,,,,,,,,,,,,,,,,,,,,,,,,,,,,,,,,,,,,,,,,,,,,,,,,,,,,,,,,,,,,,,,,,,,,,,,,,,,,,,,,,,D,,,,,,,K,,,,,발S,,,,,,,,,,,,,,,,,,,,,,발F,가S,,,,,,,제S,가F,-----,-----,-----,-----,-----,-----,-----,-----,-----,-----,-----,-----,-----,-----,-----,-----,도S,-----,-----,제F,조S,,,,,도F,,,,,,,,True,DATA_PLAN,,,,plan
779,2,BHI,VS,Rabigh #5,VS-2,7,2026-10-20 00:00:00,,4,30,,,,10/1->10/20,실행,미정,,,,,,,,,,,,,,,,,,,미정,9,10,,,,,,,,,,,,,,,,,,,,,,,,,,,,,,,,,,,,,,,,,,,,,,,,,,,,,,,,,,,,,,,,,,,,,,,,,,,,,,,,,,,,,,,,,,,,,,,,,,,,,,,,,,,,,,,,,,,,,,,,,,,,,,,,,,,,,,,,,,,,,,,,,,,,,,,,,,,,,,,,,,,,,,,,,,,,,,,,,,,,,,,,,,,,,,,,,,,,,,,,,,,,,,,,,,,,,,,,,,,,,,,,,,,,,,,,,,,,,,,,,,,,,,,,,,,,,,,,,,,,,,,,,,,,,,,,,,,,,,True,DATA_ACTUAL,,,,actual
779,3,BHI,VS,Rabigh #5,VS-2,7,2026-10-20 00:00:00,,4,30,,,,,미정,미정,,,,,,,,,-,,,,,,,,,,미정,9,10,,,실적,,0,,0,,0,,0,,0,,0,,,,0,,,,0,,,,0,,0,,0,,0,,0,,,,,,,,,,,,,,,,,,,,,,,,,,,,,,,,,,,,,,,,,,,,,,,,,,,,,,,,,,,,,,,,,,,,,,,,,,,,,,,,,,,,,,,,,,,,,,,,,,,,,,,,,,,,,,,,,,,,,,,,,,,,,,,,,,,,,,,,,,,,,,,,,,,,,,,,,,,,,,,,,,,,,,,,,,,,,,,,,,,,,,,,,,,,,,,,,,,,,,,,,,,,,,,,,,,,,,,,,,,,,,,,,,,,,,,,,,,,,,,,,,,False,STRUCTURAL,비데이터 행,,,unknown
779,4,BHI,VS,Rabigh #5,VS-2,7,2026-10-20 00:00:00,,4,30,,,,,취부,,0,,,,,,,,,,,,,,,,,,미정,9,10,,,LOAD,,,,,,,,,,,,,,,,,,,,,,,,,,,,,,,,,,,,,,,,,,,,,,,,,,,,,,,,,,,,,,,,,,,,,,,,,,,,,,,,,,,,,,,,,,,,,,,,,,,,,,,,,,,,,,,,,,,,,,,,,,,,,,,,,,,,,,,,,,,,,,,,,,,,,,,,,,,,,,,,,,,,,,,,,,,,,,,,,,,,,,,,,,,,,,,,,,,,,,,,,,,,,,,,,,,,,,,,,,,,,,,,,,,,,,,,,,,,,,,,,,,,,,,,,,,,,,,,,,,,,,,,,,,,,,,,,,,False,STRUCTURAL,비데이터 행,,,unknown
779,5,BHI,VS,Rabigh #5,VS-2,7,2026-10-20 00:00:00,,4,30,,,,,용접,,0,,,,,,,,,,,,,,,,,,미정,9,10,,,,,,,,,,,,,,,,,,,,,,,,,,,,,,,,,,,,,,,,,,,,,,,,,,,,,,,,,,,,,,,,,,,,,,,,,,,,,,,,,,,,,,,,,,,,,,,,,,,,,,,,,,,,,,,,,,,,,,,,,,,,,,,,,,,,,,,,,,,,,,,,,,,,,,,,,,,,,,,,,,,,,,,,,,,,,,,,,,,,,,,,,,,,,,,,,,,,,,,,,,,,,,,,,,,,,,,,,,,,,,,,,,,,,,,,,,,,,,,,,,,,,,,,,,,,,,,,,,,,,,,,,,,,,,,,,,,,,,False,STRUCTURAL,비데이터 행,,,unknown
779,6,BHI,VS,Rabigh #5,VS-2,7,2026-10-20 00:00:00,,4,30,,,,,조립,,0,,,,,,,,,,,,,,,,,,미정,9,10,,,,,,,,,,,,,,,,,,,,,,,,,,,,,,,,,,,,,,,,,,,,,,,,,,,,,,,,,,,,,,,,,,,,,,,,,,,,,,,,,,,,,,,,,,,,,,,,,,,,,,,,,,,,,,,,,,,,,,,,,,,,,,,,,,,,,,,,,,,,,,,,,,,,,,,,,,,,,,,,,,,,,,,,,,,,,,,,,,,,,,,,,,,,,,,,,,,,,,,,,,,,,,,,,,,,,,,,,,,,,,,,,,,,,,,,,,,,,,,,,,,,,,,,,,,,,,,,,,,,,,,,,,,,,,,,,,,,,,False,STRUCTURAL,비데이터 행,,,unknown
779,7,BHI,VS,Rabigh #5,VS-2,7,2026-10-20 00:00:00,,4,30,,,,,사상,,0,,,,,,,,,,,,,,,,,,미정,9,10,,,,,,,,,,,,,,,,,,,,,,,,,,,,,,,,,,,,,,,,,,,,,,,,,,,,,,,,,,,,,,,,,,,,,,,,,,,,,,,,,,,,,,,,,,,,,,,,,,,,,,,,,,,,,,,,,,,,,,,,,,,,,,,,,,,,,,,,,,,,,,,,,,,,,,,,,,,,,,,,,,,,,,,,,,,,,,,,,,,,,,,,,,,,,,,,,,,,,,,,,,,,,,,,,,,,,,,,,,,,,,,,,,,,,,,,,,,,,,,,,,,,,,,,,,,,,,,,,,,,,,,,,,,,,,,,,,,,,,False,STRUCTURAL,비데이터 행,,,unknown
779,9,BHI,VS,Rabigh #5,VS-2,7,2026-10-20 00:00:00,,4,30,,,,,실적,,,,,,,,,,,,,,,,,,,,미정,9,10,,,,,,,,,,,,,,,,,,,,,,,,,,,,,,,,,,,,,,,,,,,,,,,,,,,,,,,,,,,,,,,,,,,,,,,,,,,,,,,,,,,,,,,,,,,,,,,,,,,,,,,,,,,,,,,,,,,,,,,,,,,,,,,,,,,,,,,,,,,,,,,,,,,,,,,,,,,,,,,,,,,,,,,,,,,,,,,,,,,,,,,,,,,,,,,,,,,,,,,,,,,,,,,,,,,,,,,,,,,,,,,,,,,,,,,,,,,,,,,,,,,,,,,,,,,,,,,,,,,,,,,,,,,,,,,,,,,,,,False,STRUCTURAL,비데이터 행,,,unknown
780,1,HHI,EGP,H2866,EGP-2,5,2026-10-21 00:00:00,46316,5,20,,,,"8H_2,7H_2,9H_1set",일자,F JK플랜트,,,,,,,,,-,,,,,,,0%,,,F JK플랜트,0xf,10,,,계획,,,,,,,,,,,,,,,,,,,,,,,,,,,,,,,,,,,,,,,,,,,,,,,,,,,,,,,,,,,,,,,,,,,,,,,,,,,,,,,,,,,,,,,,,,,,,,,,,,,,,,,,,,,,,,,,,,,,,,,,,,,,,,,,,,,,,,,,,,,,,,,,,,,,,,,,,,,,,,,,,,,,,,,,,,,,,,,,,,,,,,,,,,,,,,,,,,,,,,,,,,,,,,,,,,,,,,,,,,,,,,,,,,,,,,,,,,,,,,,,,,,,,,,,,,,,,,,,,,,,,,,,,,,,,,,,,,,True,DATA_PLAN,,,,plan
780,2,HHI,EGP,H2866,EGP-2,5,2026-10-21 00:00:00,,5,20,,,,27/2/16->12/6→10/21,실행,F JK플랜트,,,,,,,,,,,,,,,,,,,F JK플랜트,0xf,10,,,,,,,,,,,,,,,,,,,,,,,,,,,,,,,,,,,,,,,,,,,,,,,,,,,,,,,,,,,,,,,,,,,,,,,,,,,,,,,,,,,,,,,,,,,,,,,,,,,,,,,,,,,,,,,,,,,,,,,,,,,,,,,,,,,,,,,,,,,,,,,,,,,,,,,,,,,,,,,,,,,,,,,,,,,,,,,,,,,,,,,,,,,,,,,,,,,,,,,,,,,,,,,,,,,,,,,,,,,,,,,,,,,,,,,,,,,,,,,,,,,,,,,,,,,,,,,,,,,,,,,,,,,,,,,,,,,,,,True,DATA_ACTUAL,,,,actual
780,3,HHI,EGP,H2866,EGP-2,5,2026-10-21 00:00:00,,5,20,,,,,F JK플랜트,F JK플랜트,,,,,,,,,-,,,,,,,,,,F JK플랜트,0xf,10,,,실적,,0,,0,,0,,0,,,,0,,,,0,,,,0,,,,0,,0,,0,,0,,0,,,,,,,,,,,,,,,,,,,,,,,,,,,,,,,,,,,,,,,,,,,,,,,,,,,,,,,,,,,,,,,,,,,,,,,,,,,,,,,,,,,,,,,,,,,,,,,,,,,,,,,,,,,,,,,,,,,,,,,,,,,,,,,,,,,,,,,,,,,,,,,,,,,,,,,,,,,,,,,,,,,,,,,,,,,,,,,,,,,,,,,,,,,,,,,,,,,,,,,,,,,,,,,,,,,,,,,,,,,,,,,,,,,,,,,,,,,,,,,,,,,False,STRUCTURAL,비데이터 행,,,unknown
780,4,HHI,EGP,H2866,EGP-2,5,2026-10-21 00:00:00,,5,20,,,,,취부,,0,,,,,,,,,,,,,,,,,,F JK플랜트,0xf,10,,,LOAD,,,,,,,,,,,,,,,,,,,,,,,,,,,,,,,,,,,,,,,,,,,,,,,,,,,,,,,,,,,,,,,,,,,,,,,,,,,,,,,,,,,,,,,,,,,,,,,,,,,,,,,,,,,,,,,,,,,,,,,,,,,,,,,,,,,,,,,,,,,,,,,,,,,,,,,,,,,,,,,,,,,,,,,,,,,,,,,,,,,,,,,,,,,,,,,,,,,,,,,,,,,,,,,,,,,,,,,,,,,,,,,,,,,,,,,,,,,,,,,,,,,,,,,,,,,,,,,,,,,,,,,,,,,,,,,,,,,False,STRUCTURAL,비데이터 행,,,unknown
780,5,HHI,EGP,H2866,EGP-2,5,2026-10-21 00:00:00,,5,20,,,,,용접,,0,,,,,,,,,,,,,,,,,,F JK플랜트,0xf,10,,,,,,,,,,,,,,,,,,,,,,,,,,,,,,,,,,,,,,,,,,,,,,,,,,,,,,,,,,,,,,,,,,,,,,,,,,,,,,,,,,,,,,,,,,,,,,,,,,,,,,,,,,,,,,,,,,,,,,,,,,,,,,,,,,,,,,,,,,,,,,,,,,,,,,,,,,,,,,,,,,,,,,,,,,,,,,,,,,,,,,,,,,,,,,,,,,,,,,,,,,,,,,,,,,,,,,,,,,,,,,,,,,,,,,,,,,,,,,,,,,,,,,,,,,,,,,,,,,,,,,,,,,,,,,,,,,,,,,False,STRUCTURAL,비데이터 행,,,unknown
780,6,HHI,EGP,H2866,EGP-2,5,2026-10-21 00:00:00,,5,20,,,,,조립,,0,,,,,,,,,,,,,,,,,,F JK플랜트,0xf,10,,,,,,,,,,,,,,,,,,,,,,,,,,,,,,,,,,,,,,,,,,,,,,,,,,,,,,,,,,,,,,,,,,,,,,,,,,,,,,,,,,,,,,,,,,,,,,,,,,,,,,,,,,,,,,,,,,,,,,,,,,,,,,,,,,,,,,,,,,,,,,,,,,,,,,,,,,,,,,,,,,,,,,,,,,,,,,,,,,,,,,,,,,,,,,,,,,,,,,,,,,,,,,,,,,,,,,,,,,,,,,,,,,,,,,,,,,,,,,,,,,,,,,,,,,,,,,,,,,,,,,,,,,,,,,,,,,,,,,False,STRUCTURAL,비데이터 행,,,unknown
780,7,HHI,EGP,H2866,EGP-2,5,2026-10-21 00:00:00,,5,20,,,,,사상,,0,,,,,,,,,,,,,,,,,,F JK플랜트,0xf,10,,,,,,,,,,,,,,,,,,,,,,,,,,,,,,,,,,,,,,,,,,,,,,,,,,,,,,,,,,,,,,,,,,,,,,,,,,,,,,,,,,,,,,,,,,,,,,,,,,,,,,,,,,,,,,,,,,,,,,,,,,,,,,,,,,,,,,,,,,,,,,,,,,,,,,,,,,,,,,,,,,,,,,,,,,,,,,,,,,,,,,,,,,,,,,,,,,,,,,,,,,,,,,,,,,,,,,,,,,,,,,,,,,,,,,,,,,,,,,,,,,,,,,,,,,,,,,,,,,,,,,,,,,,,,,,,,,,,,,False,STRUCTURAL,비데이터 행,,,unknown
780,9,HHI,EGP,H2866,EGP-2,5,2026-10-21 00:00:00,,5,20,,,,,실적,,,,,,,,,,,,,,,,,,,,F JK플랜트,0xf,10,,,,,,,,,,,,,,,,,,,,,,,,,,,,,,,,,,,,,,,,,,,,,,,,,,,,,,,,,,,,,,,,,,,,,,,,,,,,,,,,,,,,,,,,,,,,,,,,,,,,,,,,,,,,,,,,,,,,,,,,,,,,,,,,,,,,,,,,,,,,,,,,,,,,,,,,,,,,,,,,,,,,,,,,,,,,,,,,,,,,,,,,,,,,,,,,,,,,,,,,,,,,,,,,,,,,,,,,,,,,,,,,,,,,,,,,,,,,,,,,,,,,,,,,,,,,,,,,,,,,,,,,,,,,,,,,,,,,,,False,STRUCTURAL,비데이터 행,,,unknown
781,1,STXE,REACTOR,H1648,STX-1,4,2026-10-27 00:00:00,46301,1,30,,,,,일자,C 에이스,46185,46189,46190,46261,46272,46272,46291,46301,-,2026-10-14 00:00:00,46315,46316,46317,2026-10-23 00:00:00,46321,0.2,,,C 에이스,10,10,,,계획,46185,,46189,,46190,,46261,,46262,,46272,,46273,,46301,,46302,,46309,,46310,,46315,,46316,,46317,,46318,,46321,,,,,,,,,,,,,,,,,,,,,,,,,,,,,,,,,,,,,,,,,,,,,,,,,,,,,,,,,,,,,,,,,,,,,,,,,,,,,,,,,,,,,,,,,,,,,,,,,,,,,,,,,,,,,,,,,,,,,,,,,,,,,,,,,,,,,D,,,,K,발S,,,,,,,,,,,,,,,,,,,,,,,,,,,,,,,,,,,,,,,,,,,,,,,,,,,,,,,,,,,,,,,,,,,,,,,발F,가S,,,,,,,,,,가F,제S,-----,-----,-----,-----,-----,-----,-----,-----,-----,-----,-----,-----,-----,-----,-----,-----,-----,-----,-----,-----,-----,-----,True,DATA_PLAN,,,,plan
781,2,STXE,REACTOR,H1648,STX-1,4,2026-10-27 00:00:00,,1,30,,,,,실행,C 에이스,46035,,,,,,,,,,,,,,,,,,C 에이스,10,10,,,,,,,,,,,,,,,,,,,,,,,,,,,,,,,,,,,,,,,,,,,,,,,,,,,,,,,,,,,,,,,,,,,,,,,,,,,,,,,,,,,,,,,,,,,,,,,,,,,,,,,,,,,,,,,,,,,,,,,,,,,,,,,,,,,,,,,,,,,,,,,,,,,,,,,,,,,,,,,,,,,,,,,,,,,,,,,,,,,,,,,,,,,,,,,,,,,,,,,,,,,,,,,,,,,,,,,,,,,,,,,,,,,,,,,,,,,,,,,,,,,,,,,,,,,,,,,,,,,,,,,,,,,,,,,,,,,,,,True,DATA_ACTUAL,,,,actual
781,3,STXE,REACTOR,H1648,STX-1,4,2026-10-27 00:00:00,,1,30,,,,,C 에이스,C 에이스,150,,,,,,,,-,,,,,,,,,,C 에이스,10,10,,,실적,,46035,,0,,0,,0,,0,,0,,,,0,,,,0,,,,0,,0,,0,,0,,0,,,,,,,,,,,,,,,,,,,,,,,,,,,,,,,,,,,,,,,,,,,,,,,,,,,,,,,,,,,,,,,,,,,,,,,,,,,,,,,,,,,,,,,,,,,,,,,,,,,,,,,,,,,,,,,,,,,,,,,,,,,,,,,,,,,,,,,,,,,,,,,,,,,,,,,,,,,,,,,,,,,,,,,,,,,,,,,,,,,,,,,,,,,,,,,,,,,,,,,,,,,,,,,,,,,,,,,,,,,,,,,,,,,,,,,,,,,,,,,,,,,False,STRUCTURAL,비데이터 행,,,unknown
781,4,STXE,REACTOR,H1648,STX-1,4,2026-10-27 00:00:00,,1,30,,,,,취부,,0,,,,,,,,,,,,,,,,,,C 에이스,10,10,,,LOAD,,,,,,,,,,,,,,,,,,,,,,,,,,,,,,,,,,,,,,,,,,,,,,,,,,,,,,,,,,,,,,,,,,,,,,,,,,,,,,,,,,,,,,,,,,,,,,,,,,,,,,,,,,,,,,,,,,,,,,,,,,,,,,,,,,,,,,,,,,,,,,,,,,,,,,,,,,,,,,,,,,,,,,,,,,,,,,,,,,,,,,,,,,,,,,,,,,,,,,,,,,,,,,,,,,,,,,,,,,,,,,,,,,,,,,,,,,,,,,,,,,,,,,,,,,,,,,,,,,,,,,,,,,,,,,,,,,,False,STRUCTURAL,비데이터 행,,,unknown
781,5,STXE,REACTOR,H1648,STX-1,4,2026-10-27 00:00:00,,1,30,,,,,용접,,0,,,,,,,,,,,,,,,,,,C 에이스,10,10,,,,,,,,,,,,,,,,,,,,,,,,,,,,,,,,,,,,,,,,,,,,,,,,,,,,,,,,,,,,,,,,,,,,,,,,,,,,,,,,,,,,,,,,,,,,,,,,,,,,,,,,,,,,,,,,,,,,,,,,,,,,,,,,,,,,,,,,,,,,,,,,,,,,,,,,,,,,,,,,,,,,,,,,,,,,,,,,,,,,,,,,,,,,,,,,,,,,,,,,,,,,,,,,,,,,,,,,,,,,,,,,,,,,,,,,,,,,,,,,,,,,,,,,,,,,,,,,,,,,,,,,,,,,,,,,,,,,,,False,STRUCTURAL,비데이터 행,,,unknown
781,6,STXE,REACTOR,H1648,STX-1,4,2026-10-27 00:00:00,,1,30,,,,,조립,,0,,,,,,,,,,,,,,,,,,C 에이스,10,10,,,,,,,,,,,,,,,,,,,,,,,,,,,,,,,,,,,,,,,,,,,,,,,,,,,,,,,,,,,,,,,,,,,,,,,,,,,,,,,,,,,,,,,,,,,,,,,,,,,,,,,,,,,,,,,,,,,,,,,,,,,,,,,,,,,,,,,,,,,,,,,,,,,,,,,,,,,,,,,,,,,,,,,,,,,,,,,,,,,,,,,,,,,,,,,,,,,,,,,,,,,,,,,,,,,,,,,,,,,,,,,,,,,,,,,,,,,,,,,,,,,,,,,,,,,,,,,,,,,,,,,,,,,,,,,,,,,,,,False,STRUCTURAL,비데이터 행,,,unknown
781,7,STXE,REACTOR,H1648,STX-1,4,2026-10-27 00:00:00,,1,30,,,,,사상,,0,,,,,,,,,,,,,,,,,,C 에이스,10,10,,,,,,,,,,,,,,,,,,,,,,,,,,,,,,,,,,,,,,,,,,,,,,,,,,,,,,,,,,,,,,,,,,,,,,,,,,,,,,,,,,,,,,,,,,,,,,,,,,,,,,,,,,,,,,,,,,,,,,,,,,,,,,,,,,,,,,,,,,,,,,,,,,,,,,,,,,,,,,,,,,,,,,,,,,,,,,,,,,,,,,,,,,,,,,,,,,,,,,,,,,,,,,,,,,,,,,,,,,,,,,,,,,,,,,,,,,,,,,,,,,,,,,,,,,,,,,,,,,,,,,,,,,,,,,,,,,,,,,False,STRUCTURAL,비데이터 행,,,unknown
781,9,STXE,REACTOR,H1648,STX-1,4,2026-10-27 00:00:00,,1,30,,,,,실적,,,,,,,,,,,,,,,,,,,,C 에이스,10,10,,,,,,,,,,,,,,,,,,,,,,,,,,,,,,,,,,,,,,,,,,,,,,,,,,,,,,,,,,,,,,,,,,,,,,,,,,,,,,,,,,,,,,,,,,,,,,,,,,,,,,,,,,,,,,,,,,,,,,,,,,,,,,,,,,,,,,,,,,,,,,,,,,,,,,,,,,,,,,,,,,,,,,,,,,,,,,,,,,,,,,,,,,,,,,,,,,,,,,,,,,,,,,,,,,,,,,,,,,,,,,,,,,,,,,,,,,,,,,,,,,,,,,,,,,,,,,,,,,,,,,,,,,,,,,,,,,,,,,False,STRUCTURAL,비데이터 행,,,unknown
782,1,HHI,EGP,CHB2051,EGP-2,5,2026-10-28 00:00:00,46155,5,20,,,,"6H_1,9H_4",일자,F JK플랜트,46099,46106,46107,46121,46132,46132,46147,46155,-,2026-05-21 00:00:00,46184,46185,46188,2026-06-16 00:00:00,46190,0%,,,F JK플랜트,5,10,,,계획,46099,,46106,,46107,,46121,,46122,,46132,,46133,,46155,,46160,,46163,,46162,,46184,,46185,,46188,,46189,,46190,,,,,,,,,,,,,,,,,,,,,,,,,,,,,,,,,,,,,,,,,,,,,,,D,,,,,,,K,발S,,,,,,,,,,,,,,발F,가S,,,,,,,,,,가F,제S,-----,-----,-----,-----,-----,-----,-----,-----,-----,-----,-----,-----,-----,-----,-----,-----,-----,-----,-----,-----,-----,제F,,,,,도S,,조S,도F,,,,,,,,,,,,,,,,,,,,,조F,상,,,검,포,출,,,,,,,,,,,,,,,,,,,,,,,,,,,,,,,,,,,,,,,,,,,,,,,,,,,,,,,,,,,,,,,,,,,,,,,,,,,,,,,,,,,,,,,,,,,,,,,,,,,,,,,,,,True,DATA_PLAN,,,,plan
782,2,HHI,EGP,CHB2051,EGP-2,5,2026-10-28 00:00:00,,5,20,,,,,실행,F JK플랜트,,,,,,,,,,,,,,,,,,,F JK플랜트,5,10,,,,,,,,,,,,,,,,,,,,,,,,,,,,,,,,,,,,,,,,,,,,,,,,,,,,,,,,,,,,,,,,,,,,,,,,,,,,,,,,,,,,,,,,,,,,,,,,,,,,,,,,,,,,,,,,,,,,,,,,,,,,,,,,,,,,,,,,,,,,,,,,,,,,,,,,,,,,,,,,,,,,,,,,,,,,,,,,,,,,,,,,,,,,,,,,,,,,,,,,,,,,,,,,,,,,,,,,,,,,,,,,,,,,,,,,,,,,,,,,,,,,,,,,,,,,,,,,,,,,,,,,,,,,,,,,,,,,,,True,DATA_ACTUAL,,,,actual
782,3,HHI,EGP,CHB2051,EGP-2,5,2026-10-28 00:00:00,,5,20,,,,,F JK플랜트,F JK플랜트,,,,,,,,,-,,,,,,,,,,F JK플랜트,5,10,,,실적,,0,,0,,0,,0,,,,0,,,,0,,,,0,,,,0,,0,,0,,0,,0,,,,,,,,,,,,,,,,,,,,,,,,,,,,,,,,,,,,,,,,,,,,,,,,,,,,,,,,,,,,,,,,,,,,,,,,,,,,,,,,,,,,,,,,,,,,,,,,,,,,,,,,,,,,,,,,,,,,,,,,,,,,,,,,,,,,,,,,,,,,,,,,,,,,,,,,,,,,,,,,,,,,,,,,,,,,,,,,,,,,,,,,,,,,,,,,,,,,,,,,,,,,,,,,,,,,,,,,,,,,,,,,,,,,,,,,,,,,,,,,,,,False,STRUCTURAL,비데이터 행,,,unknown
782,4,HHI,EGP,CHB2051,EGP-2,5,2026-10-28 00:00:00,,5,20,,,,,취부,,0,,,,,,,,,,,,,,,,,,F JK플랜트,5,10,,,LOAD,,,,,,,,,,,,,,,,,,,,,,,,,,,,,,,,,,,,,,,,,,,,,,,,,,,,,,,,,,,,,,,,,,,,,,,,,,,,,,,,,,,,,,,,,,,,,,,,,,,,,,,,,,,,,,,,,,,,,,,,,,,,,,,,,,,,,,,,,,,,,,,,,,,,,,,,,,,,,,,,,,,,,,,,,,,,,,,,,,,,,,,,,,,,,,,,,,,,,,,,,,,,,,,,,,,,,,,,,,,,,,,,,,,,,,,,,,,,,,,,,,,,,,,,,,,,,,,,,,,,,,,,,,,,,,,,,,,False,STRUCTURAL,비데이터 행,,,unknown
782,5,HHI,EGP,CHB2051,EGP-2,5,2026-10-28 00:00:00,,5,20,,,,,용접,,0,,,,,,,,,,,,,,,,,,F JK플랜트,5,10,,,,,,,,,,,,,,,,,,,,,,,,,,,,,,,,,,,,,,,,,,,,,,,,,,,,,,,,,,,,,,,,,,,,,,,,,,,,,,,,,,,,,,,,,,,,,,,,,,,,,,,,,,,,,,,,,,,,,,,,,,,,,,,,,,,,,,,,,,,,,,,,,,,,,,,,,,,,,,,,,,,,,,,,,,,,,,,,,,,,,,,,,,,,,,,,,,,,,,,,,,,,,,,,,,,,,,,,,,,,,,,,,,,,,,,,,,,,,,,,,,,,,,,,,,,,,,,,,,,,,,,,,,,,,,,,,,,,,,False,STRUCTURAL,비데이터 행,,,unknown
782,6,HHI,EGP,CHB2051,EGP-2,5,2026-10-28 00:00:00,,5,20,,,,,조립,,0,,,,,,,,,,,,,,,,,,F JK플랜트,5,10,,,,,,,,,,,,,,,,,,,,,,,,,,,,,,,,,,,,,,,,,,,,,,,,,,,,,,,,,,,,,,,,,,,,,,,,,,,,,,,,,,,,,,,,,,,,,,,,,,,,,,,,,,,,,,,,,,,,,,,,,,,,,,,,,,,,,,,,,,,,,,,,,,,,,,,,,,,,,,,,,,,,,,,,,,,,,,,,,,,,,,,,,,,,,,,,,,,,,,,,,,,,,,,,,,,,,,,,,,,,,,,,,,,,,,,,,,,,,,,,,,,,,,,,,,,,,,,,,,,,,,,,,,,,,,,,,,,,,,False,STRUCTURAL,비데이터 행,,,unknown
782,7,HHI,EGP,CHB2051,EGP-2,5,2026-10-28 00:00:00,,5,20,,,,,사상,,0,,,,,,,,,,,,,,,,,,F JK플랜트,5,10,,,,,,,,,,,,,,,,,,,,,,,,,,,,,,,,,,,,,,,,,,,,,,,,,,,,,,,,,,,,,,,,,,,,,,,,,,,,,,,,,,,,,,,,,,,,,,,,,,,,,,,,,,,,,,,,,,,,,,,,,,,,,,,,,,,,,,,,,,,,,,,,,,,,,,,,,,,,,,,,,,,,,,,,,,,,,,,,,,,,,,,,,,,,,,,,,,,,,,,,,,,,,,,,,,,,,,,,,,,,,,,,,,,,,,,,,,,,,,,,,,,,,,,,,,,,,,,,,,,,,,,,,,,,,,,,,,,,,,False,STRUCTURAL,비데이터 행,,,unknown
782,9,HHI,EGP,CHB2051,EGP-2,5,2026-10-28 00:00:00,,5,20,,,,,실적,,,,,,,,,,,,,,,,,,,,F JK플랜트,5,10,,,,,,,,,,,,,,,,,,,,,,,,,,,,,,,,,,,,,,,,,,,,,,,,,,,,,,,,,,,,,,,,,,,,,,,,,,,,,,,,,,,,,,,,,,,,,,,,,,,,,,,,,,,,,,,,,,,,,,,,,,,,,,,,,,,,,,,,,,,,,,,,,,,,,,,,,,,,,,,,,,,,,,,,,,,,,,,,,,,,,,,,,,,,,,,,,,,,,,,,,,,,,,,,,,,,,,,,,,,,,,,,,,,,,,,,,,,,,,,,,,,,,,,,,,,,,,,,,,,,,,,,,,,,,,,,,,,,,,False,STRUCTURAL,비데이터 행,,,unknown
783,1,MHI,ENC,#5 Franklin Farms EH #2,ENC-3,1,2026-11-04 00:00:00,46274,3,100,,,,,일자,G 범안,46210,46212,46213,46232,46255,46255,46264,46274,-,2026-10-06 00:00:00,46317,46318,46322,2026-10-30 00:00:00,46329,0.25,,,G 범안,9,11,,,계획,46210,,46212,,46213,,46232,,46233,,46255,,46245,,46274,,46281,,46301,,46288,,46317,,46318,,46322,,46325,,46329,,,,,,,,,,,,,,,,,,,,,,,,,,,,,,,,,,,,,,,,,,,,,,,,,,,,,,,,,,,,,,,,,,,,,,,,,,,,,,,,,,,,,,,,,,,,,,,,,,,,,,,,,,,,,,,,,,,,,,,,,,,,,,,,,,,,,,,,,,,,,,,,,,,,,,,,,,,,,,D,,K,발S,,,,,,,,,,,,,,,,,,,발F,가S,,,,,,,,,,,,제S,-----,-----,-----,-----,-----,-----,-----,-----,-----,가F,-----,-----,-----,-----,-----,-----,-----,-----,-----,-----,-----,-----,-----,-----,-----,-----,-----,-----,제F,,,,,,,도S,,,,,,,조S,,,,,,,,True,DATA_PLAN,,,,plan
783,2,MHI,ENC,#5 Franklin Farms #2,ENC-3,1,2026-11-04 00:00:00,,3,100,,,,,실행,G 범안,45925,45951,,,,,,,,,,,,,,,,,G 범안,9,11,,,,,,,,,,,,,,,,,,,,,,,,,,,,,,,,,,,,,,,,,,,,,,,,,,,,,,,,,,,,,,,,,,,,,,,,,,,,,,,,,,,,,,,,,,,,,,,,,,,,,,,,,,,,,,,,,,,,,,,,,,,,,,,,,,,,,,,,,,,,,,,,,,,,,,,,,,,,,,,,,,,,,,,,,,,,,,,,,,,,,,,,,,,,,,,,,,,,,,,,,,,,,,,,,,,,,,,,,,,,,,,,,,,,,,,,,,,,,,,,,,,,,,,,,,,,,,,,,,,,,,,,,,,,,,,,,,,,,,True,DATA_ACTUAL,,,,actual
783,3,MHI,ENC,#5 Franklin Farms #2,ENC-3,1,2026-11-04 00:00:00,,3,100,,,,9Ton,G 범안,G 범안,285,261,,,,,,,-,,,,,,,,,,G 범안,9,11,,,실적,,45925,,45951,,0,,0,,0,,0,,,,0,,,,0,,,,0,,0,,0,,0,,0,,,,,,,,,,,,,,,,,,,,,,,,,,,,,,,,,,,,,,,,,,,,,,,,,,,,,,,,,,,,,,,,,,,,,,,,,,,,,,,,,,,,,,,,,,,,,,,,,,,,,,,,,,,,,,,,,,,,,,,,,,,,,,,,,,,,,,,,,,,,,,,,,,,,,,,,,,,,,,,,,,,,,,,,,,,,,,,,,,,,,,,,,,,,,,,,,,,,,,,,,,,,,,,,,,,,,,,,,,,,,,,,,,,,,,,,,,,,,,,,,,,False,STRUCTURAL,비데이터 행,,,unknown
783,4,MHI,ENC,#5 Franklin Farms #2,ENC-3,1,2026-11-04 00:00:00,,3,100,,,,,취부,,0,,,,,,,,,,,,,,,,,,G 범안,9,11,,,LOAD,,,,,,,,,,,,,,,,,,,,,,,,,,,,,,,,,,,,,,,,,,,,,,,,,,,,,,,,,,,,,,,,,,,,,,,,,,,,,,,,,,,,,,,,,,,,,,,,,,,,,,,,,,,,,,,,,,,,,,,,,,,,,,,,,,,,,,,,,,,,,,,,,,,,,,,,,,,,,,,,,,,,,,,,,,,,,,,,,,,,,,,,,,,,,,,,,,,,,,,,,,,,,,,,,,,,,,,,,,,,,,,,,,,,,,,,,,,,,,,,,,,,,,,,,,,,,,,,,,,,,,,,,,,,,,,,,,,False,STRUCTURAL,비데이터 행,,,unknown
783,5,MHI,ENC,#5 Franklin Farms #2,ENC-3,1,2026-11-04 00:00:00,,3,100,,,,,용접,,0,,,,,,,,,,,,,,,,,,G 범안,9,11,,,,,,,,,,,,,,,,,,,,,,,,,,,,,,,,,,,,,,,,,,,,,,,,,,,,,,,,,,,,,,,,,,,,,,,,,,,,,,,,,,,,,,,,,,,,,,,,,,,,,,,,,,,,,,,,,,,,,,,,,,,,,,,,,,,,,,,,,,,,,,,,,,,,,,,,,,,,,,,,,,,,,,,,,,,,,,,,,,,,,,,,,,,,,,,,,,,,,,,,,,,,,,,,,,,,,,,,,,,,,,,,,,,,,,,,,,,,,,,,,,,,,,,,,,,,,,,,,,,,,,,,,,,,,,,,,,,,,,False,STRUCTURAL,비데이터 행,,,unknown
783,6,MHI,ENC,#5 Franklin Farms #2,ENC-3,1,2026-11-04 00:00:00,,3,100,,,,,조립,,0,,,,,,,,,,,,,,,,,,G 범안,9,11,,,,,,,,,,,,,,,,,,,,,,,,,,,,,,,,,,,,,,,,,,,,,,,,,,,,,,,,,,,,,,,,,,,,,,,,,,,,,,,,,,,,,,,,,,,,,,,,,,,,,,,,,,,,,,,,,,,,,,,,,,,,,,,,,,,,,,,,,,,,,,,,,,,,,,,,,,,,,,,,,,,,,,,,,,,,,,,,,,,,,,,,,,,,,,,,,,,,,,,,,,,,,,,,,,,,,,,,,,,,,,,,,,,,,,,,,,,,,,,,,,,,,,,,,,,,,,,,,,,,,,,,,,,,,,,,,,,,,,False,STRUCTURAL,비데이터 행,,,unknown
783,7,MHI,ENC,#5 Franklin Farms #2,ENC-3,1,2026-11-04 00:00:00,,3,100,,,,,사상,,0,,,,,,,,,,,,,,,,,,G 범안,9,11,,,,,,,,,,,,,,,,,,,,,,,,,,,,,,,,,,,,,,,,,,,,,,,,,,,,,,,,,,,,,,,,,,,,,,,,,,,,,,,,,,,,,,,,,,,,,,,,,,,,,,,,,,,,,,,,,,,,,,,,,,,,,,,,,,,,,,,,,,,,,,,,,,,,,,,,,,,,,,,,,,,,,,,,,,,,,,,,,,,,,,,,,,,,,,,,,,,,,,,,,,,,,,,,,,,,,,,,,,,,,,,,,,,,,,,,,,,,,,,,,,,,,,,,,,,,,,,,,,,,,,,,,,,,,,,,,,,,,,False,STRUCTURAL,비데이터 행,,,unknown
783,9,MHI,ENC,#5 Franklin Farms #2,ENC-3,1,2026-11-04 00:00:00,,3,100,,,,,실적,,,,,,,,,,,,,,,,,,,,G 범안,9,11,,,,,,,,,,,,,,,,,,,,,,,,,,,,,,,,,,,,,,,,,,,,,,,,,,,,,,,,,,,,,,,,,,,,,,,,,,,,,,,,,,,,,,,,,,,,,,,,,,,,,,,,,,,,,,,,,,,,,,,,,,,,,,,,,,,,,,,,,,,,,,,,,,,,,,,,,,,,,,,,,,,,,,,,,,,,,,,,,,,,,,,,,,,,,,,,,,,,,,,,,,,,,,,,,,,,,,,,,,,,,,,,,,,,,,,,,,,,,,,,,,,,,,,,,,,,,,,,,,,,,,,,,,,,,,,,,,,,,,False,STRUCTURAL,비데이터 행,,,unknown
784,1,DEB,ENC,Hazar #2,ENC,1,2026-11-15 00:00:00,46341,3,100,,,,100Ton,일자,범안/동일,,,,,,,,,-,,,,,,,0%,,,범안/동일,0xf,11,,,계획,,,,,,,,,,,,,,,,,,,,,,,,,,,,,,,,,,,,,,,,,,,,,,,,,,,,,,,,,,,,,,,,,,,,,,,,,,,,,,,,,,,,,,,,,,,,,,,,,,,,,,,,,,,,,,,,,,,,,,,,,,,,,,,,,,,,,,,,,,,,,,,,,,,,,,,,,,,,,,,,,,,,,,,,,,,,,,,,,,,,,,,,,,,,,,,,,,,,,,,,,,,,,,,,,,,,,,,,,,,,,,,,,,,,,,,,,,,,,,,,,,,,,,,,,,,,,,,,,,,,,,,,,,,,,,,,,,,True,DATA_PLAN,,,,plan
784,2,DEB,ENC,Hazar #2,ENC,1,2026-11-15 00:00:00,,3,100,,,,,실행,범안/동일,,,,,,,,,,,,,,,,,,,범안/동일,0xf,11,,,,,,,,,,,,,,,,,,,,,,,,,,,,,,,,,,,,,,,,,,,,,,,,,,,,,,,,,,,,,,,,,,,,,,,,,,,,,,,,,,,,,,,,,,,,,,,,,,,,,,,,,,,,,,,,,,,,,,,,,,,,,,,,,,,,,,,,,,,,,,,,,,,,,,,,,,,,,,,,,,,,,,,,,,,,,,,,,,,,,,,,,,,,,,,,,,,,,,,,,,,,,,,,,,,,,,,,,,,,,,,,,,,,,,,,,,,,,,,,,,,,,,,,,,,,,,,,,,,,,,,,,,,,,,,,,,,,,,True,DATA_ACTUAL,,,,actual
784,3,DEB,ENC,Hazar #2,ENC,1,2026-11-15 00:00:00,,3,100,,,,,범안/동일,범안/동일,,,,,,,,,-,,,,,,,,,,범안/동일,0xf,11,,,실적,,0,,0,,0,,0,,0,,0,,,,0,,,,0,,,,0,,0,,0,,0,,0,,,,,,,,,,,,,,,,,,,,,,,,,,,,,,,,,,,,,,,,,,,,,,,,,,,,,,,,,,,,,,,,,,,,,,,,,,,,,,,,,,,,,,,,,,,,,,,,,,,,,,,,,,,,,,,,,,,,,,,,,,,,,,,,,,,,,,,,,,,,,,,,,,,,,,,,,,,,,,,,,,,,,,,,,,,,,,,,,,,,,,,,,,,,,,,,,,,,,,,,,,,,,,,,,,,,,,,,,,,,,,,,,,,,,,,,,,,,,,,,,,,False,STRUCTURAL,비데이터 행,,,unknown
784,4,DEB,ENC,Hazar #2,ENC,1,2026-11-15 00:00:00,,3,100,,,,,취부,,0,,,,,,,,,,,,,,,,,,범안/동일,0xf,11,,,LOAD,,,,,,,,,,,,,,,,,,,,,,,,,,,,,,,,,,,,,,,,,,,,,,,,,,,,,,,,,,,,,,,,,,,,,,,,,,,,,,,,,,,,,,,,,,,,,,,,,,,,,,,,,,,,,,,,,,,,,,,,,,,,,,,,,,,,,,,,,,,,,,,,,,,,,,,,,,,,,,,,,,,,,,,,,,,,,,,,,,,,,,,,,,,,,,,,,,,,,,,,,,,,,,,,,,,,,,,,,,,,,,,,,,,,,,,,,,,,,,,,,,,,,,,,,,,,,,,,,,,,,,,,,,,,,,,,,,,False,STRUCTURAL,비데이터 행,,,unknown
784,5,DEB,ENC,Hazar #2,ENC,1,2026-11-15 00:00:00,,3,100,,,,,용접,,0,,,,,,,,,,,,,,,,,,범안/동일,0xf,11,,,,,,,,,,,,,,,,,,,,,,,,,,,,,,,,,,,,,,,,,,,,,,,,,,,,,,,,,,,,,,,,,,,,,,,,,,,,,,,,,,,,,,,,,,,,,,,,,,,,,,,,,,,,,,,,,,,,,,,,,,,,,,,,,,,,,,,,,,,,,,,,,,,,,,,,,,,,,,,,,,,,,,,,,,,,,,,,,,,,,,,,,,,,,,,,,,,,,,,,,,,,,,,,,,,,,,,,,,,,,,,,,,,,,,,,,,,,,,,,,,,,,,,,,,,,,,,,,,,,,,,,,,,,,,,,,,,,,,False,STRUCTURAL,비데이터 행,,,unknown
784,6,DEB,ENC,Hazar #2,ENC,1,2026-11-15 00:00:00,,3,100,,,,,조립,,0,,,,,,,,,,,,,,,,,,범안/동일,0xf,11,,,,,,,,,,,,,,,,,,,,,,,,,,,,,,,,,,,,,,,,,,,,,,,,,,,,,,,,,,,,,,,,,,,,,,,,,,,,,,,,,,,,,,,,,,,,,,,,,,,,,,,,,,,,,,,,,,,,,,,,,,,,,,,,,,,,,,,,,,,,,,,,,,,,,,,,,,,,,,,,,,,,,,,,,,,,,,,,,,,,,,,,,,,,,,,,,,,,,,,,,,,,,,,,,,,,,,,,,,,,,,,,,,,,,,,,,,,,,,,,,,,,,,,,,,,,,,,,,,,,,,,,,,,,,,,,,,,,,,False,STRUCTURAL,비데이터 행,,,unknown
784,7,DEB,ENC,Hazar #2,ENC,1,2026-11-15 00:00:00,,3,100,,,,,사상,,0,,,,,,,,,,,,,,,,,,범안/동일,0xf,11,,,,,,,,,,,,,,,,,,,,,,,,,,,,,,,,,,,,,,,,,,,,,,,,,,,,,,,,,,,,,,,,,,,,,,,,,,,,,,,,,,,,,,,,,,,,,,,,,,,,,,,,,,,,,,,,,,,,,,,,,,,,,,,,,,,,,,,,,,,,,,,,,,,,,,,,,,,,,,,,,,,,,,,,,,,,,,,,,,,,,,,,,,,,,,,,,,,,,,,,,,,,,,,,,,,,,,,,,,,,,,,,,,,,,,,,,,,,,,,,,,,,,,,,,,,,,,,,,,,,,,,,,,,,,,,,,,,,,,False,STRUCTURAL,비데이터 행,,,unknown
784,9,DEB,ENC,Hazar #2,ENC,1,2026-11-15 00:00:00,,3,100,,,,,실적,,,,,,,,,,,,,,,,,,,,범안/동일,0xf,11,,,,,,,,,,,,,,,,,,,,,,,,,,,,,,,,,,,,,,,,,,,,,,,,,,,,,,,,,,,,,,,,,,,,,,,,,,,,,,,,,,,,,,,,,,,,,,,,,,,,,,,,,,,,,,,,,,,,,,,,,,,,,,,,,,,,,,,,,,,,,,,,,,,,,,,,,,,,,,,,,,,,,,,,,,,,,,,,,,,,,,,,,,,,,,,,,,,,,,,,,,,,,,,,,,,,,,,,,,,,,,,,,,,,,,,,,,,,,,,,,,,,,,,,,,,,,,,,,,,,,,,,,,,,,,,,,,,,,,False,STRUCTURAL,비데이터 행,,,unknown
785,1,DEB,ENC,Hazar Gen #2,ENC,1,2026-11-15 00:00:00,46341,3,100,,,,12Ton,일자,미정,,,,,,,,,-,,,,,,,0%,,,미정,0xf,11,,,계획,,,,,,,,,,,,,,,,,,,,,,,,,,,,,,,,,,,,,,,,,,,,,,,,,,,,,,,,,,,,,,,,,,,,,,,,,,,,,,,,,,,,,,,,,,,,,,,,,,,,,,,,,,,,,,,,,,,,,,,,,,,,,,,,,,,,,,,,,,,,,,,,,,,,,,,,,,,,,,,,,,,,,,,,,,,,,,,,,,,,,,,,,,,,,,,,,,,,,,,,,,,,,,,,,,,,,,,,,,,,,,,,,,,,,,,,,,,,,,,,,,,,,,,,,,,,,,,,,,,,,,,,,,,,,,,,,,,True,DATA_PLAN,,,,plan
785,2,DEB,ENC,Hazar Gen #2,ENC,1,2026-11-15 00:00:00,,3,100,,,,,실행,미정,,,,,,,,,,,,,,,,,,,미정,0xf,11,,,,,,,,,,,,,,,,,,,,,,,,,,,,,,,,,,,,,,,,,,,,,,,,,,,,,,,,,,,,,,,,,,,,,,,,,,,,,,,,,,,,,,,,,,,,,,,,,,,,,,,,,,,,,,,,,,,,,,,,,,,,,,,,,,,,,,,,,,,,,,,,,,,,,,,,,,,,,,,,,,,,,,,,,,,,,,,,,,,,,,,,,,,,,,,,,,,,,,,,,,,,,,,,,,,,,,,,,,,,,,,,,,,,,,,,,,,,,,,,,,,,,,,,,,,,,,,,,,,,,,,,,,,,,,,,,,,,,,True,DATA_ACTUAL,,,,actual
785,3,DEB,ENC,Hazar Gen #2,ENC,1,2026-11-15 00:00:00,,3,100,,,,,미정,미정,,,,,,,,,-,,,,,,,,,,미정,0xf,11,,,실적,,0,,0,,0,,0,,0,,0,,,,0,,,,0,,,,0,,0,,0,,0,,0,,,,,,,,,,,,,,,,,,,,,,,,,,,,,,,,,,,,,,,,,,,,,,,,,,,,,,,,,,,,,,,,,,,,,,,,,,,,,,,,,,,,,,,,,,,,,,,,,,,,,,,,,,,,,,,,,,,,,,,,,,,,,,,,,,,,,,,,,,,,,,,,,,,,,,,,,,,,,,,,,,,,,,,,,,,,,,,,,,,,,,,,,,,,,,,,,,,,,,,,,,,,,,,,,,,,,,,,,,,,,,,,,,,,,,,,,,,,,,,,,,,False,STRUCTURAL,비데이터 행,,,unknown
785,4,DEB,ENC,Hazar Gen #2,ENC,1,2026-11-15 00:00:00,,3,100,,,,,취부,,0,,,,,,,,,,,,,,,,,,미정,0xf,11,,,LOAD,,,,,,,,,,,,,,,,,,,,,,,,,,,,,,,,,,,,,,,,,,,,,,,,,,,,,,,,,,,,,,,,,,,,,,,,,,,,,,,,,,,,,,,,,,,,,,,,,,,,,,,,,,,,,,,,,,,,,,,,,,,,,,,,,,,,,,,,,,,,,,,,,,,,,,,,,,,,,,,,,,,,,,,,,,,,,,,,,,,,,,,,,,,,,,,,,,,,,,,,,,,,,,,,,,,,,,,,,,,,,,,,,,,,,,,,,,,,,,,,,,,,,,,,,,,,,,,,,,,,,,,,,,,,,,,,,,,False,STRUCTURAL,비데이터 행,,,unknown
785,5,DEB,ENC,Hazar Gen #2,ENC,1,2026-11-15 00:00:00,,3,100,,,,,용접,,0,,,,,,,,,,,,,,,,,,미정,0xf,11,,,,,,,,,,,,,,,,,,,,,,,,,,,,,,,,,,,,,,,,,,,,,,,,,,,,,,,,,,,,,,,,,,,,,,,,,,,,,,,,,,,,,,,,,,,,,,,,,,,,,,,,,,,,,,,,,,,,,,,,,,,,,,,,,,,,,,,,,,,,,,,,,,,,,,,,,,,,,,,,,,,,,,,,,,,,,,,,,,,,,,,,,,,,,,,,,,,,,,,,,,,,,,,,,,,,,,,,,,,,,,,,,,,,,,,,,,,,,,,,,,,,,,,,,,,,,,,,,,,,,,,,,,,,,,,,,,,,,,False,STRUCTURAL,비데이터 행,,,unknown
785,6,DEB,ENC,Hazar Gen #2,ENC,1,2026-11-15 00:00:00,,3,100,,,,,조립,,0,,,,,,,,,,,,,,,,,,미정,0xf,11,,,,,,,,,,,,,,,,,,,,,,,,,,,,,,,,,,,,,,,,,,,,,,,,,,,,,,,,,,,,,,,,,,,,,,,,,,,,,,,,,,,,,,,,,,,,,,,,,,,,,,,,,,,,,,,,,,,,,,,,,,,,,,,,,,,,,,,,,,,,,,,,,,,,,,,,,,,,,,,,,,,,,,,,,,,,,,,,,,,,,,,,,,,,,,,,,,,,,,,,,,,,,,,,,,,,,,,,,,,,,,,,,,,,,,,,,,,,,,,,,,,,,,,,,,,,,,,,,,,,,,,,,,,,,,,,,,,,,,False,STRUCTURAL,비데이터 행,,,unknown
785,7,DEB,ENC,Hazar Gen #2,ENC,1,2026-11-15 00:00:00,,3,100,,,,,사상,,0,,,,,,,,,,,,,,,,,,미정,0xf,11,,,,,,,,,,,,,,,,,,,,,,,,,,,,,,,,,,,,,,,,,,,,,,,,,,,,,,,,,,,,,,,,,,,,,,,,,,,,,,,,,,,,,,,,,,,,,,,,,,,,,,,,,,,,,,,,,,,,,,,,,,,,,,,,,,,,,,,,,,,,,,,,,,,,,,,,,,,,,,,,,,,,,,,,,,,,,,,,,,,,,,,,,,,,,,,,,,,,,,,,,,,,,,,,,,,,,,,,,,,,,,,,,,,,,,,,,,,,,,,,,,,,,,,,,,,,,,,,,,,,,,,,,,,,,,,,,,,,,,False,STRUCTURAL,비데이터 행,,,unknown
785,9,DEB,ENC,Hazar Gen #2,ENC,1,2026-11-15 00:00:00,,3,100,,,,,실적,,,,,,,,,,,,,,,,,,,,미정,0xf,11,,,,,,,,,,,,,,,,,,,,,,,,,,,,,,,,,,,,,,,,,,,,,,,,,,,,,,,,,,,,,,,,,,,,,,,,,,,,,,,,,,,,,,,,,,,,,,,,,,,,,,,,,,,,,,,,,,,,,,,,,,,,,,,,,,,,,,,,,,,,,,,,,,,,,,,,,,,,,,,,,,,,,,,,,,,,,,,,,,,,,,,,,,,,,,,,,,,,,,,,,,,,,,,,,,,,,,,,,,,,,,,,,,,,,,,,,,,,,,,,,,,,,,,,,,,,,,,,,,,,,,,,,,,,,,,,,,,,,,False,STRUCTURAL,비데이터 행,,,unknown
786,1,DEB,ENC,Ghazlan2 Gen #1,ENC,1,2026-11-15 00:00:00,46341,3,100,,,,12Ton,일자,미정,,,,,,,,,-,,,,,,,0%,,,미정,0xf,11,,,계획,,,,,,,,,,,,,,,,,,,,,,,,,,,,,,,,,,,,,,,,,,,,,,,,,,,,,,,,,,,,,,,,,,,,,,,,,,,,,,,,,,,,,,,,,,,,,,,,,,,,,,,,,,,,,,,,,,,,,,,,,,,,,,,,,,,,,,,,,,,,,,,,,,,,,,,,,,,,,,,,,,,,,,,,,,,,,,,,,,,,,,,,,,,,,,,,,,,,,,,,,,,,,,,,,,,,,,,,,,,,,,,,,,,,,,,,,,,,,,,,,,,,,,,,,,,,,,,,,,,,,,,,,,,,,,,,,,,True,DATA_PLAN,,,,plan
786,2,DEB,ENC,Ghazlan2 Gen #1,ENC,1,2026-11-15 00:00:00,,3,100,,,,,실행,미정,,,,,,,,,,,,,,,,,,,미정,0xf,11,,,,,,,,,,,,,,,,,,,,,,,,,,,,,,,,,,,,,,,,,,,,,,,,,,,,,,,,,,,,,,,,,,,,,,,,,,,,,,,,,,,,,,,,,,,,,,,,,,,,,,,,,,,,,,,,,,,,,,,,,,,,,,,,,,,,,,,,,,,,,,,,,,,,,,,,,,,,,,,,,,,,,,,,,,,,,,,,,,,,,,,,,,,,,,,,,,,,,,,,,,,,,,,,,,,,,,,,,,,,,,,,,,,,,,,,,,,,,,,,,,,,,,,,,,,,,,,,,,,,,,,,,,,,,,,,,,,,,,True,DATA_ACTUAL,,,,actual
786,3,DEB,ENC,Ghazlan2 Gen #1,ENC,1,2026-11-15 00:00:00,,3,100,,,,,미정,미정,,,,,,,,,-,,,,,,,,,,미정,0xf,11,,,실적,,0,,0,,0,,0,,0,,0,,,,0,,,,0,,,,0,,0,,0,,0,,0,,,,,,,,,,,,,,,,,,,,,,,,,,,,,,,,,,,,,,,,,,,,,,,,,,,,,,,,,,,,,,,,,,,,,,,,,,,,,,,,,,,,,,,,,,,,,,,,,,,,,,,,,,,,,,,,,,,,,,,,,,,,,,,,,,,,,,,,,,,,,,,,,,,,,,,,,,,,,,,,,,,,,,,,,,,,,,,,,,,,,,,,,,,,,,,,,,,,,,,,,,,,,,,,,,,,,,,,,,,,,,,,,,,,,,,,,,,,,,,,,,,False,STRUCTURAL,비데이터 행,,,unknown
786,4,DEB,ENC,Ghazlan2 Gen #1,ENC,1,2026-11-15 00:00:00,,3,100,,,,,취부,,0,,,,,,,,,,,,,,,,,,미정,0xf,11,,,LOAD,,,,,,,,,,,,,,,,,,,,,,,,,,,,,,,,,,,,,,,,,,,,,,,,,,,,,,,,,,,,,,,,,,,,,,,,,,,,,,,,,,,,,,,,,,,,,,,,,,,,,,,,,,,,,,,,,,,,,,,,,,,,,,,,,,,,,,,,,,,,,,,,,,,,,,,,,,,,,,,,,,,,,,,,,,,,,,,,,,,,,,,,,,,,,,,,,,,,,,,,,,,,,,,,,,,,,,,,,,,,,,,,,,,,,,,,,,,,,,,,,,,,,,,,,,,,,,,,,,,,,,,,,,,,,,,,,,,False,STRUCTURAL,비데이터 행,,,unknown
786,5,DEB,ENC,Ghazlan2 Gen #1,ENC,1,2026-11-15 00:00:00,,3,100,,,,,용접,,0,,,,,,,,,,,,,,,,,,미정,0xf,11,,,,,,,,,,,,,,,,,,,,,,,,,,,,,,,,,,,,,,,,,,,,,,,,,,,,,,,,,,,,,,,,,,,,,,,,,,,,,,,,,,,,,,,,,,,,,,,,,,,,,,,,,,,,,,,,,,,,,,,,,,,,,,,,,,,,,,,,,,,,,,,,,,,,,,,,,,,,,,,,,,,,,,,,,,,,,,,,,,,,,,,,,,,,,,,,,,,,,,,,,,,,,,,,,,,,,,,,,,,,,,,,,,,,,,,,,,,,,,,,,,,,,,,,,,,,,,,,,,,,,,,,,,,,,,,,,,,,,,False,STRUCTURAL,비데이터 행,,,unknown
786,6,DEB,ENC,Ghazlan2 Gen #1,ENC,1,2026-11-15 00:00:00,,3,100,,,,,조립,,0,,,,,,,,,,,,,,,,,,미정,0xf,11,,,,,,,,,,,,,,,,,,,,,,,,,,,,,,,,,,,,,,,,,,,,,,,,,,,,,,,,,,,,,,,,,,,,,,,,,,,,,,,,,,,,,,,,,,,,,,,,,,,,,,,,,,,,,,,,,,,,,,,,,,,,,,,,,,,,,,,,,,,,,,,,,,,,,,,,,,,,,,,,,,,,,,,,,,,,,,,,,,,,,,,,,,,,,,,,,,,,,,,,,,,,,,,,,,,,,,,,,,,,,,,,,,,,,,,,,,,,,,,,,,,,,,,,,,,,,,,,,,,,,,,,,,,,,,,,,,,,,,False,STRUCTURAL,비데이터 행,,,unknown
786,7,DEB,ENC,Ghazlan2 Gen #1,ENC,1,2026-11-15 00:00:00,,3,100,,,,,사상,,0,,,,,,,,,,,,,,,,,,미정,0xf,11,,,,,,,,,,,,,,,,,,,,,,,,,,,,,,,,,,,,,,,,,,,,,,,,,,,,,,,,,,,,,,,,,,,,,,,,,,,,,,,,,,,,,,,,,,,,,,,,,,,,,,,,,,,,,,,,,,,,,,,,,,,,,,,,,,,,,,,,,,,,,,,,,,,,,,,,,,,,,,,,,,,,,,,,,,,,,,,,,,,,,,,,,,,,,,,,,,,,,,,,,,,,,,,,,,,,,,,,,,,,,,,,,,,,,,,,,,,,,,,,,,,,,,,,,,,,,,,,,,,,,,,,,,,,,,,,,,,,,,False,STRUCTURAL,비데이터 행,,,unknown
786,9,DEB,ENC,Ghazlan2 Gen #1,ENC,1,2026-11-15 00:00:00,,3,100,,,,,실적,,,,,,,,,,,,,,,,,,,,미정,0xf,11,,,,,,,,,,,,,,,,,,,,,,,,,,,,,,,,,,,,,,,,,,,,,,,,,,,,,,,,,,,,,,,,,,,,,,,,,,,,,,,,,,,,,,,,,,,,,,,,,,,,,,,,,,,,,,,,,,,,,,,,,,,,,,,,,,,,,,,,,,,,,,,,,,,,,,,,,,,,,,,,,,,,,,,,,,,,,,,,,,,,,,,,,,,,,,,,,,,,,,,,,,,,,,,,,,,,,,,,,,,,,,,,,,,,,,,,,,,,,,,,,,,,,,,,,,,,,,,,,,,,,,,,,,,,,,,,,,,,,,False,STRUCTURAL,비데이터 행,,,unknown
787,1,HHI,EGP,"C22K #1,2",E-1,10,2026-11-17 00:00:00,46235,5,20,,,,,일자,F JK플랜트,46146,46155,46160,46178,46202,46202,46220,46235,-,2026-08-26 00:00:00,46271,46272,46274,2026-09-12 00:00:00,46279,0%,,,F JK플랜트,8,11,,,계획,46146,,46155,,46160,,46178,,46181,,46202,,46191,,46235,,46240,,46260,,46247,,46271,,46272,,46274,,46277,,46279,,,,,,,,,,,,,,,,,,,,,,,,,,,,,,,,,,,,,,,,,,,,,,,,,,,,,,,,,,,,,,,,,,,,,,,,,,,,,,,,,,,,,,,,,,,,,,D,,,,,,,,,K,,,,,발S,,,,,,,,,,,,,,,,,,발F,,,가S,,,,,,,,,,제S,-----,-----,-----,-----,-----,-----,-----,-----,-----,-----,가F,-----,-----,-----,-----,-----,-----,-----,-----,-----,-----,-----,-----,-----,-----,-----,-----,-----,-----,-----,-----,-----,-----,-----,-----,-----,-----,-----,-----,-----,-----,-----,-----,제F,,,,,도S,,,,,,,조S,,,,,,,,,,,,,도F,,,,,,,,,,,조F,상,,검,,,포,,출,,,,,,,,,,,,,,,,,True,DATA_PLAN,,,,plan
787,2,HHI,EGP,"C22K #1,2",E-1,10,2026-11-17 00:00:00,,5,20,,,,,실행,F JK플랜트,,,,,,,,,,,,,,,,,,,F JK플랜트,8,11,,,,,,,,,,,,,,,,,,,,,,,,,,,,,,,,,,,,,,,,,,,,,,,,,,,,,,,,,,,,,,,,,,,,,,,,,,,,,,,,,,,,,,,,,,,,,,,,,,,,,,,,,,,,,,,,,,,,,,,,,,,,,,,,,,,,,,,,,,,,,,,,,,,,,,,,,,,,,,,,,,,,,,,,,,,,,,,,,,,,,,,,,,,,,,,,,,,,,,,,,,,,,,,,,,,,,,,,,,,,,,,,,,,,,,,,,,,,,,,,,,,,,,,,,,,,,,,,,,,,,,,,,,,,,,,,,,,,,,True,DATA_ACTUAL,,,,actual
787,3,HHI,EGP,"C22K #1,2",E-1,10,2026-11-17 00:00:00,,5,20,,,,,F JK플랜트,F JK플랜트,,,,,,,,,-,,,,,,,,,,F JK플랜트,8,11,,,실적,,0,,0,,0,,0,,0,,0,,,,0,,,,0,,,,0,,0,,0,,0,,0,,,,,,,,,,,,,,,,,,,,,,,,,,,,,,,,,,,,,,,,,,,,,,,,,,,,,,,,,,,,,,,,,,,,,,,,,,,,,,,,,,,,,,,,,,,,,,,,,,,,,,,,,,,,,,,,,,,,,,,,,,,,,,,,,,,,,,,,,,,,,,,,,,,,,,,,,,,,,,,,,,,,,,,,,,,,,,,,,,,,,,,,,,,,,,,,,,,,,,,,,,,,,,,,,,,,,,,,,,,,,,,,,,,,,,,,,,,,,,,,,,,False,STRUCTURAL,비데이터 행,,,unknown
787,4,HHI,EGP,"C22K #1,2",E-1,10,2026-11-17 00:00:00,,5,20,,,,,취부,,0,,,,,,,,,,,,,,,,,,F JK플랜트,8,11,,,LOAD,,,,,,,,,,,,,,,,,,,,,,,,,,,,,,,,,,,,,,,,,,,,,,,,,,,,,,,,,,,,,,,,,,,,,,,,,,,,,,,,,,,,,,,,,,,,,,,,,,,,,,,,,,,,,,,,,,,,,,,,,,,,,,,,,,,,,,,,,,,,,,,,,,,,,,,,,,,,,,,,,,,,,,,,,,,,,,,,,,,,,,,,,,,,,,,,,,,,,,,,,,,,,,,,,,,,,,,,,,,,,,,,,,,,,,,,,,,,,,,,,,,,,,,,,,,,,,,,,,,,,,,,,,,,,,,,,,,False,STRUCTURAL,비데이터 행,,,unknown
787,5,HHI,EGP,"C22K #1,2",E-1,10,2026-11-17 00:00:00,,5,20,,,,,용접,,0,,,,,,,,,,,,,,,,,,F JK플랜트,8,11,,,,,,,,,,,,,,,,,,,,,,,,,,,,,,,,,,,,,,,,,,,,,,,,,,,,,,,,,,,,,,,,,,,,,,,,,,,,,,,,,,,,,,,,,,,,,,,,,,,,,,,,,,,,,,,,,,,,,,,,,,,,,,,,,,,,,,,,,,,,,,,,,,,,,,,,,,,,,,,,,,,,,,,,,,,,,,,,,,,,,,,,,,,,,,,,,,,,,,,,,,,,,,,,,,,,,,,,,,,,,,,,,,,,,,,,,,,,,,,,,,,,,,,,,,,,,,,,,,,,,,,,,,,,,,,,,,,,,,False,STRUCTURAL,비데이터 행,,,unknown
787,6,HHI,EGP,"C22K #1,2",E-1,10,2026-11-17 00:00:00,,5,20,,,,,조립,,0,,,,,,,,,,,,,,,,,,F JK플랜트,8,11,,,,,,,,,,,,,,,,,,,,,,,,,,,,,,,,,,,,,,,,,,,,,,,,,,,,,,,,,,,,,,,,,,,,,,,,,,,,,,,,,,,,,,,,,,,,,,,,,,,,,,,,,,,,,,,,,,,,,,,,,,,,,,,,,,,,,,,,,,,,,,,,,,,,,,,,,,,,,,,,,,,,,,,,,,,,,,,,,,,,,,,,,,,,,,,,,,,,,,,,,,,,,,,,,,,,,,,,,,,,,,,,,,,,,,,,,,,,,,,,,,,,,,,,,,,,,,,,,,,,,,,,,,,,,,,,,,,,,,False,STRUCTURAL,비데이터 행,,,unknown
787,7,HHI,EGP,"C22K #1,2",E-1,10,2026-11-17 00:00:00,,5,20,,,,,사상,,0,,,,,,,,,,,,,,,,,,F JK플랜트,8,11,,,,,,,,,,,,,,,,,,,,,,,,,,,,,,,,,,,,,,,,,,,,,,,,,,,,,,,,,,,,,,,,,,,,,,,,,,,,,,,,,,,,,,,,,,,,,,,,,,,,,,,,,,,,,,,,,,,,,,,,,,,,,,,,,,,,,,,,,,,,,,,,,,,,,,,,,,,,,,,,,,,,,,,,,,,,,,,,,,,,,,,,,,,,,,,,,,,,,,,,,,,,,,,,,,,,,,,,,,,,,,,,,,,,,,,,,,,,,,,,,,,,,,,,,,,,,,,,,,,,,,,,,,,,,,,,,,,,,,False,STRUCTURAL,비데이터 행,,,unknown
787,9,HHI,EGP,"C22K #1,2",E-1,10,2026-11-17 00:00:00,,5,20,,,,,실적,,45807,,,,,,,,,,,,,,,,,,F JK플랜트,8,11,,,,,,,,,,,,,,,,,,,,,,,,,,,,,,,,,,,,,,,,,,,,,,,,,,,,,,,,,,,,,,,,,,,,,,,,,,,,,,,,,,,,,,,,,,,,,,,,,,,,,,,,,,,,,,,,,,,,,,,,,,,,,,,,,,,,,,,,,,,,,,,,,,,,,,,,,,,,,,,,,,,,,,,,,,,,,,,,,,,,,,,,,,,,,,,,,,,,,,,,,,,,,,,,,,,,,,,,,,,,,,,,,,,,,,,,,,,,,,,,,,,,,,,,,,,,,,,,,,,,,,,,,,,,,,,,,,,,,,False,STRUCTURAL,비데이터 행,,,unknown
788,1,STXE,REACTOR,H1635,STX-1,4,2026-11-18 00:00:00,46324,1,30,,,,,일자,C 에이스,46209,46211,46212,46283,46296,46296,46315,46324,-,2026-11-05 00:00:00,46337,46338,46339,2026-11-16 00:00:00,46343,0.2,,,C 에이스,10,11,,,계획,46209,,46211,,46212,,46283,,46286,,46296,,46297,,46324,,46325,,46331,,46332,,46337,,46338,,46339,,46342,,46343,,,,,,,,,,,,,,,,,,,,,,,,,,,,,,,,,,,,,,,,,,,,,,,,,,,,,,,,,,,,,,,,,,,,,,,,,,,,,,,,,,,,,,,,,,,,,,,,,,,,,,,,,,,,,,,,,,,,,,,,,,,,,,,,,,,,,,,,,,,,,,,,,,,,,,,,,,,,,D,,K,발S,,,,,,,,,,,,,,,,,,,,,,,,,,,,,,,,,,,,,,,,,,,,,,,,,,,,,,,,,,,,,,,,,,,,,,,발F,,,가S,,,,,,,,,,True,DATA_PLAN,,,,plan
788,2,STXE,REACTOR,H1635,STX-1,4,2026-11-18 00:00:00,,1,30,,,,,실행,C 에이스,46035,,,,,,,,,,,,,,,,,,C 에이스,10,11,,,,,,,,,,,,,,,,,,,,,,,,,,,,,,,,,,,,,,,,,,,,,,,,,,,,,,,,,,,,,,,,,,,,,,,,,,,,,,,,,,,,,,,,,,,,,,,,,,,,,,,,,,,,,,,,,,,,,,,,,,,,,,,,,,,,,,,,,,,,,,,,,,,,,,,,,,,,,,,,,,,,,,,,,,,,,,,,,,,,,,,,,,,,,,,,,,,,,,,,,,,,,,,,,,,,,,,,,,,,,,,,,,,,,,,,,,,,,,,,,,,,,,,,,,,,,,,,,,,,,,,,,,,,,,,,,,,,,,True,DATA_ACTUAL,,,,actual
788,3,STXE,REACTOR,H1635,STX-1,4,2026-11-18 00:00:00,,1,30,,,,,C 에이스,C 에이스,174,,,,,,,,-,,,,,,,,,,C 에이스,10,11,,,실적,,46035,,0,,0,,0,,0,,0,,,,0,,,,0,,,,0,,0,,0,,0,,0,,,,,,,,,,,,,,,,,,,,,,,,,,,,,,,,,,,,,,,,,,,,,,,,,,,,,,,,,,,,,,,,,,,,,,,,,,,,,,,,,,,,,,,,,,,,,,,,,,,,,,,,,,,,,,,,,,,,,,,,,,,,,,,,,,,,,,,,,,,,,,,,,,,,,,,,,,,,,,,,,,,,,,,,,,,,,,,,,,,,,,,,,,,,,,,,,,,,,,,,,,,,,,,,,,,,,,,,,,,,,,,,,,,,,,,,,,,,,,,,,,,False,STRUCTURAL,비데이터 행,,,unknown
788,4,STXE,REACTOR,H1635,STX-1,4,2026-11-18 00:00:00,,1,30,,,,,취부,,0,,,,,,,,,,,,,,,,,,C 에이스,10,11,,,LOAD,,,,,,,,,,,,,,,,,,,,,,,,,,,,,,,,,,,,,,,,,,,,,,,,,,,,,,,,,,,,,,,,,,,,,,,,,,,,,,,,,,,,,,,,,,,,,,,,,,,,,,,,,,,,,,,,,,,,,,,,,,,,,,,,,,,,,,,,,,,,,,,,,,,,,,,,,,,,,,,,,,,,,,,,,,,,,,,,,,,,,,,,,,,,,,,,,,,,,,,,,,,,,,,,,,,,,,,,,,,,,,,,,,,,,,,,,,,,,,,,,,,,,,,,,,,,,,,,,,,,,,,,,,,,,,,,,,,False,STRUCTURAL,비데이터 행,,,unknown
788,5,STXE,REACTOR,H1635,STX-1,4,2026-11-18 00:00:00,,1,30,,,,,용접,,0,,,,,,,,,,,,,,,,,,C 에이스,10,11,,,,,,,,,,,,,,,,,,,,,,,,,,,,,,,,,,,,,,,,,,,,,,,,,,,,,,,,,,,,,,,,,,,,,,,,,,,,,,,,,,,,,,,,,,,,,,,,,,,,,,,,,,,,,,,,,,,,,,,,,,,,,,,,,,,,,,,,,,,,,,,,,,,,,,,,,,,,,,,,,,,,,,,,,,,,,,,,,,,,,,,,,,,,,,,,,,,,,,,,,,,,,,,,,,,,,,,,,,,,,,,,,,,,,,,,,,,,,,,,,,,,,,,,,,,,,,,,,,,,,,,,,,,,,,,,,,,,,,False,STRUCTURAL,비데이터 행,,,unknown
788,6,STXE,REACTOR,H1635,STX-1,4,2026-11-18 00:00:00,,1,30,,,,,조립,,0,,,,,,,,,,,,,,,,,,C 에이스,10,11,,,,,,,,,,,,,,,,,,,,,,,,,,,,,,,,,,,,,,,,,,,,,,,,,,,,,,,,,,,,,,,,,,,,,,,,,,,,,,,,,,,,,,,,,,,,,,,,,,,,,,,,,,,,,,,,,,,,,,,,,,,,,,,,,,,,,,,,,,,,,,,,,,,,,,,,,,,,,,,,,,,,,,,,,,,,,,,,,,,,,,,,,,,,,,,,,,,,,,,,,,,,,,,,,,,,,,,,,,,,,,,,,,,,,,,,,,,,,,,,,,,,,,,,,,,,,,,,,,,,,,,,,,,,,,,,,,,,,,False,STRUCTURAL,비데이터 행,,,unknown
788,7,STXE,REACTOR,H1635,STX-1,4,2026-11-18 00:00:00,,1,30,,,,,사상,,0,,,,,,,,,,,,,,,,,,C 에이스,10,11,,,,,,,,,,,,,,,,,,,,,,,,,,,,,,,,,,,,,,,,,,,,,,,,,,,,,,,,,,,,,,,,,,,,,,,,,,,,,,,,,,,,,,,,,,,,,,,,,,,,,,,,,,,,,,,,,,,,,,,,,,,,,,,,,,,,,,,,,,,,,,,,,,,,,,,,,,,,,,,,,,,,,,,,,,,,,,,,,,,,,,,,,,,,,,,,,,,,,,,,,,,,,,,,,,,,,,,,,,,,,,,,,,,,,,,,,,,,,,,,,,,,,,,,,,,,,,,,,,,,,,,,,,,,,,,,,,,,,,False,STRUCTURAL,비데이터 행,,,unknown
788,9,STXE,REACTOR,H1635,STX-1,4,2026-11-18 00:00:00,,1,30,,,,,실적,,,,,,,,,,,,,,,,,,,,C 에이스,10,11,,,,,,,,,,,,,,,,,,,,,,,,,,,,,,,,,,,,,,,,,,,,,,,,,,,,,,,,,,,,,,,,,,,,,,,,,,,,,,,,,,,,,,,,,,,,,,,,,,,,,,,,,,,,,,,,,,,,,,,,,,,,,,,,,,,,,,,,,,,,,,,,,,,,,,,,,,,,,,,,,,,,,,,,,,,,,,,,,,,,,,,,,,,,,,,,,,,,,,,,,,,,,,,,,,,,,,,,,,,,,,,,,,,,,,,,,,,,,,,,,,,,,,,,,,,,,,,,,,,,,,,,,,,,,,,,,,,,,,False,STRUCTURAL,비데이터 행,,,unknown
789,1,MHI,ENC,#5 Franklin Farms #2,ENC-3,1,2026-11-18 00:00:00,46281,3,100,,,,,일자,A 동일,46190,46192,46197,46216,46231,46231,46260,46281,-,2026-10-16 00:00:00,46331,46332,46336,2026-11-13 00:00:00,46343,0.2,,,A 동일,9,11,,,계획,46190,,46192,,46197,,46216,,46217,,46231,,46220,,46281,,46288,,46311,,46302,,46331,,46332,,46336,,46339,,46343,,,,,,,,,,,,,,,,,,,,,,,,,,,,,,,,,,,,,,,,,,,,,,,,,,,,,,,,,,,,,,,,,,,,,,,,,,,,,,,,,,,,,,,,,,,,,,,,,,,,,,,,,,,,,,,,,,,,,,,,,,,,,,,,,,,,,,,,,,D,,K,,,,,발S,,,,,,,,,,,,,,,,,,,발F,가S,,,제S,-----,-----,-----,-----,-----,-----,-----,-----,-----,-----,가F,-----,-----,-----,-----,-----,-----,-----,-----,-----,-----,-----,-----,-----,-----,-----,-----,-----,-----,-----,-----,-----,-----,-----,-----,-----,-----,-----,-----,-----,-----,-----,-----,-----,-----,-----,-----,-----,-----,-----,-----,-----,-----,-----,-----,-----,-----,-----,-----,-----,제F,,,,,,,도S,,,,,,,,True,DATA_PLAN,,,,plan
789,2,MHI,ENC,#5 Franklin Farms #2,ENC-3,1,2026-11-18 00:00:00,,3,100,,,,,실행,A 동일,45925,,,,,,,,,,,,,,,,,,A 동일,9,11,,,,,,,,,,,,,,,,,,,,,,,,,,,,,,,,,,,,,,,,,,,,,,,,,,,,,,,,,,,,,,,,,,,,,,,,,,,,,,,,,,,,,,,,,,,,,,,,,,,,,,,,,,,,,,,,,,,,,,,,,,,,,,,,,,,,,,,,,,,,,,,,,,,,,,,,,,,,,,,,,,,,,,,,,,,,,,,,,,,,,,,,,,,,,,,,,,,,,,,,,,,,,,,,,,,,,,,,,,,,,,,,,,,,,,,,,,,,,,,,,,,,,,,,,,,,,,,,,,,,,,,,,,,,,,,,,,,,,,True,DATA_ACTUAL,,,,actual
789,3,MHI,ENC,#5 Franklin Farms #2,ENC-3,1,2026-11-18 00:00:00,,3,100,,,,35Ton,A 동일,A 동일,265,,,,,,,,-,,,,,,,,,,A 동일,9,11,,,실적,,45925,,0,,0,,0,,0,,0,,,,0,,,,0,,,,0,,0,,0,,0,,0,,,,,,,,,,,,,,,,,,,,,,,,,,,,,,,,,,,,,,,,,,,,,,,,,,,,,,,,,,,,,,,,,,,,,,,,,,,,,,,,,,,,,,,,,,,,,,,,,,,,,,,,,,,,,,,,,,,,,,,,,,,,,,,,,,,,,,,,,,,,,,,,,,,,,,,,,,,,,,,,,,,,,,,,,,,,,,,,,,,,,,,,,,,,,,,,,,,,,,,,,,,,,,,,,,,,,,,,,,,,,,,,,,,,,,,,,,,,,,,,,,,False,STRUCTURAL,비데이터 행,,,unknown
789,4,MHI,ENC,#5 Franklin Farms #2,ENC-3,1,2026-11-18 00:00:00,,3,100,,,,,취부,,0,,,,,,,,,,,,,,,,,,A 동일,9,11,,,LOAD,,,,,,,,,,,,,,,,,,,,,,,,,,,,,,,,,,,,,,,,,,,,,,,,,,,,,,,,,,,,,,,,,,,,,,,,,,,,,,,,,,,,,,,,,,,,,,,,,,,,,,,,,,,,,,,,,,,,,,,,,,,,,,,,,,,,,,,,,,,,,,,,,,,,,,,,,,,,,,,,,,,,,,,,,,,,,,,,,,,,,,,,,,,,,,,,,,,,,,,,,,,,,,,,,,,,,,,,,,,,,,,,,,,,,,,,,,,,,,,,,,,,,,,,,,,,,,,,,,,,,,,,,,,,,,,,,,,False,STRUCTURAL,비데이터 행,,,unknown
789,5,MHI,ENC,#5 Franklin Farms #2,ENC-3,1,2026-11-18 00:00:00,,3,100,,,,,용접,,0,,,,,,,,,,,,,,,,,,A 동일,9,11,,,,,,,,,,,,,,,,,,,,,,,,,,,,,,,,,,,,,,,,,,,,,,,,,,,,,,,,,,,,,,,,,,,,,,,,,,,,,,,,,,,,,,,,,,,,,,,,,,,,,,,,,,,,,,,,,,,,,,,,,,,,,,,,,,,,,,,,,,,,,,,,,,,,,,,,,,,,,,,,,,,,,,,,,,,,,,,,,,,,,,,,,,,,,,,,,,,,,,,,,,,,,,,,,,,,,,,,,,,,,,,,,,,,,,,,,,,,,,,,,,,,,,,,,,,,,,,,,,,,,,,,,,,,,,,,,,,,,,False,STRUCTURAL,비데이터 행,,,unknown
789,6,MHI,ENC,#5 Franklin Farms #2,ENC-3,1,2026-11-18 00:00:00,,3,100,,,,,조립,,0,,,,,,,,,,,,,,,,,,A 동일,9,11,,,,,,,,,,,,,,,,,,,,,,,,,,,,,,,,,,,,,,,,,,,,,,,,,,,,,,,,,,,,,,,,,,,,,,,,,,,,,,,,,,,,,,,,,,,,,,,,,,,,,,,,,,,,,,,,,,,,,,,,,,,,,,,,,,,,,,,,,,,,,,,,,,,,,,,,,,,,,,,,,,,,,,,,,,,,,,,,,,,,,,,,,,,,,,,,,,,,,,,,,,,,,,,,,,,,,,,,,,,,,,,,,,,,,,,,,,,,,,,,,,,,,,,,,,,,,,,,,,,,,,,,,,,,,,,,,,,,,,False,STRUCTURAL,비데이터 행,,,unknown
789,7,MHI,ENC,#5 Franklin Farms #2,ENC-3,1,2026-11-18 00:00:00,,3,100,,,,,사상,,0,,,,,,,,,,,,,,,,,,A 동일,9,11,,,,,,,,,,,,,,,,,,,,,,,,,,,,,,,,,,,,,,,,,,,,,,,,,,,,,,,,,,,,,,,,,,,,,,,,,,,,,,,,,,,,,,,,,,,,,,,,,,,,,,,,,,,,,,,,,,,,,,,,,,,,,,,,,,,,,,,,,,,,,,,,,,,,,,,,,,,,,,,,,,,,,,,,,,,,,,,,,,,,,,,,,,,,,,,,,,,,,,,,,,,,,,,,,,,,,,,,,,,,,,,,,,,,,,,,,,,,,,,,,,,,,,,,,,,,,,,,,,,,,,,,,,,,,,,,,,,,,,False,STRUCTURAL,비데이터 행,,,unknown
789,9,MHI,ENC,#5 Franklin Farms #2,ENC-3,1,2026-11-18 00:00:00,,3,100,,,,,실적,,,,,,,,,,,,,,,,,,,,A 동일,9,11,,,,,,,,,,,,,,,,,,,,,,,,,,,,,,,,,,,,,,,,,,,,,,,,,,,,,,,,,,,,,,,,,,,,,,,,,,,,,,,,,,,,,,,,,,,,,,,,,,,,,,,,,,,,,,,,,,,,,,,,,,,,,,,,,,,,,,,,,,,,,,,,,,,,,,,,,,,,,,,,,,,,,,,,,,,,,,,,,,,,,,,,,,,,,,,,,,,,,,,,,,,,,,,,,,,,,,,,,,,,,,,,,,,,,,,,,,,,,,,,,,,,,,,,,,,,,,,,,,,,,,,,,,,,,,,,,,,,,,False,STRUCTURAL,비데이터 행,,,unknown
790,1,BHI,VS,Rabigh #6,VS-2,7,2026-11-20 00:00:00,46321,4,30,,,,,일자,미정,46260,46267,46272,46286,46297,46297,46312,46321,-,2026-10-30 00:00:00,46336,46338,46342,2026-11-18 00:00:00,46345,0%,,,미정,10,11,,,계획,46260,,46267,,46272,,46286,,46287,,46297,,46296,,46321,,46316,,46325,,46322,,46336,,46338,,46342,,46344,,46345,,,,,,,,,,,,,,,,,,,,,,,,,,,,,,,,,,,,,,,,,,,,,,,,,,,,,,,,,,,,,,,,,,,,,,,,,,,,,,,,,,,,,,,,,,,,,,,,,,,,,,,,,,,,,,,,,,,,,,,,,,,,,,,,,,,,,,,,,,,,,,,,,,,,,,,,,,,,,,,,,,,,,,,,,,,,,,,,,,,,,,,,,,,,,,,,,,,,,,,,,,,,,,,,D,,,,,,,K,,,,,발S,,,,,,,,,,,,,,발F,가S,,,,,,,,,True,DATA_PLAN,,,,plan
790,2,BHI,VS,Rabigh #6,VS-2,7,2026-11-20 00:00:00,,4,30,,,,11/1->11/20,실행,미정,,,,,,,,,,,,,,,,,,,미정,10,11,,,,,,,,,,,,,,,,,,,,,,,,,,,,,,,,,,,,,,,,,,,,,,,,,,,,,,,,,,,,,,,,,,,,,,,,,,,,,,,,,,,,,,,,,,,,,,,,,,,,,,,,,,,,,,,,,,,,,,,,,,,,,,,,,,,,,,,,,,,,,,,,,,,,,,,,,,,,,,,,,,,,,,,,,,,,,,,,,,,,,,,,,,,,,,,,,,,,,,,,,,,,,,,,,,,,,,,,,,,,,,,,,,,,,,,,,,,,,,,,,,,,,,,,,,,,,,,,,,,,,,,,,,,,,,,,,,,,,,True,DATA_ACTUAL,,,,actual
790,3,BHI,VS,Rabigh #6,VS-2,7,2026-11-20 00:00:00,,4,30,,,,,미정,미정,,,,,,,,,-,,,,,,,,,,미정,10,11,,,실적,,0,,0,,0,,0,,0,,0,,,,0,,,,0,,,,0,,0,,0,,0,,0,,,,,,,,,,,,,,,,,,,,,,,,,,,,,,,,,,,,,,,,,,,,,,,,,,,,,,,,,,,,,,,,,,,,,,,,,,,,,,,,,,,,,,,,,,,,,,,,,,,,,,,,,,,,,,,,,,,,,,,,,,,,,,,,,,,,,,,,,,,,,,,,,,,,,,,,,,,,,,,,,,,,,,,,,,,,,,,,,,,,,,,,,,,,,,,,,,,,,,,,,,,,,,,,,,,,,,,,,,,,,,,,,,,,,,,,,,,,,,,,,,,False,STRUCTURAL,비데이터 행,,,unknown
790,4,BHI,VS,Rabigh #6,VS-2,7,2026-11-20 00:00:00,,4,30,,,,,취부,,0,,,,,,,,,,,,,,,,,,미정,10,11,,,LOAD,,,,,,,,,,,,,,,,,,,,,,,,,,,,,,,,,,,,,,,,,,,,,,,,,,,,,,,,,,,,,,,,,,,,,,,,,,,,,,,,,,,,,,,,,,,,,,,,,,,,,,,,,,,,,,,,,,,,,,,,,,,,,,,,,,,,,,,,,,,,,,,,,,,,,,,,,,,,,,,,,,,,,,,,,,,,,,,,,,,,,,,,,,,,,,,,,,,,,,,,,,,,,,,,,,,,,,,,,,,,,,,,,,,,,,,,,,,,,,,,,,,,,,,,,,,,,,,,,,,,,,,,,,,,,,,,,,,False,STRUCTURAL,비데이터 행,,,unknown
790,5,BHI,VS,Rabigh #6,VS-2,7,2026-11-20 00:00:00,,4,30,,,,,용접,,0,,,,,,,,,,,,,,,,,,미정,10,11,,,,,,,,,,,,,,,,,,,,,,,,,,,,,,,,,,,,,,,,,,,,,,,,,,,,,,,,,,,,,,,,,,,,,,,,,,,,,,,,,,,,,,,,,,,,,,,,,,,,,,,,,,,,,,,,,,,,,,,,,,,,,,,,,,,,,,,,,,,,,,,,,,,,,,,,,,,,,,,,,,,,,,,,,,,,,,,,,,,,,,,,,,,,,,,,,,,,,,,,,,,,,,,,,,,,,,,,,,,,,,,,,,,,,,,,,,,,,,,,,,,,,,,,,,,,,,,,,,,,,,,,,,,,,,,,,,,,,,False,STRUCTURAL,비데이터 행,,,unknown
790,6,BHI,VS,Rabigh #6,VS-2,7,2026-11-20 00:00:00,,4,30,,,,,조립,,0,,,,,,,,,,,,,,,,,,미정,10,11,,,,,,,,,,,,,,,,,,,,,,,,,,,,,,,,,,,,,,,,,,,,,,,,,,,,,,,,,,,,,,,,,,,,,,,,,,,,,,,,,,,,,,,,,,,,,,,,,,,,,,,,,,,,,,,,,,,,,,,,,,,,,,,,,,,,,,,,,,,,,,,,,,,,,,,,,,,,,,,,,,,,,,,,,,,,,,,,,,,,,,,,,,,,,,,,,,,,,,,,,,,,,,,,,,,,,,,,,,,,,,,,,,,,,,,,,,,,,,,,,,,,,,,,,,,,,,,,,,,,,,,,,,,,,,,,,,,,,,False,STRUCTURAL,비데이터 행,,,unknown
790,7,BHI,VS,Rabigh #6,VS-2,7,2026-11-20 00:00:00,,4,30,,,,,사상,,0,,,,,,,,,,,,,,,,,,미정,10,11,,,,,,,,,,,,,,,,,,,,,,,,,,,,,,,,,,,,,,,,,,,,,,,,,,,,,,,,,,,,,,,,,,,,,,,,,,,,,,,,,,,,,,,,,,,,,,,,,,,,,,,,,,,,,,,,,,,,,,,,,,,,,,,,,,,,,,,,,,,,,,,,,,,,,,,,,,,,,,,,,,,,,,,,,,,,,,,,,,,,,,,,,,,,,,,,,,,,,,,,,,,,,,,,,,,,,,,,,,,,,,,,,,,,,,,,,,,,,,,,,,,,,,,,,,,,,,,,,,,,,,,,,,,,,,,,,,,,,,False,STRUCTURAL,비데이터 행,,,unknown
790,9,BHI,VS,Rabigh #6,VS-2,7,2026-11-20 00:00:00,,4,30,,,,,실적,,,,,,,,,,,,,,,,,,,,미정,10,11,,,,,,,,,,,,,,,,,,,,,,,,,,,,,,,,,,,,,,,,,,,,,,,,,,,,,,,,,,,,,,,,,,,,,,,,,,,,,,,,,,,,,,,,,,,,,,,,,,,,,,,,,,,,,,,,,,,,,,,,,,,,,,,,,,,,,,,,,,,,,,,,,,,,,,,,,,,,,,,,,,,,,,,,,,,,,,,,,,,,,,,,,,,,,,,,,,,,,,,,,,,,,,,,,,,,,,,,,,,,,,,,,,,,,,,,,,,,,,,,,,,,,,,,,,,,,,,,,,,,,,,,,,,,,,,,,,,,,,False,STRUCTURAL,비데이터 행,,,unknown
791,1,HHI,EGP,CHB2049,EGP-2,5,2026-11-20 00:00:00,46155,5,20,,,,"6H_2,9H_3",일자,F JK플랜트,46099,46106,46107,46121,46132,46132,46147,46155,-,2026-05-21 00:00:00,46184,46185,46188,2026-06-16 00:00:00,46190,0%,,,F JK플랜트,5,11,,,계획,46099,,46106,,46107,,46121,,46122,,46132,,46133,,46155,,46160,,46163,,46162,,46184,,46185,,46188,,46189,,46190,,,,,,,,,,,,,,,,,,,,,,,,,,,,,,,,,,,,,,,,,,,,,,,D,,,,,,,K,발S,,,,,,,,,,,,,,발F,가S,,,,,,,,,,가F,제S,-----,-----,-----,-----,-----,-----,-----,-----,-----,-----,-----,-----,-----,-----,-----,-----,-----,-----,-----,-----,-----,제F,,,,,도S,,조S,도F,,,,,,,,,,,,,,,,,,,,,조F,상,,,검,포,출,,,,,,,,,,,,,,,,,,,,,,,,,,,,,,,,,,,,,,,,,,,,,,,,,,,,,,,,,,,,,,,,,,,,,,,,,,,,,,,,,,,,,,,,,,,,,,,,,,,,,,,,,,True,DATA_PLAN,,,,plan
791,2,HHI,EGP,CHB2049,EGP-2,5,2026-11-20 00:00:00,,5,20,,,,,실행,F JK플랜트,,,,,,,,,,,,,,,,,,,F JK플랜트,5,11,,,,,,,,,,,,,,,,,,,,,,,,,,,,,,,,,,,,,,,,,,,,,,,,,,,,,,,,,,,,,,,,,,,,,,,,,,,,,,,,,,,,,,,,,,,,,,,,,,,,,,,,,,,,,,,,,,,,,,,,,,,,,,,,,,,,,,,,,,,,,,,,,,,,,,,,,,,,,,,,,,,,,,,,,,,,,,,,,,,,,,,,,,,,,,,,,,,,,,,,,,,,,,,,,,,,,,,,,,,,,,,,,,,,,,,,,,,,,,,,,,,,,,,,,,,,,,,,,,,,,,,,,,,,,,,,,,,,,,True,DATA_ACTUAL,,,,actual
791,3,HHI,EGP,CHB2049,EGP-2,5,2026-11-20 00:00:00,,5,20,,,,,F JK플랜트,F JK플랜트,,,,,,,,,-,,,,,,,,,,F JK플랜트,5,11,,,실적,,0,,0,,0,,0,,,,0,,,,0,,,,0,,,,0,,0,,0,,0,,0,,,,,,,,,,,,,,,,,,,,,,,,,,,,,,,,,,,,,,,,,,,,,,,,,,,,,,,,,,,,,,,,,,,,,,,,,,,,,,,,,,,,,,,,,,,,,,,,,,,,,,,,,,,,,,,,,,,,,,,,,,,,,,,,,,,,,,,,,,,,,,,,,,,,,,,,,,,,,,,,,,,,,,,,,,,,,,,,,,,,,,,,,,,,,,,,,,,,,,,,,,,,,,,,,,,,,,,,,,,,,,,,,,,,,,,,,,,,,,,,,,,False,STRUCTURAL,비데이터 행,,,unknown
791,4,HHI,EGP,CHB2049,EGP-2,5,2026-11-20 00:00:00,,5,20,,,,,취부,,0,,,,,,,,,,,,,,,,,,F JK플랜트,5,11,,,LOAD,,,,,,,,,,,,,,,,,,,,,,,,,,,,,,,,,,,,,,,,,,,,,,,,,,,,,,,,,,,,,,,,,,,,,,,,,,,,,,,,,,,,,,,,,,,,,,,,,,,,,,,,,,,,,,,,,,,,,,,,,,,,,,,,,,,,,,,,,,,,,,,,,,,,,,,,,,,,,,,,,,,,,,,,,,,,,,,,,,,,,,,,,,,,,,,,,,,,,,,,,,,,,,,,,,,,,,,,,,,,,,,,,,,,,,,,,,,,,,,,,,,,,,,,,,,,,,,,,,,,,,,,,,,,,,,,,,,False,STRUCTURAL,비데이터 행,,,unknown
791,5,HHI,EGP,CHB2049,EGP-2,5,2026-11-20 00:00:00,,5,20,,,,,용접,,0,,,,,,,,,,,,,,,,,,F JK플랜트,5,11,,,,,,,,,,,,,,,,,,,,,,,,,,,,,,,,,,,,,,,,,,,,,,,,,,,,,,,,,,,,,,,,,,,,,,,,,,,,,,,,,,,,,,,,,,,,,,,,,,,,,,,,,,,,,,,,,,,,,,,,,,,,,,,,,,,,,,,,,,,,,,,,,,,,,,,,,,,,,,,,,,,,,,,,,,,,,,,,,,,,,,,,,,,,,,,,,,,,,,,,,,,,,,,,,,,,,,,,,,,,,,,,,,,,,,,,,,,,,,,,,,,,,,,,,,,,,,,,,,,,,,,,,,,,,,,,,,,,,,False,STRUCTURAL,비데이터 행,,,unknown
791,6,HHI,EGP,CHB2049,EGP-2,5,2026-11-20 00:00:00,,5,20,,,,,조립,,0,,,,,,,,,,,,,,,,,,F JK플랜트,5,11,,,,,,,,,,,,,,,,,,,,,,,,,,,,,,,,,,,,,,,,,,,,,,,,,,,,,,,,,,,,,,,,,,,,,,,,,,,,,,,,,,,,,,,,,,,,,,,,,,,,,,,,,,,,,,,,,,,,,,,,,,,,,,,,,,,,,,,,,,,,,,,,,,,,,,,,,,,,,,,,,,,,,,,,,,,,,,,,,,,,,,,,,,,,,,,,,,,,,,,,,,,,,,,,,,,,,,,,,,,,,,,,,,,,,,,,,,,,,,,,,,,,,,,,,,,,,,,,,,,,,,,,,,,,,,,,,,,,,,False,STRUCTURAL,비데이터 행,,,unknown
791,7,HHI,EGP,CHB2049,EGP-2,5,2026-11-20 00:00:00,,5,20,,,,,사상,,0,,,,,,,,,,,,,,,,,,F JK플랜트,5,11,,,,,,,,,,,,,,,,,,,,,,,,,,,,,,,,,,,,,,,,,,,,,,,,,,,,,,,,,,,,,,,,,,,,,,,,,,,,,,,,,,,,,,,,,,,,,,,,,,,,,,,,,,,,,,,,,,,,,,,,,,,,,,,,,,,,,,,,,,,,,,,,,,,,,,,,,,,,,,,,,,,,,,,,,,,,,,,,,,,,,,,,,,,,,,,,,,,,,,,,,,,,,,,,,,,,,,,,,,,,,,,,,,,,,,,,,,,,,,,,,,,,,,,,,,,,,,,,,,,,,,,,,,,,,,,,,,,,,,False,STRUCTURAL,비데이터 행,,,unknown
791,9,HHI,EGP,CHB2049,EGP-2,5,2026-11-20 00:00:00,,5,20,,,,,실적,,,,,,,,,,,,,,,,,,,,F JK플랜트,5,11,,,,,,,,,,,,,,,,,,,,,,,,,,,,,,,,,,,,,,,,,,,,,,,,,,,,,,,,,,,,,,,,,,,,,,,,,,,,,,,,,,,,,,,,,,,,,,,,,,,,,,,,,,,,,,,,,,,,,,,,,,,,,,,,,,,,,,,,,,,,,,,,,,,,,,,,,,,,,,,,,,,,,,,,,,,,,,,,,,,,,,,,,,,,,,,,,,,,,,,,,,,,,,,,,,,,,,,,,,,,,,,,,,,,,,,,,,,,,,,,,,,,,,,,,,,,,,,,,,,,,,,,,,,,,,,,,,,,,,False,STRUCTURAL,비데이터 행,,,unknown
792,1,BHI,VS,QFE #4,VS,8,2026-12-01 00:00:00,46156,5,30,,,,,일자,H 남민테크,46043,46050,46055,46079,46104,46104,46136,46156,-,2026-06-04 00:00:00,46190,46192,46198,2026-06-29 00:00:00,46203,0%,,,H 남민테크,5,12,,,계획,46043,,46050,,46055,,46079,,46080,,46104,,46098,,46156,,46128,,46177,,46141,,46190,,46192,,46198,,46202,,46203,,,발S,,,,,,,,,,,,,,,,,,,,,,,,발F,가S,,,,,,,,,,,,,,,,,,제S,-----,-----,-----,,-----,가F,-----,-----,-----,-----,,-----,-----,-----,-----,-----,-----,-----,-----,-----,-----,-----,-----,-----,-----,-----,-----,-----,-----,도S,-----,-----,-----,-----,-----,-----,-----,-----,-----,-----,-----,-----,조S,-----,-----,-----,-----,-----,-----,-----,-----,-----,-----,-----,-----,-----,-----,제F,,,,,,,,,,,,,,,,,,,,,도F,,,,,,,,,,,,,조F,,상,,,,,,검,,,,포,출,,,,,,,,,,,,,,,,,,,,,,,,,,,,,,,,,,,,,,,,,,,,,,,,,,,,,,,,,,,,,,,,,,,,,,,,,,,,,,,,,,,,,,,,,,,,,True,DATA_PLAN,,,,plan
792,2,BHI,VS,QFE #4,VS,8,2026-12-01 00:00:00,,5,30,,,,,실행,H 남민테크,,,,,,,,,,,,,,,,,,,H 남민테크,5,12,,,,,,,,,,,,,,,,,,,,,,,,,,,,,,,,,,,,,,,,,,,,,,,,,,,,,,,,,,,,,,,,,,,,,,,,,,,,,,,,,,,,,,,,,,,,,,,,,,,,,,,,,,,,,,,,,,,,,,,,,,,,,,,,,,,,,,,,,,,,,,,,,,,,,,,,,,,,,,,,,,,,,,,,,,,,,,,,,,,,,,,,,,,,,,,,,,,,,,,,,,,,,,,,,,,,,,,,,,,,,,,,,,,,,,,,,,,,,,,,,,,,,,,,,,,,,,,,,,,,,,,,,,,,,,,,,,,,,,True,DATA_ACTUAL,,,,actual
792,3,BHI,VS,QFE #4,VS,8,2026-12-01 00:00:00,,5,30,,,,,H 남민테크,H 남민테크,,,,,,,,,-,,,,,,,,,,H 남민테크,5,12,,,실적,,0,,0,,0,,0,,,,0,,,,0,,,,0,,,,0,,0,,0,,0,,0,,,,,,,,,,,,,,,,,,,,,,,,,,,,,,,,,,,,,,,,,,,,,,,,,,,,,,,,,,,,,,,,,,,,,,,,,,,,,,,,,,,,,,,,,,,,,,,,,,,,,,,,,,,,,,,,,,,,,,,,,,,,,,,,,,,,,,,,,,,,,,,,,,,,,,,,,,,,,,,,,,,,,,,,,,,,,,,,,,,,,,,,,,,,,,,,,,,,,,,,,,,,,,,,,,,,,,,,,,,,,,,,,,,,,,,,,,,,,,,,,,,False,STRUCTURAL,비데이터 행,,,unknown
792,4,BHI,VS,QFE #4,VS,8,2026-12-01 00:00:00,,5,30,,,,,취부,,0,,,,,,,,,,,,,,,,,,H 남민테크,5,12,,,LOAD,,,,,,,,,,,,,,,,,,,,,,,,,,,,,,,,,,,,,,,,,,,,,,,,,,,,,,,,,,,,,,,,,,,,,,,,,,,,,,,,,,,,,,,,,,,,,,,,,,,,,,,,,,,,,,,,,,,,,,,,,,,,,,,,,,,,,,,,,,,,,,,,,,,,,,,,,,,,,,,,,,,,,,,,,,,,,,,,,,,,,,,,,,,,,,,,,,,,,,,,,,,,,,,,,,,,,,,,,,,,,,,,,,,,,,,,,,,,,,,,,,,,,,,,,,,,,,,,,,,,,,,,,,,,,,,,,,,False,STRUCTURAL,비데이터 행,,,unknown
792,5,BHI,VS,QFE #4,VS,8,2026-12-01 00:00:00,,5,30,,,,,용접,,0,,,,,,,,,,,,,,,,,,H 남민테크,5,12,,,,,,,,,,,,,,,,,,,,,,,,,,,,,,,,,,,,,,,,,,,,,,,,,,,,,,,,,,,,,,,,,,,,,,,,,,,,,,,,,,,,,,,,,,,,,,,,,,,,,,,,,,,,,,,,,,,,,,,,,,,,,,,,,,,,,,,,,,,,,,,,,,,,,,,,,,,,,,,,,,,,,,,,,,,,,,,,,,,,,,,,,,,,,,,,,,,,,,,,,,,,,,,,,,,,,,,,,,,,,,,,,,,,,,,,,,,,,,,,,,,,,,,,,,,,,,,,,,,,,,,,,,,,,,,,,,,,,,False,STRUCTURAL,비데이터 행,,,unknown
792,6,BHI,VS,QFE #4,VS,8,2026-12-01 00:00:00,,5,30,,,,,조립,,0,,,,,,,,,,,,,,,,,,H 남민테크,5,12,,,,,,,,,,,,,,,,,,,,,,,,,,,,,,,,,,,,,,,,,,,,,,,,,,,,,,,,,,,,,,,,,,,,,,,,,,,,,,,,,,,,,,,,,,,,,,,,,,,,,,,,,,,,,,,,,,,,,,,,,,,,,,,,,,,,,,,,,,,,,,,,,,,,,,,,,,,,,,,,,,,,,,,,,,,,,,,,,,,,,,,,,,,,,,,,,,,,,,,,,,,,,,,,,,,,,,,,,,,,,,,,,,,,,,,,,,,,,,,,,,,,,,,,,,,,,,,,,,,,,,,,,,,,,,,,,,,,,,False,STRUCTURAL,비데이터 행,,,unknown
792,7,BHI,VS,QFE #4,VS,8,2026-12-01 00:00:00,,5,30,,,,,사상,,0,,,,,,,,,,,,,,,,,,H 남민테크,5,12,,,,,,,,,,,,,,,,,,,,,,,,,,,,,,,,,,,,,,,,,,,,,,,,,,,,,,,,,,,,,,,,,,,,,,,,,,,,,,,,,,,,,,,,,,,,,,,,,,,,,,,,,,,,,,,,,,,,,,,,,,,,,,,,,,,,,,,,,,,,,,,,,,,,,,,,,,,,,,,,,,,,,,,,,,,,,,,,,,,,,,,,,,,,,,,,,,,,,,,,,,,,,,,,,,,,,,,,,,,,,,,,,,,,,,,,,,,,,,,,,,,,,,,,,,,,,,,,,,,,,,,,,,,,,,,,,,,,,,False,STRUCTURAL,비데이터 행,,,unknown
792,9,BHI,VS,QFE #4,VS,8,2026-12-01 00:00:00,,5,30,,,,,실적,,,,,,,,,,,,,,,,,,,,H 남민테크,5,12,,,,,,,,,,,,,,,,,,,,,,,,,,,,,,,,,,,,,,,,,,,,,,,,,,,,,,,,,,,,,,,,,,,,,,,,,,,,,,,,,,,,,,,,,,,,,,,,,,,,,,,,,,,,,,,,,,,,,,,,,,,,,,,,,,,,,,,,,,,,,,,,,,,,,,,,,,,,,,,,,,,,,,,,,,,,,,,,,,,,,,,,,,,,,,,,,,,,,,,,,,,,,,,,,,,,,,,,,,,,,,,,,,,,,,,,,,,,,,,,,,,,,,,,,,,,,,,,,,,,,,,,,,,,,,,,,,,,,,False,STRUCTURAL,비데이터 행,,,unknown
793,1,HHI,EGP,JLZ8240428,E-1,3,2026-12-03 00:00:00,46235,5,20,,,,,일자,F JK플랜트,46146,46155,46160,46178,46202,46202,46220,46235,-,2026-08-26 00:00:00,46271,46272,46274,2026-09-12 00:00:00,46279,0%,,,F JK플랜트,8,12,,,계획,46146,,46155,,46160,,46178,,46181,,46202,,46191,,46235,,46240,,46260,,46247,,46271,,46272,,46274,,46277,,46279,,,,,,,,,,,,,,,,,,,,,,,,,,,,,,,,,,,,,,,,,,,,,,,,,,,,,,,,,,,,,,,,,,,,,,,,,,,,,,,,,,,,,,,,,,,,,,D,,,,,,,,,K,,,,,발S,,,,,,,,,,,,,,,,,,발F,,,가S,,,,,,,,,,제S,-----,-----,-----,-----,-----,-----,-----,-----,-----,-----,가F,-----,-----,-----,-----,-----,-----,-----,-----,-----,-----,-----,-----,-----,-----,-----,-----,-----,-----,-----,-----,-----,-----,-----,-----,-----,-----,-----,-----,-----,-----,-----,-----,제F,,,,,도S,,,,,,,조S,,,,,,,,,,,,,도F,,,,,,,,,,,조F,상,,검,,,포,,출,,,,,,,,,,,,,,,,,True,DATA_PLAN,,,,plan
793,2,HHI,EGP,JLZ8240428,E-1,3,2026-12-03 00:00:00,,5,20,,,,11/25→12/3,실행,F JK플랜트,,,,,,,,,,,,,,,,,,,F JK플랜트,8,12,,,,,,,,,,,,,,,,,,,,,,,,,,,,,,,,,,,,,,,,,,,,,,,,,,,,,,,,,,,,,,,,,,,,,,,,,,,,,,,,,,,,,,,,,,,,,,,,,,,,,,,,,,,,,,,,,,,,,,,,,,,,,,,,,,,,,,,,,,,,,,,,,,,,,,,,,,,,,,,,,,,,,,,,,,,,,,,,,,,,,,,,,,,,,,,,,,,,,,,,,,,,,,,,,,,,,,,,,,,,,,,,,,,,,,,,,,,,,,,,,,,,,,,,,,,,,,,,,,,,,,,,,,,,,,,,,,,,,,True,DATA_ACTUAL,,,,actual
793,3,HHI,EGP,JLZ8240428,E-1,3,2026-12-03 00:00:00,,5,20,,,,,F JK플랜트,F JK플랜트,,,,,,,,,-,,,,,,,,,,F JK플랜트,8,12,,,실적,,0,,0,,0,,0,,0,,0,,,,0,,,,0,,,,0,,0,,0,,0,,0,,,,,,,,,,,,,,,,,,,,,,,,,,,,,,,,,,,,,,,,,,,,,,,,,,,,,,,,,,,,,,,,,,,,,,,,,,,,,,,,,,,,,,,,,,,,,,,,,,,,,,,,,,,,,,,,,,,,,,,,,,,,,,,,,,,,,,,,,,,,,,,,,,,,,,,,,,,,,,,,,,,,,,,,,,,,,,,,,,,,,,,,,,,,,,,,,,,,,,,,,,,,,,,,,,,,,,,,,,,,,,,,,,,,,,,,,,,,,,,,,,,False,STRUCTURAL,비데이터 행,,,unknown
793,4,HHI,EGP,JLZ8240428,E-1,3,2026-12-03 00:00:00,,5,20,,,,,취부,,0,,,,,,,,,,,,,,,,,,F JK플랜트,8,12,,,LOAD,,,,,,,,,,,,,,,,,,,,,,,,,,,,,,,,,,,,,,,,,,,,,,,,,,,,,,,,,,,,,,,,,,,,,,,,,,,,,,,,,,,,,,,,,,,,,,,,,,,,,,,,,,,,,,,,,,,,,,,,,,,,,,,,,,,,,,,,,,,,,,,,,,,,,,,,,,,,,,,,,,,,,,,,,,,,,,,,,,,,,,,,,,,,,,,,,,,,,,,,,,,,,,,,,,,,,,,,,,,,,,,,,,,,,,,,,,,,,,,,,,,,,,,,,,,,,,,,,,,,,,,,,,,,,,,,,,,False,STRUCTURAL,비데이터 행,,,unknown
793,5,HHI,EGP,JLZ8240428,E-1,3,2026-12-03 00:00:00,,5,20,,,,,용접,,0,,,,,,,,,,,,,,,,,,F JK플랜트,8,12,,,,,,,,,,,,,,,,,,,,,,,,,,,,,,,,,,,,,,,,,,,,,,,,,,,,,,,,,,,,,,,,,,,,,,,,,,,,,,,,,,,,,,,,,,,,,,,,,,,,,,,,,,,,,,,,,,,,,,,,,,,,,,,,,,,,,,,,,,,,,,,,,,,,,,,,,,,,,,,,,,,,,,,,,,,,,,,,,,,,,,,,,,,,,,,,,,,,,,,,,,,,,,,,,,,,,,,,,,,,,,,,,,,,,,,,,,,,,,,,,,,,,,,,,,,,,,,,,,,,,,,,,,,,,,,,,,,,,,False,STRUCTURAL,비데이터 행,,,unknown
793,6,HHI,EGP,JLZ8240428,E-1,3,2026-12-03 00:00:00,,5,20,,,,,조립,,0,,,,,,,,,,,,,,,,,,F JK플랜트,8,12,,,,,,,,,,,,,,,,,,,,,,,,,,,,,,,,,,,,,,,,,,,,,,,,,,,,,,,,,,,,,,,,,,,,,,,,,,,,,,,,,,,,,,,,,,,,,,,,,,,,,,,,,,,,,,,,,,,,,,,,,,,,,,,,,,,,,,,,,,,,,,,,,,,,,,,,,,,,,,,,,,,,,,,,,,,,,,,,,,,,,,,,,,,,,,,,,,,,,,,,,,,,,,,,,,,,,,,,,,,,,,,,,,,,,,,,,,,,,,,,,,,,,,,,,,,,,,,,,,,,,,,,,,,,,,,,,,,,,,False,STRUCTURAL,비데이터 행,,,unknown
793,7,HHI,EGP,JLZ8240428,E-1,3,2026-12-03 00:00:00,,5,20,,,,,사상,,0,,,,,,,,,,,,,,,,,,F JK플랜트,8,12,,,,,,,,,,,,,,,,,,,,,,,,,,,,,,,,,,,,,,,,,,,,,,,,,,,,,,,,,,,,,,,,,,,,,,,,,,,,,,,,,,,,,,,,,,,,,,,,,,,,,,,,,,,,,,,,,,,,,,,,,,,,,,,,,,,,,,,,,,,,,,,,,,,,,,,,,,,,,,,,,,,,,,,,,,,,,,,,,,,,,,,,,,,,,,,,,,,,,,,,,,,,,,,,,,,,,,,,,,,,,,,,,,,,,,,,,,,,,,,,,,,,,,,,,,,,,,,,,,,,,,,,,,,,,,,,,,,,,,False,STRUCTURAL,비데이터 행,,,unknown
793,9,HHI,EGP,JLZ8240428,E-1,3,2026-12-03 00:00:00,,5,20,,,,,실적,,45807,,,,,,,,,,,,,,,,,,F JK플랜트,8,12,,,,,,,,,,,,,,,,,,,,,,,,,,,,,,,,,,,,,,,,,,,,,,,,,,,,,,,,,,,,,,,,,,,,,,,,,,,,,,,,,,,,,,,,,,,,,,,,,,,,,,,,,,,,,,,,,,,,,,,,,,,,,,,,,,,,,,,,,,,,,,,,,,,,,,,,,,,,,,,,,,,,,,,,,,,,,,,,,,,,,,,,,,,,,,,,,,,,,,,,,,,,,,,,,,,,,,,,,,,,,,,,,,,,,,,,,,,,,,,,,,,,,,,,,,,,,,,,,,,,,,,,,,,,,,,,,,,,,,False,STRUCTURAL,비데이터 행,,,unknown
794,1,HHI,EGP,JLZ8230440,E-1,3,2026-12-03 00:00:00,46235,5,20,,,,,일자,F JK플랜트,46146,46155,46160,46178,46202,46202,46220,46235,-,2026-08-26 00:00:00,46271,46272,46274,2026-09-12 00:00:00,46279,0%,,,F JK플랜트,8,12,,,계획,46146,,46155,,46160,,46178,,46181,,46202,,46191,,46235,,46240,,46260,,46247,,46271,,46272,,46274,,46277,,46279,,,,,,,,,,,,,,,,,,,,,,,,,,,,,,,,,,,,,,,,,,,,,,,,,,,,,,,,,,,,,,,,,,,,,,,,,,,,,,,,,,,,,,,,,,,,,,D,,,,,,,,,K,,,,,발S,,,,,,,,,,,,,,,,,,발F,,,가S,,,,,,,,,,제S,-----,-----,-----,-----,-----,-----,-----,-----,-----,-----,가F,-----,-----,-----,-----,-----,-----,-----,-----,-----,-----,-----,-----,-----,-----,-----,-----,-----,-----,-----,-----,-----,-----,-----,-----,-----,-----,-----,-----,-----,-----,-----,-----,제F,,,,,도S,,,,,,,조S,,,,,,,,,,,,,도F,,,,,,,,,,,조F,상,,검,,,포,,출,,,,,,,,,,,,,,,,,True,DATA_PLAN,,,,plan
794,2,HHI,EGP,JLZ8230440,E-1,3,2026-12-03 00:00:00,,5,20,,,,,실행,F JK플랜트,,,,,,,,,,,,,,,,,,,F JK플랜트,8,12,,,,,,,,,,,,,,,,,,,,,,,,,,,,,,,,,,,,,,,,,,,,,,,,,,,,,,,,,,,,,,,,,,,,,,,,,,,,,,,,,,,,,,,,,,,,,,,,,,,,,,,,,,,,,,,,,,,,,,,,,,,,,,,,,,,,,,,,,,,,,,,,,,,,,,,,,,,,,,,,,,,,,,,,,,,,,,,,,,,,,,,,,,,,,,,,,,,,,,,,,,,,,,,,,,,,,,,,,,,,,,,,,,,,,,,,,,,,,,,,,,,,,,,,,,,,,,,,,,,,,,,,,,,,,,,,,,,,,,True,DATA_ACTUAL,,,,actual
794,3,HHI,EGP,JLZ8230440,E-1,3,2026-12-03 00:00:00,,5,20,,,,,F JK플랜트,F JK플랜트,,,,,,,,,-,,,,,,,,,,F JK플랜트,8,12,,,실적,,0,,0,,0,,0,,0,,0,,,,0,,,,0,,,,0,,0,,0,,0,,0,,,,,,,,,,,,,,,,,,,,,,,,,,,,,,,,,,,,,,,,,,,,,,,,,,,,,,,,,,,,,,,,,,,,,,,,,,,,,,,,,,,,,,,,,,,,,,,,,,,,,,,,,,,,,,,,,,,,,,,,,,,,,,,,,,,,,,,,,,,,,,,,,,,,,,,,,,,,,,,,,,,,,,,,,,,,,,,,,,,,,,,,,,,,,,,,,,,,,,,,,,,,,,,,,,,,,,,,,,,,,,,,,,,,,,,,,,,,,,,,,,,False,STRUCTURAL,비데이터 행,,,unknown
794,4,HHI,EGP,JLZ8230440,E-1,3,2026-12-03 00:00:00,,5,20,,,,,취부,,0,,,,,,,,,,,,,,,,,,F JK플랜트,8,12,,,LOAD,,,,,,,,,,,,,,,,,,,,,,,,,,,,,,,,,,,,,,,,,,,,,,,,,,,,,,,,,,,,,,,,,,,,,,,,,,,,,,,,,,,,,,,,,,,,,,,,,,,,,,,,,,,,,,,,,,,,,,,,,,,,,,,,,,,,,,,,,,,,,,,,,,,,,,,,,,,,,,,,,,,,,,,,,,,,,,,,,,,,,,,,,,,,,,,,,,,,,,,,,,,,,,,,,,,,,,,,,,,,,,,,,,,,,,,,,,,,,,,,,,,,,,,,,,,,,,,,,,,,,,,,,,,,,,,,,,,False,STRUCTURAL,비데이터 행,,,unknown
794,5,HHI,EGP,JLZ8230440,E-1,3,2026-12-03 00:00:00,,5,20,,,,,용접,,0,,,,,,,,,,,,,,,,,,F JK플랜트,8,12,,,,,,,,,,,,,,,,,,,,,,,,,,,,,,,,,,,,,,,,,,,,,,,,,,,,,,,,,,,,,,,,,,,,,,,,,,,,,,,,,,,,,,,,,,,,,,,,,,,,,,,,,,,,,,,,,,,,,,,,,,,,,,,,,,,,,,,,,,,,,,,,,,,,,,,,,,,,,,,,,,,,,,,,,,,,,,,,,,,,,,,,,,,,,,,,,,,,,,,,,,,,,,,,,,,,,,,,,,,,,,,,,,,,,,,,,,,,,,,,,,,,,,,,,,,,,,,,,,,,,,,,,,,,,,,,,,,,,,False,STRUCTURAL,비데이터 행,,,unknown
794,6,HHI,EGP,JLZ8230440,E-1,3,2026-12-03 00:00:00,,5,20,,,,,조립,,0,,,,,,,,,,,,,,,,,,F JK플랜트,8,12,,,,,,,,,,,,,,,,,,,,,,,,,,,,,,,,,,,,,,,,,,,,,,,,,,,,,,,,,,,,,,,,,,,,,,,,,,,,,,,,,,,,,,,,,,,,,,,,,,,,,,,,,,,,,,,,,,,,,,,,,,,,,,,,,,,,,,,,,,,,,,,,,,,,,,,,,,,,,,,,,,,,,,,,,,,,,,,,,,,,,,,,,,,,,,,,,,,,,,,,,,,,,,,,,,,,,,,,,,,,,,,,,,,,,,,,,,,,,,,,,,,,,,,,,,,,,,,,,,,,,,,,,,,,,,,,,,,,,,False,STRUCTURAL,비데이터 행,,,unknown
794,7,HHI,EGP,JLZ8230440,E-1,3,2026-12-03 00:00:00,,5,20,,,,,사상,,0,,,,,,,,,,,,,,,,,,F JK플랜트,8,12,,,,,,,,,,,,,,,,,,,,,,,,,,,,,,,,,,,,,,,,,,,,,,,,,,,,,,,,,,,,,,,,,,,,,,,,,,,,,,,,,,,,,,,,,,,,,,,,,,,,,,,,,,,,,,,,,,,,,,,,,,,,,,,,,,,,,,,,,,,,,,,,,,,,,,,,,,,,,,,,,,,,,,,,,,,,,,,,,,,,,,,,,,,,,,,,,,,,,,,,,,,,,,,,,,,,,,,,,,,,,,,,,,,,,,,,,,,,,,,,,,,,,,,,,,,,,,,,,,,,,,,,,,,,,,,,,,,,,,False,STRUCTURAL,비데이터 행,,,unknown
794,9,HHI,EGP,JLZ8230440,E-1,3,2026-12-03 00:00:00,,5,20,,,,,실적,,45807,,,,,,,,,,,,,,,,,,F JK플랜트,8,12,,,,,,,,,,,,,,,,,,,,,,,,,,,,,,,,,,,,,,,,,,,,,,,,,,,,,,,,,,,,,,,,,,,,,,,,,,,,,,,,,,,,,,,,,,,,,,,,,,,,,,,,,,,,,,,,,,,,,,,,,,,,,,,,,,,,,,,,,,,,,,,,,,,,,,,,,,,,,,,,,,,,,,,,,,,,,,,,,,,,,,,,,,,,,,,,,,,,,,,,,,,,,,,,,,,,,,,,,,,,,,,,,,,,,,,,,,,,,,,,,,,,,,,,,,,,,,,,,,,,,,,,,,,,,,,,,,,,,,False,STRUCTURAL,비데이터 행,,,unknown
795,1,HHI,EGP,N294,E-1,3,2026-12-03 00:00:00,46235,5,20,,,,,일자,F JK플랜트,46146,46155,46160,46178,46202,46202,46220,46235,-,2026-08-26 00:00:00,46271,46272,46274,2026-09-12 00:00:00,46279,0%,,,F JK플랜트,8,12,,,계획,46146,,46155,,46160,,46178,,46181,,46202,,46191,,46235,,46240,,46260,,46247,,46271,,46272,,46274,,46277,,46279,,,,,,,,,,,,,,,,,,,,,,,,,,,,,,,,,,,,,,,,,,,,,,,,,,,,,,,,,,,,,,,,,,,,,,,,,,,,,,,,,,,,,,,,,,,,,,D,,,,,,,,,K,,,,,발S,,,,,,,,,,,,,,,,,,발F,,,가S,,,,,,,,,,제S,-----,-----,-----,-----,-----,-----,-----,-----,-----,-----,가F,-----,-----,-----,-----,-----,-----,-----,-----,-----,-----,-----,-----,-----,-----,-----,-----,-----,-----,-----,-----,-----,-----,-----,-----,-----,-----,-----,-----,-----,-----,-----,-----,제F,,,,,도S,,,,,,,조S,,,,,,,,,,,,,도F,,,,,,,,,,,조F,상,,검,,,포,,출,,,,,,,,,,,,,,,,,True,DATA_PLAN,,,,plan
795,2,HHI,EGP,N294,E-1,3,2026-12-03 00:00:00,,5,20,,,,,실행,F JK플랜트,,,,,,,,,,,,,,,,,,,F JK플랜트,8,12,,,,,,,,,,,,,,,,,,,,,,,,,,,,,,,,,,,,,,,,,,,,,,,,,,,,,,,,,,,,,,,,,,,,,,,,,,,,,,,,,,,,,,,,,,,,,,,,,,,,,,,,,,,,,,,,,,,,,,,,,,,,,,,,,,,,,,,,,,,,,,,,,,,,,,,,,,,,,,,,,,,,,,,,,,,,,,,,,,,,,,,,,,,,,,,,,,,,,,,,,,,,,,,,,,,,,,,,,,,,,,,,,,,,,,,,,,,,,,,,,,,,,,,,,,,,,,,,,,,,,,,,,,,,,,,,,,,,,,True,DATA_ACTUAL,,,,actual
795,3,HHI,EGP,N294,E-1,3,2026-12-03 00:00:00,,5,20,,,,,F JK플랜트,F JK플랜트,,,,,,,,,-,,,,,,,,,,F JK플랜트,8,12,,,실적,,0,,0,,0,,0,,0,,0,,,,0,,,,0,,,,0,,0,,0,,0,,0,,,,,,,,,,,,,,,,,,,,,,,,,,,,,,,,,,,,,,,,,,,,,,,,,,,,,,,,,,,,,,,,,,,,,,,,,,,,,,,,,,,,,,,,,,,,,,,,,,,,,,,,,,,,,,,,,,,,,,,,,,,,,,,,,,,,,,,,,,,,,,,,,,,,,,,,,,,,,,,,,,,,,,,,,,,,,,,,,,,,,,,,,,,,,,,,,,,,,,,,,,,,,,,,,,,,,,,,,,,,,,,,,,,,,,,,,,,,,,,,,,,False,STRUCTURAL,비데이터 행,,,unknown
795,4,HHI,EGP,N294,E-1,3,2026-12-03 00:00:00,,5,20,,,,,취부,,0,,,,,,,,,,,,,,,,,,F JK플랜트,8,12,,,LOAD,,,,,,,,,,,,,,,,,,,,,,,,,,,,,,,,,,,,,,,,,,,,,,,,,,,,,,,,,,,,,,,,,,,,,,,,,,,,,,,,,,,,,,,,,,,,,,,,,,,,,,,,,,,,,,,,,,,,,,,,,,,,,,,,,,,,,,,,,,,,,,,,,,,,,,,,,,,,,,,,,,,,,,,,,,,,,,,,,,,,,,,,,,,,,,,,,,,,,,,,,,,,,,,,,,,,,,,,,,,,,,,,,,,,,,,,,,,,,,,,,,,,,,,,,,,,,,,,,,,,,,,,,,,,,,,,,,,False,STRUCTURAL,비데이터 행,,,unknown
795,5,HHI,EGP,N294,E-1,3,2026-12-03 00:00:00,,5,20,,,,,용접,,0,,,,,,,,,,,,,,,,,,F JK플랜트,8,12,,,,,,,,,,,,,,,,,,,,,,,,,,,,,,,,,,,,,,,,,,,,,,,,,,,,,,,,,,,,,,,,,,,,,,,,,,,,,,,,,,,,,,,,,,,,,,,,,,,,,,,,,,,,,,,,,,,,,,,,,,,,,,,,,,,,,,,,,,,,,,,,,,,,,,,,,,,,,,,,,,,,,,,,,,,,,,,,,,,,,,,,,,,,,,,,,,,,,,,,,,,,,,,,,,,,,,,,,,,,,,,,,,,,,,,,,,,,,,,,,,,,,,,,,,,,,,,,,,,,,,,,,,,,,,,,,,,,,,False,STRUCTURAL,비데이터 행,,,unknown
795,6,HHI,EGP,N294,E-1,3,2026-12-03 00:00:00,,5,20,,,,,조립,,0,,,,,,,,,,,,,,,,,,F JK플랜트,8,12,,,,,,,,,,,,,,,,,,,,,,,,,,,,,,,,,,,,,,,,,,,,,,,,,,,,,,,,,,,,,,,,,,,,,,,,,,,,,,,,,,,,,,,,,,,,,,,,,,,,,,,,,,,,,,,,,,,,,,,,,,,,,,,,,,,,,,,,,,,,,,,,,,,,,,,,,,,,,,,,,,,,,,,,,,,,,,,,,,,,,,,,,,,,,,,,,,,,,,,,,,,,,,,,,,,,,,,,,,,,,,,,,,,,,,,,,,,,,,,,,,,,,,,,,,,,,,,,,,,,,,,,,,,,,,,,,,,,,,False,STRUCTURAL,비데이터 행,,,unknown
795,7,HHI,EGP,N294,E-1,3,2026-12-03 00:00:00,,5,20,,,,,사상,,0,,,,,,,,,,,,,,,,,,F JK플랜트,8,12,,,,,,,,,,,,,,,,,,,,,,,,,,,,,,,,,,,,,,,,,,,,,,,,,,,,,,,,,,,,,,,,,,,,,,,,,,,,,,,,,,,,,,,,,,,,,,,,,,,,,,,,,,,,,,,,,,,,,,,,,,,,,,,,,,,,,,,,,,,,,,,,,,,,,,,,,,,,,,,,,,,,,,,,,,,,,,,,,,,,,,,,,,,,,,,,,,,,,,,,,,,,,,,,,,,,,,,,,,,,,,,,,,,,,,,,,,,,,,,,,,,,,,,,,,,,,,,,,,,,,,,,,,,,,,,,,,,,,,False,STRUCTURAL,비데이터 행,,,unknown
795,9,HHI,EGP,N294,E-1,3,2026-12-03 00:00:00,,5,20,,,,,실적,,45807,,,,,,,,,,,,,,,,,,F JK플랜트,8,12,,,,,,,,,,,,,,,,,,,,,,,,,,,,,,,,,,,,,,,,,,,,,,,,,,,,,,,,,,,,,,,,,,,,,,,,,,,,,,,,,,,,,,,,,,,,,,,,,,,,,,,,,,,,,,,,,,,,,,,,,,,,,,,,,,,,,,,,,,,,,,,,,,,,,,,,,,,,,,,,,,,,,,,,,,,,,,,,,,,,,,,,,,,,,,,,,,,,,,,,,,,,,,,,,,,,,,,,,,,,,,,,,,,,,,,,,,,,,,,,,,,,,,,,,,,,,,,,,,,,,,,,,,,,,,,,,,,,,,False,STRUCTURAL,비데이터 행,,,unknown
796,1,HHI,EGP,CHB2050,EGP-2,5,2026-12-16 00:00:00,46155,5,20,,,,"6H_2,9H_3",일자,F JK플랜트,46099,46106,46107,46121,46132,46132,46147,46155,-,2026-05-21 00:00:00,46184,46185,46188,2026-06-16 00:00:00,46190,0%,,,F JK플랜트,5,12,,,계획,46099,,46106,,46107,,46121,,46122,,46132,,46133,,46155,,46160,,46163,,46162,,46184,,46185,,46188,,46189,,46190,,,,,,,,,,,,,,,,,,,,,,,,,,,,,,,,,,,,,,,,,,,,,,,D,,,,,,,K,발S,,,,,,,,,,,,,,발F,가S,,,,,,,,,,가F,제S,-----,-----,-----,-----,-----,-----,-----,-----,-----,-----,-----,-----,-----,-----,-----,-----,-----,-----,-----,-----,-----,제F,,,,,도S,,조S,도F,,,,,,,,,,,,,,,,,,,,,조F,상,,,검,포,출,,,,,,,,,,,,,,,,,,,,,,,,,,,,,,,,,,,,,,,,,,,,,,,,,,,,,,,,,,,,,,,,,,,,,,,,,,,,,,,,,,,,,,,,,,,,,,,,,,,,,,,,,,True,DATA_PLAN,,,,plan
796,2,HHI,EGP,CHB2050,EGP-2,5,2026-12-16 00:00:00,,5,20,,,,,실행,F JK플랜트,,,,,,,,,,,,,,,,,,,F JK플랜트,5,12,,,,,,,,,,,,,,,,,,,,,,,,,,,,,,,,,,,,,,,,,,,,,,,,,,,,,,,,,,,,,,,,,,,,,,,,,,,,,,,,,,,,,,,,,,,,,,,,,,,,,,,,,,,,,,,,,,,,,,,,,,,,,,,,,,,,,,,,,,,,,,,,,,,,,,,,,,,,,,,,,,,,,,,,,,,,,,,,,,,,,,,,,,,,,,,,,,,,,,,,,,,,,,,,,,,,,,,,,,,,,,,,,,,,,,,,,,,,,,,,,,,,,,,,,,,,,,,,,,,,,,,,,,,,,,,,,,,,,,True,DATA_ACTUAL,,,,actual
796,3,HHI,EGP,CHB2050,EGP-2,5,2026-12-16 00:00:00,,5,20,,,,,F JK플랜트,F JK플랜트,,,,,,,,,-,,,,,,,,,,F JK플랜트,5,12,,,실적,,0,,0,,0,,0,,,,0,,,,0,,,,0,,,,0,,0,,0,,0,,0,,,,,,,,,,,,,,,,,,,,,,,,,,,,,,,,,,,,,,,,,,,,,,,,,,,,,,,,,,,,,,,,,,,,,,,,,,,,,,,,,,,,,,,,,,,,,,,,,,,,,,,,,,,,,,,,,,,,,,,,,,,,,,,,,,,,,,,,,,,,,,,,,,,,,,,,,,,,,,,,,,,,,,,,,,,,,,,,,,,,,,,,,,,,,,,,,,,,,,,,,,,,,,,,,,,,,,,,,,,,,,,,,,,,,,,,,,,,,,,,,,,False,STRUCTURAL,비데이터 행,,,unknown
796,4,HHI,EGP,CHB2050,EGP-2,5,2026-12-16 00:00:00,,5,20,,,,,취부,,0,,,,,,,,,,,,,,,,,,F JK플랜트,5,12,,,LOAD,,,,,,,,,,,,,,,,,,,,,,,,,,,,,,,,,,,,,,,,,,,,,,,,,,,,,,,,,,,,,,,,,,,,,,,,,,,,,,,,,,,,,,,,,,,,,,,,,,,,,,,,,,,,,,,,,,,,,,,,,,,,,,,,,,,,,,,,,,,,,,,,,,,,,,,,,,,,,,,,,,,,,,,,,,,,,,,,,,,,,,,,,,,,,,,,,,,,,,,,,,,,,,,,,,,,,,,,,,,,,,,,,,,,,,,,,,,,,,,,,,,,,,,,,,,,,,,,,,,,,,,,,,,,,,,,,,,False,STRUCTURAL,비데이터 행,,,unknown
796,5,HHI,EGP,CHB2050,EGP-2,5,2026-12-16 00:00:00,,5,20,,,,,용접,,0,,,,,,,,,,,,,,,,,,F JK플랜트,5,12,,,,,,,,,,,,,,,,,,,,,,,,,,,,,,,,,,,,,,,,,,,,,,,,,,,,,,,,,,,,,,,,,,,,,,,,,,,,,,,,,,,,,,,,,,,,,,,,,,,,,,,,,,,,,,,,,,,,,,,,,,,,,,,,,,,,,,,,,,,,,,,,,,,,,,,,,,,,,,,,,,,,,,,,,,,,,,,,,,,,,,,,,,,,,,,,,,,,,,,,,,,,,,,,,,,,,,,,,,,,,,,,,,,,,,,,,,,,,,,,,,,,,,,,,,,,,,,,,,,,,,,,,,,,,,,,,,,,,,False,STRUCTURAL,비데이터 행,,,unknown
796,6,HHI,EGP,CHB2050,EGP-2,5,2026-12-16 00:00:00,,5,20,,,,,조립,,0,,,,,,,,,,,,,,,,,,F JK플랜트,5,12,,,,,,,,,,,,,,,,,,,,,,,,,,,,,,,,,,,,,,,,,,,,,,,,,,,,,,,,,,,,,,,,,,,,,,,,,,,,,,,,,,,,,,,,,,,,,,,,,,,,,,,,,,,,,,,,,,,,,,,,,,,,,,,,,,,,,,,,,,,,,,,,,,,,,,,,,,,,,,,,,,,,,,,,,,,,,,,,,,,,,,,,,,,,,,,,,,,,,,,,,,,,,,,,,,,,,,,,,,,,,,,,,,,,,,,,,,,,,,,,,,,,,,,,,,,,,,,,,,,,,,,,,,,,,,,,,,,,,,False,STRUCTURAL,비데이터 행,,,unknown
796,7,HHI,EGP,CHB2050,EGP-2,5,2026-12-16 00:00:00,,5,20,,,,,사상,,0,,,,,,,,,,,,,,,,,,F JK플랜트,5,12,,,,,,,,,,,,,,,,,,,,,,,,,,,,,,,,,,,,,,,,,,,,,,,,,,,,,,,,,,,,,,,,,,,,,,,,,,,,,,,,,,,,,,,,,,,,,,,,,,,,,,,,,,,,,,,,,,,,,,,,,,,,,,,,,,,,,,,,,,,,,,,,,,,,,,,,,,,,,,,,,,,,,,,,,,,,,,,,,,,,,,,,,,,,,,,,,,,,,,,,,,,,,,,,,,,,,,,,,,,,,,,,,,,,,,,,,,,,,,,,,,,,,,,,,,,,,,,,,,,,,,,,,,,,,,,,,,,,,,False,STRUCTURAL,비데이터 행,,,unknown
796,9,HHI,EGP,CHB2050,EGP-2,5,2026-12-16 00:00:00,,5,20,,,,,실적,,,,,,,,,,,,,,,,,,,,F JK플랜트,5,12,,,,,,,,,,,,,,,,,,,,,,,,,,,,,,,,,,,,,,,,,,,,,,,,,,,,,,,,,,,,,,,,,,,,,,,,,,,,,,,,,,,,,,,,,,,,,,,,,,,,,,,,,,,,,,,,,,,,,,,,,,,,,,,,,,,,,,,,,,,,,,,,,,,,,,,,,,,,,,,,,,,,,,,,,,,,,,,,,,,,,,,,,,,,,,,,,,,,,,,,,,,,,,,,,,,,,,,,,,,,,,,,,,,,,,,,,,,,,,,,,,,,,,,,,,,,,,,,,,,,,,,,,,,,,,,,,,,,,,False,STRUCTURAL,비데이터 행,,,unknown
797,1,HHI,EGP,JLZ8230443,E-1,3,2026-12-18 00:00:00,46235,5,20,,,,,일자,F JK플랜트,46146,46155,46160,46178,46202,46202,46220,46235,-,2026-08-26 00:00:00,46271,46272,46274,2026-09-12 00:00:00,46279,0%,,,F JK플랜트,8,12,,,계획,46146,,46155,,46160,,46178,,46181,,46202,,46191,,46235,,46240,,46260,,46247,,46271,,46272,,46274,,46277,,46279,,,,,,,,,,,,,,,,,,,,,,,,,,,,,,,,,,,,,,,,,,,,,,,,,,,,,,,,,,,,,,,,,,,,,,,,,,,,,,,,,,,,,,,,,,,,,,D,,,,,,,,,K,,,,,발S,,,,,,,,,,,,,,,,,,발F,,,가S,,,,,,,,,,제S,-----,-----,-----,-----,-----,-----,-----,-----,-----,-----,가F,-----,-----,-----,-----,-----,-----,-----,-----,-----,-----,-----,-----,-----,-----,-----,-----,-----,-----,-----,-----,-----,-----,-----,-----,-----,-----,-----,-----,-----,-----,-----,-----,제F,,,,,도S,,,,,,,조S,,,,,,,,,,,,,도F,,,,,,,,,,,조F,상,,검,,,포,,출,,,,,,,,,,,,,,,,,True,DATA_PLAN,,,,plan
797,2,HHI,EGP,JLZ8230443,E-1,3,2026-12-18 00:00:00,,5,20,,,,,실행,F JK플랜트,,,,,,,,,,,,,,,,,,,F JK플랜트,8,12,,,,,,,,,,,,,,,,,,,,,,,,,,,,,,,,,,,,,,,,,,,,,,,,,,,,,,,,,,,,,,,,,,,,,,,,,,,,,,,,,,,,,,,,,,,,,,,,,,,,,,,,,,,,,,,,,,,,,,,,,,,,,,,,,,,,,,,,,,,,,,,,,,,,,,,,,,,,,,,,,,,,,,,,,,,,,,,,,,,,,,,,,,,,,,,,,,,,,,,,,,,,,,,,,,,,,,,,,,,,,,,,,,,,,,,,,,,,,,,,,,,,,,,,,,,,,,,,,,,,,,,,,,,,,,,,,,,,,,True,DATA_ACTUAL,,,,actual
797,3,HHI,EGP,JLZ8230443,E-1,3,2026-12-18 00:00:00,,5,20,,,,,F JK플랜트,F JK플랜트,,,,,,,,,-,,,,,,,,,,F JK플랜트,8,12,,,실적,,0,,0,,0,,0,,0,,0,,,,0,,,,0,,,,0,,0,,0,,0,,0,,,,,,,,,,,,,,,,,,,,,,,,,,,,,,,,,,,,,,,,,,,,,,,,,,,,,,,,,,,,,,,,,,,,,,,,,,,,,,,,,,,,,,,,,,,,,,,,,,,,,,,,,,,,,,,,,,,,,,,,,,,,,,,,,,,,,,,,,,,,,,,,,,,,,,,,,,,,,,,,,,,,,,,,,,,,,,,,,,,,,,,,,,,,,,,,,,,,,,,,,,,,,,,,,,,,,,,,,,,,,,,,,,,,,,,,,,,,,,,,,,,False,STRUCTURAL,비데이터 행,,,unknown
797,4,HHI,EGP,JLZ8230443,E-1,3,2026-12-18 00:00:00,,5,20,,,,,취부,,0,,,,,,,,,,,,,,,,,,F JK플랜트,8,12,,,LOAD,,,,,,,,,,,,,,,,,,,,,,,,,,,,,,,,,,,,,,,,,,,,,,,,,,,,,,,,,,,,,,,,,,,,,,,,,,,,,,,,,,,,,,,,,,,,,,,,,,,,,,,,,,,,,,,,,,,,,,,,,,,,,,,,,,,,,,,,,,,,,,,,,,,,,,,,,,,,,,,,,,,,,,,,,,,,,,,,,,,,,,,,,,,,,,,,,,,,,,,,,,,,,,,,,,,,,,,,,,,,,,,,,,,,,,,,,,,,,,,,,,,,,,,,,,,,,,,,,,,,,,,,,,,,,,,,,,,False,STRUCTURAL,비데이터 행,,,unknown
797,5,HHI,EGP,JLZ8230443,E-1,3,2026-12-18 00:00:00,,5,20,,,,,용접,,0,,,,,,,,,,,,,,,,,,F JK플랜트,8,12,,,,,,,,,,,,,,,,,,,,,,,,,,,,,,,,,,,,,,,,,,,,,,,,,,,,,,,,,,,,,,,,,,,,,,,,,,,,,,,,,,,,,,,,,,,,,,,,,,,,,,,,,,,,,,,,,,,,,,,,,,,,,,,,,,,,,,,,,,,,,,,,,,,,,,,,,,,,,,,,,,,,,,,,,,,,,,,,,,,,,,,,,,,,,,,,,,,,,,,,,,,,,,,,,,,,,,,,,,,,,,,,,,,,,,,,,,,,,,,,,,,,,,,,,,,,,,,,,,,,,,,,,,,,,,,,,,,,,,False,STRUCTURAL,비데이터 행,,,unknown
797,6,HHI,EGP,JLZ8230443,E-1,3,2026-12-18 00:00:00,,5,20,,,,,조립,,0,,,,,,,,,,,,,,,,,,F JK플랜트,8,12,,,,,,,,,,,,,,,,,,,,,,,,,,,,,,,,,,,,,,,,,,,,,,,,,,,,,,,,,,,,,,,,,,,,,,,,,,,,,,,,,,,,,,,,,,,,,,,,,,,,,,,,,,,,,,,,,,,,,,,,,,,,,,,,,,,,,,,,,,,,,,,,,,,,,,,,,,,,,,,,,,,,,,,,,,,,,,,,,,,,,,,,,,,,,,,,,,,,,,,,,,,,,,,,,,,,,,,,,,,,,,,,,,,,,,,,,,,,,,,,,,,,,,,,,,,,,,,,,,,,,,,,,,,,,,,,,,,,,,False,STRUCTURAL,비데이터 행,,,unknown
797,7,HHI,EGP,JLZ8230443,E-1,3,2026-12-18 00:00:00,,5,20,,,,,사상,,0,,,,,,,,,,,,,,,,,,F JK플랜트,8,12,,,,,,,,,,,,,,,,,,,,,,,,,,,,,,,,,,,,,,,,,,,,,,,,,,,,,,,,,,,,,,,,,,,,,,,,,,,,,,,,,,,,,,,,,,,,,,,,,,,,,,,,,,,,,,,,,,,,,,,,,,,,,,,,,,,,,,,,,,,,,,,,,,,,,,,,,,,,,,,,,,,,,,,,,,,,,,,,,,,,,,,,,,,,,,,,,,,,,,,,,,,,,,,,,,,,,,,,,,,,,,,,,,,,,,,,,,,,,,,,,,,,,,,,,,,,,,,,,,,,,,,,,,,,,,,,,,,,,,False,STRUCTURAL,비데이터 행,,,unknown
797,9,HHI,EGP,JLZ8230443,E-1,3,2026-12-18 00:00:00,,5,20,,,,,실적,,45807,,,,,,,,,,,,,,,,,,F JK플랜트,8,12,,,,,,,,,,,,,,,,,,,,,,,,,,,,,,,,,,,,,,,,,,,,,,,,,,,,,,,,,,,,,,,,,,,,,,,,,,,,,,,,,,,,,,,,,,,,,,,,,,,,,,,,,,,,,,,,,,,,,,,,,,,,,,,,,,,,,,,,,,,,,,,,,,,,,,,,,,,,,,,,,,,,,,,,,,,,,,,,,,,,,,,,,,,,,,,,,,,,,,,,,,,,,,,,,,,,,,,,,,,,,,,,,,,,,,,,,,,,,,,,,,,,,,,,,,,,,,,,,,,,,,,,,,,,,,,,,,,,,,False,STRUCTURAL,비데이터 행,,,unknown
798,1,HHI,EGP,H2846,EGP-2,3,2026-12-26 00:00:00,46177,5,20,,,,외부함석,일자,J 해림ENG,46126,46133,46134,46150,46161,46161,46172,46177,-,2026-06-09 00:00:00,46199,46202,46203,2026-07-01 00:00:00,46205,0.25,,,J 해림ENG,6,12,,,계획,46126,,46133,,46134,,46150,,46153,,46161,,46162,,46177,,46181,,46182,,46183,,46199,,46202,,46203,,46204,,46205,,,,,,,,,,,,,,,,,,,,,,,,,,,,,,,,,,,,,,,,,,,,,,,,,,,,,,,,,,,,,,,,,,,,,,,,,,D,,,,,,,K,발S,,,,,,,,,,,,,,,,발F,,,가S,,,,,,,,가F,제S,-----,-----,-----,-----,-----,-----,-----,-----,-----,-----,-----,-----,-----,-----,제F,,,,도S,도F,조S,,,,,,,,,,,,,,,,조F,,,상,검,포,출,,,,,,,,,,,,,,,,,,,,,,,,,,,,,,,,,,,,,,,,,,,,,,,,,,,,,,,,,,,,,,,,,,,,,,,,,,,,,,,,,,,,,,,,,,,True,DATA_PLAN,,,,plan
798,2,HHI,EGP,H2846,EGP-2,3,2026-12-26 00:00:00,,5,20,,,,7/3->12/26,실행,J 해림ENG,45961,45974,,,,,,,,,,,,,,,,,J 해림ENG,6,12,,,,,,,,,,,,,,,,,,,,,,,,,,,,,,,,,,,,,,,,,,,,,,,,,,,,,,,,,,,,,,,,,,,,,,,,,,,,,,,,,,,,,,,,,,,,,,,,,,,,,,,,,,,,,,,,,,,,,,,,,,,,,,,,,,,,,,,,,,,,,,,,,,,,,,,,,,,,,,,,,,,,,,,,,,,,,,,,,,,,,,,,,,,,,,,,,,,,,,,,,,,,,,,,,,,,,,,,,,,,,,,,,,,,,,,,,,,,,,,,,,,,,,,,,,,,,,,,,,,,,,,,,,,,,,,,,,,,,,True,DATA_ACTUAL,,,,actual
798,3,HHI,EGP,H2846,EGP-2,3,2026-12-26 00:00:00,,5,20,,,,,J 해림ENG,J 해림ENG,165,159,,,,,,,-,,,,,,,,,,J 해림ENG,6,12,,,실적,,45961,,45974,,0,,0,,,,0,,,,0,,,,0,,,,0,,0,,0,,0,,0,,,,,,,,,,,,,,,,,,,,,,,,,,,,,,,,,,,,,,,,,,,,,,,,,,,,,,,,,,,,,,,,,,,,,,,,,,,,,,,,,,,,,,,,,,,,,,,,,,,,,,,,,,,,,,,,,,,,,,,,,,,,,,,,,,,,,,,,,,,,,,,,,,,,,,,,,,,,,,,,,,,,,,,,,,,,,,,,,,,,,,,,,,,,,,,,,,,,,,,,,,,,,,,,,,,,,,,,,,,,,,,,,,,,,,,,,,,,,,,,,,,False,STRUCTURAL,비데이터 행,,,unknown
798,4,HHI,EGP,H2846,EGP-2,3,2026-12-26 00:00:00,,5,20,,,,,취부,,0,,,,,,,,,,,,,,,,,,J 해림ENG,6,12,,,LOAD,,,,,,,,,,,,,,,,,,,,,,,,,,,,,,,,,,,,,,,,,,,,,,,,,,,,,,,,,,,,,,,,,,,,,,,,,,,,,,,,,,,,,,,,,,,,,,,,,,,,,,,,,,,,,,,,,,,,,,,,,,,,,,,,,,,,,,,,,,,,,,,,,,,,,,,,,,,,,,,,,,,,,,,,,,,,,,,,,,,,,,,,,,,,,,,,,,,,,,,,,,,,,,,,,,,,,,,,,,,,,,,,,,,,,,,,,,,,,,,,,,,,,,,,,,,,,,,,,,,,,,,,,,,,,,,,,,,False,STRUCTURAL,비데이터 행,,,unknown
798,5,HHI,EGP,H2846,EGP-2,3,2026-12-26 00:00:00,,5,20,,,,,용접,,0,,,,,,,,,,,,,,,,,,J 해림ENG,6,12,,,,,,,,,,,,,,,,,,,,,,,,,,,,,,,,,,,,,,,,,,,,,,,,,,,,,,,,,,,,,,,,,,,,,,,,,,,,,,,,,,,,,,,,,,,,,,,,,,,,,,,,,,,,,,,,,,,,,,,,,,,,,,,,,,,,,,,,,,,,,,,,,,,,,,,,,,,,,,,,,,,,,,,,,,,,,,,,,,,,,,,,,,,,,,,,,,,,,,,,,,,,,,,,,,,,,,,,,,,,,,,,,,,,,,,,,,,,,,,,,,,,,,,,,,,,,,,,,,,,,,,,,,,,,,,,,,,,,,False,STRUCTURAL,비데이터 행,,,unknown
798,6,HHI,EGP,H2846,EGP-2,3,2026-12-26 00:00:00,,5,20,,,,,조립,,0,,,,,,,,,,,,,,,,,,J 해림ENG,6,12,,,,,,,,,,,,,,,,,,,,,,,,,,,,,,,,,,,,,,,,,,,,,,,,,,,,,,,,,,,,,,,,,,,,,,,,,,,,,,,,,,,,,,,,,,,,,,,,,,,,,,,,,,,,,,,,,,,,,,,,,,,,,,,,,,,,,,,,,,,,,,,,,,,,,,,,,,,,,,,,,,,,,,,,,,,,,,,,,,,,,,,,,,,,,,,,,,,,,,,,,,,,,,,,,,,,,,,,,,,,,,,,,,,,,,,,,,,,,,,,,,,,,,,,,,,,,,,,,,,,,,,,,,,,,,,,,,,,,,False,STRUCTURAL,비데이터 행,,,unknown
798,7,HHI,EGP,H2846,EGP-2,3,2026-12-26 00:00:00,,5,20,,,,,사상,,0,,,,,,,,,,,,,,,,,,J 해림ENG,6,12,,,,,,,,,,,,,,,,,,,,,,,,,,,,,,,,,,,,,,,,,,,,,,,,,,,,,,,,,,,,,,,,,,,,,,,,,,,,,,,,,,,,,,,,,,,,,,,,,,,,,,,,,,,,,,,,,,,,,,,,,,,,,,,,,,,,,,,,,,,,,,,,,,,,,,,,,,,,,,,,,,,,,,,,,,,,,,,,,,,,,,,,,,,,,,,,,,,,,,,,,,,,,,,,,,,,,,,,,,,,,,,,,,,,,,,,,,,,,,,,,,,,,,,,,,,,,,,,,,,,,,,,,,,,,,,,,,,,,,False,STRUCTURAL,비데이터 행,,,unknown
798,9,HHI,EGP,H2846,EGP-2,3,2026-12-26 00:00:00,,5,20,,,,,실적,,,,,,,,,,,,,,,,,,,,J 해림ENG,6,12,,,,,,,,,,,,,,,,,,,,,,,,,,,,,,,,,,,,,,,,,,,,,,,,,,,,,,,,,,,,,,,,,,,,,,,,,,,,,,,,,,,,,,,,,,,,,,,,,,,,,,,,,,,,,,,,,,,,,,,,,,,,,,,,,,,,,,,,,,,,,,,,,,,,,,,,,,,,,,,,,,,,,,,,,,,,,,,,,,,,,,,,,,,,,,,,,,,,,,,,,,,,,,,,,,,,,,,,,,,,,,,,,,,,,,,,,,,,,,,,,,,,,,,,,,,,,,,,,,,,,,,,,,,,,,,,,,,,,,False,STRUCTURAL,비데이터 행,,,unknown
799,1,HHI,EGP,"CHB2063 #3,4",E-1,10,2026-12-31 00:00:00,46235,5,20,,,,,일자,F JK플랜트,46146,46155,46160,46178,46202,46202,46220,46235,-,2026-08-26 00:00:00,46271,46272,46274,2026-09-12 00:00:00,46279,0%,,,F JK플랜트,8,12,,,계획,46146,,46155,,46160,,46178,,46181,,46202,,46191,,46235,,46240,,46260,,46247,,46271,,46272,,46274,,46277,,46279,,,,,,,,,,,,,,,,,,,,,,,,,,,,,,,,,,,,,,,,,,,,,,,,,,,,,,,,,,,,,,,,,,,,,,,,,,,,,,,,,,,,,,,,,,,,,,D,,,,,,,,,K,,,,,발S,,,,,,,,,,,,,,,,,,발F,,,가S,,,,,,,,,,제S,-----,-----,-----,-----,-----,-----,-----,-----,-----,-----,가F,-----,-----,-----,-----,-----,-----,-----,-----,-----,-----,-----,-----,-----,-----,-----,-----,-----,-----,-----,-----,-----,-----,-----,-----,-----,-----,-----,-----,-----,-----,-----,-----,제F,,,,,도S,,,,,,,조S,,,,,,,,,,,,,도F,,,,,,,,,,,조F,상,,검,,,포,,출,,,,,,,,,,,,,,,,,True,DATA_PLAN,,,,plan
799,2,HHI,EGP,"CHB2063 #3,4",E-1,10,2026-12-31 00:00:00,,5,20,,,,,실행,F JK플랜트,,,,,,,,,,,,,,,,,,,F JK플랜트,8,12,,,,,,,,,,,,,,,,,,,,,,,,,,,,,,,,,,,,,,,,,,,,,,,,,,,,,,,,,,,,,,,,,,,,,,,,,,,,,,,,,,,,,,,,,,,,,,,,,,,,,,,,,,,,,,,,,,,,,,,,,,,,,,,,,,,,,,,,,,,,,,,,,,,,,,,,,,,,,,,,,,,,,,,,,,,,,,,,,,,,,,,,,,,,,,,,,,,,,,,,,,,,,,,,,,,,,,,,,,,,,,,,,,,,,,,,,,,,,,,,,,,,,,,,,,,,,,,,,,,,,,,,,,,,,,,,,,,,,,True,DATA_ACTUAL,,,,actual
799,3,HHI,EGP,"CHB2063 #3,4",E-1,10,2026-12-31 00:00:00,,5,20,,,,,F JK플랜트,F JK플랜트,,,,,,,,,-,,,,,,,,,,F JK플랜트,8,12,,,실적,,0,,0,,0,,0,,0,,0,,,,0,,,,0,,,,0,,0,,0,,0,,0,,,,,,,,,,,,,,,,,,,,,,,,,,,,,,,,,,,,,,,,,,,,,,,,,,,,,,,,,,,,,,,,,,,,,,,,,,,,,,,,,,,,,,,,,,,,,,,,,,,,,,,,,,,,,,,,,,,,,,,,,,,,,,,,,,,,,,,,,,,,,,,,,,,,,,,,,,,,,,,,,,,,,,,,,,,,,,,,,,,,,,,,,,,,,,,,,,,,,,,,,,,,,,,,,,,,,,,,,,,,,,,,,,,,,,,,,,,,,,,,,,,False,STRUCTURAL,비데이터 행,,,unknown
799,4,HHI,EGP,"CHB2063 #3,4",E-1,10,2026-12-31 00:00:00,,5,20,,,,,취부,,0,,,,,,,,,,,,,,,,,,F JK플랜트,8,12,,,LOAD,,,,,,,,,,,,,,,,,,,,,,,,,,,,,,,,,,,,,,,,,,,,,,,,,,,,,,,,,,,,,,,,,,,,,,,,,,,,,,,,,,,,,,,,,,,,,,,,,,,,,,,,,,,,,,,,,,,,,,,,,,,,,,,,,,,,,,,,,,,,,,,,,,,,,,,,,,,,,,,,,,,,,,,,,,,,,,,,,,,,,,,,,,,,,,,,,,,,,,,,,,,,,,,,,,,,,,,,,,,,,,,,,,,,,,,,,,,,,,,,,,,,,,,,,,,,,,,,,,,,,,,,,,,,,,,,,,,False,STRUCTURAL,비데이터 행,,,unknown
799,5,HHI,EGP,"CHB2063 #3,4",E-1,10,2026-12-31 00:00:00,,5,20,,,,,용접,,0,,,,,,,,,,,,,,,,,,F JK플랜트,8,12,,,,,,,,,,,,,,,,,,,,,,,,,,,,,,,,,,,,,,,,,,,,,,,,,,,,,,,,,,,,,,,,,,,,,,,,,,,,,,,,,,,,,,,,,,,,,,,,,,,,,,,,,,,,,,,,,,,,,,,,,,,,,,,,,,,,,,,,,,,,,,,,,,,,,,,,,,,,,,,,,,,,,,,,,,,,,,,,,,,,,,,,,,,,,,,,,,,,,,,,,,,,,,,,,,,,,,,,,,,,,,,,,,,,,,,,,,,,,,,,,,,,,,,,,,,,,,,,,,,,,,,,,,,,,,,,,,,,,,False,STRUCTURAL,비데이터 행,,,unknown
799,6,HHI,EGP,"CHB2063 #3,4",E-1,10,2026-12-31 00:00:00,,5,20,,,,,조립,,0,,,,,,,,,,,,,,,,,,F JK플랜트,8,12,,,,,,,,,,,,,,,,,,,,,,,,,,,,,,,,,,,,,,,,,,,,,,,,,,,,,,,,,,,,,,,,,,,,,,,,,,,,,,,,,,,,,,,,,,,,,,,,,,,,,,,,,,,,,,,,,,,,,,,,,,,,,,,,,,,,,,,,,,,,,,,,,,,,,,,,,,,,,,,,,,,,,,,,,,,,,,,,,,,,,,,,,,,,,,,,,,,,,,,,,,,,,,,,,,,,,,,,,,,,,,,,,,,,,,,,,,,,,,,,,,,,,,,,,,,,,,,,,,,,,,,,,,,,,,,,,,,,,,False,STRUCTURAL,비데이터 행,,,unknown
799,7,HHI,EGP,"CHB2063 #3,4",E-1,10,2026-12-31 00:00:00,,5,20,,,,,사상,,0,,,,,,,,,,,,,,,,,,F JK플랜트,8,12,,,,,,,,,,,,,,,,,,,,,,,,,,,,,,,,,,,,,,,,,,,,,,,,,,,,,,,,,,,,,,,,,,,,,,,,,,,,,,,,,,,,,,,,,,,,,,,,,,,,,,,,,,,,,,,,,,,,,,,,,,,,,,,,,,,,,,,,,,,,,,,,,,,,,,,,,,,,,,,,,,,,,,,,,,,,,,,,,,,,,,,,,,,,,,,,,,,,,,,,,,,,,,,,,,,,,,,,,,,,,,,,,,,,,,,,,,,,,,,,,,,,,,,,,,,,,,,,,,,,,,,,,,,,,,,,,,,,,,False,STRUCTURAL,비데이터 행,,,unknown
799,9,HHI,EGP,"CHB2063 #3,4",E-1,10,2026-12-31 00:00:00,,5,20,,,,,실적,,45807,,,,,,,,,,,,,,,,,,F JK플랜트,8,12,,,,,,,,,,,,,,,,,,,,,,,,,,,,,,,,,,,,,,,,,,,,,,,,,,,,,,,,,,,,,,,,,,,,,,,,,,,,,,,,,,,,,,,,,,,,,,,,,,,,,,,,,,,,,,,,,,,,,,,,,,,,,,,,,,,,,,,,,,,,,,,,,,,,,,,,,,,,,,,,,,,,,,,,,,,,,,,,,,,,,,,,,,,,,,,,,,,,,,,,,,,,,,,,,,,,,,,,,,,,,,,,,,,,,,,,,,,,,,,,,,,,,,,,,,,,,,,,,,,,,,,,,,,,,,,,,,,,,,False,STRUCTURAL,비데이터 행,,,unknown
800,1,DEB,ENC,Ghazlan2 Gen #2,ENC,1,2027-01-15 00:00:00,46402,3,100,,,,12Ton,일자,미정,,,,,,,,,-,,,,,,,0%,,,미정,0xf,1,,,계획,,,,,,,,,,,,,,,,,,,,,,,,,,,,,,,,,,,,,,,,,,,,,,,,,,,,,,,,,,,,,,,,,,,,,,,,,,,,,,,,,,,,,,,,,,,,,,,,,,,,,,,,,,,,,,,,,,,,,,,,,,,,,,,,,,,,,,,,,,,,,,,,,,,,,,,,,,,,,,,,,,,,,,,,,,,,,,,,,,,,,,,,,,,,,,,,,,,,,,,,,,,,,,,,,,,,,,,,,,,,,,,,,,,,,,,,,,,,,,,,,,,,,,,,,,,,,,,,,,,,,,,,,,,,,,,,,,,True,DATA_PLAN,,,,plan
800,2,DEB,ENC,Ghazlan2 Gen #2,ENC,1,2027-01-15 00:00:00,,3,100,,,,,실행,미정,,,,,,,,,,,,,,,,,,,미정,0xf,1,,,,,,,,,,,,,,,,,,,,,,,,,,,,,,,,,,,,,,,,,,,,,,,,,,,,,,,,,,,,,,,,,,,,,,,,,,,,,,,,,,,,,,,,,,,,,,,,,,,,,,,,,,,,,,,,,,,,,,,,,,,,,,,,,,,,,,,,,,,,,,,,,,,,,,,,,,,,,,,,,,,,,,,,,,,,,,,,,,,,,,,,,,,,,,,,,,,,,,,,,,,,,,,,,,,,,,,,,,,,,,,,,,,,,,,,,,,,,,,,,,,,,,,,,,,,,,,,,,,,,,,,,,,,,,,,,,,,,,True,DATA_ACTUAL,,,,actual
800,3,DEB,ENC,Ghazlan2 Gen #2,ENC,1,2027-01-15 00:00:00,,3,100,,,,,미정,미정,,,,,,,,,-,,,,,,,,,,미정,0xf,1,,,실적,,0,,0,,0,,0,,0,,0,,,,0,,,,0,,,,0,,0,,0,,0,,0,,,,,,,,,,,,,,,,,,,,,,,,,,,,,,,,,,,,,,,,,,,,,,,,,,,,,,,,,,,,,,,,,,,,,,,,,,,,,,,,,,,,,,,,,,,,,,,,,,,,,,,,,,,,,,,,,,,,,,,,,,,,,,,,,,,,,,,,,,,,,,,,,,,,,,,,,,,,,,,,,,,,,,,,,,,,,,,,,,,,,,,,,,,,,,,,,,,,,,,,,,,,,,,,,,,,,,,,,,,,,,,,,,,,,,,,,,,,,,,,,,,False,STRUCTURAL,비데이터 행,,,unknown
800,4,DEB,ENC,Ghazlan2 Gen #2,ENC,1,2027-01-15 00:00:00,,3,100,,,,,취부,,0,,,,,,,,,,,,,,,,,,미정,0xf,1,,,LOAD,,,,,,,,,,,,,,,,,,,,,,,,,,,,,,,,,,,,,,,,,,,,,,,,,,,,,,,,,,,,,,,,,,,,,,,,,,,,,,,,,,,,,,,,,,,,,,,,,,,,,,,,,,,,,,,,,,,,,,,,,,,,,,,,,,,,,,,,,,,,,,,,,,,,,,,,,,,,,,,,,,,,,,,,,,,,,,,,,,,,,,,,,,,,,,,,,,,,,,,,,,,,,,,,,,,,,,,,,,,,,,,,,,,,,,,,,,,,,,,,,,,,,,,,,,,,,,,,,,,,,,,,,,,,,,,,,,,False,STRUCTURAL,비데이터 행,,,unknown
800,5,DEB,ENC,Ghazlan2 Gen #2,ENC,1,2027-01-15 00:00:00,,3,100,,,,,용접,,0,,,,,,,,,,,,,,,,,,미정,0xf,1,,,,,,,,,,,,,,,,,,,,,,,,,,,,,,,,,,,,,,,,,,,,,,,,,,,,,,,,,,,,,,,,,,,,,,,,,,,,,,,,,,,,,,,,,,,,,,,,,,,,,,,,,,,,,,,,,,,,,,,,,,,,,,,,,,,,,,,,,,,,,,,,,,,,,,,,,,,,,,,,,,,,,,,,,,,,,,,,,,,,,,,,,,,,,,,,,,,,,,,,,,,,,,,,,,,,,,,,,,,,,,,,,,,,,,,,,,,,,,,,,,,,,,,,,,,,,,,,,,,,,,,,,,,,,,,,,,,,,,False,STRUCTURAL,비데이터 행,,,unknown
800,6,DEB,ENC,Ghazlan2 Gen #2,ENC,1,2027-01-15 00:00:00,,3,100,,,,,조립,,0,,,,,,,,,,,,,,,,,,미정,0xf,1,,,,,,,,,,,,,,,,,,,,,,,,,,,,,,,,,,,,,,,,,,,,,,,,,,,,,,,,,,,,,,,,,,,,,,,,,,,,,,,,,,,,,,,,,,,,,,,,,,,,,,,,,,,,,,,,,,,,,,,,,,,,,,,,,,,,,,,,,,,,,,,,,,,,,,,,,,,,,,,,,,,,,,,,,,,,,,,,,,,,,,,,,,,,,,,,,,,,,,,,,,,,,,,,,,,,,,,,,,,,,,,,,,,,,,,,,,,,,,,,,,,,,,,,,,,,,,,,,,,,,,,,,,,,,,,,,,,,,,False,STRUCTURAL,비데이터 행,,,unknown
800,7,DEB,ENC,Ghazlan2 Gen #2,ENC,1,2027-01-15 00:00:00,,3,100,,,,,사상,,0,,,,,,,,,,,,,,,,,,미정,0xf,1,,,,,,,,,,,,,,,,,,,,,,,,,,,,,,,,,,,,,,,,,,,,,,,,,,,,,,,,,,,,,,,,,,,,,,,,,,,,,,,,,,,,,,,,,,,,,,,,,,,,,,,,,,,,,,,,,,,,,,,,,,,,,,,,,,,,,,,,,,,,,,,,,,,,,,,,,,,,,,,,,,,,,,,,,,,,,,,,,,,,,,,,,,,,,,,,,,,,,,,,,,,,,,,,,,,,,,,,,,,,,,,,,,,,,,,,,,,,,,,,,,,,,,,,,,,,,,,,,,,,,,,,,,,,,,,,,,,,,,False,STRUCTURAL,비데이터 행,,,unknown
800,9,DEB,ENC,Ghazlan2 Gen #2,ENC,1,2027-01-15 00:00:00,,3,100,,,,,실적,,,,,,,,,,,,,,,,,,,,미정,0xf,1,,,,,,,,,,,,,,,,,,,,,,,,,,,,,,,,,,,,,,,,,,,,,,,,,,,,,,,,,,,,,,,,,,,,,,,,,,,,,,,,,,,,,,,,,,,,,,,,,,,,,,,,,,,,,,,,,,,,,,,,,,,,,,,,,,,,,,,,,,,,,,,,,,,,,,,,,,,,,,,,,,,,,,,,,,,,,,,,,,,,,,,,,,,,,,,,,,,,,,,,,,,,,,,,,,,,,,,,,,,,,,,,,,,,,,,,,,,,,,,,,,,,,,,,,,,,,,,,,,,,,,,,,,,,,,,,,,,,,,False,STRUCTURAL,비데이터 행,,,unknown
801,1,DEB,ENC,Facility #1,ENC,1,2027-01-15 00:00:00,46402,3,100,,,,24Ton,일자,미정,,,,,,,,,-,,,,,,,0%,,,미정,0xf,1,,,계획,,,,,,,,,,,,,,,,,,,,,,,,,,,,,,,,,,,,,,,,,,,,,,,,,,,,,,,,,,,,,,,,,,,,,,,,,,,,,,,,,,,,,,,,,,,,,,,,,,,,,,,,,,,,,,,,,,,,,,,,,,,,,,,,,,,,,,,,,,,,,,,,,,,,,,,,,,,,,,,,,,,,,,,,,,,,,,,,,,,,,,,,,,,,,,,,,,,,,,,,,,,,,,,,,,,,,,,,,,,,,,,,,,,,,,,,,,,,,,,,,,,,,,,,,,,,,,,,,,,,,,,,,,,,,,,,,,,True,DATA_PLAN,,,,plan
801,2,DEB,ENC,Facility #1,ENC,1,2027-01-15 00:00:00,,3,100,,,,,실행,미정,,,,,,,,,,,,,,,,,,,미정,0xf,1,,,,,,,,,,,,,,,,,,,,,,,,,,,,,,,,,,,,,,,,,,,,,,,,,,,,,,,,,,,,,,,,,,,,,,,,,,,,,,,,,,,,,,,,,,,,,,,,,,,,,,,,,,,,,,,,,,,,,,,,,,,,,,,,,,,,,,,,,,,,,,,,,,,,,,,,,,,,,,,,,,,,,,,,,,,,,,,,,,,,,,,,,,,,,,,,,,,,,,,,,,,,,,,,,,,,,,,,,,,,,,,,,,,,,,,,,,,,,,,,,,,,,,,,,,,,,,,,,,,,,,,,,,,,,,,,,,,,,,True,DATA_ACTUAL,,,,actual
801,3,DEB,ENC,Facility #1,ENC,1,2027-01-15 00:00:00,,3,100,,,,,미정,미정,,,,,,,,,-,,,,,,,,,,미정,0xf,1,,,실적,,0,,0,,0,,0,,0,,0,,,,0,,,,0,,,,0,,0,,0,,0,,0,,,,,,,,,,,,,,,,,,,,,,,,,,,,,,,,,,,,,,,,,,,,,,,,,,,,,,,,,,,,,,,,,,,,,,,,,,,,,,,,,,,,,,,,,,,,,,,,,,,,,,,,,,,,,,,,,,,,,,,,,,,,,,,,,,,,,,,,,,,,,,,,,,,,,,,,,,,,,,,,,,,,,,,,,,,,,,,,,,,,,,,,,,,,,,,,,,,,,,,,,,,,,,,,,,,,,,,,,,,,,,,,,,,,,,,,,,,,,,,,,,,False,STRUCTURAL,비데이터 행,,,unknown
801,4,DEB,ENC,Facility #1,ENC,1,2027-01-15 00:00:00,,3,100,,,,,취부,,0,,,,,,,,,,,,,,,,,,미정,0xf,1,,,LOAD,,,,,,,,,,,,,,,,,,,,,,,,,,,,,,,,,,,,,,,,,,,,,,,,,,,,,,,,,,,,,,,,,,,,,,,,,,,,,,,,,,,,,,,,,,,,,,,,,,,,,,,,,,,,,,,,,,,,,,,,,,,,,,,,,,,,,,,,,,,,,,,,,,,,,,,,,,,,,,,,,,,,,,,,,,,,,,,,,,,,,,,,,,,,,,,,,,,,,,,,,,,,,,,,,,,,,,,,,,,,,,,,,,,,,,,,,,,,,,,,,,,,,,,,,,,,,,,,,,,,,,,,,,,,,,,,,,,False,STRUCTURAL,비데이터 행,,,unknown
801,5,DEB,ENC,Facility #1,ENC,1,2027-01-15 00:00:00,,3,100,,,,,용접,,0,,,,,,,,,,,,,,,,,,미정,0xf,1,,,,,,,,,,,,,,,,,,,,,,,,,,,,,,,,,,,,,,,,,,,,,,,,,,,,,,,,,,,,,,,,,,,,,,,,,,,,,,,,,,,,,,,,,,,,,,,,,,,,,,,,,,,,,,,,,,,,,,,,,,,,,,,,,,,,,,,,,,,,,,,,,,,,,,,,,,,,,,,,,,,,,,,,,,,,,,,,,,,,,,,,,,,,,,,,,,,,,,,,,,,,,,,,,,,,,,,,,,,,,,,,,,,,,,,,,,,,,,,,,,,,,,,,,,,,,,,,,,,,,,,,,,,,,,,,,,,,,,False,STRUCTURAL,비데이터 행,,,unknown
801,6,DEB,ENC,Facility #1,ENC,1,2027-01-15 00:00:00,,3,100,,,,,조립,,0,,,,,,,,,,,,,,,,,,미정,0xf,1,,,,,,,,,,,,,,,,,,,,,,,,,,,,,,,,,,,,,,,,,,,,,,,,,,,,,,,,,,,,,,,,,,,,,,,,,,,,,,,,,,,,,,,,,,,,,,,,,,,,,,,,,,,,,,,,,,,,,,,,,,,,,,,,,,,,,,,,,,,,,,,,,,,,,,,,,,,,,,,,,,,,,,,,,,,,,,,,,,,,,,,,,,,,,,,,,,,,,,,,,,,,,,,,,,,,,,,,,,,,,,,,,,,,,,,,,,,,,,,,,,,,,,,,,,,,,,,,,,,,,,,,,,,,,,,,,,,,,,False,STRUCTURAL,비데이터 행,,,unknown
801,7,DEB,ENC,Facility #1,ENC,1,2027-01-15 00:00:00,,3,100,,,,,사상,,0,,,,,,,,,,,,,,,,,,미정,0xf,1,,,,,,,,,,,,,,,,,,,,,,,,,,,,,,,,,,,,,,,,,,,,,,,,,,,,,,,,,,,,,,,,,,,,,,,,,,,,,,,,,,,,,,,,,,,,,,,,,,,,,,,,,,,,,,,,,,,,,,,,,,,,,,,,,,,,,,,,,,,,,,,,,,,,,,,,,,,,,,,,,,,,,,,,,,,,,,,,,,,,,,,,,,,,,,,,,,,,,,,,,,,,,,,,,,,,,,,,,,,,,,,,,,,,,,,,,,,,,,,,,,,,,,,,,,,,,,,,,,,,,,,,,,,,,,,,,,,,,,False,STRUCTURAL,비데이터 행,,,unknown
801,9,DEB,ENC,Facility #1,ENC,1,2027-01-15 00:00:00,,3,100,,,,,실적,,,,,,,,,,,,,,,,,,,,미정,0xf,1,,,,,,,,,,,,,,,,,,,,,,,,,,,,,,,,,,,,,,,,,,,,,,,,,,,,,,,,,,,,,,,,,,,,,,,,,,,,,,,,,,,,,,,,,,,,,,,,,,,,,,,,,,,,,,,,,,,,,,,,,,,,,,,,,,,,,,,,,,,,,,,,,,,,,,,,,,,,,,,,,,,,,,,,,,,,,,,,,,,,,,,,,,,,,,,,,,,,,,,,,,,,,,,,,,,,,,,,,,,,,,,,,,,,,,,,,,,,,,,,,,,,,,,,,,,,,,,,,,,,,,,,,,,,,,,,,,,,,,False,STRUCTURAL,비데이터 행,,,unknown
802,1,DEB,ENC,Ghazlan2 #2,ENC,1,2027-01-15 00:00:00,46402,3,100,,,,100Ton,일자,미정,,,,,,,,,-,,,,,,,0%,,,미정,0xf,1,,,계획,,,,,,,,,,,,,,,,,,,,,,,,,,,,,,,,,,,,,,,,,,,,,,,,,,,,,,,,,,,,,,,,,,,,,,,,,,,,,,,,,,,,,,,,,,,,,,,,,,,,,,,,,,,,,,,,,,,,,,,,,,,,,,,,,,,,,,,,,,,,,,,,,,,,,,,,,,,,,,,,,,,,,,,,,,,,,,,,,,,,,,,,,,,,,,,,,,,,,,,,,,,,,,,,,,,,,,,,,,,,,,,,,,,,,,,,,,,,,,,,,,,,,,,,,,,,,,,,,,,,,,,,,,,,,,,,,,,True,DATA_PLAN,,,,plan
802,2,DEB,ENC,Ghazlan2 #2,ENC,1,2027-01-15 00:00:00,,3,100,,,,,실행,미정,,,,,,,,,,,,,,,,,,,미정,0xf,1,,,,,,,,,,,,,,,,,,,,,,,,,,,,,,,,,,,,,,,,,,,,,,,,,,,,,,,,,,,,,,,,,,,,,,,,,,,,,,,,,,,,,,,,,,,,,,,,,,,,,,,,,,,,,,,,,,,,,,,,,,,,,,,,,,,,,,,,,,,,,,,,,,,,,,,,,,,,,,,,,,,,,,,,,,,,,,,,,,,,,,,,,,,,,,,,,,,,,,,,,,,,,,,,,,,,,,,,,,,,,,,,,,,,,,,,,,,,,,,,,,,,,,,,,,,,,,,,,,,,,,,,,,,,,,,,,,,,,,True,DATA_ACTUAL,,,,actual
802,3,DEB,ENC,Ghazlan2 #2,ENC,1,2027-01-15 00:00:00,,3,100,,,,100Ton,미정,미정,,,,,,,,,-,,,,,,,,,,미정,0xf,1,,,실적,,0,,0,,0,,0,,0,,0,,,,0,,,,0,,,,0,,0,,0,,0,,0,,,,,,,,,,,,,,,,,,,,,,,,,,,,,,,,,,,,,,,,,,,,,,,,,,,,,,,,,,,,,,,,,,,,,,,,,,,,,,,,,,,,,,,,,,,,,,,,,,,,,,,,,,,,,,,,,,,,,,,,,,,,,,,,,,,,,,,,,,,,,,,,,,,,,,,,,,,,,,,,,,,,,,,,,,,,,,,,,,,,,,,,,,,,,,,,,,,,,,,,,,,,,,,,,,,,,,,,,,,,,,,,,,,,,,,,,,,,,,,,,,,False,STRUCTURAL,비데이터 행,,,unknown
802,4,DEB,ENC,Ghazlan2 #2,ENC,1,2027-01-15 00:00:00,,3,100,,,,,취부,,0,,,,,,,,,,,,,,,,,,미정,0xf,1,,,LOAD,,,,,,,,,,,,,,,,,,,,,,,,,,,,,,,,,,,,,,,,,,,,,,,,,,,,,,,,,,,,,,,,,,,,,,,,,,,,,,,,,,,,,,,,,,,,,,,,,,,,,,,,,,,,,,,,,,,,,,,,,,,,,,,,,,,,,,,,,,,,,,,,,,,,,,,,,,,,,,,,,,,,,,,,,,,,,,,,,,,,,,,,,,,,,,,,,,,,,,,,,,,,,,,,,,,,,,,,,,,,,,,,,,,,,,,,,,,,,,,,,,,,,,,,,,,,,,,,,,,,,,,,,,,,,,,,,,,False,STRUCTURAL,비데이터 행,,,unknown
802,5,DEB,ENC,Ghazlan2 #2,ENC,1,2027-01-15 00:00:00,,3,100,,,,,용접,,0,,,,,,,,,,,,,,,,,,미정,0xf,1,,,,,,,,,,,,,,,,,,,,,,,,,,,,,,,,,,,,,,,,,,,,,,,,,,,,,,,,,,,,,,,,,,,,,,,,,,,,,,,,,,,,,,,,,,,,,,,,,,,,,,,,,,,,,,,,,,,,,,,,,,,,,,,,,,,,,,,,,,,,,,,,,,,,,,,,,,,,,,,,,,,,,,,,,,,,,,,,,,,,,,,,,,,,,,,,,,,,,,,,,,,,,,,,,,,,,,,,,,,,,,,,,,,,,,,,,,,,,,,,,,,,,,,,,,,,,,,,,,,,,,,,,,,,,,,,,,,,,,False,STRUCTURAL,비데이터 행,,,unknown
802,6,DEB,ENC,Ghazlan2 #2,ENC,1,2027-01-15 00:00:00,,3,100,,,,,조립,,0,,,,,,,,,,,,,,,,,,미정,0xf,1,,,,,,,,,,,,,,,,,,,,,,,,,,,,,,,,,,,,,,,,,,,,,,,,,,,,,,,,,,,,,,,,,,,,,,,,,,,,,,,,,,,,,,,,,,,,,,,,,,,,,,,,,,,,,,,,,,,,,,,,,,,,,,,,,,,,,,,,,,,,,,,,,,,,,,,,,,,,,,,,,,,,,,,,,,,,,,,,,,,,,,,,,,,,,,,,,,,,,,,,,,,,,,,,,,,,,,,,,,,,,,,,,,,,,,,,,,,,,,,,,,,,,,,,,,,,,,,,,,,,,,,,,,,,,,,,,,,,,,False,STRUCTURAL,비데이터 행,,,unknown
802,7,DEB,ENC,Ghazlan2 #2,ENC,1,2027-01-15 00:00:00,,3,100,,,,,사상,,0,,,,,,,,,,,,,,,,,,미정,0xf,1,,,,,,,,,,,,,,,,,,,,,,,,,,,,,,,,,,,,,,,,,,,,,,,,,,,,,,,,,,,,,,,,,,,,,,,,,,,,,,,,,,,,,,,,,,,,,,,,,,,,,,,,,,,,,,,,,,,,,,,,,,,,,,,,,,,,,,,,,,,,,,,,,,,,,,,,,,,,,,,,,,,,,,,,,,,,,,,,,,,,,,,,,,,,,,,,,,,,,,,,,,,,,,,,,,,,,,,,,,,,,,,,,,,,,,,,,,,,,,,,,,,,,,,,,,,,,,,,,,,,,,,,,,,,,,,,,,,,,,False,STRUCTURAL,비데이터 행,,,unknown
802,9,DEB,ENC,Ghazlan2 #2,ENC,1,2027-01-15 00:00:00,,3,100,,,,,실적,,,,,,,,,,,,,,,,,,,,미정,0xf,1,,,,,,,,,,,,,,,,,,,,,,,,,,,,,,,,,,,,,,,,,,,,,,,,,,,,,,,,,,,,,,,,,,,,,,,,,,,,,,,,,,,,,,,,,,,,,,,,,,,,,,,,,,,,,,,,,,,,,,,,,,,,,,,,,,,,,,,,,,,,,,,,,,,,,,,,,,,,,,,,,,,,,,,,,,,,,,,,,,,,,,,,,,,,,,,,,,,,,,,,,,,,,,,,,,,,,,,,,,,,,,,,,,,,,,,,,,,,,,,,,,,,,,,,,,,,,,,,,,,,,,,,,,,,,,,,,,,,,,False,STRUCTURAL,비데이터 행,,,unknown
803,1,HHI,EGP,H2867,EGP-2,5,2027-01-18 00:00:00,46405,5,20,,,,"8H_2,7H_2,9H_1set",일자,F JK플랜트,,,,,,,,,-,,,,,,,0%,,,F JK플랜트,0xf,1,,,계획,,,,,,,,,,,,,,,,,,,,,,,,,,,,,,,,,,,,,,,,,,,,,,,,,,,,,,,,,,,,,,,,,,,,,,,,,,,,,,,,,,,,,,,,,,,,,,,,,,,,,,,,,,,,,,,,,,,,,,,,,,,,,,,,,,,,,,,,,,,,,,,,,,,,,,,,,,,,,,,,,,,,,,,,,,,,,,,,,,,,,,,,,,,,,,,,,,,,,,,,,,,,,,,,,,,,,,,,,,,,,,,,,,,,,,,,,,,,,,,,,,,,,,,,,,,,,,,,,,,,,,,,,,,,,,,,,,,True,DATA_PLAN,,,,plan
803,2,HHI,EGP,H2867,EGP-2,5,2027-01-18 00:00:00,,5,20,,,,27/3/31->1/18,실행,F JK플랜트,,,,,,,,,,,,,,,,,,,F JK플랜트,0xf,1,,,,,,,,,,,,,,,,,,,,,,,,,,,,,,,,,,,,,,,,,,,,,,,,,,,,,,,,,,,,,,,,,,,,,,,,,,,,,,,,,,,,,,,,,,,,,,,,,,,,,,,,,,,,,,,,,,,,,,,,,,,,,,,,,,,,,,,,,,,,,,,,,,,,,,,,,,,,,,,,,,,,,,,,,,,,,,,,,,,,,,,,,,,,,,,,,,,,,,,,,,,,,,,,,,,,,,,,,,,,,,,,,,,,,,,,,,,,,,,,,,,,,,,,,,,,,,,,,,,,,,,,,,,,,,,,,,,,,,True,DATA_ACTUAL,,,,actual
803,3,HHI,EGP,H2867,EGP-2,5,2027-01-18 00:00:00,,5,20,,,,,F JK플랜트,F JK플랜트,,,,,,,,,-,,,,,,,,,,F JK플랜트,0xf,1,,,실적,,0,,0,,0,,0,,,,0,,,,0,,,,0,,,,0,,0,,0,,0,,0,,,,,,,,,,,,,,,,,,,,,,,,,,,,,,,,,,,,,,,,,,,,,,,,,,,,,,,,,,,,,,,,,,,,,,,,,,,,,,,,,,,,,,,,,,,,,,,,,,,,,,,,,,,,,,,,,,,,,,,,,,,,,,,,,,,,,,,,,,,,,,,,,,,,,,,,,,,,,,,,,,,,,,,,,,,,,,,,,,,,,,,,,,,,,,,,,,,,,,,,,,,,,,,,,,,,,,,,,,,,,,,,,,,,,,,,,,,,,,,,,,,False,STRUCTURAL,비데이터 행,,,unknown
803,4,HHI,EGP,H2867,EGP-2,5,2027-01-18 00:00:00,,5,20,,,,,취부,,0,,,,,,,,,,,,,,,,,,F JK플랜트,0xf,1,,,LOAD,,,,,,,,,,,,,,,,,,,,,,,,,,,,,,,,,,,,,,,,,,,,,,,,,,,,,,,,,,,,,,,,,,,,,,,,,,,,,,,,,,,,,,,,,,,,,,,,,,,,,,,,,,,,,,,,,,,,,,,,,,,,,,,,,,,,,,,,,,,,,,,,,,,,,,,,,,,,,,,,,,,,,,,,,,,,,,,,,,,,,,,,,,,,,,,,,,,,,,,,,,,,,,,,,,,,,,,,,,,,,,,,,,,,,,,,,,,,,,,,,,,,,,,,,,,,,,,,,,,,,,,,,,,,,,,,,,,False,STRUCTURAL,비데이터 행,,,unknown
803,5,HHI,EGP,H2867,EGP-2,5,2027-01-18 00:00:00,,5,20,,,,,용접,,0,,,,,,,,,,,,,,,,,,F JK플랜트,0xf,1,,,,,,,,,,,,,,,,,,,,,,,,,,,,,,,,,,,,,,,,,,,,,,,,,,,,,,,,,,,,,,,,,,,,,,,,,,,,,,,,,,,,,,,,,,,,,,,,,,,,,,,,,,,,,,,,,,,,,,,,,,,,,,,,,,,,,,,,,,,,,,,,,,,,,,,,,,,,,,,,,,,,,,,,,,,,,,,,,,,,,,,,,,,,,,,,,,,,,,,,,,,,,,,,,,,,,,,,,,,,,,,,,,,,,,,,,,,,,,,,,,,,,,,,,,,,,,,,,,,,,,,,,,,,,,,,,,,,,,False,STRUCTURAL,비데이터 행,,,unknown
803,6,HHI,EGP,H2867,EGP-2,5,2027-01-18 00:00:00,,5,20,,,,,조립,,0,,,,,,,,,,,,,,,,,,F JK플랜트,0xf,1,,,,,,,,,,,,,,,,,,,,,,,,,,,,,,,,,,,,,,,,,,,,,,,,,,,,,,,,,,,,,,,,,,,,,,,,,,,,,,,,,,,,,,,,,,,,,,,,,,,,,,,,,,,,,,,,,,,,,,,,,,,,,,,,,,,,,,,,,,,,,,,,,,,,,,,,,,,,,,,,,,,,,,,,,,,,,,,,,,,,,,,,,,,,,,,,,,,,,,,,,,,,,,,,,,,,,,,,,,,,,,,,,,,,,,,,,,,,,,,,,,,,,,,,,,,,,,,,,,,,,,,,,,,,,,,,,,,,,,False,STRUCTURAL,비데이터 행,,,unknown
803,7,HHI,EGP,H2867,EGP-2,5,2027-01-18 00:00:00,,5,20,,,,,사상,,0,,,,,,,,,,,,,,,,,,F JK플랜트,0xf,1,,,,,,,,,,,,,,,,,,,,,,,,,,,,,,,,,,,,,,,,,,,,,,,,,,,,,,,,,,,,,,,,,,,,,,,,,,,,,,,,,,,,,,,,,,,,,,,,,,,,,,,,,,,,,,,,,,,,,,,,,,,,,,,,,,,,,,,,,,,,,,,,,,,,,,,,,,,,,,,,,,,,,,,,,,,,,,,,,,,,,,,,,,,,,,,,,,,,,,,,,,,,,,,,,,,,,,,,,,,,,,,,,,,,,,,,,,,,,,,,,,,,,,,,,,,,,,,,,,,,,,,,,,,,,,,,,,,,,,False,STRUCTURAL,비데이터 행,,,unknown
803,9,HHI,EGP,H2867,EGP-2,5,2027-01-18 00:00:00,,5,20,,,,,실적,,,,,,,,,,,,,,,,,,,,F JK플랜트,0xf,1,,,,,,,,,,,,,,,,,,,,,,,,,,,,,,,,,,,,,,,,,,,,,,,,,,,,,,,,,,,,,,,,,,,,,,,,,,,,,,,,,,,,,,,,,,,,,,,,,,,,,,,,,,,,,,,,,,,,,,,,,,,,,,,,,,,,,,,,,,,,,,,,,,,,,,,,,,,,,,,,,,,,,,,,,,,,,,,,,,,,,,,,,,,,,,,,,,,,,,,,,,,,,,,,,,,,,,,,,,,,,,,,,,,,,,,,,,,,,,,,,,,,,,,,,,,,,,,,,,,,,,,,,,,,,,,,,,,,,,False,STRUCTURAL,비데이터 행,,,unknown
804,1,HHI,SCR중,SH8210,SCR-7,4,2027-01-26 00:00:00,46413,2,30,,전기,X,,일자,미정,,,,,,,,,-,,,,,,,0%,,,미정,0xf,1,,,계획,,,,,,,,,,,,,,,,,,,,,,,,,,,,,,,,,,,,,,,,,,,,,,,,,,,,,,,,,,,,,,,,,,,,,,,,,,,,,,,,,,,,,,,,,,,,,,,,,,,,,,,,,,,,,,,,,,,,,,,,,,,,,,,,,,,,,,,,,,,,,,,,,,,,,,,,,,,,,,,,,,,,,,,,,,,,,,,,,,,,,,,,,,,,,,,,,,,,,,,,,,,,,,,,,,,,,,,,,,,,,,,,,,,,,,,,,,,,,,,,,,,,,,,,,,,,,,,,,,,,,,,,,,,,,,,,,,,True,DATA_PLAN,,,,plan
804,2,HHI,SCR중,SH8210,SCR-7,4,2027-01-26 00:00:00,,2,30,,,,12/4->1/26,실행,미정,,,,,,,,,,,,,,,,,,,미정,0xf,1,,,,,,,,,,,,,,,,,,,,,,,,,,,,,,,,,,,,,,,,,,,,,,,,,,,,,,,,,,,,,,,,,,,,,,,,,,,,,,,,,,,,,,,,,,,,,,,,,,,,,,,,,,,,,,,,,,,,,,,,,,,,,,,,,,,,,,,,,,,,,,,,,,,,,,,,,,,,,,,,,,,,,,,,,,,,,,,,,,,,,,,,,,,,,,,,,,,,,,,,,,,,,,,,,,,,,,,,,,,,,,,,,,,,,,,,,,,,,,,,,,,,,,,,,,,,,,,,,,,,,,,,,,,,,,,,,,,,,,True,DATA_ACTUAL,,,,actual
804,3,HHI,SCR중,SH8210,SCR-7,4,2027-01-26 00:00:00,,2,30,,,,,미정,미정,,,,,,,,,-,,,,,,,,,,미정,0xf,1,,,실적,,0,,0,,0,,0,,0,,0,,,,0,,,,0,,,,0,,0,,0,,0,,0,,,,,,,,,,,,,,,,,,,,,,,,,,,,,,,,,,,,,,,,,,,,,,,,,,,,,,,,,,,,,,,,,,,,,,,,,,,,,,,,,,,,,,,,,,,,,,,,,,,,,,,,,,,,,,,,,,,,,,,,,,,,,,,,,,,,,,,,,,,,,,,,,,,,,,,,,,,,,,,,,,,,,,,,,,,,,,,,,,,,,,,,,,,,,,,,,,,,,,,,,,,,,,,,,,,,,,,,,,,,,,,,,,,,,,,,,,,,,,,,,,,False,STRUCTURAL,비데이터 행,,,unknown
804,4,HHI,SCR중,SH8210,SCR-7,4,2027-01-26 00:00:00,,2,30,,,,,취부,,0,,,,,,,,,,,,,,,,,,미정,0xf,1,,,LOAD,,,,,,,,,,,,,,,,,,,,,,,,,,,,,,,,,,,,,,,,,,,,,,,,,,,,,,,,,,,,,,,,,,,,,,,,,,,,,,,,,,,,,,,,,,,,,,,,,,,,,,,,,,,,,,,,,,,,,,,,,,,,,,,,,,,,,,,,,,,,,,,,,,,,,,,,,,,,,,,,,,,,,,,,,,,,,,,,,,,,,,,,,,,,,,,,,,,,,,,,,,,,,,,,,,,,,,,,,,,,,,,,,,,,,,,,,,,,,,,,,,,,,,,,,,,,,,,,,,,,,,,,,,,,,,,,,,,False,STRUCTURAL,비데이터 행,,,unknown
804,5,HHI,SCR중,SH8210,SCR-7,4,2027-01-26 00:00:00,,2,30,,,,,용접,,0,,,,,,,,,,,,,,,,,,미정,0xf,1,,,,,,,,,,,,,,,,,,,,,,,,,,,,,,,,,,,,,,,,,,,,,,,,,,,,,,,,,,,,,,,,,,,,,,,,,,,,,,,,,,,,,,,,,,,,,,,,,,,,,,,,,,,,,,,,,,,,,,,,,,,,,,,,,,,,,,,,,,,,,,,,,,,,,,,,,,,,,,,,,,,,,,,,,,,,,,,,,,,,,,,,,,,,,,,,,,,,,,,,,,,,,,,,,,,,,,,,,,,,,,,,,,,,,,,,,,,,,,,,,,,,,,,,,,,,,,,,,,,,,,,,,,,,,,,,,,,,,,False,STRUCTURAL,비데이터 행,,,unknown
804,6,HHI,SCR중,SH8210,SCR-7,4,2027-01-26 00:00:00,,2,30,,,,,조립,,0,,,,,,,,,,,,,,,,,,미정,0xf,1,,,,,,,,,,,,,,,,,,,,,,,,,,,,,,,,,,,,,,,,,,,,,,,,,,,,,,,,,,,,,,,,,,,,,,,,,,,,,,,,,,,,,,,,,,,,,,,,,,,,,,,,,,,,,,,,,,,,,,,,,,,,,,,,,,,,,,,,,,,,,,,,,,,,,,,,,,,,,,,,,,,,,,,,,,,,,,,,,,,,,,,,,,,,,,,,,,,,,,,,,,,,,,,,,,,,,,,,,,,,,,,,,,,,,,,,,,,,,,,,,,,,,,,,,,,,,,,,,,,,,,,,,,,,,,,,,,,,,,False,STRUCTURAL,비데이터 행,,,unknown
804,7,HHI,SCR중,SH8210,SCR-7,4,2027-01-26 00:00:00,,2,30,,,,,사상,,0,,,,,,,,,,,,,,,,,,미정,0xf,1,,,,,,,,,,,,,,,,,,,,,,,,,,,,,,,,,,,,,,,,,,,,,,,,,,,,,,,,,,,,,,,,,,,,,,,,,,,,,,,,,,,,,,,,,,,,,,,,,,,,,,,,,,,,,,,,,,,,,,,,,,,,,,,,,,,,,,,,,,,,,,,,,,,,,,,,,,,,,,,,,,,,,,,,,,,,,,,,,,,,,,,,,,,,,,,,,,,,,,,,,,,,,,,,,,,,,,,,,,,,,,,,,,,,,,,,,,,,,,,,,,,,,,,,,,,,,,,,,,,,,,,,,,,,,,,,,,,,,,False,STRUCTURAL,비데이터 행,,,unknown
804,9,HHI,SCR중,SH8210,SCR-7,4,2027-01-26 00:00:00,,2,30,,,,,실적,,,,,,,,,,,,,,,,,,,,미정,0xf,1,,,,,,,,,,,,,,,,,,,,,,,,,,,,,,,,,,,,,,,,,,,,,,,,,,,,,,,,,,,,,,,,,,,,,,,,,,,,,,,,,,,,,,,,,,,,,,,,,,,,,,,,,,,,,,,,,,,,,,,,,,,,,,,,,,,,,,,,,,,,,,,,,,,,,,,,,,,,,,,,,,,,,,,,,,,,,,,,,,,,,,,,,,,,,,,,,,,,,,,,,,,,,,,,,,,,,,,,,,,,,,,,,,,,,,,,,,,,,,,,,,,,,,,,,,,,,,,,,,,,,,,,,,,,,,,,,,,,,,False,STRUCTURAL,비데이터 행,,,unknown
805,1,HHI,EGP,JLZ8240429,E-1,3,2027-01-26 00:00:00,46235,5,20,,,,,일자,F JK플랜트,46146,46155,46160,46178,46202,46202,46220,46235,-,2026-08-26 00:00:00,46271,46272,46274,2026-09-12 00:00:00,46279,0%,,,F JK플랜트,8,1,,,계획,46146,,46155,,46160,,46178,,46181,,46202,,46191,,46235,,46240,,46260,,46247,,46271,,46272,,46274,,46277,,46279,,,,,,,,,,,,,,,,,,,,,,,,,,,,,,,,,,,,,,,,,,,,,,,,,,,,,,,,,,,,,,,,,,,,,,,,,,,,,,,,,,,,,,,,,,,,,,D,,,,,,,,,K,,,,,발S,,,,,,,,,,,,,,,,,,발F,,,가S,,,,,,,,,,제S,-----,-----,-----,-----,-----,-----,-----,-----,-----,-----,가F,-----,-----,-----,-----,-----,-----,-----,-----,-----,-----,-----,-----,-----,-----,-----,-----,-----,-----,-----,-----,-----,-----,-----,-----,-----,-----,-----,-----,-----,-----,-----,-----,제F,,,,,도S,,,,,,,조S,,,,,,,,,,,,,도F,,,,,,,,,,,조F,상,,검,,,포,,출,,,,,,,,,,,,,,,,,True,DATA_PLAN,,,,plan
805,2,HHI,EGP,JLZ8240429,E-1,3,2027-01-26 00:00:00,,5,20,,,,,실행,F JK플랜트,,,,,,,,,,,,,,,,,,,F JK플랜트,8,1,,,,,,,,,,,,,,,,,,,,,,,,,,,,,,,,,,,,,,,,,,,,,,,,,,,,,,,,,,,,,,,,,,,,,,,,,,,,,,,,,,,,,,,,,,,,,,,,,,,,,,,,,,,,,,,,,,,,,,,,,,,,,,,,,,,,,,,,,,,,,,,,,,,,,,,,,,,,,,,,,,,,,,,,,,,,,,,,,,,,,,,,,,,,,,,,,,,,,,,,,,,,,,,,,,,,,,,,,,,,,,,,,,,,,,,,,,,,,,,,,,,,,,,,,,,,,,,,,,,,,,,,,,,,,,,,,,,,,,True,DATA_ACTUAL,,,,actual
805,3,HHI,EGP,JLZ8240429,E-1,3,2027-01-26 00:00:00,,5,20,,,,,F JK플랜트,F JK플랜트,,,,,,,,,-,,,,,,,,,,F JK플랜트,8,1,,,실적,,0,,0,,0,,0,,0,,0,,,,0,,,,0,,,,0,,0,,0,,0,,0,,,,,,,,,,,,,,,,,,,,,,,,,,,,,,,,,,,,,,,,,,,,,,,,,,,,,,,,,,,,,,,,,,,,,,,,,,,,,,,,,,,,,,,,,,,,,,,,,,,,,,,,,,,,,,,,,,,,,,,,,,,,,,,,,,,,,,,,,,,,,,,,,,,,,,,,,,,,,,,,,,,,,,,,,,,,,,,,,,,,,,,,,,,,,,,,,,,,,,,,,,,,,,,,,,,,,,,,,,,,,,,,,,,,,,,,,,,,,,,,,,,False,STRUCTURAL,비데이터 행,,,unknown
805,4,HHI,EGP,JLZ8240429,E-1,3,2027-01-26 00:00:00,,5,20,,,,,취부,,0,,,,,,,,,,,,,,,,,,F JK플랜트,8,1,,,LOAD,,,,,,,,,,,,,,,,,,,,,,,,,,,,,,,,,,,,,,,,,,,,,,,,,,,,,,,,,,,,,,,,,,,,,,,,,,,,,,,,,,,,,,,,,,,,,,,,,,,,,,,,,,,,,,,,,,,,,,,,,,,,,,,,,,,,,,,,,,,,,,,,,,,,,,,,,,,,,,,,,,,,,,,,,,,,,,,,,,,,,,,,,,,,,,,,,,,,,,,,,,,,,,,,,,,,,,,,,,,,,,,,,,,,,,,,,,,,,,,,,,,,,,,,,,,,,,,,,,,,,,,,,,,,,,,,,,,False,STRUCTURAL,비데이터 행,,,unknown
805,5,HHI,EGP,JLZ8240429,E-1,3,2027-01-26 00:00:00,,5,20,,,,,용접,,0,,,,,,,,,,,,,,,,,,F JK플랜트,8,1,,,,,,,,,,,,,,,,,,,,,,,,,,,,,,,,,,,,,,,,,,,,,,,,,,,,,,,,,,,,,,,,,,,,,,,,,,,,,,,,,,,,,,,,,,,,,,,,,,,,,,,,,,,,,,,,,,,,,,,,,,,,,,,,,,,,,,,,,,,,,,,,,,,,,,,,,,,,,,,,,,,,,,,,,,,,,,,,,,,,,,,,,,,,,,,,,,,,,,,,,,,,,,,,,,,,,,,,,,,,,,,,,,,,,,,,,,,,,,,,,,,,,,,,,,,,,,,,,,,,,,,,,,,,,,,,,,,,,,False,STRUCTURAL,비데이터 행,,,unknown
805,6,HHI,EGP,JLZ8240429,E-1,3,2027-01-26 00:00:00,,5,20,,,,,조립,,0,,,,,,,,,,,,,,,,,,F JK플랜트,8,1,,,,,,,,,,,,,,,,,,,,,,,,,,,,,,,,,,,,,,,,,,,,,,,,,,,,,,,,,,,,,,,,,,,,,,,,,,,,,,,,,,,,,,,,,,,,,,,,,,,,,,,,,,,,,,,,,,,,,,,,,,,,,,,,,,,,,,,,,,,,,,,,,,,,,,,,,,,,,,,,,,,,,,,,,,,,,,,,,,,,,,,,,,,,,,,,,,,,,,,,,,,,,,,,,,,,,,,,,,,,,,,,,,,,,,,,,,,,,,,,,,,,,,,,,,,,,,,,,,,,,,,,,,,,,,,,,,,,,,False,STRUCTURAL,비데이터 행,,,unknown
805,7,HHI,EGP,JLZ8240429,E-1,3,2027-01-26 00:00:00,,5,20,,,,,사상,,0,,,,,,,,,,,,,,,,,,F JK플랜트,8,1,,,,,,,,,,,,,,,,,,,,,,,,,,,,,,,,,,,,,,,,,,,,,,,,,,,,,,,,,,,,,,,,,,,,,,,,,,,,,,,,,,,,,,,,,,,,,,,,,,,,,,,,,,,,,,,,,,,,,,,,,,,,,,,,,,,,,,,,,,,,,,,,,,,,,,,,,,,,,,,,,,,,,,,,,,,,,,,,,,,,,,,,,,,,,,,,,,,,,,,,,,,,,,,,,,,,,,,,,,,,,,,,,,,,,,,,,,,,,,,,,,,,,,,,,,,,,,,,,,,,,,,,,,,,,,,,,,,,,,False,STRUCTURAL,비데이터 행,,,unknown
805,9,HHI,EGP,JLZ8240429,E-1,3,2027-01-26 00:00:00,,5,20,,,,,실적,,45807,,,,,,,,,,,,,,,,,,F JK플랜트,8,1,,,,,,,,,,,,,,,,,,,,,,,,,,,,,,,,,,,,,,,,,,,,,,,,,,,,,,,,,,,,,,,,,,,,,,,,,,,,,,,,,,,,,,,,,,,,,,,,,,,,,,,,,,,,,,,,,,,,,,,,,,,,,,,,,,,,,,,,,,,,,,,,,,,,,,,,,,,,,,,,,,,,,,,,,,,,,,,,,,,,,,,,,,,,,,,,,,,,,,,,,,,,,,,,,,,,,,,,,,,,,,,,,,,,,,,,,,,,,,,,,,,,,,,,,,,,,,,,,,,,,,,,,,,,,,,,,,,,,,False,STRUCTURAL,비데이터 행,,,unknown
806,1,HHI,EGP,JLZ8230444,E-1,3,2027-02-08 00:00:00,46235,5,20,,,,,일자,F JK플랜트,46146,46155,46160,46178,46202,46202,46220,46235,-,2026-08-26 00:00:00,46271,46272,46274,2026-09-12 00:00:00,46279,0%,,,F JK플랜트,8,2,,,계획,46146,,46155,,46160,,46178,,46181,,46202,,46191,,46235,,46240,,46260,,46247,,46271,,46272,,46274,,46277,,46279,,,,,,,,,,,,,,,,,,,,,,,,,,,,,,,,,,,,,,,,,,,,,,,,,,,,,,,,,,,,,,,,,,,,,,,,,,,,,,,,,,,,,,,,,,,,,,D,,,,,,,,,K,,,,,발S,,,,,,,,,,,,,,,,,,발F,,,가S,,,,,,,,,,제S,-----,-----,-----,-----,-----,-----,-----,-----,-----,-----,가F,-----,-----,-----,-----,-----,-----,-----,-----,-----,-----,-----,-----,-----,-----,-----,-----,-----,-----,-----,-----,-----,-----,-----,-----,-----,-----,-----,-----,-----,-----,-----,-----,제F,,,,,도S,,,,,,,조S,,,,,,,,,,,,,도F,,,,,,,,,,,조F,상,,검,,,포,,출,,,,,,,,,,,,,,,,,True,DATA_PLAN,,,,plan
806,2,HHI,EGP,JLZ8230444,E-1,3,2027-02-08 00:00:00,,5,20,,,,,실행,F JK플랜트,,,,,,,,,,,,,,,,,,,F JK플랜트,8,2,,,,,,,,,,,,,,,,,,,,,,,,,,,,,,,,,,,,,,,,,,,,,,,,,,,,,,,,,,,,,,,,,,,,,,,,,,,,,,,,,,,,,,,,,,,,,,,,,,,,,,,,,,,,,,,,,,,,,,,,,,,,,,,,,,,,,,,,,,,,,,,,,,,,,,,,,,,,,,,,,,,,,,,,,,,,,,,,,,,,,,,,,,,,,,,,,,,,,,,,,,,,,,,,,,,,,,,,,,,,,,,,,,,,,,,,,,,,,,,,,,,,,,,,,,,,,,,,,,,,,,,,,,,,,,,,,,,,,,True,DATA_ACTUAL,,,,actual
806,3,HHI,EGP,JLZ8230444,E-1,3,2027-02-08 00:00:00,,5,20,,,,,F JK플랜트,F JK플랜트,,,,,,,,,-,,,,,,,,,,F JK플랜트,8,2,,,실적,,0,,0,,0,,0,,0,,0,,,,0,,,,0,,,,0,,0,,0,,0,,0,,,,,,,,,,,,,,,,,,,,,,,,,,,,,,,,,,,,,,,,,,,,,,,,,,,,,,,,,,,,,,,,,,,,,,,,,,,,,,,,,,,,,,,,,,,,,,,,,,,,,,,,,,,,,,,,,,,,,,,,,,,,,,,,,,,,,,,,,,,,,,,,,,,,,,,,,,,,,,,,,,,,,,,,,,,,,,,,,,,,,,,,,,,,,,,,,,,,,,,,,,,,,,,,,,,,,,,,,,,,,,,,,,,,,,,,,,,,,,,,,,,False,STRUCTURAL,비데이터 행,,,unknown
806,4,HHI,EGP,JLZ8230444,E-1,3,2027-02-08 00:00:00,,5,20,,,,,취부,,0,,,,,,,,,,,,,,,,,,F JK플랜트,8,2,,,LOAD,,,,,,,,,,,,,,,,,,,,,,,,,,,,,,,,,,,,,,,,,,,,,,,,,,,,,,,,,,,,,,,,,,,,,,,,,,,,,,,,,,,,,,,,,,,,,,,,,,,,,,,,,,,,,,,,,,,,,,,,,,,,,,,,,,,,,,,,,,,,,,,,,,,,,,,,,,,,,,,,,,,,,,,,,,,,,,,,,,,,,,,,,,,,,,,,,,,,,,,,,,,,,,,,,,,,,,,,,,,,,,,,,,,,,,,,,,,,,,,,,,,,,,,,,,,,,,,,,,,,,,,,,,,,,,,,,,,False,STRUCTURAL,비데이터 행,,,unknown
806,5,HHI,EGP,JLZ8230444,E-1,3,2027-02-08 00:00:00,,5,20,,,,,용접,,0,,,,,,,,,,,,,,,,,,F JK플랜트,8,2,,,,,,,,,,,,,,,,,,,,,,,,,,,,,,,,,,,,,,,,,,,,,,,,,,,,,,,,,,,,,,,,,,,,,,,,,,,,,,,,,,,,,,,,,,,,,,,,,,,,,,,,,,,,,,,,,,,,,,,,,,,,,,,,,,,,,,,,,,,,,,,,,,,,,,,,,,,,,,,,,,,,,,,,,,,,,,,,,,,,,,,,,,,,,,,,,,,,,,,,,,,,,,,,,,,,,,,,,,,,,,,,,,,,,,,,,,,,,,,,,,,,,,,,,,,,,,,,,,,,,,,,,,,,,,,,,,,,,,False,STRUCTURAL,비데이터 행,,,unknown
806,6,HHI,EGP,JLZ8230444,E-1,3,2027-02-08 00:00:00,,5,20,,,,,조립,,0,,,,,,,,,,,,,,,,,,F JK플랜트,8,2,,,,,,,,,,,,,,,,,,,,,,,,,,,,,,,,,,,,,,,,,,,,,,,,,,,,,,,,,,,,,,,,,,,,,,,,,,,,,,,,,,,,,,,,,,,,,,,,,,,,,,,,,,,,,,,,,,,,,,,,,,,,,,,,,,,,,,,,,,,,,,,,,,,,,,,,,,,,,,,,,,,,,,,,,,,,,,,,,,,,,,,,,,,,,,,,,,,,,,,,,,,,,,,,,,,,,,,,,,,,,,,,,,,,,,,,,,,,,,,,,,,,,,,,,,,,,,,,,,,,,,,,,,,,,,,,,,,,,,False,STRUCTURAL,비데이터 행,,,unknown
806,7,HHI,EGP,JLZ8230444,E-1,3,2027-02-08 00:00:00,,5,20,,,,,사상,,0,,,,,,,,,,,,,,,,,,F JK플랜트,8,2,,,,,,,,,,,,,,,,,,,,,,,,,,,,,,,,,,,,,,,,,,,,,,,,,,,,,,,,,,,,,,,,,,,,,,,,,,,,,,,,,,,,,,,,,,,,,,,,,,,,,,,,,,,,,,,,,,,,,,,,,,,,,,,,,,,,,,,,,,,,,,,,,,,,,,,,,,,,,,,,,,,,,,,,,,,,,,,,,,,,,,,,,,,,,,,,,,,,,,,,,,,,,,,,,,,,,,,,,,,,,,,,,,,,,,,,,,,,,,,,,,,,,,,,,,,,,,,,,,,,,,,,,,,,,,,,,,,,,,False,STRUCTURAL,비데이터 행,,,unknown
806,9,HHI,EGP,JLZ8230444,E-1,3,2027-02-08 00:00:00,,5,20,,,,,실적,,45807,,,,,,,,,,,,,,,,,,F JK플랜트,8,2,,,,,,,,,,,,,,,,,,,,,,,,,,,,,,,,,,,,,,,,,,,,,,,,,,,,,,,,,,,,,,,,,,,,,,,,,,,,,,,,,,,,,,,,,,,,,,,,,,,,,,,,,,,,,,,,,,,,,,,,,,,,,,,,,,,,,,,,,,,,,,,,,,,,,,,,,,,,,,,,,,,,,,,,,,,,,,,,,,,,,,,,,,,,,,,,,,,,,,,,,,,,,,,,,,,,,,,,,,,,,,,,,,,,,,,,,,,,,,,,,,,,,,,,,,,,,,,,,,,,,,,,,,,,,,,,,,,,,,False,STRUCTURAL,비데이터 행,,,unknown
807,1,MHI,VS,남양주 Anti Icing,VS-2,4,2027-02-14 00:00:00,46432,4,30,,,,,일자,미정,,,,,,,,,-,,,,,,,0%,,,미정,0xf,2,,,계획,,,,,,,,,,,,,,,,,,,,,,,,,,,,,,,,,,,,,,,,,,,,,,,,,,,,,,,,,,,,,,,,,,,,,,,,,,,,,,,,,,,,,,,,,,,,,,,,,,,,,,,,,,,,,,,,,,,,,,,,,,,,,,,,,,,,,,,,,,,,,,,,,,,,,,,,,,,,,,,,,,,,,,,,,,,,,,,,,,,,,,,,,,,,,,,,,,,,,,,,,,,,,,,,,,,,,,,,,,,,,,,,,,,,,,,,,,,,,,,,,,,,,,,,,,,,,,,,,,,,,,,,,,,,,,,,,,,True,DATA_PLAN,,,,plan
807,2,MHI,VS,남양주 Anti Icing,VS-2,4,2027-02-14 00:00:00,,4,30,,,,,실행,미정,,,,,,,,,,,,,,,,,,,미정,0xf,2,,,,,,,,,,,,,,,,,,,,,,,,,,,,,,,,,,,,,,,,,,,,,,,,,,,,,,,,,,,,,,,,,,,,,,,,,,,,,,,,,,,,,,,,,,,,,,,,,,,,,,,,,,,,,,,,,,,,,,,,,,,,,,,,,,,,,,,,,,,,,,,,,,,,,,,,,,,,,,,,,,,,,,,,,,,,,,,,,,,,,,,,,,,,,,,,,,,,,,,,,,,,,,,,,,,,,,,,,,,,,,,,,,,,,,,,,,,,,,,,,,,,,,,,,,,,,,,,,,,,,,,,,,,,,,,,,,,,,,True,DATA_ACTUAL,,,,actual
807,3,MHI,VS,남양주 Anti Icing,VS-2,4,2027-02-14 00:00:00,,4,30,,,,,미정,미정,,,,,,,,,-,,,,,,,,,,미정,0xf,2,,,실적,,0,,0,,0,,0,,0,,0,,,,0,,,,0,,,,0,,0,,0,,0,,0,,,,,,,,,,,,,,,,,,,,,,,,,,,,,,,,,,,,,,,,,,,,,,,,,,,,,,,,,,,,,,,,,,,,,,,,,,,,,,,,,,,,,,,,,,,,,,,,,,,,,,,,,,,,,,,,,,,,,,,,,,,,,,,,,,,,,,,,,,,,,,,,,,,,,,,,,,,,,,,,,,,,,,,,,,,,,,,,,,,,,,,,,,,,,,,,,,,,,,,,,,,,,,,,,,,,,,,,,,,,,,,,,,,,,,,,,,,,,,,,,,,False,STRUCTURAL,비데이터 행,,,unknown
807,4,MHI,VS,남양주 Anti Icing,VS-2,4,2027-02-14 00:00:00,,4,30,,,,,취부,,0,,,,,,,,,,,,,,,,,,미정,0xf,2,,,LOAD,,,,,,,,,,,,,,,,,,,,,,,,,,,,,,,,,,,,,,,,,,,,,,,,,,,,,,,,,,,,,,,,,,,,,,,,,,,,,,,,,,,,,,,,,,,,,,,,,,,,,,,,,,,,,,,,,,,,,,,,,,,,,,,,,,,,,,,,,,,,,,,,,,,,,,,,,,,,,,,,,,,,,,,,,,,,,,,,,,,,,,,,,,,,,,,,,,,,,,,,,,,,,,,,,,,,,,,,,,,,,,,,,,,,,,,,,,,,,,,,,,,,,,,,,,,,,,,,,,,,,,,,,,,,,,,,,,,False,STRUCTURAL,비데이터 행,,,unknown
807,5,MHI,VS,남양주 Anti Icing,VS-2,4,2027-02-14 00:00:00,,4,30,,,,,용접,,0,,,,,,,,,,,,,,,,,,미정,0xf,2,,,,,,,,,,,,,,,,,,,,,,,,,,,,,,,,,,,,,,,,,,,,,,,,,,,,,,,,,,,,,,,,,,,,,,,,,,,,,,,,,,,,,,,,,,,,,,,,,,,,,,,,,,,,,,,,,,,,,,,,,,,,,,,,,,,,,,,,,,,,,,,,,,,,,,,,,,,,,,,,,,,,,,,,,,,,,,,,,,,,,,,,,,,,,,,,,,,,,,,,,,,,,,,,,,,,,,,,,,,,,,,,,,,,,,,,,,,,,,,,,,,,,,,,,,,,,,,,,,,,,,,,,,,,,,,,,,,,,,False,STRUCTURAL,비데이터 행,,,unknown
807,6,MHI,VS,남양주 Anti Icing,VS-2,4,2027-02-14 00:00:00,,4,30,,,,,조립,,0,,,,,,,,,,,,,,,,,,미정,0xf,2,,,,,,,,,,,,,,,,,,,,,,,,,,,,,,,,,,,,,,,,,,,,,,,,,,,,,,,,,,,,,,,,,,,,,,,,,,,,,,,,,,,,,,,,,,,,,,,,,,,,,,,,,,,,,,,,,,,,,,,,,,,,,,,,,,,,,,,,,,,,,,,,,,,,,,,,,,,,,,,,,,,,,,,,,,,,,,,,,,,,,,,,,,,,,,,,,,,,,,,,,,,,,,,,,,,,,,,,,,,,,,,,,,,,,,,,,,,,,,,,,,,,,,,,,,,,,,,,,,,,,,,,,,,,,,,,,,,,,,False,STRUCTURAL,비데이터 행,,,unknown
807,7,MHI,VS,남양주 Anti Icing,VS-2,4,2027-02-14 00:00:00,,4,30,,,,,사상,,0,,,,,,,,,,,,,,,,,,미정,0xf,2,,,,,,,,,,,,,,,,,,,,,,,,,,,,,,,,,,,,,,,,,,,,,,,,,,,,,,,,,,,,,,,,,,,,,,,,,,,,,,,,,,,,,,,,,,,,,,,,,,,,,,,,,,,,,,,,,,,,,,,,,,,,,,,,,,,,,,,,,,,,,,,,,,,,,,,,,,,,,,,,,,,,,,,,,,,,,,,,,,,,,,,,,,,,,,,,,,,,,,,,,,,,,,,,,,,,,,,,,,,,,,,,,,,,,,,,,,,,,,,,,,,,,,,,,,,,,,,,,,,,,,,,,,,,,,,,,,,,,,False,STRUCTURAL,비데이터 행,,,unknown
807,9,MHI,VS,남양주 Anti Icing,VS-2,4,2027-02-14 00:00:00,,4,30,,,,,실적,,,,,,,,,,,,,,,,,,,,미정,0xf,2,,,,,,,,,,,,,,,,,,,,,,,,,,,,,,,,,,,,,,,,,,,,,,,,,,,,,,,,,,,,,,,,,,,,,,,,,,,,,,,,,,,,,,,,,,,,,,,,,,,,,,,,,,,,,,,,,,,,,,,,,,,,,,,,,,,,,,,,,,,,,,,,,,,,,,,,,,,,,,,,,,,,,,,,,,,,,,,,,,,,,,,,,,,,,,,,,,,,,,,,,,,,,,,,,,,,,,,,,,,,,,,,,,,,,,,,,,,,,,,,,,,,,,,,,,,,,,,,,,,,,,,,,,,,,,,,,,,,,,False,STRUCTURAL,비데이터 행,,,unknown
808,1,DEB,ENC,함안복합 Filter House,E-1,1,2027-02-15 00:00:00,46433,3,100,,,,,일자,A 동일,,,,,,,,,-,,,,,,,0%,,,A 동일,0xf,2,,,계획,,,,,,,,,,,,,,,,,,,,,,,,,,,,,,,,,,,,,,,,,,,,,,,,,,,,,,,,,,,,,,,,,,,,,,,,,,,,,,,,,,,,,,,,,,,,,,,,,,,,,,,,,,,,,,,,,,,,,,,,,,,,,,,,,,,,,,,,,,,,,,,,,,,,,,,,,,,,,,,,,,,,,,,,,,,,,,,,,,,,,,,,,,,,,,,,,,,,,,,,,,,,,,,,,,,,,,,,,,,,,,,,,,,,,,,,,,,,,,,,,,,,,,,,,,,,,,,,,,,,,,,,,,,,,,,,,,,True,DATA_PLAN,,,,plan
808,2,DEB,ENC,함안복합 Filter House,E-1,1,2027-02-15 00:00:00,,3,100,,,,,실행,A 동일,,,,,,,,,,,,,,,,,,,A 동일,0xf,2,,,,,,,,,,,,,,,,,,,,,,,,,,,,,,,,,,,,,,,,,,,,,,,,,,,,,,,,,,,,,,,,,,,,,,,,,,,,,,,,,,,,,,,,,,,,,,,,,,,,,,,,,,,,,,,,,,,,,,,,,,,,,,,,,,,,,,,,,,,,,,,,,,,,,,,,,,,,,,,,,,,,,,,,,,,,,,,,,,,,,,,,,,,,,,,,,,,,,,,,,,,,,,,,,,,,,,,,,,,,,,,,,,,,,,,,,,,,,,,,,,,,,,,,,,,,,,,,,,,,,,,,,,,,,,,,,,,,,,True,DATA_ACTUAL,,,,actual
808,3,DEB,ENC,함안복합 Filter House,E-1,1,2027-02-15 00:00:00,,3,100,,,,,A 동일,A 동일,,,,,,,,,-,,,,,,,,,,A 동일,0xf,2,,,실적,,0,,0,,0,,0,,0,,0,,,,0,,,,0,,,,0,,0,,0,,0,,0,,,,,,,,,,,,,,,,,,,,,,,,,,,,,,,,,,,,,,,,,,,,,,,,,,,,,,,,,,,,,,,,,,,,,,,,,,,,,,,,,,,,,,,,,,,,,,,,,,,,,,,,,,,,,,,,,,,,,,,,,,,,,,,,,,,,,,,,,,,,,,,,,,,,,,,,,,,,,,,,,,,,,,,,,,,,,,,,,,,,,,,,,,,,,,,,,,,,,,,,,,,,,,,,,,,,,,,,,,,,,,,,,,,,,,,,,,,,,,,,,,,False,STRUCTURAL,비데이터 행,,,unknown
808,4,DEB,ENC,함안복합 Filter House,E-1,1,2027-02-15 00:00:00,,3,100,,,,,취부,,0,,,,,,,,,,,,,,,,,,A 동일,0xf,2,,,LOAD,,,,,,,,,,,,,,,,,,,,,,,,,,,,,,,,,,,,,,,,,,,,,,,,,,,,,,,,,,,,,,,,,,,,,,,,,,,,,,,,,,,,,,,,,,,,,,,,,,,,,,,,,,,,,,,,,,,,,,,,,,,,,,,,,,,,,,,,,,,,,,,,,,,,,,,,,,,,,,,,,,,,,,,,,,,,,,,,,,,,,,,,,,,,,,,,,,,,,,,,,,,,,,,,,,,,,,,,,,,,,,,,,,,,,,,,,,,,,,,,,,,,,,,,,,,,,,,,,,,,,,,,,,,,,,,,,,,False,STRUCTURAL,비데이터 행,,,unknown
808,5,DEB,ENC,함안복합 Filter House,E-1,1,2027-02-15 00:00:00,,3,100,,,,,용접,,0,,,,,,,,,,,,,,,,,,A 동일,0xf,2,,,,,,,,,,,,,,,,,,,,,,,,,,,,,,,,,,,,,,,,,,,,,,,,,,,,,,,,,,,,,,,,,,,,,,,,,,,,,,,,,,,,,,,,,,,,,,,,,,,,,,,,,,,,,,,,,,,,,,,,,,,,,,,,,,,,,,,,,,,,,,,,,,,,,,,,,,,,,,,,,,,,,,,,,,,,,,,,,,,,,,,,,,,,,,,,,,,,,,,,,,,,,,,,,,,,,,,,,,,,,,,,,,,,,,,,,,,,,,,,,,,,,,,,,,,,,,,,,,,,,,,,,,,,,,,,,,,,,,False,STRUCTURAL,비데이터 행,,,unknown
808,6,DEB,ENC,함안복합 Filter House,E-1,1,2027-02-15 00:00:00,,3,100,,,,,조립,,0,,,,,,,,,,,,,,,,,,A 동일,0xf,2,,,,,,,,,,,,,,,,,,,,,,,,,,,,,,,,,,,,,,,,,,,,,,,,,,,,,,,,,,,,,,,,,,,,,,,,,,,,,,,,,,,,,,,,,,,,,,,,,,,,,,,,,,,,,,,,,,,,,,,,,,,,,,,,,,,,,,,,,,,,,,,,,,,,,,,,,,,,,,,,,,,,,,,,,,,,,,,,,,,,,,,,,,,,,,,,,,,,,,,,,,,,,,,,,,,,,,,,,,,,,,,,,,,,,,,,,,,,,,,,,,,,,,,,,,,,,,,,,,,,,,,,,,,,,,,,,,,,,,False,STRUCTURAL,비데이터 행,,,unknown
808,7,DEB,ENC,함안복합 Filter House,E-1,1,2027-02-15 00:00:00,,3,100,,,,,사상,,0,,,,,,,,,,,,,,,,,,A 동일,0xf,2,,,,,,,,,,,,,,,,,,,,,,,,,,,,,,,,,,,,,,,,,,,,,,,,,,,,,,,,,,,,,,,,,,,,,,,,,,,,,,,,,,,,,,,,,,,,,,,,,,,,,,,,,,,,,,,,,,,,,,,,,,,,,,,,,,,,,,,,,,,,,,,,,,,,,,,,,,,,,,,,,,,,,,,,,,,,,,,,,,,,,,,,,,,,,,,,,,,,,,,,,,,,,,,,,,,,,,,,,,,,,,,,,,,,,,,,,,,,,,,,,,,,,,,,,,,,,,,,,,,,,,,,,,,,,,,,,,,,,,False,STRUCTURAL,비데이터 행,,,unknown
808,9,DEB,ENC,함안복합 Filter House,E-1,1,2027-02-15 00:00:00,,3,100,,,,,실적,,,,,,,,,,,,,,,,,,,,A 동일,0xf,2,,,,,,,,,,,,,,,,,,,,,,,,,,,,,,,,,,,,,,,,,,,,,,,,,,,,,,,,,,,,,,,,,,,,,,,,,,,,,,,,,,,,,,,,,,,,,,,,,,,,,,,,,,,,,,,,,,,,,,,,,,,,,,,,,,,,,,,,,,,,,,,,,,,,,,,,,,,,,,,,,,,,,,,,,,,,,,,,,,,,,,,,,,,,,,,,,,,,,,,,,,,,,,,,,,,,,,,,,,,,,,,,,,,,,,,,,,,,,,,,,,,,,,,,,,,,,,,,,,,,,,,,,,,,,,,,,,,,,,False,STRUCTURAL,비데이터 행,,,unknown
809,1,DEB,DS,함안복합 Inlet Duct,DUCT-2,1,2027-02-15 00:00:00,46433,1,100,,,,,일자,미정,,,,,,,,,-,,,,,,,0%,,,미정,0xf,2,,,계획,,,,,,,,,,,,,,,,,,,,,,,,,,,,,,,,,,,,,,,,,,,,,,,,,,,,,,,,,,,,,,,,,,,,,,,,,,,,,,,,,,,,,,,,,,,,,,,,,,,,,,,,,,,,,,,,,,,,,,,,,,,,,,,,,,,,,,,,,,,,,,,,,,,,,,,,,,,,,,,,,,,,,,,,,,,,,,,,,,,,,,,,,,,,,,,,,,,,,,,,,,,,,,,,,,,,,,,,,,,,,,,,,,,,,,,,,,,,,,,,,,,,,,,,,,,,,,,,,,,,,,,,,,,,,,,,,,,True,DATA_PLAN,,,,plan
809,2,DEB,DS,함안복합 Inlet Duct,DUCT-2,1,2027-02-15 00:00:00,,1,100,,,,,실행,미정,,,,,,,,,,,,,,,,,,,미정,0xf,2,,,,,,,,,,,,,,,,,,,,,,,,,,,,,,,,,,,,,,,,,,,,,,,,,,,,,,,,,,,,,,,,,,,,,,,,,,,,,,,,,,,,,,,,,,,,,,,,,,,,,,,,,,,,,,,,,,,,,,,,,,,,,,,,,,,,,,,,,,,,,,,,,,,,,,,,,,,,,,,,,,,,,,,,,,,,,,,,,,,,,,,,,,,,,,,,,,,,,,,,,,,,,,,,,,,,,,,,,,,,,,,,,,,,,,,,,,,,,,,,,,,,,,,,,,,,,,,,,,,,,,,,,,,,,,,,,,,,,,True,DATA_ACTUAL,,,,actual
809,3,DEB,DS,함안복합 Inlet Duct,DUCT-2,1,2027-02-15 00:00:00,,1,100,,,,,미정,미정,,,,,,,,,-,,,,,,,,,,미정,0xf,2,,,실적,,0,,0,,0,,0,,0,,0,,,,0,,,,0,,,,0,,0,,0,,0,,0,,,,,,,,,,,,,,,,,,,,,,,,,,,,,,,,,,,,,,,,,,,,,,,,,,,,,,,,,,,,,,,,,,,,,,,,,,,,,,,,,,,,,,,,,,,,,,,,,,,,,,,,,,,,,,,,,,,,,,,,,,,,,,,,,,,,,,,,,,,,,,,,,,,,,,,,,,,,,,,,,,,,,,,,,,,,,,,,,,,,,,,,,,,,,,,,,,,,,,,,,,,,,,,,,,,,,,,,,,,,,,,,,,,,,,,,,,,,,,,,,,,False,STRUCTURAL,비데이터 행,,,unknown
809,4,DEB,DS,함안복합 Inlet Duct,DUCT-2,1,2027-02-15 00:00:00,,1,100,,,,,취부,,0,,,,,,,,,,,,,,,,,,미정,0xf,2,,,LOAD,,,,,,,,,,,,,,,,,,,,,,,,,,,,,,,,,,,,,,,,,,,,,,,,,,,,,,,,,,,,,,,,,,,,,,,,,,,,,,,,,,,,,,,,,,,,,,,,,,,,,,,,,,,,,,,,,,,,,,,,,,,,,,,,,,,,,,,,,,,,,,,,,,,,,,,,,,,,,,,,,,,,,,,,,,,,,,,,,,,,,,,,,,,,,,,,,,,,,,,,,,,,,,,,,,,,,,,,,,,,,,,,,,,,,,,,,,,,,,,,,,,,,,,,,,,,,,,,,,,,,,,,,,,,,,,,,,,False,STRUCTURAL,비데이터 행,,,unknown
809,5,DEB,DS,함안복합 Inlet Duct,DUCT-2,1,2027-02-15 00:00:00,,1,100,,,,,용접,,0,,,,,,,,,,,,,,,,,,미정,0xf,2,,,,,,,,,,,,,,,,,,,,,,,,,,,,,,,,,,,,,,,,,,,,,,,,,,,,,,,,,,,,,,,,,,,,,,,,,,,,,,,,,,,,,,,,,,,,,,,,,,,,,,,,,,,,,,,,,,,,,,,,,,,,,,,,,,,,,,,,,,,,,,,,,,,,,,,,,,,,,,,,,,,,,,,,,,,,,,,,,,,,,,,,,,,,,,,,,,,,,,,,,,,,,,,,,,,,,,,,,,,,,,,,,,,,,,,,,,,,,,,,,,,,,,,,,,,,,,,,,,,,,,,,,,,,,,,,,,,,,,False,STRUCTURAL,비데이터 행,,,unknown
809,6,DEB,DS,함안복합 Inlet Duct,DUCT-2,1,2027-02-15 00:00:00,,1,100,,,,,조립,,0,,,,,,,,,,,,,,,,,,미정,0xf,2,,,,,,,,,,,,,,,,,,,,,,,,,,,,,,,,,,,,,,,,,,,,,,,,,,,,,,,,,,,,,,,,,,,,,,,,,,,,,,,,,,,,,,,,,,,,,,,,,,,,,,,,,,,,,,,,,,,,,,,,,,,,,,,,,,,,,,,,,,,,,,,,,,,,,,,,,,,,,,,,,,,,,,,,,,,,,,,,,,,,,,,,,,,,,,,,,,,,,,,,,,,,,,,,,,,,,,,,,,,,,,,,,,,,,,,,,,,,,,,,,,,,,,,,,,,,,,,,,,,,,,,,,,,,,,,,,,,,,,False,STRUCTURAL,비데이터 행,,,unknown
809,7,DEB,DS,함안복합 Inlet Duct,DUCT-2,1,2027-02-15 00:00:00,,1,100,,,,,사상,,0,,,,,,,,,,,,,,,,,,미정,0xf,2,,,,,,,,,,,,,,,,,,,,,,,,,,,,,,,,,,,,,,,,,,,,,,,,,,,,,,,,,,,,,,,,,,,,,,,,,,,,,,,,,,,,,,,,,,,,,,,,,,,,,,,,,,,,,,,,,,,,,,,,,,,,,,,,,,,,,,,,,,,,,,,,,,,,,,,,,,,,,,,,,,,,,,,,,,,,,,,,,,,,,,,,,,,,,,,,,,,,,,,,,,,,,,,,,,,,,,,,,,,,,,,,,,,,,,,,,,,,,,,,,,,,,,,,,,,,,,,,,,,,,,,,,,,,,,,,,,,,,,False,STRUCTURAL,비데이터 행,,,unknown
809,9,DEB,DS,함안복합 Inlet Duct,DUCT-2,1,2027-02-15 00:00:00,,1,100,,,,,실적,,,,,,,,,,,,,,,,,,,,미정,0xf,2,,,,,,,,,,,,,,,,,,,,,,,,,,,,,,,,,,,,,,,,,,,,,,,,,,,,,,,,,,,,,,,,,,,,,,,,,,,,,,,,,,,,,,,,,,,,,,,,,,,,,,,,,,,,,,,,,,,,,,,,,,,,,,,,,,,,,,,,,,,,,,,,,,,,,,,,,,,,,,,,,,,,,,,,,,,,,,,,,,,,,,,,,,,,,,,,,,,,,,,,,,,,,,,,,,,,,,,,,,,,,,,,,,,,,,,,,,,,,,,,,,,,,,,,,,,,,,,,,,,,,,,,,,,,,,,,,,,,,,False,STRUCTURAL,비데이터 행,,,unknown
810,1,DEB,VS,함안복합 A/Icing,VS-2,1,2027-02-15 00:00:00,46433,4,30,,,,,일자,미정,,,,,,,,,-,,,,,,,0%,,,미정,0xf,2,,,계획,,,,,,,,,,,,,,,,,,,,,,,,,,,,,,,,,,,,,,,,,,,,,,,,,,,,,,,,,,,,,,,,,,,,,,,,,,,,,,,,,,,,,,,,,,,,,,,,,,,,,,,,,,,,,,,,,,,,,,,,,,,,,,,,,,,,,,,,,,,,,,,,,,,,,,,,,,,,,,,,,,,,,,,,,,,,,,,,,,,,,,,,,,,,,,,,,,,,,,,,,,,,,,,,,,,,,,,,,,,,,,,,,,,,,,,,,,,,,,,,,,,,,,,,,,,,,,,,,,,,,,,,,,,,,,,,,,,True,DATA_PLAN,,,,plan
810,2,DEB,VS,함안복합 A/Icing,VS-2,1,2027-02-15 00:00:00,,4,30,,,,,실행,미정,,,,,,,,,,,,,,,,,,,미정,0xf,2,,,,,,,,,,,,,,,,,,,,,,,,,,,,,,,,,,,,,,,,,,,,,,,,,,,,,,,,,,,,,,,,,,,,,,,,,,,,,,,,,,,,,,,,,,,,,,,,,,,,,,,,,,,,,,,,,,,,,,,,,,,,,,,,,,,,,,,,,,,,,,,,,,,,,,,,,,,,,,,,,,,,,,,,,,,,,,,,,,,,,,,,,,,,,,,,,,,,,,,,,,,,,,,,,,,,,,,,,,,,,,,,,,,,,,,,,,,,,,,,,,,,,,,,,,,,,,,,,,,,,,,,,,,,,,,,,,,,,,True,DATA_ACTUAL,,,,actual
810,3,DEB,VS,함안복합 A/Icing,VS-2,1,2027-02-15 00:00:00,,4,30,,,,,미정,미정,,,,,,,,,-,,,,,,,,,,미정,0xf,2,,,실적,,0,,0,,0,,0,,0,,0,,,,0,,,,0,,,,0,,0,,0,,0,,0,,,,,,,,,,,,,,,,,,,,,,,,,,,,,,,,,,,,,,,,,,,,,,,,,,,,,,,,,,,,,,,,,,,,,,,,,,,,,,,,,,,,,,,,,,,,,,,,,,,,,,,,,,,,,,,,,,,,,,,,,,,,,,,,,,,,,,,,,,,,,,,,,,,,,,,,,,,,,,,,,,,,,,,,,,,,,,,,,,,,,,,,,,,,,,,,,,,,,,,,,,,,,,,,,,,,,,,,,,,,,,,,,,,,,,,,,,,,,,,,,,,False,STRUCTURAL,비데이터 행,,,unknown
810,4,DEB,VS,함안복합 A/Icing,VS-2,1,2027-02-15 00:00:00,,4,30,,,,,취부,,0,,,,,,,,,,,,,,,,,,미정,0xf,2,,,LOAD,,,,,,,,,,,,,,,,,,,,,,,,,,,,,,,,,,,,,,,,,,,,,,,,,,,,,,,,,,,,,,,,,,,,,,,,,,,,,,,,,,,,,,,,,,,,,,,,,,,,,,,,,,,,,,,,,,,,,,,,,,,,,,,,,,,,,,,,,,,,,,,,,,,,,,,,,,,,,,,,,,,,,,,,,,,,,,,,,,,,,,,,,,,,,,,,,,,,,,,,,,,,,,,,,,,,,,,,,,,,,,,,,,,,,,,,,,,,,,,,,,,,,,,,,,,,,,,,,,,,,,,,,,,,,,,,,,,False,STRUCTURAL,비데이터 행,,,unknown
810,5,DEB,VS,함안복합 A/Icing,VS-2,1,2027-02-15 00:00:00,,4,30,,,,,용접,,0,,,,,,,,,,,,,,,,,,미정,0xf,2,,,,,,,,,,,,,,,,,,,,,,,,,,,,,,,,,,,,,,,,,,,,,,,,,,,,,,,,,,,,,,,,,,,,,,,,,,,,,,,,,,,,,,,,,,,,,,,,,,,,,,,,,,,,,,,,,,,,,,,,,,,,,,,,,,,,,,,,,,,,,,,,,,,,,,,,,,,,,,,,,,,,,,,,,,,,,,,,,,,,,,,,,,,,,,,,,,,,,,,,,,,,,,,,,,,,,,,,,,,,,,,,,,,,,,,,,,,,,,,,,,,,,,,,,,,,,,,,,,,,,,,,,,,,,,,,,,,,,,False,STRUCTURAL,비데이터 행,,,unknown
810,6,DEB,VS,함안복합 A/Icing,VS-2,1,2027-02-15 00:00:00,,4,30,,,,,조립,,0,,,,,,,,,,,,,,,,,,미정,0xf,2,,,,,,,,,,,,,,,,,,,,,,,,,,,,,,,,,,,,,,,,,,,,,,,,,,,,,,,,,,,,,,,,,,,,,,,,,,,,,,,,,,,,,,,,,,,,,,,,,,,,,,,,,,,,,,,,,,,,,,,,,,,,,,,,,,,,,,,,,,,,,,,,,,,,,,,,,,,,,,,,,,,,,,,,,,,,,,,,,,,,,,,,,,,,,,,,,,,,,,,,,,,,,,,,,,,,,,,,,,,,,,,,,,,,,,,,,,,,,,,,,,,,,,,,,,,,,,,,,,,,,,,,,,,,,,,,,,,,,,False,STRUCTURAL,비데이터 행,,,unknown
810,7,DEB,VS,함안복합 A/Icing,VS-2,1,2027-02-15 00:00:00,,4,30,,,,,사상,,0,,,,,,,,,,,,,,,,,,미정,0xf,2,,,,,,,,,,,,,,,,,,,,,,,,,,,,,,,,,,,,,,,,,,,,,,,,,,,,,,,,,,,,,,,,,,,,,,,,,,,,,,,,,,,,,,,,,,,,,,,,,,,,,,,,,,,,,,,,,,,,,,,,,,,,,,,,,,,,,,,,,,,,,,,,,,,,,,,,,,,,,,,,,,,,,,,,,,,,,,,,,,,,,,,,,,,,,,,,,,,,,,,,,,,,,,,,,,,,,,,,,,,,,,,,,,,,,,,,,,,,,,,,,,,,,,,,,,,,,,,,,,,,,,,,,,,,,,,,,,,,,,False,STRUCTURAL,비데이터 행,,,unknown
810,9,DEB,VS,함안복합 A/Icing,VS-2,1,2027-02-15 00:00:00,,4,30,,,,,실적,,,,,,,,,,,,,,,,,,,,미정,0xf,2,,,,,,,,,,,,,,,,,,,,,,,,,,,,,,,,,,,,,,,,,,,,,,,,,,,,,,,,,,,,,,,,,,,,,,,,,,,,,,,,,,,,,,,,,,,,,,,,,,,,,,,,,,,,,,,,,,,,,,,,,,,,,,,,,,,,,,,,,,,,,,,,,,,,,,,,,,,,,,,,,,,,,,,,,,,,,,,,,,,,,,,,,,,,,,,,,,,,,,,,,,,,,,,,,,,,,,,,,,,,,,,,,,,,,,,,,,,,,,,,,,,,,,,,,,,,,,,,,,,,,,,,,,,,,,,,,,,,,,False,STRUCTURAL,비데이터 행,,,unknown
811,1,HHI,EGP,H2847,EGP-2,3,2027-02-03 00:00:00,46177,5,20,,,,외부함석,일자,J 해림ENG,46126,46133,46134,46150,46161,46161,46172,46177,-,2026-06-09 00:00:00,46199,46202,46203,2026-07-01 00:00:00,46205,0.25,,,J 해림ENG,6,2,,,계획,46126,,46133,,46134,,46150,,46153,,46161,,46162,,46177,,46181,,46182,,46183,,46199,,46202,,46203,,46204,,46205,,,,,,,,,,,,,,,,,,,,,,,,,,,,,,,,,,,,,,,,,,,,,,,,,,,,,,,,,,,,,,,,,,,,,,,,,,D,,,,,,,K,발S,,,,,,,,,,,,,,,,발F,,,가S,,,,,,,,가F,제S,-----,-----,-----,-----,-----,-----,-----,-----,-----,-----,-----,-----,-----,-----,제F,,,,도S,도F,조S,,,,,,,,,,,,,,,,조F,,,상,검,포,출,,,,,,,,,,,,,,,,,,,,,,,,,,,,,,,,,,,,,,,,,,,,,,,,,,,,,,,,,,,,,,,,,,,,,,,,,,,,,,,,,,,,,,,,,,,True,DATA_PLAN,,,,plan
811,2,HHI,EGP,H2847,EGP-2,3,2027-02-03 00:00:00,,5,20,,,,8/15->27/2/3,실행,J 해림ENG,45961,45974,,,,,,,,,,,,,,,,,J 해림ENG,6,2,,,,,,,,,,,,,,,,,,,,,,,,,,,,,,,,,,,,,,,,,,,,,,,,,,,,,,,,,,,,,,,,,,,,,,,,,,,,,,,,,,,,,,,,,,,,,,,,,,,,,,,,,,,,,,,,,,,,,,,,,,,,,,,,,,,,,,,,,,,,,,,,,,,,,,,,,,,,,,,,,,,,,,,,,,,,,,,,,,,,,,,,,,,,,,,,,,,,,,,,,,,,,,,,,,,,,,,,,,,,,,,,,,,,,,,,,,,,,,,,,,,,,,,,,,,,,,,,,,,,,,,,,,,,,,,,,,,,,,True,DATA_ACTUAL,,,,actual
811,3,HHI,EGP,H2847,EGP-2,3,2027-02-03 00:00:00,,5,20,,,,,J 해림ENG,J 해림ENG,165,159,,,,,,,-,,,,,,,,,,J 해림ENG,6,2,,,실적,,45961,,45974,,0,,0,,,,0,,,,0,,,,0,,,,0,,0,,0,,0,,0,,,,,,,,,,,,,,,,,,,,,,,,,,,,,,,,,,,,,,,,,,,,,,,,,,,,,,,,,,,,,,,,,,,,,,,,,,,,,,,,,,,,,,,,,,,,,,,,,,,,,,,,,,,,,,,,,,,,,,,,,,,,,,,,,,,,,,,,,,,,,,,,,,,,,,,,,,,,,,,,,,,,,,,,,,,,,,,,,,,,,,,,,,,,,,,,,,,,,,,,,,,,,,,,,,,,,,,,,,,,,,,,,,,,,,,,,,,,,,,,,,,False,STRUCTURAL,비데이터 행,,,unknown
811,4,HHI,EGP,H2847,EGP-2,3,2027-02-03 00:00:00,,5,20,,,,,취부,,0,,,,,,,,,,,,,,,,,,J 해림ENG,6,2,,,LOAD,,,,,,,,,,,,,,,,,,,,,,,,,,,,,,,,,,,,,,,,,,,,,,,,,,,,,,,,,,,,,,,,,,,,,,,,,,,,,,,,,,,,,,,,,,,,,,,,,,,,,,,,,,,,,,,,,,,,,,,,,,,,,,,,,,,,,,,,,,,,,,,,,,,,,,,,,,,,,,,,,,,,,,,,,,,,,,,,,,,,,,,,,,,,,,,,,,,,,,,,,,,,,,,,,,,,,,,,,,,,,,,,,,,,,,,,,,,,,,,,,,,,,,,,,,,,,,,,,,,,,,,,,,,,,,,,,,,False,STRUCTURAL,비데이터 행,,,unknown
811,5,HHI,EGP,H2847,EGP-2,3,2027-02-03 00:00:00,,5,20,,,,,용접,,0,,,,,,,,,,,,,,,,,,J 해림ENG,6,2,,,,,,,,,,,,,,,,,,,,,,,,,,,,,,,,,,,,,,,,,,,,,,,,,,,,,,,,,,,,,,,,,,,,,,,,,,,,,,,,,,,,,,,,,,,,,,,,,,,,,,,,,,,,,,,,,,,,,,,,,,,,,,,,,,,,,,,,,,,,,,,,,,,,,,,,,,,,,,,,,,,,,,,,,,,,,,,,,,,,,,,,,,,,,,,,,,,,,,,,,,,,,,,,,,,,,,,,,,,,,,,,,,,,,,,,,,,,,,,,,,,,,,,,,,,,,,,,,,,,,,,,,,,,,,,,,,,,,,False,STRUCTURAL,비데이터 행,,,unknown
811,6,HHI,EGP,H2847,EGP-2,3,2027-02-03 00:00:00,,5,20,,,,,조립,,0,,,,,,,,,,,,,,,,,,J 해림ENG,6,2,,,,,,,,,,,,,,,,,,,,,,,,,,,,,,,,,,,,,,,,,,,,,,,,,,,,,,,,,,,,,,,,,,,,,,,,,,,,,,,,,,,,,,,,,,,,,,,,,,,,,,,,,,,,,,,,,,,,,,,,,,,,,,,,,,,,,,,,,,,,,,,,,,,,,,,,,,,,,,,,,,,,,,,,,,,,,,,,,,,,,,,,,,,,,,,,,,,,,,,,,,,,,,,,,,,,,,,,,,,,,,,,,,,,,,,,,,,,,,,,,,,,,,,,,,,,,,,,,,,,,,,,,,,,,,,,,,,,,,False,STRUCTURAL,비데이터 행,,,unknown
811,7,HHI,EGP,H2847,EGP-2,3,2027-02-03 00:00:00,,5,20,,,,,사상,,0,,,,,,,,,,,,,,,,,,J 해림ENG,6,2,,,,,,,,,,,,,,,,,,,,,,,,,,,,,,,,,,,,,,,,,,,,,,,,,,,,,,,,,,,,,,,,,,,,,,,,,,,,,,,,,,,,,,,,,,,,,,,,,,,,,,,,,,,,,,,,,,,,,,,,,,,,,,,,,,,,,,,,,,,,,,,,,,,,,,,,,,,,,,,,,,,,,,,,,,,,,,,,,,,,,,,,,,,,,,,,,,,,,,,,,,,,,,,,,,,,,,,,,,,,,,,,,,,,,,,,,,,,,,,,,,,,,,,,,,,,,,,,,,,,,,,,,,,,,,,,,,,,,,False,STRUCTURAL,비데이터 행,,,unknown
811,9,HHI,EGP,H2847,EGP-2,3,2027-02-03 00:00:00,,5,20,,,,,실적,,,,,,,,,,,,,,,,,,,,J 해림ENG,6,2,,,,,,,,,,,,,,,,,,,,,,,,,,,,,,,,,,,,,,,,,,,,,,,,,,,,,,,,,,,,,,,,,,,,,,,,,,,,,,,,,,,,,,,,,,,,,,,,,,,,,,,,,,,,,,,,,,,,,,,,,,,,,,,,,,,,,,,,,,,,,,,,,,,,,,,,,,,,,,,,,,,,,,,,,,,,,,,,,,,,,,,,,,,,,,,,,,,,,,,,,,,,,,,,,,,,,,,,,,,,,,,,,,,,,,,,,,,,,,,,,,,,,,,,,,,,,,,,,,,,,,,,,,,,,,,,,,,,,,False,STRUCTURAL,비데이터 행,,,unknown
812,1,HHI,GV,HMD8422,VS-2,2,2027-02-19 00:00:00,46437,1,30,,,,"MEGI, FGSS",일자,E 케이테크,,,,,,,,,-,,,,,,,0%,,,E 케이테크,0xf,2,,,계획,,,,,,,,,,,,,,,,,,,,,,,,,,,,,,,,,,,,,,,,,,,,,,,,,,,,,,,,,,,,,,,,,,,,,,,,,,,,,,,,,,,,,,,,,,,,,,,,,,,,,,,,,,,,,,,,,,,,,,,,,,,,,,,,,,,,,,,,,,,,,,,,,,,,,,,,,,,,,,,,,,,,,,,,,,,,,,,,,,,,,,,,,,,,,,,,,,,,,,,,,,,,,,,,,,,,,,,,,,,,,,,,,,,,,,,,,,,,,,,,,,,,,,,,,,,,,,,,,,,,,,,,,,,,,,,,,,,True,DATA_PLAN,,,,plan
812,2,HHI,GV,HMD8422,VS-2,2,2027-02-19 00:00:00,,1,30,,,,,실행,E 케이테크,,,,,,,,,,,,,,,,,,,E 케이테크,0xf,2,,,,,,,,,,,,,,,,,,,,,,,,,,,,,,,,,,,,,,,,,,,,,,,,,,,,,,,,,,,,,,,,,,,,,,,,,,,,,,,,,,,,,,,,,,,,,,,,,,,,,,,,,,,,,,,,,,,,,,,,,,,,,,,,,,,,,,,,,,,,,,,,,,,,,,,,,,,,,,,,,,,,,,,,,,,,,,,,,,,,,,,,,,,,,,,,,,,,,,,,,,,,,,,,,,,,,,,,,,,,,,,,,,,,,,,,,,,,,,,,,,,,,,,,,,,,,,,,,,,,,,,,,,,,,,,,,,,,,,True,DATA_ACTUAL,,,,actual
812,3,HHI,GV,HMD8422,VS-2,2,2027-02-19 00:00:00,,1,30,,,,,E 케이테크,E 케이테크,,,,,,,,,-,,,,,,,,,,E 케이테크,0xf,2,,,실적,,0,,0,,0,,0,,,,0,,,,0,,,,0,,,,0,,0,,0,,0,,0,,,,,,,,,,,,,,,,,,,,,,,,,,,,,,,,,,,,,,,,,,,,,,,,,,,,,,,,,,,,,,,,,,,,,,,,,,,,,,,,,,,,,,,,,,,,,,,,,,,,,,,,,,,,,,,,,,,,,,,,,,,,,,,,,,,,,,,,,,,,,,,,,,,,,,,,,,,,,,,,,,,,,,,,,,,,,,,,,,,,,,,,,,,,,,,,,,,,,,,,,,,,,,,,,,,,,,,,,,,,,,,,,,,,,,,,,,,,,,,,,,,False,STRUCTURAL,비데이터 행,,,unknown
812,4,HHI,GV,HMD8422,VS-2,2,2027-02-19 00:00:00,,1,30,,,,,취부,,0,,,,,,,,,,,,,,,,,,E 케이테크,0xf,2,,,LOAD,,,,,,,,,,,,,,,,,,,,,,,,,,,,,,,,,,,,,,,,,,,,,,,,,,,,,,,,,,,,,,,,,,,,,,,,,,,,,,,,,,,,,,,,,,,,,,,,,,,,,,,,,,,,,,,,,,,,,,,,,,,,,,,,,,,,,,,,,,,,,,,,,,,,,,,,,,,,,,,,,,,,,,,,,,,,,,,,,,,,,,,,,,,,,,,,,,,,,,,,,,,,,,,,,,,,,,,,,,,,,,,,,,,,,,,,,,,,,,,,,,,,,,,,,,,,,,,,,,,,,,,,,,,,,,,,,,,False,STRUCTURAL,비데이터 행,,,unknown
812,5,HHI,GV,HMD8422,VS-2,2,2027-02-19 00:00:00,,1,30,,,,,용접,,0,,,,,,,,,,,,,,,,,,E 케이테크,0xf,2,,,,,,,,,,,,,,,,,,,,,,,,,,,,,,,,,,,,,,,,,,,,,,,,,,,,,,,,,,,,,,,,,,,,,,,,,,,,,,,,,,,,,,,,,,,,,,,,,,,,,,,,,,,,,,,,,,,,,,,,,,,,,,,,,,,,,,,,,,,,,,,,,,,,,,,,,,,,,,,,,,,,,,,,,,,,,,,,,,,,,,,,,,,,,,,,,,,,,,,,,,,,,,,,,,,,,,,,,,,,,,,,,,,,,,,,,,,,,,,,,,,,,,,,,,,,,,,,,,,,,,,,,,,,,,,,,,,,,,False,STRUCTURAL,비데이터 행,,,unknown
812,6,HHI,GV,HMD8422,VS-2,2,2027-02-19 00:00:00,,1,30,,,,,조립,,0,,,,,,,,,,,,,,,,,,E 케이테크,0xf,2,,,,,,,,,,,,,,,,,,,,,,,,,,,,,,,,,,,,,,,,,,,,,,,,,,,,,,,,,,,,,,,,,,,,,,,,,,,,,,,,,,,,,,,,,,,,,,,,,,,,,,,,,,,,,,,,,,,,,,,,,,,,,,,,,,,,,,,,,,,,,,,,,,,,,,,,,,,,,,,,,,,,,,,,,,,,,,,,,,,,,,,,,,,,,,,,,,,,,,,,,,,,,,,,,,,,,,,,,,,,,,,,,,,,,,,,,,,,,,,,,,,,,,,,,,,,,,,,,,,,,,,,,,,,,,,,,,,,,,False,STRUCTURAL,비데이터 행,,,unknown
812,7,HHI,GV,HMD8422,VS-2,2,2027-02-19 00:00:00,,1,30,,,,,사상,,0,,,,,,,,,,,,,,,,,,E 케이테크,0xf,2,,,,,,,,,,,,,,,,,,,,,,,,,,,,,,,,,,,,,,,,,,,,,,,,,,,,,,,,,,,,,,,,,,,,,,,,,,,,,,,,,,,,,,,,,,,,,,,,,,,,,,,,,,,,,,,,,,,,,,,,,,,,,,,,,,,,,,,,,,,,,,,,,,,,,,,,,,,,,,,,,,,,,,,,,,,,,,,,,,,,,,,,,,,,,,,,,,,,,,,,,,,,,,,,,,,,,,,,,,,,,,,,,,,,,,,,,,,,,,,,,,,,,,,,,,,,,,,,,,,,,,,,,,,,,,,,,,,,,,False,STRUCTURAL,비데이터 행,,,unknown
812,9,HHI,GV,HMD8422,VS-2,2,2027-02-19 00:00:00,,1,30,,,,,실적,,,,,,,,,,,,,,,,,,,,E 케이테크,0xf,2,,,,,,,,,,,,,,,,,,,,,,,,,,,,,,,,,,,,,,,,,,,,,,,,,,,,,,,,,,,,,,,,,,,,,,,,,,,,,,,,,,,,,,,,,,,,,,,,,,,,,,,,,,,,,,,,,,,,,,,,,,,,,,,,,,,,,,,,,,,,,,,,,,,,,,,,,,,,,,,,,,,,,,,,,,,,,,,,,,,,,,,,,,,,,,,,,,,,,,,,,,,,,,,,,,,,,,,,,,,,,,,,,,,,,,,,,,,,,,,,,,,,,,,,,,,,,,,,,,,,,,,,,,,,,,,,,,,,,,False,STRUCTURAL,비데이터 행,,,unknown
813,1,HHI,EGP,CHB2052,EGP-2,5,2027-02-25 00:00:00,46155,5,20,,,,"6H_1,9H_4",일자,F JK플랜트,46099,46106,46107,46121,46132,46132,46147,46155,-,2026-05-21 00:00:00,46184,46185,46188,2026-06-16 00:00:00,46190,0%,,,F JK플랜트,5,2,,,계획,46099,,46106,,46107,,46121,,46122,,46132,,46133,,46155,,46160,,46163,,46162,,46184,,46185,,46188,,46189,,46190,,,,,,,,,,,,,,,,,,,,,,,,,,,,,,,,,,,,,,,,,,,,,,,D,,,,,,,K,발S,,,,,,,,,,,,,,발F,가S,,,,,,,,,,가F,제S,-----,-----,-----,-----,-----,-----,-----,-----,-----,-----,-----,-----,-----,-----,-----,-----,-----,-----,-----,-----,-----,제F,,,,,도S,,조S,도F,,,,,,,,,,,,,,,,,,,,,조F,상,,,검,포,출,,,,,,,,,,,,,,,,,,,,,,,,,,,,,,,,,,,,,,,,,,,,,,,,,,,,,,,,,,,,,,,,,,,,,,,,,,,,,,,,,,,,,,,,,,,,,,,,,,,,,,,,,,True,DATA_PLAN,,,,plan
813,2,HHI,EGP,CHB2052,EGP-2,5,2027-02-25 00:00:00,,5,20,,,,,실행,F JK플랜트,,,,,,,,,,,,,,,,,,,F JK플랜트,5,2,,,,,,,,,,,,,,,,,,,,,,,,,,,,,,,,,,,,,,,,,,,,,,,,,,,,,,,,,,,,,,,,,,,,,,,,,,,,,,,,,,,,,,,,,,,,,,,,,,,,,,,,,,,,,,,,,,,,,,,,,,,,,,,,,,,,,,,,,,,,,,,,,,,,,,,,,,,,,,,,,,,,,,,,,,,,,,,,,,,,,,,,,,,,,,,,,,,,,,,,,,,,,,,,,,,,,,,,,,,,,,,,,,,,,,,,,,,,,,,,,,,,,,,,,,,,,,,,,,,,,,,,,,,,,,,,,,,,,,True,DATA_ACTUAL,,,,actual
813,3,HHI,EGP,CHB2052,EGP-2,5,2027-02-25 00:00:00,,5,20,,,,,F JK플랜트,F JK플랜트,,,,,,,,,-,,,,,,,,,,F JK플랜트,5,2,,,실적,,0,,0,,0,,0,,,,0,,,,0,,,,0,,,,0,,0,,0,,0,,0,,,,,,,,,,,,,,,,,,,,,,,,,,,,,,,,,,,,,,,,,,,,,,,,,,,,,,,,,,,,,,,,,,,,,,,,,,,,,,,,,,,,,,,,,,,,,,,,,,,,,,,,,,,,,,,,,,,,,,,,,,,,,,,,,,,,,,,,,,,,,,,,,,,,,,,,,,,,,,,,,,,,,,,,,,,,,,,,,,,,,,,,,,,,,,,,,,,,,,,,,,,,,,,,,,,,,,,,,,,,,,,,,,,,,,,,,,,,,,,,,,,False,STRUCTURAL,비데이터 행,,,unknown
813,4,HHI,EGP,CHB2052,EGP-2,5,2027-02-25 00:00:00,,5,20,,,,,취부,,0,,,,,,,,,,,,,,,,,,F JK플랜트,5,2,,,LOAD,,,,,,,,,,,,,,,,,,,,,,,,,,,,,,,,,,,,,,,,,,,,,,,,,,,,,,,,,,,,,,,,,,,,,,,,,,,,,,,,,,,,,,,,,,,,,,,,,,,,,,,,,,,,,,,,,,,,,,,,,,,,,,,,,,,,,,,,,,,,,,,,,,,,,,,,,,,,,,,,,,,,,,,,,,,,,,,,,,,,,,,,,,,,,,,,,,,,,,,,,,,,,,,,,,,,,,,,,,,,,,,,,,,,,,,,,,,,,,,,,,,,,,,,,,,,,,,,,,,,,,,,,,,,,,,,,,,False,STRUCTURAL,비데이터 행,,,unknown
813,5,HHI,EGP,CHB2052,EGP-2,5,2027-02-25 00:00:00,,5,20,,,,,용접,,0,,,,,,,,,,,,,,,,,,F JK플랜트,5,2,,,,,,,,,,,,,,,,,,,,,,,,,,,,,,,,,,,,,,,,,,,,,,,,,,,,,,,,,,,,,,,,,,,,,,,,,,,,,,,,,,,,,,,,,,,,,,,,,,,,,,,,,,,,,,,,,,,,,,,,,,,,,,,,,,,,,,,,,,,,,,,,,,,,,,,,,,,,,,,,,,,,,,,,,,,,,,,,,,,,,,,,,,,,,,,,,,,,,,,,,,,,,,,,,,,,,,,,,,,,,,,,,,,,,,,,,,,,,,,,,,,,,,,,,,,,,,,,,,,,,,,,,,,,,,,,,,,,,,False,STRUCTURAL,비데이터 행,,,unknown
813,6,HHI,EGP,CHB2052,EGP-2,5,2027-02-25 00:00:00,,5,20,,,,,조립,,0,,,,,,,,,,,,,,,,,,F JK플랜트,5,2,,,,,,,,,,,,,,,,,,,,,,,,,,,,,,,,,,,,,,,,,,,,,,,,,,,,,,,,,,,,,,,,,,,,,,,,,,,,,,,,,,,,,,,,,,,,,,,,,,,,,,,,,,,,,,,,,,,,,,,,,,,,,,,,,,,,,,,,,,,,,,,,,,,,,,,,,,,,,,,,,,,,,,,,,,,,,,,,,,,,,,,,,,,,,,,,,,,,,,,,,,,,,,,,,,,,,,,,,,,,,,,,,,,,,,,,,,,,,,,,,,,,,,,,,,,,,,,,,,,,,,,,,,,,,,,,,,,,,,False,STRUCTURAL,비데이터 행,,,unknown
813,7,HHI,EGP,CHB2052,EGP-2,5,2027-02-25 00:00:00,,5,20,,,,,사상,,0,,,,,,,,,,,,,,,,,,F JK플랜트,5,2,,,,,,,,,,,,,,,,,,,,,,,,,,,,,,,,,,,,,,,,,,,,,,,,,,,,,,,,,,,,,,,,,,,,,,,,,,,,,,,,,,,,,,,,,,,,,,,,,,,,,,,,,,,,,,,,,,,,,,,,,,,,,,,,,,,,,,,,,,,,,,,,,,,,,,,,,,,,,,,,,,,,,,,,,,,,,,,,,,,,,,,,,,,,,,,,,,,,,,,,,,,,,,,,,,,,,,,,,,,,,,,,,,,,,,,,,,,,,,,,,,,,,,,,,,,,,,,,,,,,,,,,,,,,,,,,,,,,,,False,STRUCTURAL,비데이터 행,,,unknown
813,9,HHI,EGP,CHB2052,EGP-2,5,2027-02-25 00:00:00,,5,20,,,,,실적,,,,,,,,,,,,,,,,,,,,F JK플랜트,5,2,,,,,,,,,,,,,,,,,,,,,,,,,,,,,,,,,,,,,,,,,,,,,,,,,,,,,,,,,,,,,,,,,,,,,,,,,,,,,,,,,,,,,,,,,,,,,,,,,,,,,,,,,,,,,,,,,,,,,,,,,,,,,,,,,,,,,,,,,,,,,,,,,,,,,,,,,,,,,,,,,,,,,,,,,,,,,,,,,,,,,,,,,,,,,,,,,,,,,,,,,,,,,,,,,,,,,,,,,,,,,,,,,,,,,,,,,,,,,,,,,,,,,,,,,,,,,,,,,,,,,,,,,,,,,,,,,,,,,,False,STRUCTURAL,비데이터 행,,,unknown
814,1,HHI,EGP,H2868,EGP-2,5,2027-03-02 00:00:00,46448,5,20,,,,"8H_2,7H_2,9H_1set",일자,F JK플랜트,,,,,,,,,-,,,,,,,0%,,,F JK플랜트,0xf,3,,,계획,,,,,,,,,,,,,,,,,,,,,,,,,,,,,,,,,,,,,,,,,,,,,,,,,,,,,,,,,,,,,,,,,,,,,,,,,,,,,,,,,,,,,,,,,,,,,,,,,,,,,,,,,,,,,,,,,,,,,,,,,,,,,,,,,,,,,,,,,,,,,,,,,,,,,,,,,,,,,,,,,,,,,,,,,,,,,,,,,,,,,,,,,,,,,,,,,,,,,,,,,,,,,,,,,,,,,,,,,,,,,,,,,,,,,,,,,,,,,,,,,,,,,,,,,,,,,,,,,,,,,,,,,,,,,,,,,,,True,DATA_PLAN,,,,plan
814,2,HHI,EGP,H2868,EGP-2,5,2027-03-02 00:00:00,,5,20,,,,27/5/13->3/2,실행,F JK플랜트,,,,,,,,,,,,,,,,,,,F JK플랜트,0xf,3,,,,,,,,,,,,,,,,,,,,,,,,,,,,,,,,,,,,,,,,,,,,,,,,,,,,,,,,,,,,,,,,,,,,,,,,,,,,,,,,,,,,,,,,,,,,,,,,,,,,,,,,,,,,,,,,,,,,,,,,,,,,,,,,,,,,,,,,,,,,,,,,,,,,,,,,,,,,,,,,,,,,,,,,,,,,,,,,,,,,,,,,,,,,,,,,,,,,,,,,,,,,,,,,,,,,,,,,,,,,,,,,,,,,,,,,,,,,,,,,,,,,,,,,,,,,,,,,,,,,,,,,,,,,,,,,,,,,,,True,DATA_ACTUAL,,,,actual
814,3,HHI,EGP,H2868,EGP-2,5,2027-03-02 00:00:00,,5,20,,,,,F JK플랜트,F JK플랜트,,,,,,,,,-,,,,,,,,,,F JK플랜트,0xf,3,,,실적,,0,,0,,0,,0,,,,0,,,,0,,,,0,,,,0,,0,,0,,0,,0,,,,,,,,,,,,,,,,,,,,,,,,,,,,,,,,,,,,,,,,,,,,,,,,,,,,,,,,,,,,,,,,,,,,,,,,,,,,,,,,,,,,,,,,,,,,,,,,,,,,,,,,,,,,,,,,,,,,,,,,,,,,,,,,,,,,,,,,,,,,,,,,,,,,,,,,,,,,,,,,,,,,,,,,,,,,,,,,,,,,,,,,,,,,,,,,,,,,,,,,,,,,,,,,,,,,,,,,,,,,,,,,,,,,,,,,,,,,,,,,,,,False,STRUCTURAL,비데이터 행,,,unknown
814,4,HHI,EGP,H2868,EGP-2,5,2027-03-02 00:00:00,,5,20,,,,,취부,,0,,,,,,,,,,,,,,,,,,F JK플랜트,0xf,3,,,LOAD,,,,,,,,,,,,,,,,,,,,,,,,,,,,,,,,,,,,,,,,,,,,,,,,,,,,,,,,,,,,,,,,,,,,,,,,,,,,,,,,,,,,,,,,,,,,,,,,,,,,,,,,,,,,,,,,,,,,,,,,,,,,,,,,,,,,,,,,,,,,,,,,,,,,,,,,,,,,,,,,,,,,,,,,,,,,,,,,,,,,,,,,,,,,,,,,,,,,,,,,,,,,,,,,,,,,,,,,,,,,,,,,,,,,,,,,,,,,,,,,,,,,,,,,,,,,,,,,,,,,,,,,,,,,,,,,,,,False,STRUCTURAL,비데이터 행,,,unknown
814,5,HHI,EGP,H2868,EGP-2,5,2027-03-02 00:00:00,,5,20,,,,,용접,,0,,,,,,,,,,,,,,,,,,F JK플랜트,0xf,3,,,,,,,,,,,,,,,,,,,,,,,,,,,,,,,,,,,,,,,,,,,,,,,,,,,,,,,,,,,,,,,,,,,,,,,,,,,,,,,,,,,,,,,,,,,,,,,,,,,,,,,,,,,,,,,,,,,,,,,,,,,,,,,,,,,,,,,,,,,,,,,,,,,,,,,,,,,,,,,,,,,,,,,,,,,,,,,,,,,,,,,,,,,,,,,,,,,,,,,,,,,,,,,,,,,,,,,,,,,,,,,,,,,,,,,,,,,,,,,,,,,,,,,,,,,,,,,,,,,,,,,,,,,,,,,,,,,,,,False,STRUCTURAL,비데이터 행,,,unknown
814,6,HHI,EGP,H2868,EGP-2,5,2027-03-02 00:00:00,,5,20,,,,,조립,,0,,,,,,,,,,,,,,,,,,F JK플랜트,0xf,3,,,,,,,,,,,,,,,,,,,,,,,,,,,,,,,,,,,,,,,,,,,,,,,,,,,,,,,,,,,,,,,,,,,,,,,,,,,,,,,,,,,,,,,,,,,,,,,,,,,,,,,,,,,,,,,,,,,,,,,,,,,,,,,,,,,,,,,,,,,,,,,,,,,,,,,,,,,,,,,,,,,,,,,,,,,,,,,,,,,,,,,,,,,,,,,,,,,,,,,,,,,,,,,,,,,,,,,,,,,,,,,,,,,,,,,,,,,,,,,,,,,,,,,,,,,,,,,,,,,,,,,,,,,,,,,,,,,,,,False,STRUCTURAL,비데이터 행,,,unknown
814,7,HHI,EGP,H2868,EGP-2,5,2027-03-02 00:00:00,,5,20,,,,,사상,,0,,,,,,,,,,,,,,,,,,F JK플랜트,0xf,3,,,,,,,,,,,,,,,,,,,,,,,,,,,,,,,,,,,,,,,,,,,,,,,,,,,,,,,,,,,,,,,,,,,,,,,,,,,,,,,,,,,,,,,,,,,,,,,,,,,,,,,,,,,,,,,,,,,,,,,,,,,,,,,,,,,,,,,,,,,,,,,,,,,,,,,,,,,,,,,,,,,,,,,,,,,,,,,,,,,,,,,,,,,,,,,,,,,,,,,,,,,,,,,,,,,,,,,,,,,,,,,,,,,,,,,,,,,,,,,,,,,,,,,,,,,,,,,,,,,,,,,,,,,,,,,,,,,,,,False,STRUCTURAL,비데이터 행,,,unknown
814,9,HHI,EGP,H2868,EGP-2,5,2027-03-02 00:00:00,,5,20,,,,,실적,,,,,,,,,,,,,,,,,,,,F JK플랜트,0xf,3,,,,,,,,,,,,,,,,,,,,,,,,,,,,,,,,,,,,,,,,,,,,,,,,,,,,,,,,,,,,,,,,,,,,,,,,,,,,,,,,,,,,,,,,,,,,,,,,,,,,,,,,,,,,,,,,,,,,,,,,,,,,,,,,,,,,,,,,,,,,,,,,,,,,,,,,,,,,,,,,,,,,,,,,,,,,,,,,,,,,,,,,,,,,,,,,,,,,,,,,,,,,,,,,,,,,,,,,,,,,,,,,,,,,,,,,,,,,,,,,,,,,,,,,,,,,,,,,,,,,,,,,,,,,,,,,,,,,,,False,STRUCTURAL,비데이터 행,,,unknown
815,1,HHI,EGP,CHB2063 #5,E-1,5,2027-03-12 00:00:00,46235,5,20,,,,,일자,F JK플랜트,46146,46155,46160,46178,46202,46202,46220,46235,-,2026-08-26 00:00:00,46271,46272,46274,2026-09-12 00:00:00,46279,0%,,,F JK플랜트,8,3,,,계획,46146,,46155,,46160,,46178,,46181,,46202,,46191,,46235,,46240,,46260,,46247,,46271,,46272,,46274,,46277,,46279,,,,,,,,,,,,,,,,,,,,,,,,,,,,,,,,,,,,,,,,,,,,,,,,,,,,,,,,,,,,,,,,,,,,,,,,,,,,,,,,,,,,,,,,,,,,,,D,,,,,,,,,K,,,,,발S,,,,,,,,,,,,,,,,,,발F,,,가S,,,,,,,,,,제S,-----,-----,-----,-----,-----,-----,-----,-----,-----,-----,가F,-----,-----,-----,-----,-----,-----,-----,-----,-----,-----,-----,-----,-----,-----,-----,-----,-----,-----,-----,-----,-----,-----,-----,-----,-----,-----,-----,-----,-----,-----,-----,-----,제F,,,,,도S,,,,,,,조S,,,,,,,,,,,,,도F,,,,,,,,,,,조F,상,,검,,,포,,출,,,,,,,,,,,,,,,,,True,DATA_PLAN,,,,plan
815,2,HHI,EGP,CHB2063 #5,E-1,5,2027-03-12 00:00:00,,5,20,,,,,실행,F JK플랜트,,,,,,,,,,,,,,,,,,,F JK플랜트,8,3,,,,,,,,,,,,,,,,,,,,,,,,,,,,,,,,,,,,,,,,,,,,,,,,,,,,,,,,,,,,,,,,,,,,,,,,,,,,,,,,,,,,,,,,,,,,,,,,,,,,,,,,,,,,,,,,,,,,,,,,,,,,,,,,,,,,,,,,,,,,,,,,,,,,,,,,,,,,,,,,,,,,,,,,,,,,,,,,,,,,,,,,,,,,,,,,,,,,,,,,,,,,,,,,,,,,,,,,,,,,,,,,,,,,,,,,,,,,,,,,,,,,,,,,,,,,,,,,,,,,,,,,,,,,,,,,,,,,,,True,DATA_ACTUAL,,,,actual
815,3,HHI,EGP,CHB2063 #5,E-1,5,2027-03-12 00:00:00,,5,20,,,,,F JK플랜트,F JK플랜트,,,,,,,,,-,,,,,,,,,,F JK플랜트,8,3,,,실적,,0,,0,,0,,0,,0,,0,,,,0,,,,0,,,,0,,0,,0,,0,,0,,,,,,,,,,,,,,,,,,,,,,,,,,,,,,,,,,,,,,,,,,,,,,,,,,,,,,,,,,,,,,,,,,,,,,,,,,,,,,,,,,,,,,,,,,,,,,,,,,,,,,,,,,,,,,,,,,,,,,,,,,,,,,,,,,,,,,,,,,,,,,,,,,,,,,,,,,,,,,,,,,,,,,,,,,,,,,,,,,,,,,,,,,,,,,,,,,,,,,,,,,,,,,,,,,,,,,,,,,,,,,,,,,,,,,,,,,,,,,,,,,,False,STRUCTURAL,비데이터 행,,,unknown
815,4,HHI,EGP,CHB2063 #5,E-1,5,2027-03-12 00:00:00,,5,20,,,,,취부,,0,,,,,,,,,,,,,,,,,,F JK플랜트,8,3,,,LOAD,,,,,,,,,,,,,,,,,,,,,,,,,,,,,,,,,,,,,,,,,,,,,,,,,,,,,,,,,,,,,,,,,,,,,,,,,,,,,,,,,,,,,,,,,,,,,,,,,,,,,,,,,,,,,,,,,,,,,,,,,,,,,,,,,,,,,,,,,,,,,,,,,,,,,,,,,,,,,,,,,,,,,,,,,,,,,,,,,,,,,,,,,,,,,,,,,,,,,,,,,,,,,,,,,,,,,,,,,,,,,,,,,,,,,,,,,,,,,,,,,,,,,,,,,,,,,,,,,,,,,,,,,,,,,,,,,,,False,STRUCTURAL,비데이터 행,,,unknown
815,5,HHI,EGP,CHB2063 #5,E-1,5,2027-03-12 00:00:00,,5,20,,,,,용접,,0,,,,,,,,,,,,,,,,,,F JK플랜트,8,3,,,,,,,,,,,,,,,,,,,,,,,,,,,,,,,,,,,,,,,,,,,,,,,,,,,,,,,,,,,,,,,,,,,,,,,,,,,,,,,,,,,,,,,,,,,,,,,,,,,,,,,,,,,,,,,,,,,,,,,,,,,,,,,,,,,,,,,,,,,,,,,,,,,,,,,,,,,,,,,,,,,,,,,,,,,,,,,,,,,,,,,,,,,,,,,,,,,,,,,,,,,,,,,,,,,,,,,,,,,,,,,,,,,,,,,,,,,,,,,,,,,,,,,,,,,,,,,,,,,,,,,,,,,,,,,,,,,,,,False,STRUCTURAL,비데이터 행,,,unknown
815,6,HHI,EGP,CHB2063 #5,E-1,5,2027-03-12 00:00:00,,5,20,,,,,조립,,0,,,,,,,,,,,,,,,,,,F JK플랜트,8,3,,,,,,,,,,,,,,,,,,,,,,,,,,,,,,,,,,,,,,,,,,,,,,,,,,,,,,,,,,,,,,,,,,,,,,,,,,,,,,,,,,,,,,,,,,,,,,,,,,,,,,,,,,,,,,,,,,,,,,,,,,,,,,,,,,,,,,,,,,,,,,,,,,,,,,,,,,,,,,,,,,,,,,,,,,,,,,,,,,,,,,,,,,,,,,,,,,,,,,,,,,,,,,,,,,,,,,,,,,,,,,,,,,,,,,,,,,,,,,,,,,,,,,,,,,,,,,,,,,,,,,,,,,,,,,,,,,,,,,False,STRUCTURAL,비데이터 행,,,unknown
815,7,HHI,EGP,CHB2063 #5,E-1,5,2027-03-12 00:00:00,,5,20,,,,,사상,,0,,,,,,,,,,,,,,,,,,F JK플랜트,8,3,,,,,,,,,,,,,,,,,,,,,,,,,,,,,,,,,,,,,,,,,,,,,,,,,,,,,,,,,,,,,,,,,,,,,,,,,,,,,,,,,,,,,,,,,,,,,,,,,,,,,,,,,,,,,,,,,,,,,,,,,,,,,,,,,,,,,,,,,,,,,,,,,,,,,,,,,,,,,,,,,,,,,,,,,,,,,,,,,,,,,,,,,,,,,,,,,,,,,,,,,,,,,,,,,,,,,,,,,,,,,,,,,,,,,,,,,,,,,,,,,,,,,,,,,,,,,,,,,,,,,,,,,,,,,,,,,,,,,,False,STRUCTURAL,비데이터 행,,,unknown
815,9,HHI,EGP,CHB2063 #5,E-1,5,2027-03-12 00:00:00,,5,20,,,,,실적,,45807,,,,,,,,,,,,,,,,,,F JK플랜트,8,3,,,,,,,,,,,,,,,,,,,,,,,,,,,,,,,,,,,,,,,,,,,,,,,,,,,,,,,,,,,,,,,,,,,,,,,,,,,,,,,,,,,,,,,,,,,,,,,,,,,,,,,,,,,,,,,,,,,,,,,,,,,,,,,,,,,,,,,,,,,,,,,,,,,,,,,,,,,,,,,,,,,,,,,,,,,,,,,,,,,,,,,,,,,,,,,,,,,,,,,,,,,,,,,,,,,,,,,,,,,,,,,,,,,,,,,,,,,,,,,,,,,,,,,,,,,,,,,,,,,,,,,,,,,,,,,,,,,,,,False,STRUCTURAL,비데이터 행,,,unknown
816,1,HHI,EGP,CHB2067 #1,E-1,5,2027-03-12 00:00:00,46235,5,20,,,,,일자,F JK플랜트,46146,46155,46160,46178,46202,46202,46220,46235,-,2026-08-26 00:00:00,46271,46272,46274,2026-09-12 00:00:00,46279,0%,,,F JK플랜트,8,3,,,계획,46146,,46155,,46160,,46178,,46181,,46202,,46191,,46235,,46240,,46260,,46247,,46271,,46272,,46274,,46277,,46279,,,,,,,,,,,,,,,,,,,,,,,,,,,,,,,,,,,,,,,,,,,,,,,,,,,,,,,,,,,,,,,,,,,,,,,,,,,,,,,,,,,,,,,,,,,,,,D,,,,,,,,,K,,,,,발S,,,,,,,,,,,,,,,,,,발F,,,가S,,,,,,,,,,제S,-----,-----,-----,-----,-----,-----,-----,-----,-----,-----,가F,-----,-----,-----,-----,-----,-----,-----,-----,-----,-----,-----,-----,-----,-----,-----,-----,-----,-----,-----,-----,-----,-----,-----,-----,-----,-----,-----,-----,-----,-----,-----,-----,제F,,,,,도S,,,,,,,조S,,,,,,,,,,,,,도F,,,,,,,,,,,조F,상,,검,,,포,,출,,,,,,,,,,,,,,,,,True,DATA_PLAN,,,,plan
816,2,HHI,EGP,CHB2067 #1,E-1,5,2027-03-12 00:00:00,,5,20,,,,,실행,F JK플랜트,,,,,,,,,,,,,,,,,,,F JK플랜트,8,3,,,,,,,,,,,,,,,,,,,,,,,,,,,,,,,,,,,,,,,,,,,,,,,,,,,,,,,,,,,,,,,,,,,,,,,,,,,,,,,,,,,,,,,,,,,,,,,,,,,,,,,,,,,,,,,,,,,,,,,,,,,,,,,,,,,,,,,,,,,,,,,,,,,,,,,,,,,,,,,,,,,,,,,,,,,,,,,,,,,,,,,,,,,,,,,,,,,,,,,,,,,,,,,,,,,,,,,,,,,,,,,,,,,,,,,,,,,,,,,,,,,,,,,,,,,,,,,,,,,,,,,,,,,,,,,,,,,,,,True,DATA_ACTUAL,,,,actual
816,3,HHI,EGP,CHB2067 #1,E-1,5,2027-03-12 00:00:00,,5,20,,,,,F JK플랜트,F JK플랜트,,,,,,,,,-,,,,,,,,,,F JK플랜트,8,3,,,실적,,0,,0,,0,,0,,0,,0,,,,0,,,,0,,,,0,,0,,0,,0,,0,,,,,,,,,,,,,,,,,,,,,,,,,,,,,,,,,,,,,,,,,,,,,,,,,,,,,,,,,,,,,,,,,,,,,,,,,,,,,,,,,,,,,,,,,,,,,,,,,,,,,,,,,,,,,,,,,,,,,,,,,,,,,,,,,,,,,,,,,,,,,,,,,,,,,,,,,,,,,,,,,,,,,,,,,,,,,,,,,,,,,,,,,,,,,,,,,,,,,,,,,,,,,,,,,,,,,,,,,,,,,,,,,,,,,,,,,,,,,,,,,,,False,STRUCTURAL,비데이터 행,,,unknown
816,4,HHI,EGP,CHB2067 #1,E-1,5,2027-03-12 00:00:00,,5,20,,,,,취부,,0,,,,,,,,,,,,,,,,,,F JK플랜트,8,3,,,LOAD,,,,,,,,,,,,,,,,,,,,,,,,,,,,,,,,,,,,,,,,,,,,,,,,,,,,,,,,,,,,,,,,,,,,,,,,,,,,,,,,,,,,,,,,,,,,,,,,,,,,,,,,,,,,,,,,,,,,,,,,,,,,,,,,,,,,,,,,,,,,,,,,,,,,,,,,,,,,,,,,,,,,,,,,,,,,,,,,,,,,,,,,,,,,,,,,,,,,,,,,,,,,,,,,,,,,,,,,,,,,,,,,,,,,,,,,,,,,,,,,,,,,,,,,,,,,,,,,,,,,,,,,,,,,,,,,,,,False,STRUCTURAL,비데이터 행,,,unknown
816,5,HHI,EGP,CHB2067 #1,E-1,5,2027-03-12 00:00:00,,5,20,,,,,용접,,0,,,,,,,,,,,,,,,,,,F JK플랜트,8,3,,,,,,,,,,,,,,,,,,,,,,,,,,,,,,,,,,,,,,,,,,,,,,,,,,,,,,,,,,,,,,,,,,,,,,,,,,,,,,,,,,,,,,,,,,,,,,,,,,,,,,,,,,,,,,,,,,,,,,,,,,,,,,,,,,,,,,,,,,,,,,,,,,,,,,,,,,,,,,,,,,,,,,,,,,,,,,,,,,,,,,,,,,,,,,,,,,,,,,,,,,,,,,,,,,,,,,,,,,,,,,,,,,,,,,,,,,,,,,,,,,,,,,,,,,,,,,,,,,,,,,,,,,,,,,,,,,,,,,False,STRUCTURAL,비데이터 행,,,unknown
816,6,HHI,EGP,CHB2067 #1,E-1,5,2027-03-12 00:00:00,,5,20,,,,,조립,,0,,,,,,,,,,,,,,,,,,F JK플랜트,8,3,,,,,,,,,,,,,,,,,,,,,,,,,,,,,,,,,,,,,,,,,,,,,,,,,,,,,,,,,,,,,,,,,,,,,,,,,,,,,,,,,,,,,,,,,,,,,,,,,,,,,,,,,,,,,,,,,,,,,,,,,,,,,,,,,,,,,,,,,,,,,,,,,,,,,,,,,,,,,,,,,,,,,,,,,,,,,,,,,,,,,,,,,,,,,,,,,,,,,,,,,,,,,,,,,,,,,,,,,,,,,,,,,,,,,,,,,,,,,,,,,,,,,,,,,,,,,,,,,,,,,,,,,,,,,,,,,,,,,,False,STRUCTURAL,비데이터 행,,,unknown
816,7,HHI,EGP,CHB2067 #1,E-1,5,2027-03-12 00:00:00,,5,20,,,,,사상,,0,,,,,,,,,,,,,,,,,,F JK플랜트,8,3,,,,,,,,,,,,,,,,,,,,,,,,,,,,,,,,,,,,,,,,,,,,,,,,,,,,,,,,,,,,,,,,,,,,,,,,,,,,,,,,,,,,,,,,,,,,,,,,,,,,,,,,,,,,,,,,,,,,,,,,,,,,,,,,,,,,,,,,,,,,,,,,,,,,,,,,,,,,,,,,,,,,,,,,,,,,,,,,,,,,,,,,,,,,,,,,,,,,,,,,,,,,,,,,,,,,,,,,,,,,,,,,,,,,,,,,,,,,,,,,,,,,,,,,,,,,,,,,,,,,,,,,,,,,,,,,,,,,,,False,STRUCTURAL,비데이터 행,,,unknown
816,9,HHI,EGP,CHB2067 #1,E-1,5,2027-03-12 00:00:00,,5,20,,,,,실적,,45807,,,,,,,,,,,,,,,,,,F JK플랜트,8,3,,,,,,,,,,,,,,,,,,,,,,,,,,,,,,,,,,,,,,,,,,,,,,,,,,,,,,,,,,,,,,,,,,,,,,,,,,,,,,,,,,,,,,,,,,,,,,,,,,,,,,,,,,,,,,,,,,,,,,,,,,,,,,,,,,,,,,,,,,,,,,,,,,,,,,,,,,,,,,,,,,,,,,,,,,,,,,,,,,,,,,,,,,,,,,,,,,,,,,,,,,,,,,,,,,,,,,,,,,,,,,,,,,,,,,,,,,,,,,,,,,,,,,,,,,,,,,,,,,,,,,,,,,,,,,,,,,,,,,False,STRUCTURAL,비데이터 행,,,unknown
817,1,DEB,ENC,Facility #2,ENC,1,2027-03-15 00:00:00,46461,3,100,,,,24Ton,일자,미정,,,,,,,,,-,,,,,,,0%,,,미정,0xf,3,,,계획,,,,,,,,,,,,,,,,,,,,,,,,,,,,,,,,,,,,,,,,,,,,,,,,,,,,,,,,,,,,,,,,,,,,,,,,,,,,,,,,,,,,,,,,,,,,,,,,,,,,,,,,,,,,,,,,,,,,,,,,,,,,,,,,,,,,,,,,,,,,,,,,,,,,,,,,,,,,,,,,,,,,,,,,,,,,,,,,,,,,,,,,,,,,,,,,,,,,,,,,,,,,,,,,,,,,,,,,,,,,,,,,,,,,,,,,,,,,,,,,,,,,,,,,,,,,,,,,,,,,,,,,,,,,,,,,,,,True,DATA_PLAN,,,,plan
817,2,DEB,ENC,Facility #2,ENC,1,2027-03-15 00:00:00,,3,100,,,,,실행,미정,,,,,,,,,,,,,,,,,,,미정,0xf,3,,,,,,,,,,,,,,,,,,,,,,,,,,,,,,,,,,,,,,,,,,,,,,,,,,,,,,,,,,,,,,,,,,,,,,,,,,,,,,,,,,,,,,,,,,,,,,,,,,,,,,,,,,,,,,,,,,,,,,,,,,,,,,,,,,,,,,,,,,,,,,,,,,,,,,,,,,,,,,,,,,,,,,,,,,,,,,,,,,,,,,,,,,,,,,,,,,,,,,,,,,,,,,,,,,,,,,,,,,,,,,,,,,,,,,,,,,,,,,,,,,,,,,,,,,,,,,,,,,,,,,,,,,,,,,,,,,,,,,True,DATA_ACTUAL,,,,actual
817,3,DEB,ENC,Facility #2,ENC,1,2027-03-15 00:00:00,,3,100,,,,,미정,미정,,,,,,,,,-,,,,,,,,,,미정,0xf,3,,,실적,,0,,0,,0,,0,,0,,0,,,,0,,,,0,,,,0,,0,,0,,0,,0,,,,,,,,,,,,,,,,,,,,,,,,,,,,,,,,,,,,,,,,,,,,,,,,,,,,,,,,,,,,,,,,,,,,,,,,,,,,,,,,,,,,,,,,,,,,,,,,,,,,,,,,,,,,,,,,,,,,,,,,,,,,,,,,,,,,,,,,,,,,,,,,,,,,,,,,,,,,,,,,,,,,,,,,,,,,,,,,,,,,,,,,,,,,,,,,,,,,,,,,,,,,,,,,,,,,,,,,,,,,,,,,,,,,,,,,,,,,,,,,,,,False,STRUCTURAL,비데이터 행,,,unknown
817,4,DEB,ENC,Facility #2,ENC,1,2027-03-15 00:00:00,,3,100,,,,,취부,,0,,,,,,,,,,,,,,,,,,미정,0xf,3,,,LOAD,,,,,,,,,,,,,,,,,,,,,,,,,,,,,,,,,,,,,,,,,,,,,,,,,,,,,,,,,,,,,,,,,,,,,,,,,,,,,,,,,,,,,,,,,,,,,,,,,,,,,,,,,,,,,,,,,,,,,,,,,,,,,,,,,,,,,,,,,,,,,,,,,,,,,,,,,,,,,,,,,,,,,,,,,,,,,,,,,,,,,,,,,,,,,,,,,,,,,,,,,,,,,,,,,,,,,,,,,,,,,,,,,,,,,,,,,,,,,,,,,,,,,,,,,,,,,,,,,,,,,,,,,,,,,,,,,,,False,STRUCTURAL,비데이터 행,,,unknown
817,5,DEB,ENC,Facility #2,ENC,1,2027-03-15 00:00:00,,3,100,,,,,용접,,0,,,,,,,,,,,,,,,,,,미정,0xf,3,,,,,,,,,,,,,,,,,,,,,,,,,,,,,,,,,,,,,,,,,,,,,,,,,,,,,,,,,,,,,,,,,,,,,,,,,,,,,,,,,,,,,,,,,,,,,,,,,,,,,,,,,,,,,,,,,,,,,,,,,,,,,,,,,,,,,,,,,,,,,,,,,,,,,,,,,,,,,,,,,,,,,,,,,,,,,,,,,,,,,,,,,,,,,,,,,,,,,,,,,,,,,,,,,,,,,,,,,,,,,,,,,,,,,,,,,,,,,,,,,,,,,,,,,,,,,,,,,,,,,,,,,,,,,,,,,,,,,,False,STRUCTURAL,비데이터 행,,,unknown
817,6,DEB,ENC,Facility #2,ENC,1,2027-03-15 00:00:00,,3,100,,,,,조립,,0,,,,,,,,,,,,,,,,,,미정,0xf,3,,,,,,,,,,,,,,,,,,,,,,,,,,,,,,,,,,,,,,,,,,,,,,,,,,,,,,,,,,,,,,,,,,,,,,,,,,,,,,,,,,,,,,,,,,,,,,,,,,,,,,,,,,,,,,,,,,,,,,,,,,,,,,,,,,,,,,,,,,,,,,,,,,,,,,,,,,,,,,,,,,,,,,,,,,,,,,,,,,,,,,,,,,,,,,,,,,,,,,,,,,,,,,,,,,,,,,,,,,,,,,,,,,,,,,,,,,,,,,,,,,,,,,,,,,,,,,,,,,,,,,,,,,,,,,,,,,,,,,False,STRUCTURAL,비데이터 행,,,unknown
817,7,DEB,ENC,Facility #2,ENC,1,2027-03-15 00:00:00,,3,100,,,,,사상,,0,,,,,,,,,,,,,,,,,,미정,0xf,3,,,,,,,,,,,,,,,,,,,,,,,,,,,,,,,,,,,,,,,,,,,,,,,,,,,,,,,,,,,,,,,,,,,,,,,,,,,,,,,,,,,,,,,,,,,,,,,,,,,,,,,,,,,,,,,,,,,,,,,,,,,,,,,,,,,,,,,,,,,,,,,,,,,,,,,,,,,,,,,,,,,,,,,,,,,,,,,,,,,,,,,,,,,,,,,,,,,,,,,,,,,,,,,,,,,,,,,,,,,,,,,,,,,,,,,,,,,,,,,,,,,,,,,,,,,,,,,,,,,,,,,,,,,,,,,,,,,,,,False,STRUCTURAL,비데이터 행,,,unknown
817,9,DEB,ENC,Facility #2,ENC,1,2027-03-15 00:00:00,,3,100,,,,,실적,,,,,,,,,,,,,,,,,,,,미정,0xf,3,,,,,,,,,,,,,,,,,,,,,,,,,,,,,,,,,,,,,,,,,,,,,,,,,,,,,,,,,,,,,,,,,,,,,,,,,,,,,,,,,,,,,,,,,,,,,,,,,,,,,,,,,,,,,,,,,,,,,,,,,,,,,,,,,,,,,,,,,,,,,,,,,,,,,,,,,,,,,,,,,,,,,,,,,,,,,,,,,,,,,,,,,,,,,,,,,,,,,,,,,,,,,,,,,,,,,,,,,,,,,,,,,,,,,,,,,,,,,,,,,,,,,,,,,,,,,,,,,,,,,,,,,,,,,,,,,,,,,,False,STRUCTURAL,비데이터 행,,,unknown
818,1,DEB,DS,함안복합 Exhaust Duct,DUCT-2,1,2027-03-15 00:00:00,46461,1,100,,,,,일자,미정,,,,,,,,,-,,,,,,,0%,,,미정,0xf,3,,,계획,,,,,,,,,,,,,,,,,,,,,,,,,,,,,,,,,,,,,,,,,,,,,,,,,,,,,,,,,,,,,,,,,,,,,,,,,,,,,,,,,,,,,,,,,,,,,,,,,,,,,,,,,,,,,,,,,,,,,,,,,,,,,,,,,,,,,,,,,,,,,,,,,,,,,,,,,,,,,,,,,,,,,,,,,,,,,,,,,,,,,,,,,,,,,,,,,,,,,,,,,,,,,,,,,,,,,,,,,,,,,,,,,,,,,,,,,,,,,,,,,,,,,,,,,,,,,,,,,,,,,,,,,,,,,,,,,,,True,DATA_PLAN,,,,plan
818,2,DEB,DS,함안복합 Exhaust Duct,DUCT-2,1,2027-03-15 00:00:00,,1,100,,,,,실행,미정,,,,,,,,,,,,,,,,,,,미정,0xf,3,,,,,,,,,,,,,,,,,,,,,,,,,,,,,,,,,,,,,,,,,,,,,,,,,,,,,,,,,,,,,,,,,,,,,,,,,,,,,,,,,,,,,,,,,,,,,,,,,,,,,,,,,,,,,,,,,,,,,,,,,,,,,,,,,,,,,,,,,,,,,,,,,,,,,,,,,,,,,,,,,,,,,,,,,,,,,,,,,,,,,,,,,,,,,,,,,,,,,,,,,,,,,,,,,,,,,,,,,,,,,,,,,,,,,,,,,,,,,,,,,,,,,,,,,,,,,,,,,,,,,,,,,,,,,,,,,,,,,,True,DATA_ACTUAL,,,,actual
818,3,DEB,DS,함안복합 Exhaust Duct,DUCT-2,1,2027-03-15 00:00:00,,1,100,,,,,미정,미정,,,,,,,,,-,,,,,,,,,,미정,0xf,3,,,실적,,0,,0,,0,,0,,0,,0,,,,0,,,,0,,,,0,,0,,0,,0,,0,,,,,,,,,,,,,,,,,,,,,,,,,,,,,,,,,,,,,,,,,,,,,,,,,,,,,,,,,,,,,,,,,,,,,,,,,,,,,,,,,,,,,,,,,,,,,,,,,,,,,,,,,,,,,,,,,,,,,,,,,,,,,,,,,,,,,,,,,,,,,,,,,,,,,,,,,,,,,,,,,,,,,,,,,,,,,,,,,,,,,,,,,,,,,,,,,,,,,,,,,,,,,,,,,,,,,,,,,,,,,,,,,,,,,,,,,,,,,,,,,,,False,STRUCTURAL,비데이터 행,,,unknown
818,4,DEB,DS,함안복합 Exhaust Duct,DUCT-2,1,2027-03-15 00:00:00,,1,100,,,,,취부,,0,,,,,,,,,,,,,,,,,,미정,0xf,3,,,LOAD,,,,,,,,,,,,,,,,,,,,,,,,,,,,,,,,,,,,,,,,,,,,,,,,,,,,,,,,,,,,,,,,,,,,,,,,,,,,,,,,,,,,,,,,,,,,,,,,,,,,,,,,,,,,,,,,,,,,,,,,,,,,,,,,,,,,,,,,,,,,,,,,,,,,,,,,,,,,,,,,,,,,,,,,,,,,,,,,,,,,,,,,,,,,,,,,,,,,,,,,,,,,,,,,,,,,,,,,,,,,,,,,,,,,,,,,,,,,,,,,,,,,,,,,,,,,,,,,,,,,,,,,,,,,,,,,,,,False,STRUCTURAL,비데이터 행,,,unknown
818,5,DEB,DS,함안복합 Exhaust Duct,DUCT-2,1,2027-03-15 00:00:00,,1,100,,,,,용접,,0,,,,,,,,,,,,,,,,,,미정,0xf,3,,,,,,,,,,,,,,,,,,,,,,,,,,,,,,,,,,,,,,,,,,,,,,,,,,,,,,,,,,,,,,,,,,,,,,,,,,,,,,,,,,,,,,,,,,,,,,,,,,,,,,,,,,,,,,,,,,,,,,,,,,,,,,,,,,,,,,,,,,,,,,,,,,,,,,,,,,,,,,,,,,,,,,,,,,,,,,,,,,,,,,,,,,,,,,,,,,,,,,,,,,,,,,,,,,,,,,,,,,,,,,,,,,,,,,,,,,,,,,,,,,,,,,,,,,,,,,,,,,,,,,,,,,,,,,,,,,,,,,False,STRUCTURAL,비데이터 행,,,unknown
818,6,DEB,DS,함안복합 Exhaust Duct,DUCT-2,1,2027-03-15 00:00:00,,1,100,,,,,조립,,0,,,,,,,,,,,,,,,,,,미정,0xf,3,,,,,,,,,,,,,,,,,,,,,,,,,,,,,,,,,,,,,,,,,,,,,,,,,,,,,,,,,,,,,,,,,,,,,,,,,,,,,,,,,,,,,,,,,,,,,,,,,,,,,,,,,,,,,,,,,,,,,,,,,,,,,,,,,,,,,,,,,,,,,,,,,,,,,,,,,,,,,,,,,,,,,,,,,,,,,,,,,,,,,,,,,,,,,,,,,,,,,,,,,,,,,,,,,,,,,,,,,,,,,,,,,,,,,,,,,,,,,,,,,,,,,,,,,,,,,,,,,,,,,,,,,,,,,,,,,,,,,,False,STRUCTURAL,비데이터 행,,,unknown
818,7,DEB,DS,함안복합 Exhaust Duct,DUCT-2,1,2027-03-15 00:00:00,,1,100,,,,,사상,,0,,,,,,,,,,,,,,,,,,미정,0xf,3,,,,,,,,,,,,,,,,,,,,,,,,,,,,,,,,,,,,,,,,,,,,,,,,,,,,,,,,,,,,,,,,,,,,,,,,,,,,,,,,,,,,,,,,,,,,,,,,,,,,,,,,,,,,,,,,,,,,,,,,,,,,,,,,,,,,,,,,,,,,,,,,,,,,,,,,,,,,,,,,,,,,,,,,,,,,,,,,,,,,,,,,,,,,,,,,,,,,,,,,,,,,,,,,,,,,,,,,,,,,,,,,,,,,,,,,,,,,,,,,,,,,,,,,,,,,,,,,,,,,,,,,,,,,,,,,,,,,,,False,STRUCTURAL,비데이터 행,,,unknown
818,9,DEB,DS,함안복합 Exhaust Duct,DUCT-2,1,2027-03-15 00:00:00,,1,100,,,,,실적,,,,,,,,,,,,,,,,,,,,미정,0xf,3,,,,,,,,,,,,,,,,,,,,,,,,,,,,,,,,,,,,,,,,,,,,,,,,,,,,,,,,,,,,,,,,,,,,,,,,,,,,,,,,,,,,,,,,,,,,,,,,,,,,,,,,,,,,,,,,,,,,,,,,,,,,,,,,,,,,,,,,,,,,,,,,,,,,,,,,,,,,,,,,,,,,,,,,,,,,,,,,,,,,,,,,,,,,,,,,,,,,,,,,,,,,,,,,,,,,,,,,,,,,,,,,,,,,,,,,,,,,,,,,,,,,,,,,,,,,,,,,,,,,,,,,,,,,,,,,,,,,,,False,STRUCTURAL,비데이터 행,,,unknown
819,1,BHI,VS,여수천연가스발전소 #!,VS-2,7,2027-04-01 00:00:00,46478,4,30,,,,,일자,미정,,,,,,,,,-,,,,,,,0%,,,미정,0xf,4,,,계획,,,,,,,,,,,,,,,,,,,,,,,,,,,,,,,,,,,,,,,,,,,,,,,,,,,,,,,,,,,,,,,,,,,,,,,,,,,,,,,,,,,,,,,,,,,,,,,,,,,,,,,,,,,,,,,,,,,,,,,,,,,,,,,,,,,,,,,,,,,,,,,,,,,,,,,,,,,,,,,,,,,,,,,,,,,,,,,,,,,,,,,,,,,,,,,,,,,,,,,,,,,,,,,,,,,,,,,,,,,,,,,,,,,,,,,,,,,,,,,,,,,,,,,,,,,,,,,,,,,,,,,,,,,,,,,,,,,True,DATA_PLAN,,,,plan
819,2,BHI,VS,여수천연가스발전소 #!,VS-2,7,2027-04-01 00:00:00,,4,30,,,,,실행,미정,,,,,,,,,,,,,,,,,,,미정,0xf,4,,,,,,,,,,,,,,,,,,,,,,,,,,,,,,,,,,,,,,,,,,,,,,,,,,,,,,,,,,,,,,,,,,,,,,,,,,,,,,,,,,,,,,,,,,,,,,,,,,,,,,,,,,,,,,,,,,,,,,,,,,,,,,,,,,,,,,,,,,,,,,,,,,,,,,,,,,,,,,,,,,,,,,,,,,,,,,,,,,,,,,,,,,,,,,,,,,,,,,,,,,,,,,,,,,,,,,,,,,,,,,,,,,,,,,,,,,,,,,,,,,,,,,,,,,,,,,,,,,,,,,,,,,,,,,,,,,,,,,True,DATA_ACTUAL,,,,actual
819,3,BHI,VS,여수천연가스발전소 #!,VS-2,7,2027-04-01 00:00:00,,4,30,,,,,미정,미정,,,,,,,,,-,,,,,,,,,,미정,0xf,4,,,실적,,0,,0,,0,,0,,,,0,,,,0,,,,0,,,,0,,0,,0,,0,,0,,,,,,,,,,,,,,,,,,,,,,,,,,,,,,,,,,,,,,,,,,,,,,,,,,,,,,,,,,,,,,,,,,,,,,,,,,,,,,,,,,,,,,,,,,,,,,,,,,,,,,,,,,,,,,,,,,,,,,,,,,,,,,,,,,,,,,,,,,,,,,,,,,,,,,,,,,,,,,,,,,,,,,,,,,,,,,,,,,,,,,,,,,,,,,,,,,,,,,,,,,,,,,,,,,,,,,,,,,,,,,,,,,,,,,,,,,,,,,,,,,,False,STRUCTURAL,비데이터 행,,,unknown
819,4,BHI,VS,여수천연가스발전소 #!,VS-2,7,2027-04-01 00:00:00,,4,30,,,,,취부,,0,,,,,,,,,,,,,,,,,,미정,0xf,4,,,LOAD,,,,,,,,,,,,,,,,,,,,,,,,,,,,,,,,,,,,,,,,,,,,,,,,,,,,,,,,,,,,,,,,,,,,,,,,,,,,,,,,,,,,,,,,,,,,,,,,,,,,,,,,,,,,,,,,,,,,,,,,,,,,,,,,,,,,,,,,,,,,,,,,,,,,,,,,,,,,,,,,,,,,,,,,,,,,,,,,,,,,,,,,,,,,,,,,,,,,,,,,,,,,,,,,,,,,,,,,,,,,,,,,,,,,,,,,,,,,,,,,,,,,,,,,,,,,,,,,,,,,,,,,,,,,,,,,,,,False,STRUCTURAL,비데이터 행,,,unknown
819,5,BHI,VS,여수천연가스발전소 #!,VS-2,7,2027-04-01 00:00:00,,4,30,,,,,용접,,0,,,,,,,,,,,,,,,,,,미정,0xf,4,,,,,,,,,,,,,,,,,,,,,,,,,,,,,,,,,,,,,,,,,,,,,,,,,,,,,,,,,,,,,,,,,,,,,,,,,,,,,,,,,,,,,,,,,,,,,,,,,,,,,,,,,,,,,,,,,,,,,,,,,,,,,,,,,,,,,,,,,,,,,,,,,,,,,,,,,,,,,,,,,,,,,,,,,,,,,,,,,,,,,,,,,,,,,,,,,,,,,,,,,,,,,,,,,,,,,,,,,,,,,,,,,,,,,,,,,,,,,,,,,,,,,,,,,,,,,,,,,,,,,,,,,,,,,,,,,,,,,,False,STRUCTURAL,비데이터 행,,,unknown
819,6,BHI,VS,여수천연가스발전소 #!,VS-2,7,2027-04-01 00:00:00,,4,30,,,,,조립,,0,,,,,,,,,,,,,,,,,,미정,0xf,4,,,,,,,,,,,,,,,,,,,,,,,,,,,,,,,,,,,,,,,,,,,,,,,,,,,,,,,,,,,,,,,,,,,,,,,,,,,,,,,,,,,,,,,,,,,,,,,,,,,,,,,,,,,,,,,,,,,,,,,,,,,,,,,,,,,,,,,,,,,,,,,,,,,,,,,,,,,,,,,,,,,,,,,,,,,,,,,,,,,,,,,,,,,,,,,,,,,,,,,,,,,,,,,,,,,,,,,,,,,,,,,,,,,,,,,,,,,,,,,,,,,,,,,,,,,,,,,,,,,,,,,,,,,,,,,,,,,,,,False,STRUCTURAL,비데이터 행,,,unknown
819,7,BHI,VS,여수천연가스발전소 #!,VS-2,7,2027-04-01 00:00:00,,4,30,,,,,사상,,0,,,,,,,,,,,,,,,,,,미정,0xf,4,,,,,,,,,,,,,,,,,,,,,,,,,,,,,,,,,,,,,,,,,,,,,,,,,,,,,,,,,,,,,,,,,,,,,,,,,,,,,,,,,,,,,,,,,,,,,,,,,,,,,,,,,,,,,,,,,,,,,,,,,,,,,,,,,,,,,,,,,,,,,,,,,,,,,,,,,,,,,,,,,,,,,,,,,,,,,,,,,,,,,,,,,,,,,,,,,,,,,,,,,,,,,,,,,,,,,,,,,,,,,,,,,,,,,,,,,,,,,,,,,,,,,,,,,,,,,,,,,,,,,,,,,,,,,,,,,,,,,,False,STRUCTURAL,비데이터 행,,,unknown
819,9,BHI,VS,여수천연가스발전소 #!,VS-2,7,2027-04-01 00:00:00,,4,30,,,,,실적,,,,,,,,,,,,,,,,,,,,미정,0xf,4,,,,,,,,,,,,,,,,,,,,,,,,,,,,,,,,,,,,,,,,,,,,,,,,,,,,,,,,,,,,,,,,,,,,,,,,,,,,,,,,,,,,,,,,,,,,,,,,,,,,,,,,,,,,,,,,,,,,,,,,,,,,,,,,,,,,,,,,,,,,,,,,,,,,,,,,,,,,,,,,,,,,,,,,,,,,,,,,,,,,,,,,,,,,,,,,,,,,,,,,,,,,,,,,,,,,,,,,,,,,,,,,,,,,,,,,,,,,,,,,,,,,,,,,,,,,,,,,,,,,,,,,,,,,,,,,,,,,,,False,STRUCTURAL,비데이터 행,,,unknown
820,1,HHI,EGP,CHB2054,EGP-2,5,2027-04-01 00:00:00,46155,5,20,,,,"6H_1,9H_4",일자,F JK플랜트,46099,46106,46107,46121,46132,46132,46147,46155,-,2026-05-21 00:00:00,46184,46185,46188,2026-06-16 00:00:00,46190,0%,,,F JK플랜트,5,4,,,계획,46099,,46106,,46107,,46121,,46122,,46132,,46133,,46155,,46160,,46163,,46162,,46184,,46185,,46188,,46189,,46190,,,,,,,,,,,,,,,,,,,,,,,,,,,,,,,,,,,,,,,,,,,,,,,D,,,,,,,K,발S,,,,,,,,,,,,,,발F,가S,,,,,,,,,,가F,제S,-----,-----,-----,-----,-----,-----,-----,-----,-----,-----,-----,-----,-----,-----,-----,-----,-----,-----,-----,-----,-----,제F,,,,,도S,,조S,도F,,,,,,,,,,,,,,,,,,,,,조F,상,,,검,포,출,,,,,,,,,,,,,,,,,,,,,,,,,,,,,,,,,,,,,,,,,,,,,,,,,,,,,,,,,,,,,,,,,,,,,,,,,,,,,,,,,,,,,,,,,,,,,,,,,,,,,,,,,,True,DATA_PLAN,,,,plan
820,2,HHI,EGP,CHB2054,EGP-2,5,2027-04-01 00:00:00,,5,20,,,,,실행,F JK플랜트,,,,,,,,,,,,,,,,,,,F JK플랜트,5,4,,,,,,,,,,,,,,,,,,,,,,,,,,,,,,,,,,,,,,,,,,,,,,,,,,,,,,,,,,,,,,,,,,,,,,,,,,,,,,,,,,,,,,,,,,,,,,,,,,,,,,,,,,,,,,,,,,,,,,,,,,,,,,,,,,,,,,,,,,,,,,,,,,,,,,,,,,,,,,,,,,,,,,,,,,,,,,,,,,,,,,,,,,,,,,,,,,,,,,,,,,,,,,,,,,,,,,,,,,,,,,,,,,,,,,,,,,,,,,,,,,,,,,,,,,,,,,,,,,,,,,,,,,,,,,,,,,,,,,True,DATA_ACTUAL,,,,actual
820,3,HHI,EGP,CHB2054,EGP-2,5,2027-04-01 00:00:00,,5,20,,,,,F JK플랜트,F JK플랜트,,,,,,,,,-,,,,,,,,,,F JK플랜트,5,4,,,실적,,0,,0,,0,,0,,,,0,,,,0,,,,0,,,,0,,0,,0,,0,,0,,,,,,,,,,,,,,,,,,,,,,,,,,,,,,,,,,,,,,,,,,,,,,,,,,,,,,,,,,,,,,,,,,,,,,,,,,,,,,,,,,,,,,,,,,,,,,,,,,,,,,,,,,,,,,,,,,,,,,,,,,,,,,,,,,,,,,,,,,,,,,,,,,,,,,,,,,,,,,,,,,,,,,,,,,,,,,,,,,,,,,,,,,,,,,,,,,,,,,,,,,,,,,,,,,,,,,,,,,,,,,,,,,,,,,,,,,,,,,,,,,,False,STRUCTURAL,비데이터 행,,,unknown
820,4,HHI,EGP,CHB2054,EGP-2,5,2027-04-01 00:00:00,,5,20,,,,,취부,,0,,,,,,,,,,,,,,,,,,F JK플랜트,5,4,,,LOAD,,,,,,,,,,,,,,,,,,,,,,,,,,,,,,,,,,,,,,,,,,,,,,,,,,,,,,,,,,,,,,,,,,,,,,,,,,,,,,,,,,,,,,,,,,,,,,,,,,,,,,,,,,,,,,,,,,,,,,,,,,,,,,,,,,,,,,,,,,,,,,,,,,,,,,,,,,,,,,,,,,,,,,,,,,,,,,,,,,,,,,,,,,,,,,,,,,,,,,,,,,,,,,,,,,,,,,,,,,,,,,,,,,,,,,,,,,,,,,,,,,,,,,,,,,,,,,,,,,,,,,,,,,,,,,,,,,,False,STRUCTURAL,비데이터 행,,,unknown
820,5,HHI,EGP,CHB2054,EGP-2,5,2027-04-01 00:00:00,,5,20,,,,,용접,,0,,,,,,,,,,,,,,,,,,F JK플랜트,5,4,,,,,,,,,,,,,,,,,,,,,,,,,,,,,,,,,,,,,,,,,,,,,,,,,,,,,,,,,,,,,,,,,,,,,,,,,,,,,,,,,,,,,,,,,,,,,,,,,,,,,,,,,,,,,,,,,,,,,,,,,,,,,,,,,,,,,,,,,,,,,,,,,,,,,,,,,,,,,,,,,,,,,,,,,,,,,,,,,,,,,,,,,,,,,,,,,,,,,,,,,,,,,,,,,,,,,,,,,,,,,,,,,,,,,,,,,,,,,,,,,,,,,,,,,,,,,,,,,,,,,,,,,,,,,,,,,,,,,,False,STRUCTURAL,비데이터 행,,,unknown
820,6,HHI,EGP,CHB2054,EGP-2,5,2027-04-01 00:00:00,,5,20,,,,,조립,,0,,,,,,,,,,,,,,,,,,F JK플랜트,5,4,,,,,,,,,,,,,,,,,,,,,,,,,,,,,,,,,,,,,,,,,,,,,,,,,,,,,,,,,,,,,,,,,,,,,,,,,,,,,,,,,,,,,,,,,,,,,,,,,,,,,,,,,,,,,,,,,,,,,,,,,,,,,,,,,,,,,,,,,,,,,,,,,,,,,,,,,,,,,,,,,,,,,,,,,,,,,,,,,,,,,,,,,,,,,,,,,,,,,,,,,,,,,,,,,,,,,,,,,,,,,,,,,,,,,,,,,,,,,,,,,,,,,,,,,,,,,,,,,,,,,,,,,,,,,,,,,,,,,,False,STRUCTURAL,비데이터 행,,,unknown
820,7,HHI,EGP,CHB2054,EGP-2,5,2027-04-01 00:00:00,,5,20,,,,,사상,,0,,,,,,,,,,,,,,,,,,F JK플랜트,5,4,,,,,,,,,,,,,,,,,,,,,,,,,,,,,,,,,,,,,,,,,,,,,,,,,,,,,,,,,,,,,,,,,,,,,,,,,,,,,,,,,,,,,,,,,,,,,,,,,,,,,,,,,,,,,,,,,,,,,,,,,,,,,,,,,,,,,,,,,,,,,,,,,,,,,,,,,,,,,,,,,,,,,,,,,,,,,,,,,,,,,,,,,,,,,,,,,,,,,,,,,,,,,,,,,,,,,,,,,,,,,,,,,,,,,,,,,,,,,,,,,,,,,,,,,,,,,,,,,,,,,,,,,,,,,,,,,,,,,,False,STRUCTURAL,비데이터 행,,,unknown
820,9,HHI,EGP,CHB2054,EGP-2,5,2027-04-01 00:00:00,,5,20,,,,,실적,,,,,,,,,,,,,,,,,,,,F JK플랜트,5,4,,,,,,,,,,,,,,,,,,,,,,,,,,,,,,,,,,,,,,,,,,,,,,,,,,,,,,,,,,,,,,,,,,,,,,,,,,,,,,,,,,,,,,,,,,,,,,,,,,,,,,,,,,,,,,,,,,,,,,,,,,,,,,,,,,,,,,,,,,,,,,,,,,,,,,,,,,,,,,,,,,,,,,,,,,,,,,,,,,,,,,,,,,,,,,,,,,,,,,,,,,,,,,,,,,,,,,,,,,,,,,,,,,,,,,,,,,,,,,,,,,,,,,,,,,,,,,,,,,,,,,,,,,,,,,,,,,,,,,False,STRUCTURAL,비데이터 행,,,unknown
821,1,MHI,VS,Posco A/Icing,VS-2,4,2027-04-15 00:00:00,46492,4,30,,,,,일자,미정,,,,,,,,,-,,,,,,,0%,,,미정,0xf,4,,,계획,,,,,,,,,,,,,,,,,,,,,,,,,,,,,,,,,,,,,,,,,,,,,,,,,,,,,,,,,,,,,,,,,,,,,,,,,,,,,,,,,,,,,,,,,,,,,,,,,,,,,,,,,,,,,,,,,,,,,,,,,,,,,,,,,,,,,,,,,,,,,,,,,,,,,,,,,,,,,,,,,,,,,,,,,,,,,,,,,,,,,,,,,,,,,,,,,,,,,,,,,,,,,,,,,,,,,,,,,,,,,,,,,,,,,,,,,,,,,,,,,,,,,,,,,,,,,,,,,,,,,,,,,,,,,,,,,,,True,DATA_PLAN,,,,plan
821,2,MHI,VS,Posco A/Icing,VS-2,4,2027-04-15 00:00:00,,4,30,,,,,실행,미정,,,,,,,,,,,,,,,,,,,미정,0xf,4,,,,,,,,,,,,,,,,,,,,,,,,,,,,,,,,,,,,,,,,,,,,,,,,,,,,,,,,,,,,,,,,,,,,,,,,,,,,,,,,,,,,,,,,,,,,,,,,,,,,,,,,,,,,,,,,,,,,,,,,,,,,,,,,,,,,,,,,,,,,,,,,,,,,,,,,,,,,,,,,,,,,,,,,,,,,,,,,,,,,,,,,,,,,,,,,,,,,,,,,,,,,,,,,,,,,,,,,,,,,,,,,,,,,,,,,,,,,,,,,,,,,,,,,,,,,,,,,,,,,,,,,,,,,,,,,,,,,,,True,DATA_ACTUAL,,,,actual
821,3,MHI,VS,Posco A/Icing,VS-2,4,2027-04-15 00:00:00,,4,30,,,,,미정,미정,,,,,,,,,-,,,,,,,,,,미정,0xf,4,,,실적,,0,,0,,0,,0,,,,0,,,,0,,,,0,,,,0,,0,,0,,0,,0,,,,,,,,,,,,,,,,,,,,,,,,,,,,,,,,,,,,,,,,,,,,,,,,,,,,,,,,,,,,,,,,,,,,,,,,,,,,,,,,,,,,,,,,,,,,,,,,,,,,,,,,,,,,,,,,,,,,,,,,,,,,,,,,,,,,,,,,,,,,,,,,,,,,,,,,,,,,,,,,,,,,,,,,,,,,,,,,,,,,,,,,,,,,,,,,,,,,,,,,,,,,,,,,,,,,,,,,,,,,,,,,,,,,,,,,,,,,,,,,,,,False,STRUCTURAL,비데이터 행,,,unknown
821,4,MHI,VS,Posco A/Icing,VS-2,4,2027-04-15 00:00:00,,4,30,,,,,취부,,0,,,,,,,,,,,,,,,,,,미정,0xf,4,,,LOAD,,,,,,,,,,,,,,,,,,,,,,,,,,,,,,,,,,,,,,,,,,,,,,,,,,,,,,,,,,,,,,,,,,,,,,,,,,,,,,,,,,,,,,,,,,,,,,,,,,,,,,,,,,,,,,,,,,,,,,,,,,,,,,,,,,,,,,,,,,,,,,,,,,,,,,,,,,,,,,,,,,,,,,,,,,,,,,,,,,,,,,,,,,,,,,,,,,,,,,,,,,,,,,,,,,,,,,,,,,,,,,,,,,,,,,,,,,,,,,,,,,,,,,,,,,,,,,,,,,,,,,,,,,,,,,,,,,,False,STRUCTURAL,비데이터 행,,,unknown
821,5,MHI,VS,Posco A/Icing,VS-2,4,2027-04-15 00:00:00,,4,30,,,,,용접,,0,,,,,,,,,,,,,,,,,,미정,0xf,4,,,,,,,,,,,,,,,,,,,,,,,,,,,,,,,,,,,,,,,,,,,,,,,,,,,,,,,,,,,,,,,,,,,,,,,,,,,,,,,,,,,,,,,,,,,,,,,,,,,,,,,,,,,,,,,,,,,,,,,,,,,,,,,,,,,,,,,,,,,,,,,,,,,,,,,,,,,,,,,,,,,,,,,,,,,,,,,,,,,,,,,,,,,,,,,,,,,,,,,,,,,,,,,,,,,,,,,,,,,,,,,,,,,,,,,,,,,,,,,,,,,,,,,,,,,,,,,,,,,,,,,,,,,,,,,,,,,,,,False,STRUCTURAL,비데이터 행,,,unknown
821,6,MHI,VS,Posco A/Icing,VS-2,4,2027-04-15 00:00:00,,4,30,,,,,조립,,0,,,,,,,,,,,,,,,,,,미정,0xf,4,,,,,,,,,,,,,,,,,,,,,,,,,,,,,,,,,,,,,,,,,,,,,,,,,,,,,,,,,,,,,,,,,,,,,,,,,,,,,,,,,,,,,,,,,,,,,,,,,,,,,,,,,,,,,,,,,,,,,,,,,,,,,,,,,,,,,,,,,,,,,,,,,,,,,,,,,,,,,,,,,,,,,,,,,,,,,,,,,,,,,,,,,,,,,,,,,,,,,,,,,,,,,,,,,,,,,,,,,,,,,,,,,,,,,,,,,,,,,,,,,,,,,,,,,,,,,,,,,,,,,,,,,,,,,,,,,,,,,,False,STRUCTURAL,비데이터 행,,,unknown
821,7,MHI,VS,Posco A/Icing,VS-2,4,2027-04-15 00:00:00,,4,30,,,,,사상,,0,,,,,,,,,,,,,,,,,,미정,0xf,4,,,,,,,,,,,,,,,,,,,,,,,,,,,,,,,,,,,,,,,,,,,,,,,,,,,,,,,,,,,,,,,,,,,,,,,,,,,,,,,,,,,,,,,,,,,,,,,,,,,,,,,,,,,,,,,,,,,,,,,,,,,,,,,,,,,,,,,,,,,,,,,,,,,,,,,,,,,,,,,,,,,,,,,,,,,,,,,,,,,,,,,,,,,,,,,,,,,,,,,,,,,,,,,,,,,,,,,,,,,,,,,,,,,,,,,,,,,,,,,,,,,,,,,,,,,,,,,,,,,,,,,,,,,,,,,,,,,,,,False,STRUCTURAL,비데이터 행,,,unknown
821,9,MHI,VS,Posco A/Icing,VS-2,4,2027-04-15 00:00:00,,4,30,,,,,실적,,,,,,,,,,,,,,,,,,,,미정,0xf,4,,,,,,,,,,,,,,,,,,,,,,,,,,,,,,,,,,,,,,,,,,,,,,,,,,,,,,,,,,,,,,,,,,,,,,,,,,,,,,,,,,,,,,,,,,,,,,,,,,,,,,,,,,,,,,,,,,,,,,,,,,,,,,,,,,,,,,,,,,,,,,,,,,,,,,,,,,,,,,,,,,,,,,,,,,,,,,,,,,,,,,,,,,,,,,,,,,,,,,,,,,,,,,,,,,,,,,,,,,,,,,,,,,,,,,,,,,,,,,,,,,,,,,,,,,,,,,,,,,,,,,,,,,,,,,,,,,,,,,False,STRUCTURAL,비데이터 행,,,unknown
822,1,HHI,DS,"함안복합 GT Exhaust Duct & 
Platform",DUCT-2,1,2027-04-15 00:00:00,46470,1,100,,,,,일자,미정,46425,46430,46433,46443,46453,46453,46463,46470,-,2027-03-30 00:00:00,46484,46486,46488,2027-04-13 00:00:00,46491,0%,,,미정,3,4,,,계획,46425,,46430,,46433,,46443,,46444,,46453,,46450,,46470,,46467,,46476,,46471,,46484,,46486,,46488,,46490,,46491,,,,,,,,,,,,,,,,,,,,,,,,,,,,,,,,,,,,,,,,,,,,,,,,,,,,,,,,,,,,,,,,,,,,,,,,,,,,,,,,,,,,,,,,,,,,,,,,,,,,,,,,,,,,,,,,,,,,,,,,,,,,,,,,,,,,,,,,,,,,,,,,,,,,,,,,,,,,,,,,,,,,,,,,,,,,,,,,,,,,,,,,,,,,,,,,,,,,,,,,,,,,,,,,,,,,,,,,,,,,,,,,,,,,,,,,,,,,,,,,,,,,True,DATA_PLAN,,,,plan
822,2,HHI,DS,"함안복합 GT Exhaust Duct & 
Platform handrail Ladder",DUCT-2,1,2027-04-15 00:00:00,,1,100,,,,26.04->27.04,실행,미정,,,,,,,,,,,,,,,,,,,미정,3,4,,,,,,,,,,,,,,,,,,,,,,,,,,,,,,,,,,,,,,,,,,,,,,,,,,,,,,,,,,,,,,,,,,,,,,,,,,,,,,,,,,,,,,,,,,,,,,,,,,,,,,,,,,,,,,,,,,,,,,,,,,,,,,,,,,,,,,,,,,,,,,,,,,,,,,,,,,,,,,,,,,,,,,,,,,,,,,,,,,,,,,,,,,,,,,,,,,,,,,,,,,,,,,,,,,,,,,,,,,,,,,,,,,,,,,,,,,,,,,,,,,,,,,,,,,,,,,,,,,,,,,,,,,,,,,,,,,,,,,True,DATA_ACTUAL,,,,actual
822,3,HHI,DS,"함안복합 GT Exhaust Duct & 
Platform handrail Ladder",DUCT-2,1,2027-04-15 00:00:00,,1,100,,,,35Ton,미정,미정,,,,,,,,,-,,,,,,,,,,미정,3,4,,,실적,,0,,0,,0,,0,,,,0,,,,0,,,,0,,,,0,,0,,0,,0,,0,,,,,,,,,,,,,,,,,,,,,,,,,,,,,,,,,,,,,,,,,,,,,,,,,,,,,,,,,,,,,,,,,,,,,,,,,,,,,,,,,,,,,,,,,,,,,,,,,,,,,,,,,,,,,,,,,,,,,,,,,,,,,,,,,,,,,,,,,,,,,,,,,,,,,,,,,,,,,,,,,,,,,,,,,,,,,,,,,,,,,,,,,,,,,,,,,,,,,,,,,,,,,,,,,,,,,,,,,,,,,,,,,,,,,,,,,,,,,,,,,,,False,STRUCTURAL,비데이터 행,,,unknown
822,4,HHI,DS,"함안복합 GT Exhaust Duct & 
Platform handrail Ladder",DUCT-2,1,2027-04-15 00:00:00,,1,100,,,,,취부,,0,,,,,,,,,,,,,,,,,,미정,3,4,,,LOAD,,,,,,,,,,,,,,,,,,,,,,,,,,,,,,,,,,,,,,,,,,,,,,,,,,,,,,,,,,,,,,,,,,,,,,,,,,,,,,,,,,,,,,,,,,,,,,,,,,,,,,,,,,,,,,,,,,,,,,,,,,,,,,,,,,,,,,,,,,,,,,,,,,,,,,,,,,,,,,,,,,,,,,,,,,,,,,,,,,,,,,,,,,,,,,,,,,,,,,,,,,,,,,,,,,,,,,,,,,,,,,,,,,,,,,,,,,,,,,,,,,,,,,,,,,,,,,,,,,,,,,,,,,,,,,,,,,,False,STRUCTURAL,비데이터 행,,,unknown
822,5,HHI,DS,"함안복합 GT Exhaust Duct & 
Platform handrail Ladder",DUCT-2,1,2027-04-15 00:00:00,,1,100,,,,,용접,,0,,,,,,,,,,,,,,,,,,미정,3,4,,,,,,,,,,,,,,,,,,,,,,,,,,,,,,,,,,,,,,,,,,,,,,,,,,,,,,,,,,,,,,,,,,,,,,,,,,,,,,,,,,,,,,,,,,,,,,,,,,,,,,,,,,,,,,,,,,,,,,,,,,,,,,,,,,,,,,,,,,,,,,,,,,,,,,,,,,,,,,,,,,,,,,,,,,,,,,,,,,,,,,,,,,,,,,,,,,,,,,,,,,,,,,,,,,,,,,,,,,,,,,,,,,,,,,,,,,,,,,,,,,,,,,,,,,,,,,,,,,,,,,,,,,,,,,,,,,,,,,False,STRUCTURAL,비데이터 행,,,unknown
822,6,HHI,DS,"함안복합 GT Exhaust Duct & 
Platform handrail Ladder",DUCT-2,1,2027-04-15 00:00:00,,1,100,,,,,조립,,0,,,,,,,,,,,,,,,,,,미정,3,4,,,,,,,,,,,,,,,,,,,,,,,,,,,,,,,,,,,,,,,,,,,,,,,,,,,,,,,,,,,,,,,,,,,,,,,,,,,,,,,,,,,,,,,,,,,,,,,,,,,,,,,,,,,,,,,,,,,,,,,,,,,,,,,,,,,,,,,,,,,,,,,,,,,,,,,,,,,,,,,,,,,,,,,,,,,,,,,,,,,,,,,,,,,,,,,,,,,,,,,,,,,,,,,,,,,,,,,,,,,,,,,,,,,,,,,,,,,,,,,,,,,,,,,,,,,,,,,,,,,,,,,,,,,,,,,,,,,,,,False,STRUCTURAL,비데이터 행,,,unknown
822,7,HHI,DS,"함안복합 GT Exhaust Duct & 
Platform handrail Ladder",DUCT-2,1,2027-04-15 00:00:00,,1,100,,,,,사상,,0,,,,,,,,,,,,,,,,,,미정,3,4,,,,,,,,,,,,,,,,,,,,,,,,,,,,,,,,,,,,,,,,,,,,,,,,,,,,,,,,,,,,,,,,,,,,,,,,,,,,,,,,,,,,,,,,,,,,,,,,,,,,,,,,,,,,,,,,,,,,,,,,,,,,,,,,,,,,,,,,,,,,,,,,,,,,,,,,,,,,,,,,,,,,,,,,,,,,,,,,,,,,,,,,,,,,,,,,,,,,,,,,,,,,,,,,,,,,,,,,,,,,,,,,,,,,,,,,,,,,,,,,,,,,,,,,,,,,,,,,,,,,,,,,,,,,,,,,,,,,,,False,STRUCTURAL,비데이터 행,,,unknown
822,9,HHI,DS,"함안복합 GT Exhaust Duct & 
Platform handrail Ladder",DUCT-2,1,2027-04-15 00:00:00,,1,100,,,,,실적,,,,,,,,,,,,,,,,,,,,미정,3,4,,,,,,,,,,,,,,,,,,,,,,,,,,,,,,,,,,,,,,,,,,,,,,,,,,,,,,,,,,,,,,,,,,,,,,,,,,,,,,,,,,,,,,,,,,,,,,,,,,,,,,,,,,,,,,,,,,,,,,,,,,,,,,,,,,,,,,,,,,,,,,,,,,,,,,,,,,,,,,,,,,,,,,,,,,,,,,,,,,,,,,,,,,,,,,,,,,,,,,,,,,,,,,,,,,,,,,,,,,,,,,,,,,,,,,,,,,,,,,,,,,,,,,,,,,,,,,,,,,,,,,,,,,,,,,,,,,,,,,False,STRUCTURAL,비데이터 행,,,unknown
823,1,HHI,EGP,CHB2053,EGP-2,5,2027-04-16 00:00:00,46155,5,20,,,,"6H_1,9H_4",일자,F JK플랜트,46099,46106,46107,46121,46132,46132,46147,46155,-,2026-05-21 00:00:00,46184,46185,46188,2026-06-16 00:00:00,46190,0%,,,F JK플랜트,5,4,,,계획,46099,,46106,,46107,,46121,,46122,,46132,,46133,,46155,,46160,,46163,,46162,,46184,,46185,,46188,,46189,,46190,,,,,,,,,,,,,,,,,,,,,,,,,,,,,,,,,,,,,,,,,,,,,,,D,,,,,,,K,발S,,,,,,,,,,,,,,발F,가S,,,,,,,,,,가F,제S,-----,-----,-----,-----,-----,-----,-----,-----,-----,-----,-----,-----,-----,-----,-----,-----,-----,-----,-----,-----,-----,제F,,,,,도S,,조S,도F,,,,,,,,,,,,,,,,,,,,,조F,상,,,검,포,출,,,,,,,,,,,,,,,,,,,,,,,,,,,,,,,,,,,,,,,,,,,,,,,,,,,,,,,,,,,,,,,,,,,,,,,,,,,,,,,,,,,,,,,,,,,,,,,,,,,,,,,,,,True,DATA_PLAN,,,,plan
823,2,HHI,EGP,CHB2053,EGP-2,5,2027-04-16 00:00:00,,5,20,,,,,실행,F JK플랜트,,,,,,,,,,,,,,,,,,,F JK플랜트,5,4,,,,,,,,,,,,,,,,,,,,,,,,,,,,,,,,,,,,,,,,,,,,,,,,,,,,,,,,,,,,,,,,,,,,,,,,,,,,,,,,,,,,,,,,,,,,,,,,,,,,,,,,,,,,,,,,,,,,,,,,,,,,,,,,,,,,,,,,,,,,,,,,,,,,,,,,,,,,,,,,,,,,,,,,,,,,,,,,,,,,,,,,,,,,,,,,,,,,,,,,,,,,,,,,,,,,,,,,,,,,,,,,,,,,,,,,,,,,,,,,,,,,,,,,,,,,,,,,,,,,,,,,,,,,,,,,,,,,,,True,DATA_ACTUAL,,,,actual
823,3,HHI,EGP,CHB2053,EGP-2,5,2027-04-16 00:00:00,,5,20,,,,,F JK플랜트,F JK플랜트,,,,,,,,,-,,,,,,,,,,F JK플랜트,5,4,,,실적,,0,,0,,0,,0,,,,0,,,,0,,,,0,,,,0,,0,,0,,0,,0,,,,,,,,,,,,,,,,,,,,,,,,,,,,,,,,,,,,,,,,,,,,,,,,,,,,,,,,,,,,,,,,,,,,,,,,,,,,,,,,,,,,,,,,,,,,,,,,,,,,,,,,,,,,,,,,,,,,,,,,,,,,,,,,,,,,,,,,,,,,,,,,,,,,,,,,,,,,,,,,,,,,,,,,,,,,,,,,,,,,,,,,,,,,,,,,,,,,,,,,,,,,,,,,,,,,,,,,,,,,,,,,,,,,,,,,,,,,,,,,,,,False,STRUCTURAL,비데이터 행,,,unknown
823,4,HHI,EGP,CHB2053,EGP-2,5,2027-04-16 00:00:00,,5,20,,,,,취부,,0,,,,,,,,,,,,,,,,,,F JK플랜트,5,4,,,LOAD,,,,,,,,,,,,,,,,,,,,,,,,,,,,,,,,,,,,,,,,,,,,,,,,,,,,,,,,,,,,,,,,,,,,,,,,,,,,,,,,,,,,,,,,,,,,,,,,,,,,,,,,,,,,,,,,,,,,,,,,,,,,,,,,,,,,,,,,,,,,,,,,,,,,,,,,,,,,,,,,,,,,,,,,,,,,,,,,,,,,,,,,,,,,,,,,,,,,,,,,,,,,,,,,,,,,,,,,,,,,,,,,,,,,,,,,,,,,,,,,,,,,,,,,,,,,,,,,,,,,,,,,,,,,,,,,,,,False,STRUCTURAL,비데이터 행,,,unknown
823,5,HHI,EGP,CHB2053,EGP-2,5,2027-04-16 00:00:00,,5,20,,,,,용접,,0,,,,,,,,,,,,,,,,,,F JK플랜트,5,4,,,,,,,,,,,,,,,,,,,,,,,,,,,,,,,,,,,,,,,,,,,,,,,,,,,,,,,,,,,,,,,,,,,,,,,,,,,,,,,,,,,,,,,,,,,,,,,,,,,,,,,,,,,,,,,,,,,,,,,,,,,,,,,,,,,,,,,,,,,,,,,,,,,,,,,,,,,,,,,,,,,,,,,,,,,,,,,,,,,,,,,,,,,,,,,,,,,,,,,,,,,,,,,,,,,,,,,,,,,,,,,,,,,,,,,,,,,,,,,,,,,,,,,,,,,,,,,,,,,,,,,,,,,,,,,,,,,,,,False,STRUCTURAL,비데이터 행,,,unknown
823,6,HHI,EGP,CHB2053,EGP-2,5,2027-04-16 00:00:00,,5,20,,,,,조립,,0,,,,,,,,,,,,,,,,,,F JK플랜트,5,4,,,,,,,,,,,,,,,,,,,,,,,,,,,,,,,,,,,,,,,,,,,,,,,,,,,,,,,,,,,,,,,,,,,,,,,,,,,,,,,,,,,,,,,,,,,,,,,,,,,,,,,,,,,,,,,,,,,,,,,,,,,,,,,,,,,,,,,,,,,,,,,,,,,,,,,,,,,,,,,,,,,,,,,,,,,,,,,,,,,,,,,,,,,,,,,,,,,,,,,,,,,,,,,,,,,,,,,,,,,,,,,,,,,,,,,,,,,,,,,,,,,,,,,,,,,,,,,,,,,,,,,,,,,,,,,,,,,,,,False,STRUCTURAL,비데이터 행,,,unknown
823,7,HHI,EGP,CHB2053,EGP-2,5,2027-04-16 00:00:00,,5,20,,,,,사상,,0,,,,,,,,,,,,,,,,,,F JK플랜트,5,4,,,,,,,,,,,,,,,,,,,,,,,,,,,,,,,,,,,,,,,,,,,,,,,,,,,,,,,,,,,,,,,,,,,,,,,,,,,,,,,,,,,,,,,,,,,,,,,,,,,,,,,,,,,,,,,,,,,,,,,,,,,,,,,,,,,,,,,,,,,,,,,,,,,,,,,,,,,,,,,,,,,,,,,,,,,,,,,,,,,,,,,,,,,,,,,,,,,,,,,,,,,,,,,,,,,,,,,,,,,,,,,,,,,,,,,,,,,,,,,,,,,,,,,,,,,,,,,,,,,,,,,,,,,,,,,,,,,,,,False,STRUCTURAL,비데이터 행,,,unknown
823,9,HHI,EGP,CHB2053,EGP-2,5,2027-04-16 00:00:00,,5,20,,,,,실적,,,,,,,,,,,,,,,,,,,,F JK플랜트,5,4,,,,,,,,,,,,,,,,,,,,,,,,,,,,,,,,,,,,,,,,,,,,,,,,,,,,,,,,,,,,,,,,,,,,,,,,,,,,,,,,,,,,,,,,,,,,,,,,,,,,,,,,,,,,,,,,,,,,,,,,,,,,,,,,,,,,,,,,,,,,,,,,,,,,,,,,,,,,,,,,,,,,,,,,,,,,,,,,,,,,,,,,,,,,,,,,,,,,,,,,,,,,,,,,,,,,,,,,,,,,,,,,,,,,,,,,,,,,,,,,,,,,,,,,,,,,,,,,,,,,,,,,,,,,,,,,,,,,,,False,STRUCTURAL,비데이터 행,,,unknown
824,1,HHI,EGP,H2869,EGP-2,5,2027-04-16 00:00:00,46493,5,20,,,,"8H_2,7H_2,9H_1set",일자,F JK플랜트,,,,,,,,,-,,,,,,,0%,,,F JK플랜트,0xf,4,,,계획,,,,,,,,,,,,,,,,,,,,,,,,,,,,,,,,,,,,,,,,,,,,,,,,,,,,,,,,,,,,,,,,,,,,,,,,,,,,,,,,,,,,,,,,,,,,,,,,,,,,,,,,,,,,,,,,,,,,,,,,,,,,,,,,,,,,,,,,,,,,,,,,,,,,,,,,,,,,,,,,,,,,,,,,,,,,,,,,,,,,,,,,,,,,,,,,,,,,,,,,,,,,,,,,,,,,,,,,,,,,,,,,,,,,,,,,,,,,,,,,,,,,,,,,,,,,,,,,,,,,,,,,,,,,,,,,,,,True,DATA_PLAN,,,,plan
824,2,HHI,EGP,H2869,EGP-2,5,2027-04-16 00:00:00,,5,20,,,,27/6/28->4/17,실행,F JK플랜트,,,,,,,,,,,,,,,,,,,F JK플랜트,0xf,4,,,,,,,,,,,,,,,,,,,,,,,,,,,,,,,,,,,,,,,,,,,,,,,,,,,,,,,,,,,,,,,,,,,,,,,,,,,,,,,,,,,,,,,,,,,,,,,,,,,,,,,,,,,,,,,,,,,,,,,,,,,,,,,,,,,,,,,,,,,,,,,,,,,,,,,,,,,,,,,,,,,,,,,,,,,,,,,,,,,,,,,,,,,,,,,,,,,,,,,,,,,,,,,,,,,,,,,,,,,,,,,,,,,,,,,,,,,,,,,,,,,,,,,,,,,,,,,,,,,,,,,,,,,,,,,,,,,,,,True,DATA_ACTUAL,,,,actual
824,3,HHI,EGP,H2869,EGP-2,5,2027-04-16 00:00:00,,5,20,,,,,F JK플랜트,F JK플랜트,,,,,,,,,-,,,,,,,,,,F JK플랜트,0xf,4,,,실적,,0,,0,,0,,0,,,,0,,,,0,,,,0,,,,0,,0,,0,,0,,0,,,,,,,,,,,,,,,,,,,,,,,,,,,,,,,,,,,,,,,,,,,,,,,,,,,,,,,,,,,,,,,,,,,,,,,,,,,,,,,,,,,,,,,,,,,,,,,,,,,,,,,,,,,,,,,,,,,,,,,,,,,,,,,,,,,,,,,,,,,,,,,,,,,,,,,,,,,,,,,,,,,,,,,,,,,,,,,,,,,,,,,,,,,,,,,,,,,,,,,,,,,,,,,,,,,,,,,,,,,,,,,,,,,,,,,,,,,,,,,,,,,False,STRUCTURAL,비데이터 행,,,unknown
824,4,HHI,EGP,H2869,EGP-2,5,2027-04-16 00:00:00,,5,20,,,,,취부,,0,,,,,,,,,,,,,,,,,,F JK플랜트,0xf,4,,,LOAD,,,,,,,,,,,,,,,,,,,,,,,,,,,,,,,,,,,,,,,,,,,,,,,,,,,,,,,,,,,,,,,,,,,,,,,,,,,,,,,,,,,,,,,,,,,,,,,,,,,,,,,,,,,,,,,,,,,,,,,,,,,,,,,,,,,,,,,,,,,,,,,,,,,,,,,,,,,,,,,,,,,,,,,,,,,,,,,,,,,,,,,,,,,,,,,,,,,,,,,,,,,,,,,,,,,,,,,,,,,,,,,,,,,,,,,,,,,,,,,,,,,,,,,,,,,,,,,,,,,,,,,,,,,,,,,,,,,False,STRUCTURAL,비데이터 행,,,unknown
824,5,HHI,EGP,H2869,EGP-2,5,2027-04-16 00:00:00,,5,20,,,,,용접,,0,,,,,,,,,,,,,,,,,,F JK플랜트,0xf,4,,,,,,,,,,,,,,,,,,,,,,,,,,,,,,,,,,,,,,,,,,,,,,,,,,,,,,,,,,,,,,,,,,,,,,,,,,,,,,,,,,,,,,,,,,,,,,,,,,,,,,,,,,,,,,,,,,,,,,,,,,,,,,,,,,,,,,,,,,,,,,,,,,,,,,,,,,,,,,,,,,,,,,,,,,,,,,,,,,,,,,,,,,,,,,,,,,,,,,,,,,,,,,,,,,,,,,,,,,,,,,,,,,,,,,,,,,,,,,,,,,,,,,,,,,,,,,,,,,,,,,,,,,,,,,,,,,,,,,False,STRUCTURAL,비데이터 행,,,unknown
824,6,HHI,EGP,H2869,EGP-2,5,2027-04-16 00:00:00,,5,20,,,,,조립,,0,,,,,,,,,,,,,,,,,,F JK플랜트,0xf,4,,,,,,,,,,,,,,,,,,,,,,,,,,,,,,,,,,,,,,,,,,,,,,,,,,,,,,,,,,,,,,,,,,,,,,,,,,,,,,,,,,,,,,,,,,,,,,,,,,,,,,,,,,,,,,,,,,,,,,,,,,,,,,,,,,,,,,,,,,,,,,,,,,,,,,,,,,,,,,,,,,,,,,,,,,,,,,,,,,,,,,,,,,,,,,,,,,,,,,,,,,,,,,,,,,,,,,,,,,,,,,,,,,,,,,,,,,,,,,,,,,,,,,,,,,,,,,,,,,,,,,,,,,,,,,,,,,,,,,False,STRUCTURAL,비데이터 행,,,unknown
824,7,HHI,EGP,H2869,EGP-2,5,2027-04-16 00:00:00,,5,20,,,,,사상,,0,,,,,,,,,,,,,,,,,,F JK플랜트,0xf,4,,,,,,,,,,,,,,,,,,,,,,,,,,,,,,,,,,,,,,,,,,,,,,,,,,,,,,,,,,,,,,,,,,,,,,,,,,,,,,,,,,,,,,,,,,,,,,,,,,,,,,,,,,,,,,,,,,,,,,,,,,,,,,,,,,,,,,,,,,,,,,,,,,,,,,,,,,,,,,,,,,,,,,,,,,,,,,,,,,,,,,,,,,,,,,,,,,,,,,,,,,,,,,,,,,,,,,,,,,,,,,,,,,,,,,,,,,,,,,,,,,,,,,,,,,,,,,,,,,,,,,,,,,,,,,,,,,,,,,False,STRUCTURAL,비데이터 행,,,unknown
824,9,HHI,EGP,H2869,EGP-2,5,2027-04-16 00:00:00,,5,20,,,,,실적,,,,,,,,,,,,,,,,,,,,F JK플랜트,0xf,4,,,,,,,,,,,,,,,,,,,,,,,,,,,,,,,,,,,,,,,,,,,,,,,,,,,,,,,,,,,,,,,,,,,,,,,,,,,,,,,,,,,,,,,,,,,,,,,,,,,,,,,,,,,,,,,,,,,,,,,,,,,,,,,,,,,,,,,,,,,,,,,,,,,,,,,,,,,,,,,,,,,,,,,,,,,,,,,,,,,,,,,,,,,,,,,,,,,,,,,,,,,,,,,,,,,,,,,,,,,,,,,,,,,,,,,,,,,,,,,,,,,,,,,,,,,,,,,,,,,,,,,,,,,,,,,,,,,,,,False,STRUCTURAL,비데이터 행,,,unknown
825,1,HHI,EGP,JLZ8240430,E-1,3,2027-04-23 00:00:00,46235,5,20,,,,,일자,F JK플랜트,46146,46155,46160,46178,46202,46202,46220,46235,-,2026-08-26 00:00:00,46271,46272,46274,2026-09-12 00:00:00,46279,0%,,,F JK플랜트,8,4,,,계획,46146,,46155,,46160,,46178,,46181,,46202,,46191,,46235,,46240,,46260,,46247,,46271,,46272,,46274,,46277,,46279,,,,,,,,,,,,,,,,,,,,,,,,,,,,,,,,,,,,,,,,,,,,,,,,,,,,,,,,,,,,,,,,,,,,,,,,,,,,,,,,,,,,,,,,,,,,,,D,,,,,,,,,K,,,,,발S,,,,,,,,,,,,,,,,,,발F,,,가S,,,,,,,,,,제S,-----,-----,-----,-----,-----,-----,-----,-----,-----,-----,가F,-----,-----,-----,-----,-----,-----,-----,-----,-----,-----,-----,-----,-----,-----,-----,-----,-----,-----,-----,-----,-----,-----,-----,-----,-----,-----,-----,-----,-----,-----,-----,-----,제F,,,,,도S,,,,,,,조S,,,,,,,,,,,,,도F,,,,,,,,,,,조F,상,,검,,,포,,출,,,,,,,,,,,,,,,,,True,DATA_PLAN,,,,plan
825,2,HHI,EGP,JLZ8240430,E-1,3,2027-04-23 00:00:00,,5,20,,,,,실행,F JK플랜트,,,,,,,,,,,,,,,,,,,F JK플랜트,8,4,,,,,,,,,,,,,,,,,,,,,,,,,,,,,,,,,,,,,,,,,,,,,,,,,,,,,,,,,,,,,,,,,,,,,,,,,,,,,,,,,,,,,,,,,,,,,,,,,,,,,,,,,,,,,,,,,,,,,,,,,,,,,,,,,,,,,,,,,,,,,,,,,,,,,,,,,,,,,,,,,,,,,,,,,,,,,,,,,,,,,,,,,,,,,,,,,,,,,,,,,,,,,,,,,,,,,,,,,,,,,,,,,,,,,,,,,,,,,,,,,,,,,,,,,,,,,,,,,,,,,,,,,,,,,,,,,,,,,,True,DATA_ACTUAL,,,,actual
825,3,HHI,EGP,JLZ8240430,E-1,3,2027-04-23 00:00:00,,5,20,,,,,F JK플랜트,F JK플랜트,,,,,,,,,-,,,,,,,,,,F JK플랜트,8,4,,,실적,,0,,0,,0,,0,,0,,0,,,,0,,,,0,,,,0,,0,,0,,0,,0,,,,,,,,,,,,,,,,,,,,,,,,,,,,,,,,,,,,,,,,,,,,,,,,,,,,,,,,,,,,,,,,,,,,,,,,,,,,,,,,,,,,,,,,,,,,,,,,,,,,,,,,,,,,,,,,,,,,,,,,,,,,,,,,,,,,,,,,,,,,,,,,,,,,,,,,,,,,,,,,,,,,,,,,,,,,,,,,,,,,,,,,,,,,,,,,,,,,,,,,,,,,,,,,,,,,,,,,,,,,,,,,,,,,,,,,,,,,,,,,,,,False,STRUCTURAL,비데이터 행,,,unknown
825,4,HHI,EGP,JLZ8240430,E-1,3,2027-04-23 00:00:00,,5,20,,,,,취부,,0,,,,,,,,,,,,,,,,,,F JK플랜트,8,4,,,LOAD,,,,,,,,,,,,,,,,,,,,,,,,,,,,,,,,,,,,,,,,,,,,,,,,,,,,,,,,,,,,,,,,,,,,,,,,,,,,,,,,,,,,,,,,,,,,,,,,,,,,,,,,,,,,,,,,,,,,,,,,,,,,,,,,,,,,,,,,,,,,,,,,,,,,,,,,,,,,,,,,,,,,,,,,,,,,,,,,,,,,,,,,,,,,,,,,,,,,,,,,,,,,,,,,,,,,,,,,,,,,,,,,,,,,,,,,,,,,,,,,,,,,,,,,,,,,,,,,,,,,,,,,,,,,,,,,,,,False,STRUCTURAL,비데이터 행,,,unknown
825,5,HHI,EGP,JLZ8240430,E-1,3,2027-04-23 00:00:00,,5,20,,,,,용접,,0,,,,,,,,,,,,,,,,,,F JK플랜트,8,4,,,,,,,,,,,,,,,,,,,,,,,,,,,,,,,,,,,,,,,,,,,,,,,,,,,,,,,,,,,,,,,,,,,,,,,,,,,,,,,,,,,,,,,,,,,,,,,,,,,,,,,,,,,,,,,,,,,,,,,,,,,,,,,,,,,,,,,,,,,,,,,,,,,,,,,,,,,,,,,,,,,,,,,,,,,,,,,,,,,,,,,,,,,,,,,,,,,,,,,,,,,,,,,,,,,,,,,,,,,,,,,,,,,,,,,,,,,,,,,,,,,,,,,,,,,,,,,,,,,,,,,,,,,,,,,,,,,,,,False,STRUCTURAL,비데이터 행,,,unknown
825,6,HHI,EGP,JLZ8240430,E-1,3,2027-04-23 00:00:00,,5,20,,,,,조립,,0,,,,,,,,,,,,,,,,,,F JK플랜트,8,4,,,,,,,,,,,,,,,,,,,,,,,,,,,,,,,,,,,,,,,,,,,,,,,,,,,,,,,,,,,,,,,,,,,,,,,,,,,,,,,,,,,,,,,,,,,,,,,,,,,,,,,,,,,,,,,,,,,,,,,,,,,,,,,,,,,,,,,,,,,,,,,,,,,,,,,,,,,,,,,,,,,,,,,,,,,,,,,,,,,,,,,,,,,,,,,,,,,,,,,,,,,,,,,,,,,,,,,,,,,,,,,,,,,,,,,,,,,,,,,,,,,,,,,,,,,,,,,,,,,,,,,,,,,,,,,,,,,,,,False,STRUCTURAL,비데이터 행,,,unknown
825,7,HHI,EGP,JLZ8240430,E-1,3,2027-04-23 00:00:00,,5,20,,,,,사상,,0,,,,,,,,,,,,,,,,,,F JK플랜트,8,4,,,,,,,,,,,,,,,,,,,,,,,,,,,,,,,,,,,,,,,,,,,,,,,,,,,,,,,,,,,,,,,,,,,,,,,,,,,,,,,,,,,,,,,,,,,,,,,,,,,,,,,,,,,,,,,,,,,,,,,,,,,,,,,,,,,,,,,,,,,,,,,,,,,,,,,,,,,,,,,,,,,,,,,,,,,,,,,,,,,,,,,,,,,,,,,,,,,,,,,,,,,,,,,,,,,,,,,,,,,,,,,,,,,,,,,,,,,,,,,,,,,,,,,,,,,,,,,,,,,,,,,,,,,,,,,,,,,,,,False,STRUCTURAL,비데이터 행,,,unknown
825,9,HHI,EGP,JLZ8240430,E-1,3,2027-04-23 00:00:00,,5,20,,,,,실적,,45807,,,,,,,,,,,,,,,,,,F JK플랜트,8,4,,,,,,,,,,,,,,,,,,,,,,,,,,,,,,,,,,,,,,,,,,,,,,,,,,,,,,,,,,,,,,,,,,,,,,,,,,,,,,,,,,,,,,,,,,,,,,,,,,,,,,,,,,,,,,,,,,,,,,,,,,,,,,,,,,,,,,,,,,,,,,,,,,,,,,,,,,,,,,,,,,,,,,,,,,,,,,,,,,,,,,,,,,,,,,,,,,,,,,,,,,,,,,,,,,,,,,,,,,,,,,,,,,,,,,,,,,,,,,,,,,,,,,,,,,,,,,,,,,,,,,,,,,,,,,,,,,,,,,False,STRUCTURAL,비데이터 행,,,unknown
826,1,DEB,DS,여수복합 Exhaust,DUCT-2,1,2027-05-15 00:00:00,46114,1,100,,,,외부함석 없음,일자,미정,46044,46052,46055,46072,46085,46085,46104,46114,-,2026-04-10 00:00:00,46128,46129,46154,2026-05-13 00:00:00,46156,0.25,,,미정,4,5,,,계획,46044,,46052,,46055,,46072,,46073,,46085,,46086,,46114,,46115,,46122,,46125,,46128,,46129,,46154,,46155,,46156,,,발S,,,,,,,,,,,,,,,,,발F,가S,,,,,,,,,,,,가F,제S,-----,,-----,-----,-----,-----,-----,-----,,-----,-----,-----,-----,-----,-----,,-----,-----,-----,-----,-----,-----,,-----,-----,-----,-----,제F,도S,,,,,,,도F,,,조S,,,조F,상,,,,,,,,,,,,,,,,,,,,,,,,,검,포,출,,,,,,,,,,,,,,,,,,,,,,,,,,,,,,,,,,,,,,,,,,,,,,,,,,,,,,,,,,,,,,,,,,,,,,,,,,,,,,,,,,,,,,,,,,,,,,,,,,,,,,,,,,,,,,,,,,,,,,,,,,,,,,,,,,,,,,,,,,,,True,DATA_PLAN,,,,plan
826,2,DEB,DS,"여수복합 Exhaust, Platform",DUCT-2,1,2027-05-15 00:00:00,,1,100,,,,,실행,미정,45952,45943,45944,,,,,,,,,,,,,,,,미정,4,5,,,,,,,,,,,,,,,,,,,,,,,,,,,,,,,,,,,,,,,,,,,,,,,,,,,,,,,,,,,,,,,,,,,,,,,,,,,,,,,,,,,,,,,,,,,,,,,,,,,,,,,,,,,,,,,,,,,,,,,,,,,,,,,,,,,,,,,,,,,,,,,,,,,,,,,,,,,,,,,,,,,,,,,,,,,,,,,,,,,,,,,,,,,,,,,,,,,,,,,,,,,,,,,,,,,,,,,,,,,,,,,,,,,,,,,,,,,,,,,,,,,,,,,,,,,,,,,,,,,,,,,,,,,,,,,,,,,,,,True,DATA_ACTUAL,,,,actual
826,3,DEB,DS,"여수복합 Exhaust, Platform",DUCT-2,1,2027-05-15 00:00:00,,1,100,,,,35Ton,미정,미정,92,109,111,,,,,,-,,,,,,,,,,미정,4,5,,,실적,,45952,,45943,,45944,,0,,,,0,,,,0,,,,0,,,,0,,0,,0,,0,,0,,,,,,,,,,,,,,,,,,,,,,,,,,,,,,,,,,,,,,,,,,,,,,,,,,,,,,,,,,,,,,,,,,,,,,,,,,,,,,,,,,,,,,,,,,,,,,,,,,,,,,,,,,,,,,,,,,,,,,,,,,,,,,,,,,,,,,,,,,,,,,,,,,,,,,,,,,,,,,,,,,,,,,,,,,,,,,,,,,,,,,,,,,,,,,,,,,,,,,,,,,,,,,,,,,,,,,,,,,,,,,,,,,,,,,,,,,,,,,,,,,,False,STRUCTURAL,비데이터 행,,,unknown
826,4,DEB,DS,"여수복합 Exhaust, Platform",DUCT-2,1,2027-05-15 00:00:00,,1,100,,,,,취부,,0,,,,,,,,,,,,,,,,,,미정,4,5,,,LOAD,,,,,,,,,,,,,,,,,,,,,,,,,,,,,,,,,,,,,,,,,,,,,,,,,,,,,,,,,,,,,,,,,,,,,,,,,,,,,,,,,,,,,,,,,,,,,,,,,,,,,,,,,,,,,,,,,,,,,,,,,,,,,,,,,,,,,,,,,,,,,,,,,,,,,,,,,,,,,,,,,,,,,,,,,,,,,,,,,,,,,,,,,,,,,,,,,,,,,,,,,,,,,,,,,,,,,,,,,,,,,,,,,,,,,,,,,,,,,,,,,,,,,,,,,,,,,,,,,,,,,,,,,,,,,,,,,,,False,STRUCTURAL,비데이터 행,,,unknown
826,5,DEB,DS,"여수복합 Exhaust, Platform",DUCT-2,1,2027-05-15 00:00:00,,1,100,,,,,용접,,0,,,,,,,,,,,,,,,,,,미정,4,5,,,,,,,,,,,,,,,,,,,,,,,,,,,,,,,,,,,,,,,,,,,,,,,,,,,,,,,,,,,,,,,,,,,,,,,,,,,,,,,,,,,,,,,,,,,,,,,,,,,,,,,,,,,,,,,,,,,,,,,,,,,,,,,,,,,,,,,,,,,,,,,,,,,,,,,,,,,,,,,,,,,,,,,,,,,,,,,,,,,,,,,,,,,,,,,,,,,,,,,,,,,,,,,,,,,,,,,,,,,,,,,,,,,,,,,,,,,,,,,,,,,,,,,,,,,,,,,,,,,,,,,,,,,,,,,,,,,,,,False,STRUCTURAL,비데이터 행,,,unknown
826,6,DEB,DS,"여수복합 Exhaust, Platform",DUCT-2,1,2027-05-15 00:00:00,,1,100,,,,,조립,,0,,,,,,,,,,,,,,,,,,미정,4,5,,,,,,,,,,,,,,,,,,,,,,,,,,,,,,,,,,,,,,,,,,,,,,,,,,,,,,,,,,,,,,,,,,,,,,,,,,,,,,,,,,,,,,,,,,,,,,,,,,,,,,,,,,,,,,,,,,,,,,,,,,,,,,,,,,,,,,,,,,,,,,,,,,,,,,,,,,,,,,,,,,,,,,,,,,,,,,,,,,,,,,,,,,,,,,,,,,,,,,,,,,,,,,,,,,,,,,,,,,,,,,,,,,,,,,,,,,,,,,,,,,,,,,,,,,,,,,,,,,,,,,,,,,,,,,,,,,,,,,False,STRUCTURAL,비데이터 행,,,unknown
826,7,DEB,DS,"여수복합 Exhaust, Platform",DUCT-2,1,2027-05-15 00:00:00,,1,100,,,,,사상,,0,,,,,,,,,,,,,,,,,,미정,4,5,,,,,,,,,,,,,,,,,,,,,,,,,,,,,,,,,,,,,,,,,,,,,,,,,,,,,,,,,,,,,,,,,,,,,,,,,,,,,,,,,,,,,,,,,,,,,,,,,,,,,,,,,,,,,,,,,,,,,,,,,,,,,,,,,,,,,,,,,,,,,,,,,,,,,,,,,,,,,,,,,,,,,,,,,,,,,,,,,,,,,,,,,,,,,,,,,,,,,,,,,,,,,,,,,,,,,,,,,,,,,,,,,,,,,,,,,,,,,,,,,,,,,,,,,,,,,,,,,,,,,,,,,,,,,,,,,,,,,,False,STRUCTURAL,비데이터 행,,,unknown
826,9,DEB,DS,"여수복합 Exhaust, Platform",DUCT-2,1,2027-05-15 00:00:00,,1,100,,,,,실적,,,,,,,,,,,,,,,,,,,,미정,4,5,,,,,,,,,,,,,,,,,,,,,,,,,,,,,,,,,,,,,,,,,,,,,,,,,,,,,,,,,,,,,,,,,,,,,,,,,,,,,,,,,,,,,,,,,,,,,,,,,,,,,,,,,,,,,,,,,,,,,,,,,,,,,,,,,,,,,,,,,,,,,,,,,,,,,,,,,,,,,,,,,,,,,,,,,,,,,,,,,,,,,,,,,,,,,,,,,,,,,,,,,,,,,,,,,,,,,,,,,,,,,,,,,,,,,,,,,,,,,,,,,,,,,,,,,,,,,,,,,,,,,,,,,,,,,,,,,,,,,,False,STRUCTURAL,비데이터 행,,,unknown
827,1,HHI,EGP,"C22K #3,4",E-1,10,2027-05-19 00:00:00,46235,5,20,,,,,일자,F JK플랜트,46146,46155,46160,46178,46202,46202,46220,46235,-,2026-08-26 00:00:00,46271,46272,46274,2026-09-12 00:00:00,46279,0%,,,F JK플랜트,8,5,,,계획,46146,,46155,,46160,,46178,,46181,,46202,,46191,,46235,,46240,,46260,,46247,,46271,,46272,,46274,,46277,,46279,,,,,,,,,,,,,,,,,,,,,,,,,,,,,,,,,,,,,,,,,,,,,,,,,,,,,,,,,,,,,,,,,,,,,,,,,,,,,,,,,,,,,,,,,,,,,,D,,,,,,,,,K,,,,,발S,,,,,,,,,,,,,,,,,,발F,,,가S,,,,,,,,,,제S,-----,-----,-----,-----,-----,-----,-----,-----,-----,-----,가F,-----,-----,-----,-----,-----,-----,-----,-----,-----,-----,-----,-----,-----,-----,-----,-----,-----,-----,-----,-----,-----,-----,-----,-----,-----,-----,-----,-----,-----,-----,-----,-----,제F,,,,,도S,,,,,,,조S,,,,,,,,,,,,,도F,,,,,,,,,,,조F,상,,검,,,포,,출,,,,,,,,,,,,,,,,,True,DATA_PLAN,,,,plan
827,2,HHI,EGP,"C22K #3,4",E-1,10,2027-05-19 00:00:00,,5,20,,,,,실행,F JK플랜트,,,,,,,,,,,,,,,,,,,F JK플랜트,8,5,,,,,,,,,,,,,,,,,,,,,,,,,,,,,,,,,,,,,,,,,,,,,,,,,,,,,,,,,,,,,,,,,,,,,,,,,,,,,,,,,,,,,,,,,,,,,,,,,,,,,,,,,,,,,,,,,,,,,,,,,,,,,,,,,,,,,,,,,,,,,,,,,,,,,,,,,,,,,,,,,,,,,,,,,,,,,,,,,,,,,,,,,,,,,,,,,,,,,,,,,,,,,,,,,,,,,,,,,,,,,,,,,,,,,,,,,,,,,,,,,,,,,,,,,,,,,,,,,,,,,,,,,,,,,,,,,,,,,,True,DATA_ACTUAL,,,,actual
827,3,HHI,EGP,"C22K #3,4",E-1,10,2027-05-19 00:00:00,,5,20,,,,,F JK플랜트,F JK플랜트,,,,,,,,,-,,,,,,,,,,F JK플랜트,8,5,,,실적,,0,,0,,0,,0,,0,,0,,,,0,,,,0,,,,0,,0,,0,,0,,0,,,,,,,,,,,,,,,,,,,,,,,,,,,,,,,,,,,,,,,,,,,,,,,,,,,,,,,,,,,,,,,,,,,,,,,,,,,,,,,,,,,,,,,,,,,,,,,,,,,,,,,,,,,,,,,,,,,,,,,,,,,,,,,,,,,,,,,,,,,,,,,,,,,,,,,,,,,,,,,,,,,,,,,,,,,,,,,,,,,,,,,,,,,,,,,,,,,,,,,,,,,,,,,,,,,,,,,,,,,,,,,,,,,,,,,,,,,,,,,,,,,False,STRUCTURAL,비데이터 행,,,unknown
827,4,HHI,EGP,"C22K #3,4",E-1,10,2027-05-19 00:00:00,,5,20,,,,,취부,,0,,,,,,,,,,,,,,,,,,F JK플랜트,8,5,,,LOAD,,,,,,,,,,,,,,,,,,,,,,,,,,,,,,,,,,,,,,,,,,,,,,,,,,,,,,,,,,,,,,,,,,,,,,,,,,,,,,,,,,,,,,,,,,,,,,,,,,,,,,,,,,,,,,,,,,,,,,,,,,,,,,,,,,,,,,,,,,,,,,,,,,,,,,,,,,,,,,,,,,,,,,,,,,,,,,,,,,,,,,,,,,,,,,,,,,,,,,,,,,,,,,,,,,,,,,,,,,,,,,,,,,,,,,,,,,,,,,,,,,,,,,,,,,,,,,,,,,,,,,,,,,,,,,,,,,,False,STRUCTURAL,비데이터 행,,,unknown
827,5,HHI,EGP,"C22K #3,4",E-1,10,2027-05-19 00:00:00,,5,20,,,,,용접,,0,,,,,,,,,,,,,,,,,,F JK플랜트,8,5,,,,,,,,,,,,,,,,,,,,,,,,,,,,,,,,,,,,,,,,,,,,,,,,,,,,,,,,,,,,,,,,,,,,,,,,,,,,,,,,,,,,,,,,,,,,,,,,,,,,,,,,,,,,,,,,,,,,,,,,,,,,,,,,,,,,,,,,,,,,,,,,,,,,,,,,,,,,,,,,,,,,,,,,,,,,,,,,,,,,,,,,,,,,,,,,,,,,,,,,,,,,,,,,,,,,,,,,,,,,,,,,,,,,,,,,,,,,,,,,,,,,,,,,,,,,,,,,,,,,,,,,,,,,,,,,,,,,,,False,STRUCTURAL,비데이터 행,,,unknown
827,6,HHI,EGP,"C22K #3,4",E-1,10,2027-05-19 00:00:00,,5,20,,,,,조립,,0,,,,,,,,,,,,,,,,,,F JK플랜트,8,5,,,,,,,,,,,,,,,,,,,,,,,,,,,,,,,,,,,,,,,,,,,,,,,,,,,,,,,,,,,,,,,,,,,,,,,,,,,,,,,,,,,,,,,,,,,,,,,,,,,,,,,,,,,,,,,,,,,,,,,,,,,,,,,,,,,,,,,,,,,,,,,,,,,,,,,,,,,,,,,,,,,,,,,,,,,,,,,,,,,,,,,,,,,,,,,,,,,,,,,,,,,,,,,,,,,,,,,,,,,,,,,,,,,,,,,,,,,,,,,,,,,,,,,,,,,,,,,,,,,,,,,,,,,,,,,,,,,,,,False,STRUCTURAL,비데이터 행,,,unknown
827,7,HHI,EGP,"C22K #3,4",E-1,10,2027-05-19 00:00:00,,5,20,,,,,사상,,0,,,,,,,,,,,,,,,,,,F JK플랜트,8,5,,,,,,,,,,,,,,,,,,,,,,,,,,,,,,,,,,,,,,,,,,,,,,,,,,,,,,,,,,,,,,,,,,,,,,,,,,,,,,,,,,,,,,,,,,,,,,,,,,,,,,,,,,,,,,,,,,,,,,,,,,,,,,,,,,,,,,,,,,,,,,,,,,,,,,,,,,,,,,,,,,,,,,,,,,,,,,,,,,,,,,,,,,,,,,,,,,,,,,,,,,,,,,,,,,,,,,,,,,,,,,,,,,,,,,,,,,,,,,,,,,,,,,,,,,,,,,,,,,,,,,,,,,,,,,,,,,,,,,False,STRUCTURAL,비데이터 행,,,unknown
827,9,HHI,EGP,"C22K #3,4",E-1,10,2027-05-19 00:00:00,,5,20,,,,,실적,,45807,,,,,,,,,,,,,,,,,,F JK플랜트,8,5,,,,,,,,,,,,,,,,,,,,,,,,,,,,,,,,,,,,,,,,,,,,,,,,,,,,,,,,,,,,,,,,,,,,,,,,,,,,,,,,,,,,,,,,,,,,,,,,,,,,,,,,,,,,,,,,,,,,,,,,,,,,,,,,,,,,,,,,,,,,,,,,,,,,,,,,,,,,,,,,,,,,,,,,,,,,,,,,,,,,,,,,,,,,,,,,,,,,,,,,,,,,,,,,,,,,,,,,,,,,,,,,,,,,,,,,,,,,,,,,,,,,,,,,,,,,,,,,,,,,,,,,,,,,,,,,,,,,,,False,STRUCTURAL,비데이터 행,,,unknown
828,1,HHI,EGP,CHB2067 #2,E-1,5,2027-05-24 00:00:00,46235,5,20,,,,,일자,F JK플랜트,46146,46155,46160,46178,46202,46202,46220,46235,-,2026-08-26 00:00:00,46271,46272,46274,2026-09-12 00:00:00,46279,0%,,,F JK플랜트,8,5,,,계획,46146,,46155,,46160,,46178,,46181,,46202,,46191,,46235,,46240,,46260,,46247,,46271,,46272,,46274,,46277,,46279,,,,,,,,,,,,,,,,,,,,,,,,,,,,,,,,,,,,,,,,,,,,,,,,,,,,,,,,,,,,,,,,,,,,,,,,,,,,,,,,,,,,,,,,,,,,,,D,,,,,,,,,K,,,,,발S,,,,,,,,,,,,,,,,,,발F,,,가S,,,,,,,,,,제S,-----,-----,-----,-----,-----,-----,-----,-----,-----,-----,가F,-----,-----,-----,-----,-----,-----,-----,-----,-----,-----,-----,-----,-----,-----,-----,-----,-----,-----,-----,-----,-----,-----,-----,-----,-----,-----,-----,-----,-----,-----,-----,-----,제F,,,,,도S,,,,,,,조S,,,,,,,,,,,,,도F,,,,,,,,,,,조F,상,,검,,,포,,출,,,,,,,,,,,,,,,,,True,DATA_PLAN,,,,plan
828,2,HHI,EGP,CHB2067 #2,E-1,5,2027-05-24 00:00:00,,5,20,,,,,실행,F JK플랜트,,,,,,,,,,,,,,,,,,,F JK플랜트,8,5,,,,,,,,,,,,,,,,,,,,,,,,,,,,,,,,,,,,,,,,,,,,,,,,,,,,,,,,,,,,,,,,,,,,,,,,,,,,,,,,,,,,,,,,,,,,,,,,,,,,,,,,,,,,,,,,,,,,,,,,,,,,,,,,,,,,,,,,,,,,,,,,,,,,,,,,,,,,,,,,,,,,,,,,,,,,,,,,,,,,,,,,,,,,,,,,,,,,,,,,,,,,,,,,,,,,,,,,,,,,,,,,,,,,,,,,,,,,,,,,,,,,,,,,,,,,,,,,,,,,,,,,,,,,,,,,,,,,,,True,DATA_ACTUAL,,,,actual
828,3,HHI,EGP,CHB2067 #2,E-1,5,2027-05-24 00:00:00,,5,20,,,,,F JK플랜트,F JK플랜트,,,,,,,,,-,,,,,,,,,,F JK플랜트,8,5,,,실적,,0,,0,,0,,0,,0,,0,,,,0,,,,0,,,,0,,0,,0,,0,,0,,,,,,,,,,,,,,,,,,,,,,,,,,,,,,,,,,,,,,,,,,,,,,,,,,,,,,,,,,,,,,,,,,,,,,,,,,,,,,,,,,,,,,,,,,,,,,,,,,,,,,,,,,,,,,,,,,,,,,,,,,,,,,,,,,,,,,,,,,,,,,,,,,,,,,,,,,,,,,,,,,,,,,,,,,,,,,,,,,,,,,,,,,,,,,,,,,,,,,,,,,,,,,,,,,,,,,,,,,,,,,,,,,,,,,,,,,,,,,,,,,,False,STRUCTURAL,비데이터 행,,,unknown
828,4,HHI,EGP,CHB2067 #2,E-1,5,2027-05-24 00:00:00,,5,20,,,,,취부,,0,,,,,,,,,,,,,,,,,,F JK플랜트,8,5,,,LOAD,,,,,,,,,,,,,,,,,,,,,,,,,,,,,,,,,,,,,,,,,,,,,,,,,,,,,,,,,,,,,,,,,,,,,,,,,,,,,,,,,,,,,,,,,,,,,,,,,,,,,,,,,,,,,,,,,,,,,,,,,,,,,,,,,,,,,,,,,,,,,,,,,,,,,,,,,,,,,,,,,,,,,,,,,,,,,,,,,,,,,,,,,,,,,,,,,,,,,,,,,,,,,,,,,,,,,,,,,,,,,,,,,,,,,,,,,,,,,,,,,,,,,,,,,,,,,,,,,,,,,,,,,,,,,,,,,,,False,STRUCTURAL,비데이터 행,,,unknown
828,5,HHI,EGP,CHB2067 #2,E-1,5,2027-05-24 00:00:00,,5,20,,,,,용접,,0,,,,,,,,,,,,,,,,,,F JK플랜트,8,5,,,,,,,,,,,,,,,,,,,,,,,,,,,,,,,,,,,,,,,,,,,,,,,,,,,,,,,,,,,,,,,,,,,,,,,,,,,,,,,,,,,,,,,,,,,,,,,,,,,,,,,,,,,,,,,,,,,,,,,,,,,,,,,,,,,,,,,,,,,,,,,,,,,,,,,,,,,,,,,,,,,,,,,,,,,,,,,,,,,,,,,,,,,,,,,,,,,,,,,,,,,,,,,,,,,,,,,,,,,,,,,,,,,,,,,,,,,,,,,,,,,,,,,,,,,,,,,,,,,,,,,,,,,,,,,,,,,,,,False,STRUCTURAL,비데이터 행,,,unknown
828,6,HHI,EGP,CHB2067 #2,E-1,5,2027-05-24 00:00:00,,5,20,,,,,조립,,0,,,,,,,,,,,,,,,,,,F JK플랜트,8,5,,,,,,,,,,,,,,,,,,,,,,,,,,,,,,,,,,,,,,,,,,,,,,,,,,,,,,,,,,,,,,,,,,,,,,,,,,,,,,,,,,,,,,,,,,,,,,,,,,,,,,,,,,,,,,,,,,,,,,,,,,,,,,,,,,,,,,,,,,,,,,,,,,,,,,,,,,,,,,,,,,,,,,,,,,,,,,,,,,,,,,,,,,,,,,,,,,,,,,,,,,,,,,,,,,,,,,,,,,,,,,,,,,,,,,,,,,,,,,,,,,,,,,,,,,,,,,,,,,,,,,,,,,,,,,,,,,,,,,False,STRUCTURAL,비데이터 행,,,unknown
828,7,HHI,EGP,CHB2067 #2,E-1,5,2027-05-24 00:00:00,,5,20,,,,,사상,,0,,,,,,,,,,,,,,,,,,F JK플랜트,8,5,,,,,,,,,,,,,,,,,,,,,,,,,,,,,,,,,,,,,,,,,,,,,,,,,,,,,,,,,,,,,,,,,,,,,,,,,,,,,,,,,,,,,,,,,,,,,,,,,,,,,,,,,,,,,,,,,,,,,,,,,,,,,,,,,,,,,,,,,,,,,,,,,,,,,,,,,,,,,,,,,,,,,,,,,,,,,,,,,,,,,,,,,,,,,,,,,,,,,,,,,,,,,,,,,,,,,,,,,,,,,,,,,,,,,,,,,,,,,,,,,,,,,,,,,,,,,,,,,,,,,,,,,,,,,,,,,,,,,,False,STRUCTURAL,비데이터 행,,,unknown
828,9,HHI,EGP,CHB2067 #2,E-1,5,2027-05-24 00:00:00,,5,20,,,,,실적,,45807,,,,,,,,,,,,,,,,,,F JK플랜트,8,5,,,,,,,,,,,,,,,,,,,,,,,,,,,,,,,,,,,,,,,,,,,,,,,,,,,,,,,,,,,,,,,,,,,,,,,,,,,,,,,,,,,,,,,,,,,,,,,,,,,,,,,,,,,,,,,,,,,,,,,,,,,,,,,,,,,,,,,,,,,,,,,,,,,,,,,,,,,,,,,,,,,,,,,,,,,,,,,,,,,,,,,,,,,,,,,,,,,,,,,,,,,,,,,,,,,,,,,,,,,,,,,,,,,,,,,,,,,,,,,,,,,,,,,,,,,,,,,,,,,,,,,,,,,,,,,,,,,,,,False,STRUCTURAL,비데이터 행,,,unknown
829,1,HHI,EGP,CHB2068 #1,E-1,5,2027-05-24 00:00:00,46235,5,20,,,,,일자,F JK플랜트,46146,46155,46160,46178,46202,46202,46220,46235,-,2026-08-26 00:00:00,46271,46272,46274,2026-09-12 00:00:00,46279,0%,,,F JK플랜트,8,5,,,계획,46146,,46155,,46160,,46178,,46181,,46202,,46191,,46235,,46240,,46260,,46247,,46271,,46272,,46274,,46277,,46279,,,,,,,,,,,,,,,,,,,,,,,,,,,,,,,,,,,,,,,,,,,,,,,,,,,,,,,,,,,,,,,,,,,,,,,,,,,,,,,,,,,,,,,,,,,,,,D,,,,,,,,,K,,,,,발S,,,,,,,,,,,,,,,,,,발F,,,가S,,,,,,,,,,제S,-----,-----,-----,-----,-----,-----,-----,-----,-----,-----,가F,-----,-----,-----,-----,-----,-----,-----,-----,-----,-----,-----,-----,-----,-----,-----,-----,-----,-----,-----,-----,-----,-----,-----,-----,-----,-----,-----,-----,-----,-----,-----,-----,제F,,,,,도S,,,,,,,조S,,,,,,,,,,,,,도F,,,,,,,,,,,조F,상,,검,,,포,,출,,,,,,,,,,,,,,,,,True,DATA_PLAN,,,,plan
829,2,HHI,EGP,CHB2068 #1,E-1,5,2027-05-24 00:00:00,,5,20,,,,,실행,F JK플랜트,,,,,,,,,,,,,,,,,,,F JK플랜트,8,5,,,,,,,,,,,,,,,,,,,,,,,,,,,,,,,,,,,,,,,,,,,,,,,,,,,,,,,,,,,,,,,,,,,,,,,,,,,,,,,,,,,,,,,,,,,,,,,,,,,,,,,,,,,,,,,,,,,,,,,,,,,,,,,,,,,,,,,,,,,,,,,,,,,,,,,,,,,,,,,,,,,,,,,,,,,,,,,,,,,,,,,,,,,,,,,,,,,,,,,,,,,,,,,,,,,,,,,,,,,,,,,,,,,,,,,,,,,,,,,,,,,,,,,,,,,,,,,,,,,,,,,,,,,,,,,,,,,,,,True,DATA_ACTUAL,,,,actual
829,3,HHI,EGP,CHB2068 #1,E-1,5,2027-05-24 00:00:00,,5,20,,,,,F JK플랜트,F JK플랜트,,,,,,,,,-,,,,,,,,,,F JK플랜트,8,5,,,실적,,0,,0,,0,,0,,0,,0,,,,0,,,,0,,,,0,,0,,0,,0,,0,,,,,,,,,,,,,,,,,,,,,,,,,,,,,,,,,,,,,,,,,,,,,,,,,,,,,,,,,,,,,,,,,,,,,,,,,,,,,,,,,,,,,,,,,,,,,,,,,,,,,,,,,,,,,,,,,,,,,,,,,,,,,,,,,,,,,,,,,,,,,,,,,,,,,,,,,,,,,,,,,,,,,,,,,,,,,,,,,,,,,,,,,,,,,,,,,,,,,,,,,,,,,,,,,,,,,,,,,,,,,,,,,,,,,,,,,,,,,,,,,,,False,STRUCTURAL,비데이터 행,,,unknown
829,4,HHI,EGP,CHB2068 #1,E-1,5,2027-05-24 00:00:00,,5,20,,,,,취부,,0,,,,,,,,,,,,,,,,,,F JK플랜트,8,5,,,LOAD,,,,,,,,,,,,,,,,,,,,,,,,,,,,,,,,,,,,,,,,,,,,,,,,,,,,,,,,,,,,,,,,,,,,,,,,,,,,,,,,,,,,,,,,,,,,,,,,,,,,,,,,,,,,,,,,,,,,,,,,,,,,,,,,,,,,,,,,,,,,,,,,,,,,,,,,,,,,,,,,,,,,,,,,,,,,,,,,,,,,,,,,,,,,,,,,,,,,,,,,,,,,,,,,,,,,,,,,,,,,,,,,,,,,,,,,,,,,,,,,,,,,,,,,,,,,,,,,,,,,,,,,,,,,,,,,,,,False,STRUCTURAL,비데이터 행,,,unknown
829,5,HHI,EGP,CHB2068 #1,E-1,5,2027-05-24 00:00:00,,5,20,,,,,용접,,0,,,,,,,,,,,,,,,,,,F JK플랜트,8,5,,,,,,,,,,,,,,,,,,,,,,,,,,,,,,,,,,,,,,,,,,,,,,,,,,,,,,,,,,,,,,,,,,,,,,,,,,,,,,,,,,,,,,,,,,,,,,,,,,,,,,,,,,,,,,,,,,,,,,,,,,,,,,,,,,,,,,,,,,,,,,,,,,,,,,,,,,,,,,,,,,,,,,,,,,,,,,,,,,,,,,,,,,,,,,,,,,,,,,,,,,,,,,,,,,,,,,,,,,,,,,,,,,,,,,,,,,,,,,,,,,,,,,,,,,,,,,,,,,,,,,,,,,,,,,,,,,,,,,False,STRUCTURAL,비데이터 행,,,unknown
829,6,HHI,EGP,CHB2068 #1,E-1,5,2027-05-24 00:00:00,,5,20,,,,,조립,,0,,,,,,,,,,,,,,,,,,F JK플랜트,8,5,,,,,,,,,,,,,,,,,,,,,,,,,,,,,,,,,,,,,,,,,,,,,,,,,,,,,,,,,,,,,,,,,,,,,,,,,,,,,,,,,,,,,,,,,,,,,,,,,,,,,,,,,,,,,,,,,,,,,,,,,,,,,,,,,,,,,,,,,,,,,,,,,,,,,,,,,,,,,,,,,,,,,,,,,,,,,,,,,,,,,,,,,,,,,,,,,,,,,,,,,,,,,,,,,,,,,,,,,,,,,,,,,,,,,,,,,,,,,,,,,,,,,,,,,,,,,,,,,,,,,,,,,,,,,,,,,,,,,,False,STRUCTURAL,비데이터 행,,,unknown
829,7,HHI,EGP,CHB2068 #1,E-1,5,2027-05-24 00:00:00,,5,20,,,,,사상,,0,,,,,,,,,,,,,,,,,,F JK플랜트,8,5,,,,,,,,,,,,,,,,,,,,,,,,,,,,,,,,,,,,,,,,,,,,,,,,,,,,,,,,,,,,,,,,,,,,,,,,,,,,,,,,,,,,,,,,,,,,,,,,,,,,,,,,,,,,,,,,,,,,,,,,,,,,,,,,,,,,,,,,,,,,,,,,,,,,,,,,,,,,,,,,,,,,,,,,,,,,,,,,,,,,,,,,,,,,,,,,,,,,,,,,,,,,,,,,,,,,,,,,,,,,,,,,,,,,,,,,,,,,,,,,,,,,,,,,,,,,,,,,,,,,,,,,,,,,,,,,,,,,,,False,STRUCTURAL,비데이터 행,,,unknown
829,9,HHI,EGP,CHB2068 #1,E-1,5,2027-05-24 00:00:00,,5,20,,,,,실적,,45807,,,,,,,,,,,,,,,,,,F JK플랜트,8,5,,,,,,,,,,,,,,,,,,,,,,,,,,,,,,,,,,,,,,,,,,,,,,,,,,,,,,,,,,,,,,,,,,,,,,,,,,,,,,,,,,,,,,,,,,,,,,,,,,,,,,,,,,,,,,,,,,,,,,,,,,,,,,,,,,,,,,,,,,,,,,,,,,,,,,,,,,,,,,,,,,,,,,,,,,,,,,,,,,,,,,,,,,,,,,,,,,,,,,,,,,,,,,,,,,,,,,,,,,,,,,,,,,,,,,,,,,,,,,,,,,,,,,,,,,,,,,,,,,,,,,,,,,,,,,,,,,,,,,False,STRUCTURAL,비데이터 행,,,unknown
830,1,HHI,EGP,H2870,EGP-2,5,2027-05-28 00:00:00,46535,5,20,,,,"8H_2,7H_2,9H_1set",일자,F JK플랜트,,,,,,,,,-,,,,,,,0%,,,F JK플랜트,0xf,5,,,계획,,,,,,,,,,,,,,,,,,,,,,,,,,,,,,,,,,,,,,,,,,,,,,,,,,,,,,,,,,,,,,,,,,,,,,,,,,,,,,,,,,,,,,,,,,,,,,,,,,,,,,,,,,,,,,,,,,,,,,,,,,,,,,,,,,,,,,,,,,,,,,,,,,,,,,,,,,,,,,,,,,,,,,,,,,,,,,,,,,,,,,,,,,,,,,,,,,,,,,,,,,,,,,,,,,,,,,,,,,,,,,,,,,,,,,,,,,,,,,,,,,,,,,,,,,,,,,,,,,,,,,,,,,,,,,,,,,,True,DATA_PLAN,,,,plan
830,2,HHI,EGP,H2870,EGP-2,5,2027-05-28 00:00:00,,5,20,,,,27/8/10->5/30,실행,F JK플랜트,,,,,,,,,,,,,,,,,,,F JK플랜트,0xf,5,,,,,,,,,,,,,,,,,,,,,,,,,,,,,,,,,,,,,,,,,,,,,,,,,,,,,,,,,,,,,,,,,,,,,,,,,,,,,,,,,,,,,,,,,,,,,,,,,,,,,,,,,,,,,,,,,,,,,,,,,,,,,,,,,,,,,,,,,,,,,,,,,,,,,,,,,,,,,,,,,,,,,,,,,,,,,,,,,,,,,,,,,,,,,,,,,,,,,,,,,,,,,,,,,,,,,,,,,,,,,,,,,,,,,,,,,,,,,,,,,,,,,,,,,,,,,,,,,,,,,,,,,,,,,,,,,,,,,,True,DATA_ACTUAL,,,,actual
830,3,HHI,EGP,H2870,EGP-2,5,2027-05-28 00:00:00,,5,20,,,,,F JK플랜트,F JK플랜트,,,,,,,,,-,,,,,,,,,,F JK플랜트,0xf,5,,,실적,,0,,0,,0,,0,,,,0,,,,0,,,,0,,,,0,,0,,0,,0,,0,,,,,,,,,,,,,,,,,,,,,,,,,,,,,,,,,,,,,,,,,,,,,,,,,,,,,,,,,,,,,,,,,,,,,,,,,,,,,,,,,,,,,,,,,,,,,,,,,,,,,,,,,,,,,,,,,,,,,,,,,,,,,,,,,,,,,,,,,,,,,,,,,,,,,,,,,,,,,,,,,,,,,,,,,,,,,,,,,,,,,,,,,,,,,,,,,,,,,,,,,,,,,,,,,,,,,,,,,,,,,,,,,,,,,,,,,,,,,,,,,,,False,STRUCTURAL,비데이터 행,,,unknown
830,4,HHI,EGP,H2870,EGP-2,5,2027-05-28 00:00:00,,5,20,,,,,취부,,0,,,,,,,,,,,,,,,,,,F JK플랜트,0xf,5,,,LOAD,,,,,,,,,,,,,,,,,,,,,,,,,,,,,,,,,,,,,,,,,,,,,,,,,,,,,,,,,,,,,,,,,,,,,,,,,,,,,,,,,,,,,,,,,,,,,,,,,,,,,,,,,,,,,,,,,,,,,,,,,,,,,,,,,,,,,,,,,,,,,,,,,,,,,,,,,,,,,,,,,,,,,,,,,,,,,,,,,,,,,,,,,,,,,,,,,,,,,,,,,,,,,,,,,,,,,,,,,,,,,,,,,,,,,,,,,,,,,,,,,,,,,,,,,,,,,,,,,,,,,,,,,,,,,,,,,,,False,STRUCTURAL,비데이터 행,,,unknown
830,5,HHI,EGP,H2870,EGP-2,5,2027-05-28 00:00:00,,5,20,,,,,용접,,0,,,,,,,,,,,,,,,,,,F JK플랜트,0xf,5,,,,,,,,,,,,,,,,,,,,,,,,,,,,,,,,,,,,,,,,,,,,,,,,,,,,,,,,,,,,,,,,,,,,,,,,,,,,,,,,,,,,,,,,,,,,,,,,,,,,,,,,,,,,,,,,,,,,,,,,,,,,,,,,,,,,,,,,,,,,,,,,,,,,,,,,,,,,,,,,,,,,,,,,,,,,,,,,,,,,,,,,,,,,,,,,,,,,,,,,,,,,,,,,,,,,,,,,,,,,,,,,,,,,,,,,,,,,,,,,,,,,,,,,,,,,,,,,,,,,,,,,,,,,,,,,,,,,,,False,STRUCTURAL,비데이터 행,,,unknown
830,6,HHI,EGP,H2870,EGP-2,5,2027-05-28 00:00:00,,5,20,,,,,조립,,0,,,,,,,,,,,,,,,,,,F JK플랜트,0xf,5,,,,,,,,,,,,,,,,,,,,,,,,,,,,,,,,,,,,,,,,,,,,,,,,,,,,,,,,,,,,,,,,,,,,,,,,,,,,,,,,,,,,,,,,,,,,,,,,,,,,,,,,,,,,,,,,,,,,,,,,,,,,,,,,,,,,,,,,,,,,,,,,,,,,,,,,,,,,,,,,,,,,,,,,,,,,,,,,,,,,,,,,,,,,,,,,,,,,,,,,,,,,,,,,,,,,,,,,,,,,,,,,,,,,,,,,,,,,,,,,,,,,,,,,,,,,,,,,,,,,,,,,,,,,,,,,,,,,,,False,STRUCTURAL,비데이터 행,,,unknown
830,7,HHI,EGP,H2870,EGP-2,5,2027-05-28 00:00:00,,5,20,,,,,사상,,0,,,,,,,,,,,,,,,,,,F JK플랜트,0xf,5,,,,,,,,,,,,,,,,,,,,,,,,,,,,,,,,,,,,,,,,,,,,,,,,,,,,,,,,,,,,,,,,,,,,,,,,,,,,,,,,,,,,,,,,,,,,,,,,,,,,,,,,,,,,,,,,,,,,,,,,,,,,,,,,,,,,,,,,,,,,,,,,,,,,,,,,,,,,,,,,,,,,,,,,,,,,,,,,,,,,,,,,,,,,,,,,,,,,,,,,,,,,,,,,,,,,,,,,,,,,,,,,,,,,,,,,,,,,,,,,,,,,,,,,,,,,,,,,,,,,,,,,,,,,,,,,,,,,,,False,STRUCTURAL,비데이터 행,,,unknown
830,9,HHI,EGP,H2870,EGP-2,5,2027-05-28 00:00:00,,5,20,,,,,실적,,,,,,,,,,,,,,,,,,,,F JK플랜트,0xf,5,,,,,,,,,,,,,,,,,,,,,,,,,,,,,,,,,,,,,,,,,,,,,,,,,,,,,,,,,,,,,,,,,,,,,,,,,,,,,,,,,,,,,,,,,,,,,,,,,,,,,,,,,,,,,,,,,,,,,,,,,,,,,,,,,,,,,,,,,,,,,,,,,,,,,,,,,,,,,,,,,,,,,,,,,,,,,,,,,,,,,,,,,,,,,,,,,,,,,,,,,,,,,,,,,,,,,,,,,,,,,,,,,,,,,,,,,,,,,,,,,,,,,,,,,,,,,,,,,,,,,,,,,,,,,,,,,,,,,,False,STRUCTURAL,비데이터 행,,,unknown
831,1,HHI,GV,HMD8423,VS-2,2,2027-06-22 00:00:00,46560,1,30,,,,"MEGI, FGSS",일자,E 케이테크,,,,,,,,,-,,,,,,,0%,,,E 케이테크,0xf,6,,,계획,,,,,,,,,,,,,,,,,,,,,,,,,,,,,,,,,,,,,,,,,,,,,,,,,,,,,,,,,,,,,,,,,,,,,,,,,,,,,,,,,,,,,,,,,,,,,,,,,,,,,,,,,,,,,,,,,,,,,,,,,,,,,,,,,,,,,,,,,,,,,,,,,,,,,,,,,,,,,,,,,,,,,,,,,,,,,,,,,,,,,,,,,,,,,,,,,,,,,,,,,,,,,,,,,,,,,,,,,,,,,,,,,,,,,,,,,,,,,,,,,,,,,,,,,,,,,,,,,,,,,,,,,,,,,,,,,,,True,DATA_PLAN,,,,plan
831,2,HHI,GV,HMD8423,VS-2,2,2027-06-22 00:00:00,,1,30,,,,,실행,E 케이테크,,,,,,,,,,,,,,,,,,,E 케이테크,0xf,6,,,,,,,,,,,,,,,,,,,,,,,,,,,,,,,,,,,,,,,,,,,,,,,,,,,,,,,,,,,,,,,,,,,,,,,,,,,,,,,,,,,,,,,,,,,,,,,,,,,,,,,,,,,,,,,,,,,,,,,,,,,,,,,,,,,,,,,,,,,,,,,,,,,,,,,,,,,,,,,,,,,,,,,,,,,,,,,,,,,,,,,,,,,,,,,,,,,,,,,,,,,,,,,,,,,,,,,,,,,,,,,,,,,,,,,,,,,,,,,,,,,,,,,,,,,,,,,,,,,,,,,,,,,,,,,,,,,,,,True,DATA_ACTUAL,,,,actual
831,3,HHI,GV,HMD8423,VS-2,2,2027-06-22 00:00:00,,1,30,,,,,E 케이테크,E 케이테크,,,,,,,,,-,,,,,,,,,,E 케이테크,0xf,6,,,실적,,0,,0,,0,,0,,,,0,,,,0,,,,0,,,,0,,0,,0,,0,,0,,,,,,,,,,,,,,,,,,,,,,,,,,,,,,,,,,,,,,,,,,,,,,,,,,,,,,,,,,,,,,,,,,,,,,,,,,,,,,,,,,,,,,,,,,,,,,,,,,,,,,,,,,,,,,,,,,,,,,,,,,,,,,,,,,,,,,,,,,,,,,,,,,,,,,,,,,,,,,,,,,,,,,,,,,,,,,,,,,,,,,,,,,,,,,,,,,,,,,,,,,,,,,,,,,,,,,,,,,,,,,,,,,,,,,,,,,,,,,,,,,,False,STRUCTURAL,비데이터 행,,,unknown
831,4,HHI,GV,HMD8423,VS-2,2,2027-06-22 00:00:00,,1,30,,,,,취부,,0,,,,,,,,,,,,,,,,,,E 케이테크,0xf,6,,,LOAD,,,,,,,,,,,,,,,,,,,,,,,,,,,,,,,,,,,,,,,,,,,,,,,,,,,,,,,,,,,,,,,,,,,,,,,,,,,,,,,,,,,,,,,,,,,,,,,,,,,,,,,,,,,,,,,,,,,,,,,,,,,,,,,,,,,,,,,,,,,,,,,,,,,,,,,,,,,,,,,,,,,,,,,,,,,,,,,,,,,,,,,,,,,,,,,,,,,,,,,,,,,,,,,,,,,,,,,,,,,,,,,,,,,,,,,,,,,,,,,,,,,,,,,,,,,,,,,,,,,,,,,,,,,,,,,,,,,False,STRUCTURAL,비데이터 행,,,unknown
831,5,HHI,GV,HMD8423,VS-2,2,2027-06-22 00:00:00,,1,30,,,,,용접,,0,,,,,,,,,,,,,,,,,,E 케이테크,0xf,6,,,,,,,,,,,,,,,,,,,,,,,,,,,,,,,,,,,,,,,,,,,,,,,,,,,,,,,,,,,,,,,,,,,,,,,,,,,,,,,,,,,,,,,,,,,,,,,,,,,,,,,,,,,,,,,,,,,,,,,,,,,,,,,,,,,,,,,,,,,,,,,,,,,,,,,,,,,,,,,,,,,,,,,,,,,,,,,,,,,,,,,,,,,,,,,,,,,,,,,,,,,,,,,,,,,,,,,,,,,,,,,,,,,,,,,,,,,,,,,,,,,,,,,,,,,,,,,,,,,,,,,,,,,,,,,,,,,,,,False,STRUCTURAL,비데이터 행,,,unknown
831,6,HHI,GV,HMD8423,VS-2,2,2027-06-22 00:00:00,,1,30,,,,,조립,,0,,,,,,,,,,,,,,,,,,E 케이테크,0xf,6,,,,,,,,,,,,,,,,,,,,,,,,,,,,,,,,,,,,,,,,,,,,,,,,,,,,,,,,,,,,,,,,,,,,,,,,,,,,,,,,,,,,,,,,,,,,,,,,,,,,,,,,,,,,,,,,,,,,,,,,,,,,,,,,,,,,,,,,,,,,,,,,,,,,,,,,,,,,,,,,,,,,,,,,,,,,,,,,,,,,,,,,,,,,,,,,,,,,,,,,,,,,,,,,,,,,,,,,,,,,,,,,,,,,,,,,,,,,,,,,,,,,,,,,,,,,,,,,,,,,,,,,,,,,,,,,,,,,,,False,STRUCTURAL,비데이터 행,,,unknown
831,7,HHI,GV,HMD8423,VS-2,2,2027-06-22 00:00:00,,1,30,,,,,사상,,0,,,,,,,,,,,,,,,,,,E 케이테크,0xf,6,,,,,,,,,,,,,,,,,,,,,,,,,,,,,,,,,,,,,,,,,,,,,,,,,,,,,,,,,,,,,,,,,,,,,,,,,,,,,,,,,,,,,,,,,,,,,,,,,,,,,,,,,,,,,,,,,,,,,,,,,,,,,,,,,,,,,,,,,,,,,,,,,,,,,,,,,,,,,,,,,,,,,,,,,,,,,,,,,,,,,,,,,,,,,,,,,,,,,,,,,,,,,,,,,,,,,,,,,,,,,,,,,,,,,,,,,,,,,,,,,,,,,,,,,,,,,,,,,,,,,,,,,,,,,,,,,,,,,,False,STRUCTURAL,비데이터 행,,,unknown
831,9,HHI,GV,HMD8423,VS-2,2,2027-06-22 00:00:00,,1,30,,,,,실적,,,,,,,,,,,,,,,,,,,,E 케이테크,0xf,6,,,,,,,,,,,,,,,,,,,,,,,,,,,,,,,,,,,,,,,,,,,,,,,,,,,,,,,,,,,,,,,,,,,,,,,,,,,,,,,,,,,,,,,,,,,,,,,,,,,,,,,,,,,,,,,,,,,,,,,,,,,,,,,,,,,,,,,,,,,,,,,,,,,,,,,,,,,,,,,,,,,,,,,,,,,,,,,,,,,,,,,,,,,,,,,,,,,,,,,,,,,,,,,,,,,,,,,,,,,,,,,,,,,,,,,,,,,,,,,,,,,,,,,,,,,,,,,,,,,,,,,,,,,,,,,,,,,,,,False,STRUCTURAL,비데이터 행,,,unknown
832,1,HHI,EGP,CHB2055,EGP-2,5,2027-06-25 00:00:00,46155,5,20,,,,"6H_1,9H_4",일자,F JK플랜트,46099,46106,46107,46121,46132,46132,46147,46155,-,2026-05-21 00:00:00,46184,46185,46188,2026-06-16 00:00:00,46190,0%,,,F JK플랜트,5,6,,,계획,46099,,46106,,46107,,46121,,46122,,46132,,46133,,46155,,46160,,46163,,46162,,46184,,46185,,46188,,46189,,46190,,,,,,,,,,,,,,,,,,,,,,,,,,,,,,,,,,,,,,,,,,,,,,,D,,,,,,,K,발S,,,,,,,,,,,,,,발F,가S,,,,,,,,,,가F,제S,-----,-----,-----,-----,-----,-----,-----,-----,-----,-----,-----,-----,-----,-----,-----,-----,-----,-----,-----,-----,-----,제F,,,,,도S,,조S,도F,,,,,,,,,,,,,,,,,,,,,조F,상,,,검,포,출,,,,,,,,,,,,,,,,,,,,,,,,,,,,,,,,,,,,,,,,,,,,,,,,,,,,,,,,,,,,,,,,,,,,,,,,,,,,,,,,,,,,,,,,,,,,,,,,,,,,,,,,,,True,DATA_PLAN,,,,plan
832,2,HHI,EGP,CHB2055,EGP-2,5,2027-06-25 00:00:00,,5,20,,,,,실행,F JK플랜트,,,,,,,,,,,,,,,,,,,F JK플랜트,5,6,,,,,,,,,,,,,,,,,,,,,,,,,,,,,,,,,,,,,,,,,,,,,,,,,,,,,,,,,,,,,,,,,,,,,,,,,,,,,,,,,,,,,,,,,,,,,,,,,,,,,,,,,,,,,,,,,,,,,,,,,,,,,,,,,,,,,,,,,,,,,,,,,,,,,,,,,,,,,,,,,,,,,,,,,,,,,,,,,,,,,,,,,,,,,,,,,,,,,,,,,,,,,,,,,,,,,,,,,,,,,,,,,,,,,,,,,,,,,,,,,,,,,,,,,,,,,,,,,,,,,,,,,,,,,,,,,,,,,,True,DATA_ACTUAL,,,,actual
832,3,HHI,EGP,CHB2055,EGP-2,5,2027-06-25 00:00:00,,5,20,,,,,F JK플랜트,F JK플랜트,,,,,,,,,-,,,,,,,,,,F JK플랜트,5,6,,,실적,,0,,0,,0,,0,,,,0,,,,0,,,,0,,,,0,,0,,0,,0,,0,,,,,,,,,,,,,,,,,,,,,,,,,,,,,,,,,,,,,,,,,,,,,,,,,,,,,,,,,,,,,,,,,,,,,,,,,,,,,,,,,,,,,,,,,,,,,,,,,,,,,,,,,,,,,,,,,,,,,,,,,,,,,,,,,,,,,,,,,,,,,,,,,,,,,,,,,,,,,,,,,,,,,,,,,,,,,,,,,,,,,,,,,,,,,,,,,,,,,,,,,,,,,,,,,,,,,,,,,,,,,,,,,,,,,,,,,,,,,,,,,,,False,STRUCTURAL,비데이터 행,,,unknown
832,4,HHI,EGP,CHB2055,EGP-2,5,2027-06-25 00:00:00,,5,20,,,,,취부,,0,,,,,,,,,,,,,,,,,,F JK플랜트,5,6,,,LOAD,,,,,,,,,,,,,,,,,,,,,,,,,,,,,,,,,,,,,,,,,,,,,,,,,,,,,,,,,,,,,,,,,,,,,,,,,,,,,,,,,,,,,,,,,,,,,,,,,,,,,,,,,,,,,,,,,,,,,,,,,,,,,,,,,,,,,,,,,,,,,,,,,,,,,,,,,,,,,,,,,,,,,,,,,,,,,,,,,,,,,,,,,,,,,,,,,,,,,,,,,,,,,,,,,,,,,,,,,,,,,,,,,,,,,,,,,,,,,,,,,,,,,,,,,,,,,,,,,,,,,,,,,,,,,,,,,,,False,STRUCTURAL,비데이터 행,,,unknown
832,5,HHI,EGP,CHB2055,EGP-2,5,2027-06-25 00:00:00,,5,20,,,,,용접,,0,,,,,,,,,,,,,,,,,,F JK플랜트,5,6,,,,,,,,,,,,,,,,,,,,,,,,,,,,,,,,,,,,,,,,,,,,,,,,,,,,,,,,,,,,,,,,,,,,,,,,,,,,,,,,,,,,,,,,,,,,,,,,,,,,,,,,,,,,,,,,,,,,,,,,,,,,,,,,,,,,,,,,,,,,,,,,,,,,,,,,,,,,,,,,,,,,,,,,,,,,,,,,,,,,,,,,,,,,,,,,,,,,,,,,,,,,,,,,,,,,,,,,,,,,,,,,,,,,,,,,,,,,,,,,,,,,,,,,,,,,,,,,,,,,,,,,,,,,,,,,,,,,,,False,STRUCTURAL,비데이터 행,,,unknown
832,6,HHI,EGP,CHB2055,EGP-2,5,2027-06-25 00:00:00,,5,20,,,,,조립,,0,,,,,,,,,,,,,,,,,,F JK플랜트,5,6,,,,,,,,,,,,,,,,,,,,,,,,,,,,,,,,,,,,,,,,,,,,,,,,,,,,,,,,,,,,,,,,,,,,,,,,,,,,,,,,,,,,,,,,,,,,,,,,,,,,,,,,,,,,,,,,,,,,,,,,,,,,,,,,,,,,,,,,,,,,,,,,,,,,,,,,,,,,,,,,,,,,,,,,,,,,,,,,,,,,,,,,,,,,,,,,,,,,,,,,,,,,,,,,,,,,,,,,,,,,,,,,,,,,,,,,,,,,,,,,,,,,,,,,,,,,,,,,,,,,,,,,,,,,,,,,,,,,,,False,STRUCTURAL,비데이터 행,,,unknown
832,7,HHI,EGP,CHB2055,EGP-2,5,2027-06-25 00:00:00,,5,20,,,,,사상,,0,,,,,,,,,,,,,,,,,,F JK플랜트,5,6,,,,,,,,,,,,,,,,,,,,,,,,,,,,,,,,,,,,,,,,,,,,,,,,,,,,,,,,,,,,,,,,,,,,,,,,,,,,,,,,,,,,,,,,,,,,,,,,,,,,,,,,,,,,,,,,,,,,,,,,,,,,,,,,,,,,,,,,,,,,,,,,,,,,,,,,,,,,,,,,,,,,,,,,,,,,,,,,,,,,,,,,,,,,,,,,,,,,,,,,,,,,,,,,,,,,,,,,,,,,,,,,,,,,,,,,,,,,,,,,,,,,,,,,,,,,,,,,,,,,,,,,,,,,,,,,,,,,,,False,STRUCTURAL,비데이터 행,,,unknown
832,9,HHI,EGP,CHB2055,EGP-2,5,2027-06-25 00:00:00,,5,20,,,,,실적,,,,,,,,,,,,,,,,,,,,F JK플랜트,5,6,,,,,,,,,,,,,,,,,,,,,,,,,,,,,,,,,,,,,,,,,,,,,,,,,,,,,,,,,,,,,,,,,,,,,,,,,,,,,,,,,,,,,,,,,,,,,,,,,,,,,,,,,,,,,,,,,,,,,,,,,,,,,,,,,,,,,,,,,,,,,,,,,,,,,,,,,,,,,,,,,,,,,,,,,,,,,,,,,,,,,,,,,,,,,,,,,,,,,,,,,,,,,,,,,,,,,,,,,,,,,,,,,,,,,,,,,,,,,,,,,,,,,,,,,,,,,,,,,,,,,,,,,,,,,,,,,,,,,,False,STRUCTURAL,비데이터 행,,,unknown
833,1,HHI,EGP,JLZ8240431,E-1,3,2027-06-25 00:00:00,46235,5,20,,,,,일자,F JK플랜트,46146,46155,46160,46178,46202,46202,46220,46235,-,2026-08-26 00:00:00,46271,46272,46274,2026-09-12 00:00:00,46279,0%,,,F JK플랜트,8,6,,,계획,46146,,46155,,46160,,46178,,46181,,46202,,46191,,46235,,46240,,46260,,46247,,46271,,46272,,46274,,46277,,46279,,,,,,,,,,,,,,,,,,,,,,,,,,,,,,,,,,,,,,,,,,,,,,,,,,,,,,,,,,,,,,,,,,,,,,,,,,,,,,,,,,,,,,,,,,,,,,D,,,,,,,,,K,,,,,발S,,,,,,,,,,,,,,,,,,발F,,,가S,,,,,,,,,,제S,-----,-----,-----,-----,-----,-----,-----,-----,-----,-----,가F,-----,-----,-----,-----,-----,-----,-----,-----,-----,-----,-----,-----,-----,-----,-----,-----,-----,-----,-----,-----,-----,-----,-----,-----,-----,-----,-----,-----,-----,-----,-----,-----,제F,,,,,도S,,,,,,,조S,,,,,,,,,,,,,도F,,,,,,,,,,,조F,상,,검,,,포,,출,,,,,,,,,,,,,,,,,True,DATA_PLAN,,,,plan
833,2,HHI,EGP,JLZ8240431,E-1,3,2027-06-25 00:00:00,,5,20,,,,,실행,F JK플랜트,,,,,,,,,,,,,,,,,,,F JK플랜트,8,6,,,,,,,,,,,,,,,,,,,,,,,,,,,,,,,,,,,,,,,,,,,,,,,,,,,,,,,,,,,,,,,,,,,,,,,,,,,,,,,,,,,,,,,,,,,,,,,,,,,,,,,,,,,,,,,,,,,,,,,,,,,,,,,,,,,,,,,,,,,,,,,,,,,,,,,,,,,,,,,,,,,,,,,,,,,,,,,,,,,,,,,,,,,,,,,,,,,,,,,,,,,,,,,,,,,,,,,,,,,,,,,,,,,,,,,,,,,,,,,,,,,,,,,,,,,,,,,,,,,,,,,,,,,,,,,,,,,,,,True,DATA_ACTUAL,,,,actual
833,3,HHI,EGP,JLZ8240431,E-1,3,2027-06-25 00:00:00,,5,20,,,,,F JK플랜트,F JK플랜트,,,,,,,,,-,,,,,,,,,,F JK플랜트,8,6,,,실적,,0,,0,,0,,0,,0,,0,,,,0,,,,0,,,,0,,0,,0,,0,,0,,,,,,,,,,,,,,,,,,,,,,,,,,,,,,,,,,,,,,,,,,,,,,,,,,,,,,,,,,,,,,,,,,,,,,,,,,,,,,,,,,,,,,,,,,,,,,,,,,,,,,,,,,,,,,,,,,,,,,,,,,,,,,,,,,,,,,,,,,,,,,,,,,,,,,,,,,,,,,,,,,,,,,,,,,,,,,,,,,,,,,,,,,,,,,,,,,,,,,,,,,,,,,,,,,,,,,,,,,,,,,,,,,,,,,,,,,,,,,,,,,,False,STRUCTURAL,비데이터 행,,,unknown
833,4,HHI,EGP,JLZ8240431,E-1,3,2027-06-25 00:00:00,,5,20,,,,,취부,,0,,,,,,,,,,,,,,,,,,F JK플랜트,8,6,,,LOAD,,,,,,,,,,,,,,,,,,,,,,,,,,,,,,,,,,,,,,,,,,,,,,,,,,,,,,,,,,,,,,,,,,,,,,,,,,,,,,,,,,,,,,,,,,,,,,,,,,,,,,,,,,,,,,,,,,,,,,,,,,,,,,,,,,,,,,,,,,,,,,,,,,,,,,,,,,,,,,,,,,,,,,,,,,,,,,,,,,,,,,,,,,,,,,,,,,,,,,,,,,,,,,,,,,,,,,,,,,,,,,,,,,,,,,,,,,,,,,,,,,,,,,,,,,,,,,,,,,,,,,,,,,,,,,,,,,,False,STRUCTURAL,비데이터 행,,,unknown
833,5,HHI,EGP,JLZ8240431,E-1,3,2027-06-25 00:00:00,,5,20,,,,,용접,,0,,,,,,,,,,,,,,,,,,F JK플랜트,8,6,,,,,,,,,,,,,,,,,,,,,,,,,,,,,,,,,,,,,,,,,,,,,,,,,,,,,,,,,,,,,,,,,,,,,,,,,,,,,,,,,,,,,,,,,,,,,,,,,,,,,,,,,,,,,,,,,,,,,,,,,,,,,,,,,,,,,,,,,,,,,,,,,,,,,,,,,,,,,,,,,,,,,,,,,,,,,,,,,,,,,,,,,,,,,,,,,,,,,,,,,,,,,,,,,,,,,,,,,,,,,,,,,,,,,,,,,,,,,,,,,,,,,,,,,,,,,,,,,,,,,,,,,,,,,,,,,,,,,,False,STRUCTURAL,비데이터 행,,,unknown
833,6,HHI,EGP,JLZ8240431,E-1,3,2027-06-25 00:00:00,,5,20,,,,,조립,,0,,,,,,,,,,,,,,,,,,F JK플랜트,8,6,,,,,,,,,,,,,,,,,,,,,,,,,,,,,,,,,,,,,,,,,,,,,,,,,,,,,,,,,,,,,,,,,,,,,,,,,,,,,,,,,,,,,,,,,,,,,,,,,,,,,,,,,,,,,,,,,,,,,,,,,,,,,,,,,,,,,,,,,,,,,,,,,,,,,,,,,,,,,,,,,,,,,,,,,,,,,,,,,,,,,,,,,,,,,,,,,,,,,,,,,,,,,,,,,,,,,,,,,,,,,,,,,,,,,,,,,,,,,,,,,,,,,,,,,,,,,,,,,,,,,,,,,,,,,,,,,,,,,,False,STRUCTURAL,비데이터 행,,,unknown
833,7,HHI,EGP,JLZ8240431,E-1,3,2027-06-25 00:00:00,,5,20,,,,,사상,,0,,,,,,,,,,,,,,,,,,F JK플랜트,8,6,,,,,,,,,,,,,,,,,,,,,,,,,,,,,,,,,,,,,,,,,,,,,,,,,,,,,,,,,,,,,,,,,,,,,,,,,,,,,,,,,,,,,,,,,,,,,,,,,,,,,,,,,,,,,,,,,,,,,,,,,,,,,,,,,,,,,,,,,,,,,,,,,,,,,,,,,,,,,,,,,,,,,,,,,,,,,,,,,,,,,,,,,,,,,,,,,,,,,,,,,,,,,,,,,,,,,,,,,,,,,,,,,,,,,,,,,,,,,,,,,,,,,,,,,,,,,,,,,,,,,,,,,,,,,,,,,,,,,,False,STRUCTURAL,비데이터 행,,,unknown
833,9,HHI,EGP,JLZ8240431,E-1,3,2027-06-25 00:00:00,,5,20,,,,,실적,,45807,,,,,,,,,,,,,,,,,,F JK플랜트,8,6,,,,,,,,,,,,,,,,,,,,,,,,,,,,,,,,,,,,,,,,,,,,,,,,,,,,,,,,,,,,,,,,,,,,,,,,,,,,,,,,,,,,,,,,,,,,,,,,,,,,,,,,,,,,,,,,,,,,,,,,,,,,,,,,,,,,,,,,,,,,,,,,,,,,,,,,,,,,,,,,,,,,,,,,,,,,,,,,,,,,,,,,,,,,,,,,,,,,,,,,,,,,,,,,,,,,,,,,,,,,,,,,,,,,,,,,,,,,,,,,,,,,,,,,,,,,,,,,,,,,,,,,,,,,,,,,,,,,,,False,STRUCTURAL,비데이터 행,,,unknown
834,1,DEB,VS,여수 A/Icing,VS-5,1,2027-06-30 00:00:00,,4,30,,,,,일자,미정,,,,,,,,,-,,,,,,,0%,,,미정,0xf,6,,,계획,,,,,,,,,,,,,,,,,,,,,,,,,,,,,,,,,,,,,,,,,,,,,,,,,,,,,,,,,,,,,,,,,,,,,,,,,,,,,,,,,,,,,,,,,,,,,,,,,,,,,,,,,,,,,,,,,,,,,,,,,,,,,,,,,,,,,,,,,,,,,,,,,,,,,,,,,,,,,,,,,,,,,,,,,,,,,,,,,,,,,,,,,,,,,,,,,,,,,,,,,,,,,,,,,,,,,,,,,,,,,,,,,,,,,,,,,,,,,,,,,,,,,,,,,,,,,,,,,,,,,,,,,,,,,,,,,,,True,DATA_PLAN,,,,plan
834,2,DEB,VS,여수 A/Icing,VS-5,1,2027-06-30 00:00:00,,4,30,,,,,실행,미정,,,,,,,,,,,,,,,,,,,미정,0xf,6,,,,,,,,,,,,,,,,,,,,,,,,,,,,,,,,,,,,,,,,,,,,,,,,,,,,,,,,,,,,,,,,,,,,,,,,,,,,,,,,,,,,,,,,,,,,,,,,,,,,,,,,,,,,,,,,,,,,,,,,,,,,,,,,,,,,,,,,,,,,,,,,,,,,,,,,,,,,,,,,,,,,,,,,,,,,,,,,,,,,,,,,,,,,,,,,,,,,,,,,,,,,,,,,,,,,,,,,,,,,,,,,,,,,,,,,,,,,,,,,,,,,,,,,,,,,,,,,,,,,,,,,,,,,,,,,,,,,,,True,DATA_ACTUAL,,,,actual
834,3,DEB,VS,여수 A/Icing,VS-5,1,2027-06-30 00:00:00,,4,30,,,,,미정,미정,,,,,,,,,-,,,,,,,,,,미정,0xf,6,,,실적,,0,,0,,0,,0,,,,0,,,,0,,,,0,,,,0,,0,,0,,0,,0,,,,,,,,,,,,,,,,,,,,,,,,,,,,,,,,,,,,,,,,,,,,,,,,,,,,,,,,,,,,,,,,,,,,,,,,,,,,,,,,,,,,,,,,,,,,,,,,,,,,,,,,,,,,,,,,,,,,,,,,,,,,,,,,,,,,,,,,,,,,,,,,,,,,,,,,,,,,,,,,,,,,,,,,,,,,,,,,,,,,,,,,,,,,,,,,,,,,,,,,,,,,,,,,,,,,,,,,,,,,,,,,,,,,,,,,,,,,,,,,,,,False,STRUCTURAL,비데이터 행,,,unknown
834,4,DEB,VS,여수 A/Icing,VS-5,1,2027-06-30 00:00:00,,4,30,,,,,취부,,0,,,,,,,,,,,,,,,,,,미정,0xf,6,,,LOAD,,,,,,,,,,,,,,,,,,,,,,,,,,,,,,,,,,,,,,,,,,,,,,,,,,,,,,,,,,,,,,,,,,,,,,,,,,,,,,,,,,,,,,,,,,,,,,,,,,,,,,,,,,,,,,,,,,,,,,,,,,,,,,,,,,,,,,,,,,,,,,,,,,,,,,,,,,,,,,,,,,,,,,,,,,,,,,,,,,,,,,,,,,,,,,,,,,,,,,,,,,,,,,,,,,,,,,,,,,,,,,,,,,,,,,,,,,,,,,,,,,,,,,,,,,,,,,,,,,,,,,,,,,,,,,,,,,,False,STRUCTURAL,비데이터 행,,,unknown
834,5,DEB,VS,여수 A/Icing,VS-5,1,2027-06-30 00:00:00,,4,30,,,,,용접,,0,,,,,,,,,,,,,,,,,,미정,0xf,6,,,,,,,,,,,,,,,,,,,,,,,,,,,,,,,,,,,,,,,,,,,,,,,,,,,,,,,,,,,,,,,,,,,,,,,,,,,,,,,,,,,,,,,,,,,,,,,,,,,,,,,,,,,,,,,,,,,,,,,,,,,,,,,,,,,,,,,,,,,,,,,,,,,,,,,,,,,,,,,,,,,,,,,,,,,,,,,,,,,,,,,,,,,,,,,,,,,,,,,,,,,,,,,,,,,,,,,,,,,,,,,,,,,,,,,,,,,,,,,,,,,,,,,,,,,,,,,,,,,,,,,,,,,,,,,,,,,,,,False,STRUCTURAL,비데이터 행,,,unknown
834,6,DEB,VS,여수 A/Icing,VS-5,1,2027-06-30 00:00:00,,4,30,,,,,조립,,0,,,,,,,,,,,,,,,,,,미정,0xf,6,,,,,,,,,,,,,,,,,,,,,,,,,,,,,,,,,,,,,,,,,,,,,,,,,,,,,,,,,,,,,,,,,,,,,,,,,,,,,,,,,,,,,,,,,,,,,,,,,,,,,,,,,,,,,,,,,,,,,,,,,,,,,,,,,,,,,,,,,,,,,,,,,,,,,,,,,,,,,,,,,,,,,,,,,,,,,,,,,,,,,,,,,,,,,,,,,,,,,,,,,,,,,,,,,,,,,,,,,,,,,,,,,,,,,,,,,,,,,,,,,,,,,,,,,,,,,,,,,,,,,,,,,,,,,,,,,,,,,,False,STRUCTURAL,비데이터 행,,,unknown
834,7,DEB,VS,여수 A/Icing,VS-5,1,2027-06-30 00:00:00,,4,30,,,,,사상,,0,,,,,,,,,,,,,,,,,,미정,0xf,6,,,,,,,,,,,,,,,,,,,,,,,,,,,,,,,,,,,,,,,,,,,,,,,,,,,,,,,,,,,,,,,,,,,,,,,,,,,,,,,,,,,,,,,,,,,,,,,,,,,,,,,,,,,,,,,,,,,,,,,,,,,,,,,,,,,,,,,,,,,,,,,,,,,,,,,,,,,,,,,,,,,,,,,,,,,,,,,,,,,,,,,,,,,,,,,,,,,,,,,,,,,,,,,,,,,,,,,,,,,,,,,,,,,,,,,,,,,,,,,,,,,,,,,,,,,,,,,,,,,,,,,,,,,,,,,,,,,,,,False,STRUCTURAL,비데이터 행,,,unknown
834,9,DEB,VS,여수 A/Icing,VS-5,1,2027-06-30 00:00:00,,4,30,,,,,실적,,,,,,,,,,,,,,,,,,,,미정,0xf,6,,,,,,,,,,,,,,,,,,,,,,,,,,,,,,,,,,,,,,,,,,,,,,,,,,,,,,,,,,,,,,,,,,,,,,,,,,,,,,,,,,,,,,,,,,,,,,,,,,,,,,,,,,,,,,,,,,,,,,,,,,,,,,,,,,,,,,,,,,,,,,,,,,,,,,,,,,,,,,,,,,,,,,,,,,,,,,,,,,,,,,,,,,,,,,,,,,,,,,,,,,,,,,,,,,,,,,,,,,,,,,,,,,,,,,,,,,,,,,,,,,,,,,,,,,,,,,,,,,,,,,,,,,,,,,,,,,,,,,False,STRUCTURAL,비데이터 행,,,unknown
835,1,BHI,VS,여수 Anti Icing,VS-5,1,2027-06-30 00:00:00,46568,4,30,,,,,일자,미정,,,,,,,,,-,,,,,,,0%,,,미정,0xf,6,,,계획,,,,,,,,,,,,,,,,,,,,,,,,,,,,,,,,,,,,,,,,,,,,,,,,,,,,,,,,,,,,,,,,,,,,,,,,,,,,,,,,,,,,,,,,,,,,,,,,,,,,,,,,,,,,,,,,,,,,,,,,,,,,,,,,,,,,,,,,,,,,,,,,,,,,,,,,,,,,,,,,,,,,,,,,,,,,,,,,,,,,,,,,,,,,,,,,,,,,,,,,,,,,,,,,,,,,,,,,,,,,,,,,,,,,,,,,,,,,,,,,,,,,,,,,,,,,,,,,,,,,,,,,,,,,,,,,,,,True,DATA_PLAN,,,,plan
835,2,BHI,VS,여수 Anti Icing,VS-5,1,2027-06-30 00:00:00,,4,30,,,,,실행,미정,,,,,,,,,,,,,,,,,,,미정,0xf,6,,,,,,,,,,,,,,,,,,,,,,,,,,,,,,,,,,,,,,,,,,,,,,,,,,,,,,,,,,,,,,,,,,,,,,,,,,,,,,,,,,,,,,,,,,,,,,,,,,,,,,,,,,,,,,,,,,,,,,,,,,,,,,,,,,,,,,,,,,,,,,,,,,,,,,,,,,,,,,,,,,,,,,,,,,,,,,,,,,,,,,,,,,,,,,,,,,,,,,,,,,,,,,,,,,,,,,,,,,,,,,,,,,,,,,,,,,,,,,,,,,,,,,,,,,,,,,,,,,,,,,,,,,,,,,,,,,,,,,True,DATA_ACTUAL,,,,actual
835,3,BHI,VS,여수 Anti Icing,VS-5,1,2027-06-30 00:00:00,,4,30,,,,,미정,미정,,,,,,,,,-,,,,,,,,,,미정,0xf,6,,,실적,,0,,0,,0,,0,,,,0,,,,0,,,,0,,,,0,,0,,0,,0,,0,,,,,,,,,,,,,,,,,,,,,,,,,,,,,,,,,,,,,,,,,,,,,,,,,,,,,,,,,,,,,,,,,,,,,,,,,,,,,,,,,,,,,,,,,,,,,,,,,,,,,,,,,,,,,,,,,,,,,,,,,,,,,,,,,,,,,,,,,,,,,,,,,,,,,,,,,,,,,,,,,,,,,,,,,,,,,,,,,,,,,,,,,,,,,,,,,,,,,,,,,,,,,,,,,,,,,,,,,,,,,,,,,,,,,,,,,,,,,,,,,,,False,STRUCTURAL,비데이터 행,,,unknown
835,4,BHI,VS,여수 Anti Icing,VS-5,1,2027-06-30 00:00:00,,4,30,,,,,취부,,0,,,,,,,,,,,,,,,,,,미정,0xf,6,,,LOAD,,,,,,,,,,,,,,,,,,,,,,,,,,,,,,,,,,,,,,,,,,,,,,,,,,,,,,,,,,,,,,,,,,,,,,,,,,,,,,,,,,,,,,,,,,,,,,,,,,,,,,,,,,,,,,,,,,,,,,,,,,,,,,,,,,,,,,,,,,,,,,,,,,,,,,,,,,,,,,,,,,,,,,,,,,,,,,,,,,,,,,,,,,,,,,,,,,,,,,,,,,,,,,,,,,,,,,,,,,,,,,,,,,,,,,,,,,,,,,,,,,,,,,,,,,,,,,,,,,,,,,,,,,,,,,,,,,,False,STRUCTURAL,비데이터 행,,,unknown
835,5,BHI,VS,여수 Anti Icing,VS-5,1,2027-06-30 00:00:00,,4,30,,,,,용접,,0,,,,,,,,,,,,,,,,,,미정,0xf,6,,,,,,,,,,,,,,,,,,,,,,,,,,,,,,,,,,,,,,,,,,,,,,,,,,,,,,,,,,,,,,,,,,,,,,,,,,,,,,,,,,,,,,,,,,,,,,,,,,,,,,,,,,,,,,,,,,,,,,,,,,,,,,,,,,,,,,,,,,,,,,,,,,,,,,,,,,,,,,,,,,,,,,,,,,,,,,,,,,,,,,,,,,,,,,,,,,,,,,,,,,,,,,,,,,,,,,,,,,,,,,,,,,,,,,,,,,,,,,,,,,,,,,,,,,,,,,,,,,,,,,,,,,,,,,,,,,,,,,False,STRUCTURAL,비데이터 행,,,unknown
835,6,BHI,VS,여수 Anti Icing,VS-5,1,2027-06-30 00:00:00,,4,30,,,,,조립,,0,,,,,,,,,,,,,,,,,,미정,0xf,6,,,,,,,,,,,,,,,,,,,,,,,,,,,,,,,,,,,,,,,,,,,,,,,,,,,,,,,,,,,,,,,,,,,,,,,,,,,,,,,,,,,,,,,,,,,,,,,,,,,,,,,,,,,,,,,,,,,,,,,,,,,,,,,,,,,,,,,,,,,,,,,,,,,,,,,,,,,,,,,,,,,,,,,,,,,,,,,,,,,,,,,,,,,,,,,,,,,,,,,,,,,,,,,,,,,,,,,,,,,,,,,,,,,,,,,,,,,,,,,,,,,,,,,,,,,,,,,,,,,,,,,,,,,,,,,,,,,,,,False,STRUCTURAL,비데이터 행,,,unknown
835,7,BHI,VS,여수 Anti Icing,VS-5,1,2027-06-30 00:00:00,,4,30,,,,,사상,,0,,,,,,,,,,,,,,,,,,미정,0xf,6,,,,,,,,,,,,,,,,,,,,,,,,,,,,,,,,,,,,,,,,,,,,,,,,,,,,,,,,,,,,,,,,,,,,,,,,,,,,,,,,,,,,,,,,,,,,,,,,,,,,,,,,,,,,,,,,,,,,,,,,,,,,,,,,,,,,,,,,,,,,,,,,,,,,,,,,,,,,,,,,,,,,,,,,,,,,,,,,,,,,,,,,,,,,,,,,,,,,,,,,,,,,,,,,,,,,,,,,,,,,,,,,,,,,,,,,,,,,,,,,,,,,,,,,,,,,,,,,,,,,,,,,,,,,,,,,,,,,,,False,STRUCTURAL,비데이터 행,,,unknown
835,9,BHI,VS,여수 Anti Icing,VS-5,1,2027-06-30 00:00:00,,4,30,,,,,실적,,,,,,,,,,,,,,,,,,,,미정,0xf,6,,,,,,,,,,,,,,,,,,,,,,,,,,,,,,,,,,,,,,,,,,,,,,,,,,,,,,,,,,,,,,,,,,,,,,,,,,,,,,,,,,,,,,,,,,,,,,,,,,,,,,,,,,,,,,,,,,,,,,,,,,,,,,,,,,,,,,,,,,,,,,,,,,,,,,,,,,,,,,,,,,,,,,,,,,,,,,,,,,,,,,,,,,,,,,,,,,,,,,,,,,,,,,,,,,,,,,,,,,,,,,,,,,,,,,,,,,,,,,,,,,,,,,,,,,,,,,,,,,,,,,,,,,,,,,,,,,,,,,False,STRUCTURAL,비데이터 행,,,unknown
836,1,BHI,VS,수원 EPC,VS-5,2,2027-07-01 00:00:00,46569,4,30,,,,,일자,미정,,,,,,,,,-,,,,,,,0%,,,미정,0xf,7,,,계획,,,,,,,,,,,,,,,,,,,,,,,,,,,,,,,,,,,,,,,,,,,,,,,,,,,,,,,,,,,,,,,,,,,,,,,,,,,,,,,,,,,,,,,,,,,,,,,,,,,,,,,,,,,,,,,,,,,,,,,,,,,,,,,,,,,,,,,,,,,,,,,,,,,,,,,,,,,,,,,,,,,,,,,,,,,,,,,,,,,,,,,,,,,,,,,,,,,,,,,,,,,,,,,,,,,,,,,,,,,,,,,,,,,,,,,,,,,,,,,,,,,,,,,,,,,,,,,,,,,,,,,,,,,,,,,,,,,True,DATA_PLAN,,,,plan
836,2,BHI,VS,수원 EPC,VS-5,2,2027-07-01 00:00:00,,4,30,,,,,실행,미정,,,,,,,,,,,,,,,,,,,미정,0xf,7,,,,,,,,,,,,,,,,,,,,,,,,,,,,,,,,,,,,,,,,,,,,,,,,,,,,,,,,,,,,,,,,,,,,,,,,,,,,,,,,,,,,,,,,,,,,,,,,,,,,,,,,,,,,,,,,,,,,,,,,,,,,,,,,,,,,,,,,,,,,,,,,,,,,,,,,,,,,,,,,,,,,,,,,,,,,,,,,,,,,,,,,,,,,,,,,,,,,,,,,,,,,,,,,,,,,,,,,,,,,,,,,,,,,,,,,,,,,,,,,,,,,,,,,,,,,,,,,,,,,,,,,,,,,,,,,,,,,,,True,DATA_ACTUAL,,,,actual
836,3,BHI,VS,수원 EPC,VS-5,2,2027-07-01 00:00:00,,4,30,,,,,미정,미정,,,,,,,,,-,,,,,,,,,,미정,0xf,7,,,실적,,0,,0,,0,,0,,,,0,,,,0,,,,0,,,,0,,0,,0,,0,,0,,,,,,,,,,,,,,,,,,,,,,,,,,,,,,,,,,,,,,,,,,,,,,,,,,,,,,,,,,,,,,,,,,,,,,,,,,,,,,,,,,,,,,,,,,,,,,,,,,,,,,,,,,,,,,,,,,,,,,,,,,,,,,,,,,,,,,,,,,,,,,,,,,,,,,,,,,,,,,,,,,,,,,,,,,,,,,,,,,,,,,,,,,,,,,,,,,,,,,,,,,,,,,,,,,,,,,,,,,,,,,,,,,,,,,,,,,,,,,,,,,,False,STRUCTURAL,비데이터 행,,,unknown
836,4,BHI,VS,수원 EPC,VS-5,2,2027-07-01 00:00:00,,4,30,,,,,취부,,0,,,,,,,,,,,,,,,,,,미정,0xf,7,,,LOAD,,,,,,,,,,,,,,,,,,,,,,,,,,,,,,,,,,,,,,,,,,,,,,,,,,,,,,,,,,,,,,,,,,,,,,,,,,,,,,,,,,,,,,,,,,,,,,,,,,,,,,,,,,,,,,,,,,,,,,,,,,,,,,,,,,,,,,,,,,,,,,,,,,,,,,,,,,,,,,,,,,,,,,,,,,,,,,,,,,,,,,,,,,,,,,,,,,,,,,,,,,,,,,,,,,,,,,,,,,,,,,,,,,,,,,,,,,,,,,,,,,,,,,,,,,,,,,,,,,,,,,,,,,,,,,,,,,,False,STRUCTURAL,비데이터 행,,,unknown
836,5,BHI,VS,수원 EPC,VS-5,2,2027-07-01 00:00:00,,4,30,,,,,용접,,0,,,,,,,,,,,,,,,,,,미정,0xf,7,,,,,,,,,,,,,,,,,,,,,,,,,,,,,,,,,,,,,,,,,,,,,,,,,,,,,,,,,,,,,,,,,,,,,,,,,,,,,,,,,,,,,,,,,,,,,,,,,,,,,,,,,,,,,,,,,,,,,,,,,,,,,,,,,,,,,,,,,,,,,,,,,,,,,,,,,,,,,,,,,,,,,,,,,,,,,,,,,,,,,,,,,,,,,,,,,,,,,,,,,,,,,,,,,,,,,,,,,,,,,,,,,,,,,,,,,,,,,,,,,,,,,,,,,,,,,,,,,,,,,,,,,,,,,,,,,,,,,,False,STRUCTURAL,비데이터 행,,,unknown
836,6,BHI,VS,수원 EPC,VS-5,2,2027-07-01 00:00:00,,4,30,,,,,조립,,0,,,,,,,,,,,,,,,,,,미정,0xf,7,,,,,,,,,,,,,,,,,,,,,,,,,,,,,,,,,,,,,,,,,,,,,,,,,,,,,,,,,,,,,,,,,,,,,,,,,,,,,,,,,,,,,,,,,,,,,,,,,,,,,,,,,,,,,,,,,,,,,,,,,,,,,,,,,,,,,,,,,,,,,,,,,,,,,,,,,,,,,,,,,,,,,,,,,,,,,,,,,,,,,,,,,,,,,,,,,,,,,,,,,,,,,,,,,,,,,,,,,,,,,,,,,,,,,,,,,,,,,,,,,,,,,,,,,,,,,,,,,,,,,,,,,,,,,,,,,,,,,,False,STRUCTURAL,비데이터 행,,,unknown
836,7,BHI,VS,수원 EPC,VS-5,2,2027-07-01 00:00:00,,4,30,,,,,사상,,0,,,,,,,,,,,,,,,,,,미정,0xf,7,,,,,,,,,,,,,,,,,,,,,,,,,,,,,,,,,,,,,,,,,,,,,,,,,,,,,,,,,,,,,,,,,,,,,,,,,,,,,,,,,,,,,,,,,,,,,,,,,,,,,,,,,,,,,,,,,,,,,,,,,,,,,,,,,,,,,,,,,,,,,,,,,,,,,,,,,,,,,,,,,,,,,,,,,,,,,,,,,,,,,,,,,,,,,,,,,,,,,,,,,,,,,,,,,,,,,,,,,,,,,,,,,,,,,,,,,,,,,,,,,,,,,,,,,,,,,,,,,,,,,,,,,,,,,,,,,,,,,,False,STRUCTURAL,비데이터 행,,,unknown
836,9,BHI,VS,수원 EPC,VS-5,2,2027-07-01 00:00:00,,4,30,,,,,실적,,,,,,,,,,,,,,,,,,,,미정,0xf,7,,,,,,,,,,,,,,,,,,,,,,,,,,,,,,,,,,,,,,,,,,,,,,,,,,,,,,,,,,,,,,,,,,,,,,,,,,,,,,,,,,,,,,,,,,,,,,,,,,,,,,,,,,,,,,,,,,,,,,,,,,,,,,,,,,,,,,,,,,,,,,,,,,,,,,,,,,,,,,,,,,,,,,,,,,,,,,,,,,,,,,,,,,,,,,,,,,,,,,,,,,,,,,,,,,,,,,,,,,,,,,,,,,,,,,,,,,,,,,,,,,,,,,,,,,,,,,,,,,,,,,,,,,,,,,,,,,,,,,False,STRUCTURAL,비데이터 행,,,unknown
837,1,HHI,EGP,CHB2067 #3,E-1,5,2027-07-20 00:00:00,46235,5,20,,,,,일자,F JK플랜트,46146,46155,46160,46178,46202,46202,46220,46235,-,2026-08-26 00:00:00,46271,46272,46274,2026-09-12 00:00:00,46279,0%,,,F JK플랜트,8,7,,,계획,46146,,46155,,46160,,46178,,46181,,46202,,46191,,46235,,46240,,46260,,46247,,46271,,46272,,46274,,46277,,46279,,,,,,,,,,,,,,,,,,,,,,,,,,,,,,,,,,,,,,,,,,,,,,,,,,,,,,,,,,,,,,,,,,,,,,,,,,,,,,,,,,,,,,,,,,,,,,D,,,,,,,,,K,,,,,발S,,,,,,,,,,,,,,,,,,발F,,,가S,,,,,,,,,,제S,-----,-----,-----,-----,-----,-----,-----,-----,-----,-----,가F,-----,-----,-----,-----,-----,-----,-----,-----,-----,-----,-----,-----,-----,-----,-----,-----,-----,-----,-----,-----,-----,-----,-----,-----,-----,-----,-----,-----,-----,-----,-----,-----,제F,,,,,도S,,,,,,,조S,,,,,,,,,,,,,도F,,,,,,,,,,,조F,상,,검,,,포,,출,,,,,,,,,,,,,,,,,True,DATA_PLAN,,,,plan
837,2,HHI,EGP,CHB2067 #3,E-1,5,2027-07-20 00:00:00,,5,20,,,,,실행,F JK플랜트,,,,,,,,,,,,,,,,,,,F JK플랜트,8,7,,,,,,,,,,,,,,,,,,,,,,,,,,,,,,,,,,,,,,,,,,,,,,,,,,,,,,,,,,,,,,,,,,,,,,,,,,,,,,,,,,,,,,,,,,,,,,,,,,,,,,,,,,,,,,,,,,,,,,,,,,,,,,,,,,,,,,,,,,,,,,,,,,,,,,,,,,,,,,,,,,,,,,,,,,,,,,,,,,,,,,,,,,,,,,,,,,,,,,,,,,,,,,,,,,,,,,,,,,,,,,,,,,,,,,,,,,,,,,,,,,,,,,,,,,,,,,,,,,,,,,,,,,,,,,,,,,,,,,True,DATA_ACTUAL,,,,actual
837,3,HHI,EGP,CHB2067 #3,E-1,5,2027-07-20 00:00:00,,5,20,,,,,F JK플랜트,F JK플랜트,,,,,,,,,-,,,,,,,,,,F JK플랜트,8,7,,,실적,,0,,0,,0,,0,,0,,0,,,,0,,,,0,,,,0,,0,,0,,0,,0,,,,,,,,,,,,,,,,,,,,,,,,,,,,,,,,,,,,,,,,,,,,,,,,,,,,,,,,,,,,,,,,,,,,,,,,,,,,,,,,,,,,,,,,,,,,,,,,,,,,,,,,,,,,,,,,,,,,,,,,,,,,,,,,,,,,,,,,,,,,,,,,,,,,,,,,,,,,,,,,,,,,,,,,,,,,,,,,,,,,,,,,,,,,,,,,,,,,,,,,,,,,,,,,,,,,,,,,,,,,,,,,,,,,,,,,,,,,,,,,,,,False,STRUCTURAL,비데이터 행,,,unknown
837,4,HHI,EGP,CHB2067 #3,E-1,5,2027-07-20 00:00:00,,5,20,,,,,취부,,0,,,,,,,,,,,,,,,,,,F JK플랜트,8,7,,,LOAD,,,,,,,,,,,,,,,,,,,,,,,,,,,,,,,,,,,,,,,,,,,,,,,,,,,,,,,,,,,,,,,,,,,,,,,,,,,,,,,,,,,,,,,,,,,,,,,,,,,,,,,,,,,,,,,,,,,,,,,,,,,,,,,,,,,,,,,,,,,,,,,,,,,,,,,,,,,,,,,,,,,,,,,,,,,,,,,,,,,,,,,,,,,,,,,,,,,,,,,,,,,,,,,,,,,,,,,,,,,,,,,,,,,,,,,,,,,,,,,,,,,,,,,,,,,,,,,,,,,,,,,,,,,,,,,,,,,False,STRUCTURAL,비데이터 행,,,unknown
837,5,HHI,EGP,CHB2067 #3,E-1,5,2027-07-20 00:00:00,,5,20,,,,,용접,,0,,,,,,,,,,,,,,,,,,F JK플랜트,8,7,,,,,,,,,,,,,,,,,,,,,,,,,,,,,,,,,,,,,,,,,,,,,,,,,,,,,,,,,,,,,,,,,,,,,,,,,,,,,,,,,,,,,,,,,,,,,,,,,,,,,,,,,,,,,,,,,,,,,,,,,,,,,,,,,,,,,,,,,,,,,,,,,,,,,,,,,,,,,,,,,,,,,,,,,,,,,,,,,,,,,,,,,,,,,,,,,,,,,,,,,,,,,,,,,,,,,,,,,,,,,,,,,,,,,,,,,,,,,,,,,,,,,,,,,,,,,,,,,,,,,,,,,,,,,,,,,,,,,,False,STRUCTURAL,비데이터 행,,,unknown
837,6,HHI,EGP,CHB2067 #3,E-1,5,2027-07-20 00:00:00,,5,20,,,,,조립,,0,,,,,,,,,,,,,,,,,,F JK플랜트,8,7,,,,,,,,,,,,,,,,,,,,,,,,,,,,,,,,,,,,,,,,,,,,,,,,,,,,,,,,,,,,,,,,,,,,,,,,,,,,,,,,,,,,,,,,,,,,,,,,,,,,,,,,,,,,,,,,,,,,,,,,,,,,,,,,,,,,,,,,,,,,,,,,,,,,,,,,,,,,,,,,,,,,,,,,,,,,,,,,,,,,,,,,,,,,,,,,,,,,,,,,,,,,,,,,,,,,,,,,,,,,,,,,,,,,,,,,,,,,,,,,,,,,,,,,,,,,,,,,,,,,,,,,,,,,,,,,,,,,,,False,STRUCTURAL,비데이터 행,,,unknown
837,7,HHI,EGP,CHB2067 #3,E-1,5,2027-07-20 00:00:00,,5,20,,,,,사상,,0,,,,,,,,,,,,,,,,,,F JK플랜트,8,7,,,,,,,,,,,,,,,,,,,,,,,,,,,,,,,,,,,,,,,,,,,,,,,,,,,,,,,,,,,,,,,,,,,,,,,,,,,,,,,,,,,,,,,,,,,,,,,,,,,,,,,,,,,,,,,,,,,,,,,,,,,,,,,,,,,,,,,,,,,,,,,,,,,,,,,,,,,,,,,,,,,,,,,,,,,,,,,,,,,,,,,,,,,,,,,,,,,,,,,,,,,,,,,,,,,,,,,,,,,,,,,,,,,,,,,,,,,,,,,,,,,,,,,,,,,,,,,,,,,,,,,,,,,,,,,,,,,,,,False,STRUCTURAL,비데이터 행,,,unknown
837,9,HHI,EGP,CHB2067 #3,E-1,5,2027-07-20 00:00:00,,5,20,,,,,실적,,45807,,,,,,,,,,,,,,,,,,F JK플랜트,8,7,,,,,,,,,,,,,,,,,,,,,,,,,,,,,,,,,,,,,,,,,,,,,,,,,,,,,,,,,,,,,,,,,,,,,,,,,,,,,,,,,,,,,,,,,,,,,,,,,,,,,,,,,,,,,,,,,,,,,,,,,,,,,,,,,,,,,,,,,,,,,,,,,,,,,,,,,,,,,,,,,,,,,,,,,,,,,,,,,,,,,,,,,,,,,,,,,,,,,,,,,,,,,,,,,,,,,,,,,,,,,,,,,,,,,,,,,,,,,,,,,,,,,,,,,,,,,,,,,,,,,,,,,,,,,,,,,,,,,,False,STRUCTURAL,비데이터 행,,,unknown
838,1,HHI,EGP,CHB2068 #2,E-1,5,2027-07-20 00:00:00,46235,5,20,,,,,일자,F JK플랜트,46146,46155,46160,46178,46202,46202,46220,46235,-,2026-08-26 00:00:00,46271,46272,46274,2026-09-12 00:00:00,46279,0%,,,F JK플랜트,8,7,,,계획,46146,,46155,,46160,,46178,,46181,,46202,,46191,,46235,,46240,,46260,,46247,,46271,,46272,,46274,,46277,,46279,,,,,,,,,,,,,,,,,,,,,,,,,,,,,,,,,,,,,,,,,,,,,,,,,,,,,,,,,,,,,,,,,,,,,,,,,,,,,,,,,,,,,,,,,,,,,,D,,,,,,,,,K,,,,,발S,,,,,,,,,,,,,,,,,,발F,,,가S,,,,,,,,,,제S,-----,-----,-----,-----,-----,-----,-----,-----,-----,-----,가F,-----,-----,-----,-----,-----,-----,-----,-----,-----,-----,-----,-----,-----,-----,-----,-----,-----,-----,-----,-----,-----,-----,-----,-----,-----,-----,-----,-----,-----,-----,-----,-----,제F,,,,,도S,,,,,,,조S,,,,,,,,,,,,,도F,,,,,,,,,,,조F,상,,검,,,포,,출,,,,,,,,,,,,,,,,,True,DATA_PLAN,,,,plan
838,2,HHI,EGP,CHB2068 #2,E-1,5,2027-07-20 00:00:00,,5,20,,,,,실행,F JK플랜트,,,,,,,,,,,,,,,,,,,F JK플랜트,8,7,,,,,,,,,,,,,,,,,,,,,,,,,,,,,,,,,,,,,,,,,,,,,,,,,,,,,,,,,,,,,,,,,,,,,,,,,,,,,,,,,,,,,,,,,,,,,,,,,,,,,,,,,,,,,,,,,,,,,,,,,,,,,,,,,,,,,,,,,,,,,,,,,,,,,,,,,,,,,,,,,,,,,,,,,,,,,,,,,,,,,,,,,,,,,,,,,,,,,,,,,,,,,,,,,,,,,,,,,,,,,,,,,,,,,,,,,,,,,,,,,,,,,,,,,,,,,,,,,,,,,,,,,,,,,,,,,,,,,,True,DATA_ACTUAL,,,,actual
838,3,HHI,EGP,CHB2068 #2,E-1,5,2027-07-20 00:00:00,,5,20,,,,,F JK플랜트,F JK플랜트,,,,,,,,,-,,,,,,,,,,F JK플랜트,8,7,,,실적,,0,,0,,0,,0,,0,,0,,,,0,,,,0,,,,0,,0,,0,,0,,0,,,,,,,,,,,,,,,,,,,,,,,,,,,,,,,,,,,,,,,,,,,,,,,,,,,,,,,,,,,,,,,,,,,,,,,,,,,,,,,,,,,,,,,,,,,,,,,,,,,,,,,,,,,,,,,,,,,,,,,,,,,,,,,,,,,,,,,,,,,,,,,,,,,,,,,,,,,,,,,,,,,,,,,,,,,,,,,,,,,,,,,,,,,,,,,,,,,,,,,,,,,,,,,,,,,,,,,,,,,,,,,,,,,,,,,,,,,,,,,,,,,False,STRUCTURAL,비데이터 행,,,unknown
838,4,HHI,EGP,CHB2068 #2,E-1,5,2027-07-20 00:00:00,,5,20,,,,,취부,,0,,,,,,,,,,,,,,,,,,F JK플랜트,8,7,,,LOAD,,,,,,,,,,,,,,,,,,,,,,,,,,,,,,,,,,,,,,,,,,,,,,,,,,,,,,,,,,,,,,,,,,,,,,,,,,,,,,,,,,,,,,,,,,,,,,,,,,,,,,,,,,,,,,,,,,,,,,,,,,,,,,,,,,,,,,,,,,,,,,,,,,,,,,,,,,,,,,,,,,,,,,,,,,,,,,,,,,,,,,,,,,,,,,,,,,,,,,,,,,,,,,,,,,,,,,,,,,,,,,,,,,,,,,,,,,,,,,,,,,,,,,,,,,,,,,,,,,,,,,,,,,,,,,,,,,,False,STRUCTURAL,비데이터 행,,,unknown
838,5,HHI,EGP,CHB2068 #2,E-1,5,2027-07-20 00:00:00,,5,20,,,,,용접,,0,,,,,,,,,,,,,,,,,,F JK플랜트,8,7,,,,,,,,,,,,,,,,,,,,,,,,,,,,,,,,,,,,,,,,,,,,,,,,,,,,,,,,,,,,,,,,,,,,,,,,,,,,,,,,,,,,,,,,,,,,,,,,,,,,,,,,,,,,,,,,,,,,,,,,,,,,,,,,,,,,,,,,,,,,,,,,,,,,,,,,,,,,,,,,,,,,,,,,,,,,,,,,,,,,,,,,,,,,,,,,,,,,,,,,,,,,,,,,,,,,,,,,,,,,,,,,,,,,,,,,,,,,,,,,,,,,,,,,,,,,,,,,,,,,,,,,,,,,,,,,,,,,,,False,STRUCTURAL,비데이터 행,,,unknown
838,6,HHI,EGP,CHB2068 #2,E-1,5,2027-07-20 00:00:00,,5,20,,,,,조립,,0,,,,,,,,,,,,,,,,,,F JK플랜트,8,7,,,,,,,,,,,,,,,,,,,,,,,,,,,,,,,,,,,,,,,,,,,,,,,,,,,,,,,,,,,,,,,,,,,,,,,,,,,,,,,,,,,,,,,,,,,,,,,,,,,,,,,,,,,,,,,,,,,,,,,,,,,,,,,,,,,,,,,,,,,,,,,,,,,,,,,,,,,,,,,,,,,,,,,,,,,,,,,,,,,,,,,,,,,,,,,,,,,,,,,,,,,,,,,,,,,,,,,,,,,,,,,,,,,,,,,,,,,,,,,,,,,,,,,,,,,,,,,,,,,,,,,,,,,,,,,,,,,,,,False,STRUCTURAL,비데이터 행,,,unknown
838,7,HHI,EGP,CHB2068 #2,E-1,5,2027-07-20 00:00:00,,5,20,,,,,사상,,0,,,,,,,,,,,,,,,,,,F JK플랜트,8,7,,,,,,,,,,,,,,,,,,,,,,,,,,,,,,,,,,,,,,,,,,,,,,,,,,,,,,,,,,,,,,,,,,,,,,,,,,,,,,,,,,,,,,,,,,,,,,,,,,,,,,,,,,,,,,,,,,,,,,,,,,,,,,,,,,,,,,,,,,,,,,,,,,,,,,,,,,,,,,,,,,,,,,,,,,,,,,,,,,,,,,,,,,,,,,,,,,,,,,,,,,,,,,,,,,,,,,,,,,,,,,,,,,,,,,,,,,,,,,,,,,,,,,,,,,,,,,,,,,,,,,,,,,,,,,,,,,,,,,False,STRUCTURAL,비데이터 행,,,unknown
838,9,HHI,EGP,CHB2068 #2,E-1,5,2027-07-20 00:00:00,,5,20,,,,,실적,,45807,,,,,,,,,,,,,,,,,,F JK플랜트,8,7,,,,,,,,,,,,,,,,,,,,,,,,,,,,,,,,,,,,,,,,,,,,,,,,,,,,,,,,,,,,,,,,,,,,,,,,,,,,,,,,,,,,,,,,,,,,,,,,,,,,,,,,,,,,,,,,,,,,,,,,,,,,,,,,,,,,,,,,,,,,,,,,,,,,,,,,,,,,,,,,,,,,,,,,,,,,,,,,,,,,,,,,,,,,,,,,,,,,,,,,,,,,,,,,,,,,,,,,,,,,,,,,,,,,,,,,,,,,,,,,,,,,,,,,,,,,,,,,,,,,,,,,,,,,,,,,,,,,,,False,STRUCTURAL,비데이터 행,,,unknown
839,1,DEB,DS,여수 Inlet Duct,DUCT-2,1,2027-07-31 00:00:00,46599,1,100,,,,,일자,미정,,,,,,,,,-,,,,,,,0%,,,미정,0xf,7,,,계획,,,,,,,,,,,,,,,,,,,,,,,,,,,,,,,,,,,,,,,,,,,,,,,,,,,,,,,,,,,,,,,,,,,,,,,,,,,,,,,,,,,,,,,,,,,,,,,,,,,,,,,,,,,,,,,,,,,,,,,,,,,,,,,,,,,,,,,,,,,,,,,,,,,,,,,,,,,,,,,,,,,,,,,,,,,,,,,,,,,,,,,,,,,,,,,,,,,,,,,,,,,,,,,,,,,,,,,,,,,,,,,,,,,,,,,,,,,,,,,,,,,,,,,,,,,,,,,,,,,,,,,,,,,,,,,,,,,True,DATA_PLAN,,,,plan
839,2,DEB,DS,여수 Inlet Duct,DUCT-2,1,2027-07-31 00:00:00,,1,100,,,,,실행,미정,,,,,,,,,,,,,,,,,,,미정,0xf,7,,,,,,,,,,,,,,,,,,,,,,,,,,,,,,,,,,,,,,,,,,,,,,,,,,,,,,,,,,,,,,,,,,,,,,,,,,,,,,,,,,,,,,,,,,,,,,,,,,,,,,,,,,,,,,,,,,,,,,,,,,,,,,,,,,,,,,,,,,,,,,,,,,,,,,,,,,,,,,,,,,,,,,,,,,,,,,,,,,,,,,,,,,,,,,,,,,,,,,,,,,,,,,,,,,,,,,,,,,,,,,,,,,,,,,,,,,,,,,,,,,,,,,,,,,,,,,,,,,,,,,,,,,,,,,,,,,,,,,True,DATA_ACTUAL,,,,actual
839,3,DEB,DS,여수 Inlet Duct,DUCT-2,1,2027-07-31 00:00:00,,1,100,,,,,미정,미정,,,,,,,,,-,,,,,,,,,,미정,0xf,7,,,실적,,0,,0,,0,,0,,0,,0,,,,0,,,,0,,,,0,,0,,0,,0,,0,,,,,,,,,,,,,,,,,,,,,,,,,,,,,,,,,,,,,,,,,,,,,,,,,,,,,,,,,,,,,,,,,,,,,,,,,,,,,,,,,,,,,,,,,,,,,,,,,,,,,,,,,,,,,,,,,,,,,,,,,,,,,,,,,,,,,,,,,,,,,,,,,,,,,,,,,,,,,,,,,,,,,,,,,,,,,,,,,,,,,,,,,,,,,,,,,,,,,,,,,,,,,,,,,,,,,,,,,,,,,,,,,,,,,,,,,,,,,,,,,,,False,STRUCTURAL,비데이터 행,,,unknown
839,4,DEB,DS,여수 Inlet Duct,DUCT-2,1,2027-07-31 00:00:00,,1,100,,,,,취부,,0,,,,,,,,,,,,,,,,,,미정,0xf,7,,,LOAD,,,,,,,,,,,,,,,,,,,,,,,,,,,,,,,,,,,,,,,,,,,,,,,,,,,,,,,,,,,,,,,,,,,,,,,,,,,,,,,,,,,,,,,,,,,,,,,,,,,,,,,,,,,,,,,,,,,,,,,,,,,,,,,,,,,,,,,,,,,,,,,,,,,,,,,,,,,,,,,,,,,,,,,,,,,,,,,,,,,,,,,,,,,,,,,,,,,,,,,,,,,,,,,,,,,,,,,,,,,,,,,,,,,,,,,,,,,,,,,,,,,,,,,,,,,,,,,,,,,,,,,,,,,,,,,,,,,False,STRUCTURAL,비데이터 행,,,unknown
839,5,DEB,DS,여수 Inlet Duct,DUCT-2,1,2027-07-31 00:00:00,,1,100,,,,,용접,,0,,,,,,,,,,,,,,,,,,미정,0xf,7,,,,,,,,,,,,,,,,,,,,,,,,,,,,,,,,,,,,,,,,,,,,,,,,,,,,,,,,,,,,,,,,,,,,,,,,,,,,,,,,,,,,,,,,,,,,,,,,,,,,,,,,,,,,,,,,,,,,,,,,,,,,,,,,,,,,,,,,,,,,,,,,,,,,,,,,,,,,,,,,,,,,,,,,,,,,,,,,,,,,,,,,,,,,,,,,,,,,,,,,,,,,,,,,,,,,,,,,,,,,,,,,,,,,,,,,,,,,,,,,,,,,,,,,,,,,,,,,,,,,,,,,,,,,,,,,,,,,,,False,STRUCTURAL,비데이터 행,,,unknown
839,6,DEB,DS,여수 Inlet Duct,DUCT-2,1,2027-07-31 00:00:00,,1,100,,,,,조립,,0,,,,,,,,,,,,,,,,,,미정,0xf,7,,,,,,,,,,,,,,,,,,,,,,,,,,,,,,,,,,,,,,,,,,,,,,,,,,,,,,,,,,,,,,,,,,,,,,,,,,,,,,,,,,,,,,,,,,,,,,,,,,,,,,,,,,,,,,,,,,,,,,,,,,,,,,,,,,,,,,,,,,,,,,,,,,,,,,,,,,,,,,,,,,,,,,,,,,,,,,,,,,,,,,,,,,,,,,,,,,,,,,,,,,,,,,,,,,,,,,,,,,,,,,,,,,,,,,,,,,,,,,,,,,,,,,,,,,,,,,,,,,,,,,,,,,,,,,,,,,,,,,False,STRUCTURAL,비데이터 행,,,unknown
839,7,DEB,DS,여수 Inlet Duct,DUCT-2,1,2027-07-31 00:00:00,,1,100,,,,,사상,,0,,,,,,,,,,,,,,,,,,미정,0xf,7,,,,,,,,,,,,,,,,,,,,,,,,,,,,,,,,,,,,,,,,,,,,,,,,,,,,,,,,,,,,,,,,,,,,,,,,,,,,,,,,,,,,,,,,,,,,,,,,,,,,,,,,,,,,,,,,,,,,,,,,,,,,,,,,,,,,,,,,,,,,,,,,,,,,,,,,,,,,,,,,,,,,,,,,,,,,,,,,,,,,,,,,,,,,,,,,,,,,,,,,,,,,,,,,,,,,,,,,,,,,,,,,,,,,,,,,,,,,,,,,,,,,,,,,,,,,,,,,,,,,,,,,,,,,,,,,,,,,,,False,STRUCTURAL,비데이터 행,,,unknown
839,9,DEB,DS,여수 Inlet Duct,DUCT-2,1,2027-07-31 00:00:00,,1,100,,,,,실적,,,,,,,,,,,,,,,,,,,,미정,0xf,7,,,,,,,,,,,,,,,,,,,,,,,,,,,,,,,,,,,,,,,,,,,,,,,,,,,,,,,,,,,,,,,,,,,,,,,,,,,,,,,,,,,,,,,,,,,,,,,,,,,,,,,,,,,,,,,,,,,,,,,,,,,,,,,,,,,,,,,,,,,,,,,,,,,,,,,,,,,,,,,,,,,,,,,,,,,,,,,,,,,,,,,,,,,,,,,,,,,,,,,,,,,,,,,,,,,,,,,,,,,,,,,,,,,,,,,,,,,,,,,,,,,,,,,,,,,,,,,,,,,,,,,,,,,,,,,,,,,,,,False,STRUCTURAL,비데이터 행,,,unknown
840,1,DEB,ENC,여수 Filter House,E-1,1,2027-07-31 00:00:00,46599,3,100,,,,,일자,A 동일,,,,,,,,,-,,,,,,,0%,,,A 동일,0xf,7,,,계획,,,,,,,,,,,,,,,,,,,,,,,,,,,,,,,,,,,,,,,,,,,,,,,,,,,,,,,,,,,,,,,,,,,,,,,,,,,,,,,,,,,,,,,,,,,,,,,,,,,,,,,,,,,,,,,,,,,,,,,,,,,,,,,,,,,,,,,,,,,,,,,,,,,,,,,,,,,,,,,,,,,,,,,,,,,,,,,,,,,,,,,,,,,,,,,,,,,,,,,,,,,,,,,,,,,,,,,,,,,,,,,,,,,,,,,,,,,,,,,,,,,,,,,,,,,,,,,,,,,,,,,,,,,,,,,,,,,True,DATA_PLAN,,,,plan
840,2,DEB,ENC,여수 Filter House,E-1,1,2027-07-31 00:00:00,,3,100,,,,,실행,A 동일,,,,,,,,,,,,,,,,,,,A 동일,0xf,7,,,,,,,,,,,,,,,,,,,,,,,,,,,,,,,,,,,,,,,,,,,,,,,,,,,,,,,,,,,,,,,,,,,,,,,,,,,,,,,,,,,,,,,,,,,,,,,,,,,,,,,,,,,,,,,,,,,,,,,,,,,,,,,,,,,,,,,,,,,,,,,,,,,,,,,,,,,,,,,,,,,,,,,,,,,,,,,,,,,,,,,,,,,,,,,,,,,,,,,,,,,,,,,,,,,,,,,,,,,,,,,,,,,,,,,,,,,,,,,,,,,,,,,,,,,,,,,,,,,,,,,,,,,,,,,,,,,,,,True,DATA_ACTUAL,,,,actual
840,3,DEB,ENC,여수 Filter House,E-1,1,2027-07-31 00:00:00,,3,100,,,,,A 동일,A 동일,,,,,,,,,-,,,,,,,,,,A 동일,0xf,7,,,실적,,0,,0,,0,,0,,0,,0,,,,0,,,,0,,,,0,,0,,0,,0,,0,,,,,,,,,,,,,,,,,,,,,,,,,,,,,,,,,,,,,,,,,,,,,,,,,,,,,,,,,,,,,,,,,,,,,,,,,,,,,,,,,,,,,,,,,,,,,,,,,,,,,,,,,,,,,,,,,,,,,,,,,,,,,,,,,,,,,,,,,,,,,,,,,,,,,,,,,,,,,,,,,,,,,,,,,,,,,,,,,,,,,,,,,,,,,,,,,,,,,,,,,,,,,,,,,,,,,,,,,,,,,,,,,,,,,,,,,,,,,,,,,,,False,STRUCTURAL,비데이터 행,,,unknown
840,4,DEB,ENC,여수 Filter House,E-1,1,2027-07-31 00:00:00,,3,100,,,,,취부,,0,,,,,,,,,,,,,,,,,,A 동일,0xf,7,,,LOAD,,,,,,,,,,,,,,,,,,,,,,,,,,,,,,,,,,,,,,,,,,,,,,,,,,,,,,,,,,,,,,,,,,,,,,,,,,,,,,,,,,,,,,,,,,,,,,,,,,,,,,,,,,,,,,,,,,,,,,,,,,,,,,,,,,,,,,,,,,,,,,,,,,,,,,,,,,,,,,,,,,,,,,,,,,,,,,,,,,,,,,,,,,,,,,,,,,,,,,,,,,,,,,,,,,,,,,,,,,,,,,,,,,,,,,,,,,,,,,,,,,,,,,,,,,,,,,,,,,,,,,,,,,,,,,,,,,,False,STRUCTURAL,비데이터 행,,,unknown
840,5,DEB,ENC,여수 Filter House,E-1,1,2027-07-31 00:00:00,,3,100,,,,,용접,,0,,,,,,,,,,,,,,,,,,A 동일,0xf,7,,,,,,,,,,,,,,,,,,,,,,,,,,,,,,,,,,,,,,,,,,,,,,,,,,,,,,,,,,,,,,,,,,,,,,,,,,,,,,,,,,,,,,,,,,,,,,,,,,,,,,,,,,,,,,,,,,,,,,,,,,,,,,,,,,,,,,,,,,,,,,,,,,,,,,,,,,,,,,,,,,,,,,,,,,,,,,,,,,,,,,,,,,,,,,,,,,,,,,,,,,,,,,,,,,,,,,,,,,,,,,,,,,,,,,,,,,,,,,,,,,,,,,,,,,,,,,,,,,,,,,,,,,,,,,,,,,,,,,False,STRUCTURAL,비데이터 행,,,unknown
840,6,DEB,ENC,여수 Filter House,E-1,1,2027-07-31 00:00:00,,3,100,,,,,조립,,0,,,,,,,,,,,,,,,,,,A 동일,0xf,7,,,,,,,,,,,,,,,,,,,,,,,,,,,,,,,,,,,,,,,,,,,,,,,,,,,,,,,,,,,,,,,,,,,,,,,,,,,,,,,,,,,,,,,,,,,,,,,,,,,,,,,,,,,,,,,,,,,,,,,,,,,,,,,,,,,,,,,,,,,,,,,,,,,,,,,,,,,,,,,,,,,,,,,,,,,,,,,,,,,,,,,,,,,,,,,,,,,,,,,,,,,,,,,,,,,,,,,,,,,,,,,,,,,,,,,,,,,,,,,,,,,,,,,,,,,,,,,,,,,,,,,,,,,,,,,,,,,,,,False,STRUCTURAL,비데이터 행,,,unknown
840,7,DEB,ENC,여수 Filter House,E-1,1,2027-07-31 00:00:00,,3,100,,,,,사상,,0,,,,,,,,,,,,,,,,,,A 동일,0xf,7,,,,,,,,,,,,,,,,,,,,,,,,,,,,,,,,,,,,,,,,,,,,,,,,,,,,,,,,,,,,,,,,,,,,,,,,,,,,,,,,,,,,,,,,,,,,,,,,,,,,,,,,,,,,,,,,,,,,,,,,,,,,,,,,,,,,,,,,,,,,,,,,,,,,,,,,,,,,,,,,,,,,,,,,,,,,,,,,,,,,,,,,,,,,,,,,,,,,,,,,,,,,,,,,,,,,,,,,,,,,,,,,,,,,,,,,,,,,,,,,,,,,,,,,,,,,,,,,,,,,,,,,,,,,,,,,,,,,,,False,STRUCTURAL,비데이터 행,,,unknown
840,9,DEB,ENC,여수 Filter House,E-1,1,2027-07-31 00:00:00,,3,100,,,,,실적,,,,,,,,,,,,,,,,,,,,A 동일,0xf,7,,,,,,,,,,,,,,,,,,,,,,,,,,,,,,,,,,,,,,,,,,,,,,,,,,,,,,,,,,,,,,,,,,,,,,,,,,,,,,,,,,,,,,,,,,,,,,,,,,,,,,,,,,,,,,,,,,,,,,,,,,,,,,,,,,,,,,,,,,,,,,,,,,,,,,,,,,,,,,,,,,,,,,,,,,,,,,,,,,,,,,,,,,,,,,,,,,,,,,,,,,,,,,,,,,,,,,,,,,,,,,,,,,,,,,,,,,,,,,,,,,,,,,,,,,,,,,,,,,,,,,,,,,,,,,,,,,,,,,False,STRUCTURAL,비데이터 행,,,unknown
841,1,MHI,ENC,Entergy Traceview EH,E-1,1,2027-08-03 00:00:00,46602,3,100,,,,,일자,미정,,,,,,,,,-,,,,,,,0%,,,미정,0xf,8,,,계획,,,,,,,,,,,,,,,,,,,,,,,,,,,,,,,,,,,,,,,,,,,,,,,,,,,,,,,,,,,,,,,,,,,,,,,,,,,,,,,,,,,,,,,,,,,,,,,,,,,,,,,,,,,,,,,,,,,,,,,,,,,,,,,,,,,,,,,,,,,,,,,,,,,,,,,,,,,,,,,,,,,,,,,,,,,,,,,,,,,,,,,,,,,,,,,,,,,,,,,,,,,,,,,,,,,,,,,,,,,,,,,,,,,,,,,,,,,,,,,,,,,,,,,,,,,,,,,,,,,,,,,,,,,,,,,,,,,True,DATA_PLAN,,,,plan
841,2,MHI,ENC,Entergy Traceview EH,E-1,1,2027-08-03 00:00:00,,3,100,,,,,실행,미정,,,,,,,,,,,,,,,,,,,미정,0xf,8,,,,,,,,,,,,,,,,,,,,,,,,,,,,,,,,,,,,,,,,,,,,,,,,,,,,,,,,,,,,,,,,,,,,,,,,,,,,,,,,,,,,,,,,,,,,,,,,,,,,,,,,,,,,,,,,,,,,,,,,,,,,,,,,,,,,,,,,,,,,,,,,,,,,,,,,,,,,,,,,,,,,,,,,,,,,,,,,,,,,,,,,,,,,,,,,,,,,,,,,,,,,,,,,,,,,,,,,,,,,,,,,,,,,,,,,,,,,,,,,,,,,,,,,,,,,,,,,,,,,,,,,,,,,,,,,,,,,,,True,DATA_ACTUAL,,,,actual
841,3,MHI,ENC,Entergy Traceview EH,E-1,1,2027-08-03 00:00:00,,3,100,,,,,미정,미정,,,,,,,,,-,,,,,,,,,,미정,0xf,8,,,실적,,0,,0,,0,,0,,0,,0,,,,0,,,,0,,,,0,,0,,0,,0,,0,,,,,,,,,,,,,,,,,,,,,,,,,,,,,,,,,,,,,,,,,,,,,,,,,,,,,,,,,,,,,,,,,,,,,,,,,,,,,,,,,,,,,,,,,,,,,,,,,,,,,,,,,,,,,,,,,,,,,,,,,,,,,,,,,,,,,,,,,,,,,,,,,,,,,,,,,,,,,,,,,,,,,,,,,,,,,,,,,,,,,,,,,,,,,,,,,,,,,,,,,,,,,,,,,,,,,,,,,,,,,,,,,,,,,,,,,,,,,,,,,,,False,STRUCTURAL,비데이터 행,,,unknown
841,4,MHI,ENC,Entergy Traceview EH,E-1,1,2027-08-03 00:00:00,,3,100,,,,,취부,,0,,,,,,,,,,,,,,,,,,미정,0xf,8,,,LOAD,,,,,,,,,,,,,,,,,,,,,,,,,,,,,,,,,,,,,,,,,,,,,,,,,,,,,,,,,,,,,,,,,,,,,,,,,,,,,,,,,,,,,,,,,,,,,,,,,,,,,,,,,,,,,,,,,,,,,,,,,,,,,,,,,,,,,,,,,,,,,,,,,,,,,,,,,,,,,,,,,,,,,,,,,,,,,,,,,,,,,,,,,,,,,,,,,,,,,,,,,,,,,,,,,,,,,,,,,,,,,,,,,,,,,,,,,,,,,,,,,,,,,,,,,,,,,,,,,,,,,,,,,,,,,,,,,,,False,STRUCTURAL,비데이터 행,,,unknown
841,5,MHI,ENC,Entergy Traceview EH,E-1,1,2027-08-03 00:00:00,,3,100,,,,,용접,,0,,,,,,,,,,,,,,,,,,미정,0xf,8,,,,,,,,,,,,,,,,,,,,,,,,,,,,,,,,,,,,,,,,,,,,,,,,,,,,,,,,,,,,,,,,,,,,,,,,,,,,,,,,,,,,,,,,,,,,,,,,,,,,,,,,,,,,,,,,,,,,,,,,,,,,,,,,,,,,,,,,,,,,,,,,,,,,,,,,,,,,,,,,,,,,,,,,,,,,,,,,,,,,,,,,,,,,,,,,,,,,,,,,,,,,,,,,,,,,,,,,,,,,,,,,,,,,,,,,,,,,,,,,,,,,,,,,,,,,,,,,,,,,,,,,,,,,,,,,,,,,,,False,STRUCTURAL,비데이터 행,,,unknown
841,6,MHI,ENC,Entergy Traceview EH,E-1,1,2027-08-03 00:00:00,,3,100,,,,,조립,,0,,,,,,,,,,,,,,,,,,미정,0xf,8,,,,,,,,,,,,,,,,,,,,,,,,,,,,,,,,,,,,,,,,,,,,,,,,,,,,,,,,,,,,,,,,,,,,,,,,,,,,,,,,,,,,,,,,,,,,,,,,,,,,,,,,,,,,,,,,,,,,,,,,,,,,,,,,,,,,,,,,,,,,,,,,,,,,,,,,,,,,,,,,,,,,,,,,,,,,,,,,,,,,,,,,,,,,,,,,,,,,,,,,,,,,,,,,,,,,,,,,,,,,,,,,,,,,,,,,,,,,,,,,,,,,,,,,,,,,,,,,,,,,,,,,,,,,,,,,,,,,,,False,STRUCTURAL,비데이터 행,,,unknown
841,7,MHI,ENC,Entergy Traceview EH,E-1,1,2027-08-03 00:00:00,,3,100,,,,,사상,,0,,,,,,,,,,,,,,,,,,미정,0xf,8,,,,,,,,,,,,,,,,,,,,,,,,,,,,,,,,,,,,,,,,,,,,,,,,,,,,,,,,,,,,,,,,,,,,,,,,,,,,,,,,,,,,,,,,,,,,,,,,,,,,,,,,,,,,,,,,,,,,,,,,,,,,,,,,,,,,,,,,,,,,,,,,,,,,,,,,,,,,,,,,,,,,,,,,,,,,,,,,,,,,,,,,,,,,,,,,,,,,,,,,,,,,,,,,,,,,,,,,,,,,,,,,,,,,,,,,,,,,,,,,,,,,,,,,,,,,,,,,,,,,,,,,,,,,,,,,,,,,,,False,STRUCTURAL,비데이터 행,,,unknown
841,9,MHI,ENC,Entergy Traceview EH,E-1,1,2027-08-03 00:00:00,,3,100,,,,,실적,,,,,,,,,,,,,,,,,,,,미정,0xf,8,,,,,,,,,,,,,,,,,,,,,,,,,,,,,,,,,,,,,,,,,,,,,,,,,,,,,,,,,,,,,,,,,,,,,,,,,,,,,,,,,,,,,,,,,,,,,,,,,,,,,,,,,,,,,,,,,,,,,,,,,,,,,,,,,,,,,,,,,,,,,,,,,,,,,,,,,,,,,,,,,,,,,,,,,,,,,,,,,,,,,,,,,,,,,,,,,,,,,,,,,,,,,,,,,,,,,,,,,,,,,,,,,,,,,,,,,,,,,,,,,,,,,,,,,,,,,,,,,,,,,,,,,,,,,,,,,,,,,,False,STRUCTURAL,비데이터 행,,,unknown
842,1,HHI,EGP,CHB2056,EGP-2,5,2027-08-13 00:00:00,46155,5,20,,,,"6H_1,9H_4",일자,F JK플랜트,46099,46106,46107,46121,46132,46132,46147,46155,-,2026-05-21 00:00:00,46184,46185,46188,2026-06-16 00:00:00,46190,0%,,,F JK플랜트,5,8,,,계획,46099,,46106,,46107,,46121,,46122,,46132,,46133,,46155,,46160,,46163,,46162,,46184,,46185,,46188,,46189,,46190,,,,,,,,,,,,,,,,,,,,,,,,,,,,,,,,,,,,,,,,,,,,,,,D,,,,,,,K,발S,,,,,,,,,,,,,,발F,가S,,,,,,,,,,가F,제S,-----,-----,-----,-----,-----,-----,-----,-----,-----,-----,-----,-----,-----,-----,-----,-----,-----,-----,-----,-----,-----,제F,,,,,도S,,조S,도F,,,,,,,,,,,,,,,,,,,,,조F,상,,,검,포,출,,,,,,,,,,,,,,,,,,,,,,,,,,,,,,,,,,,,,,,,,,,,,,,,,,,,,,,,,,,,,,,,,,,,,,,,,,,,,,,,,,,,,,,,,,,,,,,,,,,,,,,,,,True,DATA_PLAN,,,,plan
842,2,HHI,EGP,CHB2056,EGP-2,5,2027-08-13 00:00:00,,5,20,,,,,실행,F JK플랜트,,,,,,,,,,,,,,,,,,,F JK플랜트,5,8,,,,,,,,,,,,,,,,,,,,,,,,,,,,,,,,,,,,,,,,,,,,,,,,,,,,,,,,,,,,,,,,,,,,,,,,,,,,,,,,,,,,,,,,,,,,,,,,,,,,,,,,,,,,,,,,,,,,,,,,,,,,,,,,,,,,,,,,,,,,,,,,,,,,,,,,,,,,,,,,,,,,,,,,,,,,,,,,,,,,,,,,,,,,,,,,,,,,,,,,,,,,,,,,,,,,,,,,,,,,,,,,,,,,,,,,,,,,,,,,,,,,,,,,,,,,,,,,,,,,,,,,,,,,,,,,,,,,,,True,DATA_ACTUAL,,,,actual
842,3,HHI,EGP,CHB2056,EGP-2,5,2027-08-13 00:00:00,,5,20,,,,,F JK플랜트,F JK플랜트,,,,,,,,,-,,,,,,,,,,F JK플랜트,5,8,,,실적,,0,,0,,0,,0,,,,0,,,,0,,,,0,,,,0,,0,,0,,0,,0,,,,,,,,,,,,,,,,,,,,,,,,,,,,,,,,,,,,,,,,,,,,,,,,,,,,,,,,,,,,,,,,,,,,,,,,,,,,,,,,,,,,,,,,,,,,,,,,,,,,,,,,,,,,,,,,,,,,,,,,,,,,,,,,,,,,,,,,,,,,,,,,,,,,,,,,,,,,,,,,,,,,,,,,,,,,,,,,,,,,,,,,,,,,,,,,,,,,,,,,,,,,,,,,,,,,,,,,,,,,,,,,,,,,,,,,,,,,,,,,,,,False,STRUCTURAL,비데이터 행,,,unknown
842,4,HHI,EGP,CHB2056,EGP-2,5,2027-08-13 00:00:00,,5,20,,,,,취부,,0,,,,,,,,,,,,,,,,,,F JK플랜트,5,8,,,LOAD,,,,,,,,,,,,,,,,,,,,,,,,,,,,,,,,,,,,,,,,,,,,,,,,,,,,,,,,,,,,,,,,,,,,,,,,,,,,,,,,,,,,,,,,,,,,,,,,,,,,,,,,,,,,,,,,,,,,,,,,,,,,,,,,,,,,,,,,,,,,,,,,,,,,,,,,,,,,,,,,,,,,,,,,,,,,,,,,,,,,,,,,,,,,,,,,,,,,,,,,,,,,,,,,,,,,,,,,,,,,,,,,,,,,,,,,,,,,,,,,,,,,,,,,,,,,,,,,,,,,,,,,,,,,,,,,,,,False,STRUCTURAL,비데이터 행,,,unknown
842,5,HHI,EGP,CHB2056,EGP-2,5,2027-08-13 00:00:00,,5,20,,,,,용접,,0,,,,,,,,,,,,,,,,,,F JK플랜트,5,8,,,,,,,,,,,,,,,,,,,,,,,,,,,,,,,,,,,,,,,,,,,,,,,,,,,,,,,,,,,,,,,,,,,,,,,,,,,,,,,,,,,,,,,,,,,,,,,,,,,,,,,,,,,,,,,,,,,,,,,,,,,,,,,,,,,,,,,,,,,,,,,,,,,,,,,,,,,,,,,,,,,,,,,,,,,,,,,,,,,,,,,,,,,,,,,,,,,,,,,,,,,,,,,,,,,,,,,,,,,,,,,,,,,,,,,,,,,,,,,,,,,,,,,,,,,,,,,,,,,,,,,,,,,,,,,,,,,,,,False,STRUCTURAL,비데이터 행,,,unknown
842,6,HHI,EGP,CHB2056,EGP-2,5,2027-08-13 00:00:00,,5,20,,,,,조립,,0,,,,,,,,,,,,,,,,,,F JK플랜트,5,8,,,,,,,,,,,,,,,,,,,,,,,,,,,,,,,,,,,,,,,,,,,,,,,,,,,,,,,,,,,,,,,,,,,,,,,,,,,,,,,,,,,,,,,,,,,,,,,,,,,,,,,,,,,,,,,,,,,,,,,,,,,,,,,,,,,,,,,,,,,,,,,,,,,,,,,,,,,,,,,,,,,,,,,,,,,,,,,,,,,,,,,,,,,,,,,,,,,,,,,,,,,,,,,,,,,,,,,,,,,,,,,,,,,,,,,,,,,,,,,,,,,,,,,,,,,,,,,,,,,,,,,,,,,,,,,,,,,,,,False,STRUCTURAL,비데이터 행,,,unknown
842,7,HHI,EGP,CHB2056,EGP-2,5,2027-08-13 00:00:00,,5,20,,,,,사상,,0,,,,,,,,,,,,,,,,,,F JK플랜트,5,8,,,,,,,,,,,,,,,,,,,,,,,,,,,,,,,,,,,,,,,,,,,,,,,,,,,,,,,,,,,,,,,,,,,,,,,,,,,,,,,,,,,,,,,,,,,,,,,,,,,,,,,,,,,,,,,,,,,,,,,,,,,,,,,,,,,,,,,,,,,,,,,,,,,,,,,,,,,,,,,,,,,,,,,,,,,,,,,,,,,,,,,,,,,,,,,,,,,,,,,,,,,,,,,,,,,,,,,,,,,,,,,,,,,,,,,,,,,,,,,,,,,,,,,,,,,,,,,,,,,,,,,,,,,,,,,,,,,,,,False,STRUCTURAL,비데이터 행,,,unknown
842,9,HHI,EGP,CHB2056,EGP-2,5,2027-08-13 00:00:00,,5,20,,,,,실적,,,,,,,,,,,,,,,,,,,,F JK플랜트,5,8,,,,,,,,,,,,,,,,,,,,,,,,,,,,,,,,,,,,,,,,,,,,,,,,,,,,,,,,,,,,,,,,,,,,,,,,,,,,,,,,,,,,,,,,,,,,,,,,,,,,,,,,,,,,,,,,,,,,,,,,,,,,,,,,,,,,,,,,,,,,,,,,,,,,,,,,,,,,,,,,,,,,,,,,,,,,,,,,,,,,,,,,,,,,,,,,,,,,,,,,,,,,,,,,,,,,,,,,,,,,,,,,,,,,,,,,,,,,,,,,,,,,,,,,,,,,,,,,,,,,,,,,,,,,,,,,,,,,,,False,STRUCTURAL,비데이터 행,,,unknown
843,1,HHI,EGP,CHB2057,EGP-2,5,2027-08-06 00:00:00,46155,5,20,,,,"6H_1,9H_4",일자,F JK플랜트,46099,46106,46107,46121,46132,46132,46147,46155,-,2026-05-21 00:00:00,46184,46185,46188,2026-06-16 00:00:00,46190,0%,,,F JK플랜트,5,8,,,계획,46099,,46106,,46107,,46121,,46122,,46132,,46133,,46155,,46160,,46163,,46162,,46184,,46185,,46188,,46189,,46190,,,,,,,,,,,,,,,,,,,,,,,,,,,,,,,,,,,,,,,,,,,,,,,D,,,,,,,K,발S,,,,,,,,,,,,,,발F,가S,,,,,,,,,,가F,제S,-----,-----,-----,-----,-----,-----,-----,-----,-----,-----,-----,-----,-----,-----,-----,-----,-----,-----,-----,-----,-----,제F,,,,,도S,,조S,도F,,,,,,,,,,,,,,,,,,,,,조F,상,,,검,포,출,,,,,,,,,,,,,,,,,,,,,,,,,,,,,,,,,,,,,,,,,,,,,,,,,,,,,,,,,,,,,,,,,,,,,,,,,,,,,,,,,,,,,,,,,,,,,,,,,,,,,,,,,,True,DATA_PLAN,,,,plan
843,2,HHI,EGP,CHB2057,EGP-2,5,2027-08-06 00:00:00,,5,20,,,,,실행,F JK플랜트,,,,,,,,,,,,,,,,,,,F JK플랜트,5,8,,,,,,,,,,,,,,,,,,,,,,,,,,,,,,,,,,,,,,,,,,,,,,,,,,,,,,,,,,,,,,,,,,,,,,,,,,,,,,,,,,,,,,,,,,,,,,,,,,,,,,,,,,,,,,,,,,,,,,,,,,,,,,,,,,,,,,,,,,,,,,,,,,,,,,,,,,,,,,,,,,,,,,,,,,,,,,,,,,,,,,,,,,,,,,,,,,,,,,,,,,,,,,,,,,,,,,,,,,,,,,,,,,,,,,,,,,,,,,,,,,,,,,,,,,,,,,,,,,,,,,,,,,,,,,,,,,,,,,True,DATA_ACTUAL,,,,actual
843,3,HHI,EGP,CHB2057,EGP-2,5,2027-08-06 00:00:00,,5,20,,,,,F JK플랜트,F JK플랜트,,,,,,,,,-,,,,,,,,,,F JK플랜트,5,8,,,실적,,0,,0,,0,,0,,,,0,,,,0,,,,0,,,,0,,0,,0,,0,,0,,,,,,,,,,,,,,,,,,,,,,,,,,,,,,,,,,,,,,,,,,,,,,,,,,,,,,,,,,,,,,,,,,,,,,,,,,,,,,,,,,,,,,,,,,,,,,,,,,,,,,,,,,,,,,,,,,,,,,,,,,,,,,,,,,,,,,,,,,,,,,,,,,,,,,,,,,,,,,,,,,,,,,,,,,,,,,,,,,,,,,,,,,,,,,,,,,,,,,,,,,,,,,,,,,,,,,,,,,,,,,,,,,,,,,,,,,,,,,,,,,,False,STRUCTURAL,비데이터 행,,,unknown
843,4,HHI,EGP,CHB2057,EGP-2,5,2027-08-06 00:00:00,,5,20,,,,,취부,,0,,,,,,,,,,,,,,,,,,F JK플랜트,5,8,,,LOAD,,,,,,,,,,,,,,,,,,,,,,,,,,,,,,,,,,,,,,,,,,,,,,,,,,,,,,,,,,,,,,,,,,,,,,,,,,,,,,,,,,,,,,,,,,,,,,,,,,,,,,,,,,,,,,,,,,,,,,,,,,,,,,,,,,,,,,,,,,,,,,,,,,,,,,,,,,,,,,,,,,,,,,,,,,,,,,,,,,,,,,,,,,,,,,,,,,,,,,,,,,,,,,,,,,,,,,,,,,,,,,,,,,,,,,,,,,,,,,,,,,,,,,,,,,,,,,,,,,,,,,,,,,,,,,,,,,,False,STRUCTURAL,비데이터 행,,,unknown
843,5,HHI,EGP,CHB2057,EGP-2,5,2027-08-06 00:00:00,,5,20,,,,,용접,,0,,,,,,,,,,,,,,,,,,F JK플랜트,5,8,,,,,,,,,,,,,,,,,,,,,,,,,,,,,,,,,,,,,,,,,,,,,,,,,,,,,,,,,,,,,,,,,,,,,,,,,,,,,,,,,,,,,,,,,,,,,,,,,,,,,,,,,,,,,,,,,,,,,,,,,,,,,,,,,,,,,,,,,,,,,,,,,,,,,,,,,,,,,,,,,,,,,,,,,,,,,,,,,,,,,,,,,,,,,,,,,,,,,,,,,,,,,,,,,,,,,,,,,,,,,,,,,,,,,,,,,,,,,,,,,,,,,,,,,,,,,,,,,,,,,,,,,,,,,,,,,,,,,,False,STRUCTURAL,비데이터 행,,,unknown
843,6,HHI,EGP,CHB2057,EGP-2,5,2027-08-06 00:00:00,,5,20,,,,,조립,,0,,,,,,,,,,,,,,,,,,F JK플랜트,5,8,,,,,,,,,,,,,,,,,,,,,,,,,,,,,,,,,,,,,,,,,,,,,,,,,,,,,,,,,,,,,,,,,,,,,,,,,,,,,,,,,,,,,,,,,,,,,,,,,,,,,,,,,,,,,,,,,,,,,,,,,,,,,,,,,,,,,,,,,,,,,,,,,,,,,,,,,,,,,,,,,,,,,,,,,,,,,,,,,,,,,,,,,,,,,,,,,,,,,,,,,,,,,,,,,,,,,,,,,,,,,,,,,,,,,,,,,,,,,,,,,,,,,,,,,,,,,,,,,,,,,,,,,,,,,,,,,,,,,,False,STRUCTURAL,비데이터 행,,,unknown
843,7,HHI,EGP,CHB2057,EGP-2,5,2027-08-06 00:00:00,,5,20,,,,,사상,,0,,,,,,,,,,,,,,,,,,F JK플랜트,5,8,,,,,,,,,,,,,,,,,,,,,,,,,,,,,,,,,,,,,,,,,,,,,,,,,,,,,,,,,,,,,,,,,,,,,,,,,,,,,,,,,,,,,,,,,,,,,,,,,,,,,,,,,,,,,,,,,,,,,,,,,,,,,,,,,,,,,,,,,,,,,,,,,,,,,,,,,,,,,,,,,,,,,,,,,,,,,,,,,,,,,,,,,,,,,,,,,,,,,,,,,,,,,,,,,,,,,,,,,,,,,,,,,,,,,,,,,,,,,,,,,,,,,,,,,,,,,,,,,,,,,,,,,,,,,,,,,,,,,,False,STRUCTURAL,비데이터 행,,,unknown
843,9,HHI,EGP,CHB2057,EGP-2,5,2027-08-06 00:00:00,,5,20,,,,,실적,,,,,,,,,,,,,,,,,,,,F JK플랜트,5,8,,,,,,,,,,,,,,,,,,,,,,,,,,,,,,,,,,,,,,,,,,,,,,,,,,,,,,,,,,,,,,,,,,,,,,,,,,,,,,,,,,,,,,,,,,,,,,,,,,,,,,,,,,,,,,,,,,,,,,,,,,,,,,,,,,,,,,,,,,,,,,,,,,,,,,,,,,,,,,,,,,,,,,,,,,,,,,,,,,,,,,,,,,,,,,,,,,,,,,,,,,,,,,,,,,,,,,,,,,,,,,,,,,,,,,,,,,,,,,,,,,,,,,,,,,,,,,,,,,,,,,,,,,,,,,,,,,,,,,False,STRUCTURAL,비데이터 행,,,unknown
844,1,HHI,EGP,CHB2058,EGP-2,5,2027-10-22 00:00:00,46155,5,20,,,,"6H_1,9H_4",일자,F JK플랜트,46099,46106,46107,46121,46132,46132,46147,46155,-,2026-05-21 00:00:00,46184,46185,46188,2026-06-16 00:00:00,46190,0%,,,F JK플랜트,5,10,,,계획,46099,,46106,,46107,,46121,,46122,,46132,,46133,,46155,,46160,,46163,,46162,,46184,,46185,,46188,,46189,,46190,,,,,,,,,,,,,,,,,,,,,,,,,,,,,,,,,,,,,,,,,,,,,,,D,,,,,,,K,발S,,,,,,,,,,,,,,발F,가S,,,,,,,,,,가F,제S,-----,-----,-----,-----,-----,-----,-----,-----,-----,-----,-----,-----,-----,-----,-----,-----,-----,-----,-----,-----,-----,제F,,,,,도S,,조S,도F,,,,,,,,,,,,,,,,,,,,,조F,상,,,검,포,출,,,,,,,,,,,,,,,,,,,,,,,,,,,,,,,,,,,,,,,,,,,,,,,,,,,,,,,,,,,,,,,,,,,,,,,,,,,,,,,,,,,,,,,,,,,,,,,,,,,,,,,,,,True,DATA_PLAN,,,,plan
844,2,HHI,EGP,CHB2058,EGP-2,5,2027-10-22 00:00:00,,5,20,,,,,실행,F JK플랜트,,,,,,,,,,,,,,,,,,,F JK플랜트,5,10,,,,,,,,,,,,,,,,,,,,,,,,,,,,,,,,,,,,,,,,,,,,,,,,,,,,,,,,,,,,,,,,,,,,,,,,,,,,,,,,,,,,,,,,,,,,,,,,,,,,,,,,,,,,,,,,,,,,,,,,,,,,,,,,,,,,,,,,,,,,,,,,,,,,,,,,,,,,,,,,,,,,,,,,,,,,,,,,,,,,,,,,,,,,,,,,,,,,,,,,,,,,,,,,,,,,,,,,,,,,,,,,,,,,,,,,,,,,,,,,,,,,,,,,,,,,,,,,,,,,,,,,,,,,,,,,,,,,,,True,DATA_ACTUAL,,,,actual
844,3,HHI,EGP,CHB2058,EGP-2,5,2027-10-22 00:00:00,,5,20,,,,,F JK플랜트,F JK플랜트,,,,,,,,,-,,,,,,,,,,F JK플랜트,5,10,,,실적,,0,,0,,0,,0,,,,0,,,,0,,,,0,,,,0,,0,,0,,0,,0,,,,,,,,,,,,,,,,,,,,,,,,,,,,,,,,,,,,,,,,,,,,,,,,,,,,,,,,,,,,,,,,,,,,,,,,,,,,,,,,,,,,,,,,,,,,,,,,,,,,,,,,,,,,,,,,,,,,,,,,,,,,,,,,,,,,,,,,,,,,,,,,,,,,,,,,,,,,,,,,,,,,,,,,,,,,,,,,,,,,,,,,,,,,,,,,,,,,,,,,,,,,,,,,,,,,,,,,,,,,,,,,,,,,,,,,,,,,,,,,,,,False,STRUCTURAL,비데이터 행,,,unknown
844,4,HHI,EGP,CHB2058,EGP-2,5,2027-10-22 00:00:00,,5,20,,,,,취부,,0,,,,,,,,,,,,,,,,,,F JK플랜트,5,10,,,LOAD,,,,,,,,,,,,,,,,,,,,,,,,,,,,,,,,,,,,,,,,,,,,,,,,,,,,,,,,,,,,,,,,,,,,,,,,,,,,,,,,,,,,,,,,,,,,,,,,,,,,,,,,,,,,,,,,,,,,,,,,,,,,,,,,,,,,,,,,,,,,,,,,,,,,,,,,,,,,,,,,,,,,,,,,,,,,,,,,,,,,,,,,,,,,,,,,,,,,,,,,,,,,,,,,,,,,,,,,,,,,,,,,,,,,,,,,,,,,,,,,,,,,,,,,,,,,,,,,,,,,,,,,,,,,,,,,,,,False,STRUCTURAL,비데이터 행,,,unknown
844,5,HHI,EGP,CHB2058,EGP-2,5,2027-10-22 00:00:00,,5,20,,,,,용접,,0,,,,,,,,,,,,,,,,,,F JK플랜트,5,10,,,,,,,,,,,,,,,,,,,,,,,,,,,,,,,,,,,,,,,,,,,,,,,,,,,,,,,,,,,,,,,,,,,,,,,,,,,,,,,,,,,,,,,,,,,,,,,,,,,,,,,,,,,,,,,,,,,,,,,,,,,,,,,,,,,,,,,,,,,,,,,,,,,,,,,,,,,,,,,,,,,,,,,,,,,,,,,,,,,,,,,,,,,,,,,,,,,,,,,,,,,,,,,,,,,,,,,,,,,,,,,,,,,,,,,,,,,,,,,,,,,,,,,,,,,,,,,,,,,,,,,,,,,,,,,,,,,,,,False,STRUCTURAL,비데이터 행,,,unknown
844,6,HHI,EGP,CHB2058,EGP-2,5,2027-10-22 00:00:00,,5,20,,,,,조립,,0,,,,,,,,,,,,,,,,,,F JK플랜트,5,10,,,,,,,,,,,,,,,,,,,,,,,,,,,,,,,,,,,,,,,,,,,,,,,,,,,,,,,,,,,,,,,,,,,,,,,,,,,,,,,,,,,,,,,,,,,,,,,,,,,,,,,,,,,,,,,,,,,,,,,,,,,,,,,,,,,,,,,,,,,,,,,,,,,,,,,,,,,,,,,,,,,,,,,,,,,,,,,,,,,,,,,,,,,,,,,,,,,,,,,,,,,,,,,,,,,,,,,,,,,,,,,,,,,,,,,,,,,,,,,,,,,,,,,,,,,,,,,,,,,,,,,,,,,,,,,,,,,,,,False,STRUCTURAL,비데이터 행,,,unknown
844,7,HHI,EGP,CHB2058,EGP-2,5,2027-10-22 00:00:00,,5,20,,,,,사상,,0,,,,,,,,,,,,,,,,,,F JK플랜트,5,10,,,,,,,,,,,,,,,,,,,,,,,,,,,,,,,,,,,,,,,,,,,,,,,,,,,,,,,,,,,,,,,,,,,,,,,,,,,,,,,,,,,,,,,,,,,,,,,,,,,,,,,,,,,,,,,,,,,,,,,,,,,,,,,,,,,,,,,,,,,,,,,,,,,,,,,,,,,,,,,,,,,,,,,,,,,,,,,,,,,,,,,,,,,,,,,,,,,,,,,,,,,,,,,,,,,,,,,,,,,,,,,,,,,,,,,,,,,,,,,,,,,,,,,,,,,,,,,,,,,,,,,,,,,,,,,,,,,,,,False,STRUCTURAL,비데이터 행,,,unknown
844,9,HHI,EGP,CHB2058,EGP-2,5,2027-10-22 00:00:00,,5,20,,,,,실적,,,,,,,,,,,,,,,,,,,,F JK플랜트,5,10,,,,,,,,,,,,,,,,,,,,,,,,,,,,,,,,,,,,,,,,,,,,,,,,,,,,,,,,,,,,,,,,,,,,,,,,,,,,,,,,,,,,,,,,,,,,,,,,,,,,,,,,,,,,,,,,,,,,,,,,,,,,,,,,,,,,,,,,,,,,,,,,,,,,,,,,,,,,,,,,,,,,,,,,,,,,,,,,,,,,,,,,,,,,,,,,,,,,,,,,,,,,,,,,,,,,,,,,,,,,,,,,,,,,,,,,,,,,,,,,,,,,,,,,,,,,,,,,,,,,,,,,,,,,,,,,,,,,,,False,STRUCTURAL,비데이터 행,,,unknown
845,1,HHI,EGP,CHB2069,EGP-2,5,2027-12-20 00:00:00,46155,5,20,,,,"6H_1,9H_4",일자,F JK플랜트,46099,46106,46107,46121,46132,46132,46147,46155,-,2026-05-21 00:00:00,46184,46185,46188,2026-06-16 00:00:00,46190,0%,,,F JK플랜트,5,12,,,계획,46099,,46106,,46107,,46121,,46122,,46132,,46133,,46155,,46160,,46163,,46162,,46184,,46185,,46188,,46189,,46190,,,,,,,,,,,,,,,,,,,,,,,,,,,,,,,,,,,,,,,,,,,,,,,D,,,,,,,K,발S,,,,,,,,,,,,,,발F,가S,,,,,,,,,,가F,제S,-----,-----,-----,-----,-----,-----,-----,-----,-----,-----,-----,-----,-----,-----,-----,-----,-----,-----,-----,-----,-----,제F,,,,,도S,,조S,도F,,,,,,,,,,,,,,,,,,,,,조F,상,,,검,포,출,,,,,,,,,,,,,,,,,,,,,,,,,,,,,,,,,,,,,,,,,,,,,,,,,,,,,,,,,,,,,,,,,,,,,,,,,,,,,,,,,,,,,,,,,,,,,,,,,,,,,,,,,,True,DATA_PLAN,,,,plan
845,2,HHI,EGP,CHB2069,EGP-2,5,2027-12-20 00:00:00,,5,20,,,,,실행,F JK플랜트,,,,,,,,,,,,,,,,,,,F JK플랜트,5,12,,,,,,,,,,,,,,,,,,,,,,,,,,,,,,,,,,,,,,,,,,,,,,,,,,,,,,,,,,,,,,,,,,,,,,,,,,,,,,,,,,,,,,,,,,,,,,,,,,,,,,,,,,,,,,,,,,,,,,,,,,,,,,,,,,,,,,,,,,,,,,,,,,,,,,,,,,,,,,,,,,,,,,,,,,,,,,,,,,,,,,,,,,,,,,,,,,,,,,,,,,,,,,,,,,,,,,,,,,,,,,,,,,,,,,,,,,,,,,,,,,,,,,,,,,,,,,,,,,,,,,,,,,,,,,,,,,,,,,True,DATA_ACTUAL,,,,actual
845,3,HHI,EGP,CHB2069,EGP-2,5,2027-12-20 00:00:00,,5,20,,,,,F JK플랜트,F JK플랜트,,,,,,,,,-,,,,,,,,,,F JK플랜트,5,12,,,실적,,0,,0,,0,,0,,,,0,,,,0,,,,0,,,,0,,0,,0,,0,,0,,,,,,,,,,,,,,,,,,,,,,,,,,,,,,,,,,,,,,,,,,,,,,,,,,,,,,,,,,,,,,,,,,,,,,,,,,,,,,,,,,,,,,,,,,,,,,,,,,,,,,,,,,,,,,,,,,,,,,,,,,,,,,,,,,,,,,,,,,,,,,,,,,,,,,,,,,,,,,,,,,,,,,,,,,,,,,,,,,,,,,,,,,,,,,,,,,,,,,,,,,,,,,,,,,,,,,,,,,,,,,,,,,,,,,,,,,,,,,,,,,,False,STRUCTURAL,비데이터 행,,,unknown
845,4,HHI,EGP,CHB2069,EGP-2,5,2027-12-20 00:00:00,,5,20,,,,,취부,,0,,,,,,,,,,,,,,,,,,F JK플랜트,5,12,,,LOAD,,,,,,,,,,,,,,,,,,,,,,,,,,,,,,,,,,,,,,,,,,,,,,,,,,,,,,,,,,,,,,,,,,,,,,,,,,,,,,,,,,,,,,,,,,,,,,,,,,,,,,,,,,,,,,,,,,,,,,,,,,,,,,,,,,,,,,,,,,,,,,,,,,,,,,,,,,,,,,,,,,,,,,,,,,,,,,,,,,,,,,,,,,,,,,,,,,,,,,,,,,,,,,,,,,,,,,,,,,,,,,,,,,,,,,,,,,,,,,,,,,,,,,,,,,,,,,,,,,,,,,,,,,,,,,,,,,,False,STRUCTURAL,비데이터 행,,,unknown
845,5,HHI,EGP,CHB2069,EGP-2,5,2027-12-20 00:00:00,,5,20,,,,,용접,,0,,,,,,,,,,,,,,,,,,F JK플랜트,5,12,,,,,,,,,,,,,,,,,,,,,,,,,,,,,,,,,,,,,,,,,,,,,,,,,,,,,,,,,,,,,,,,,,,,,,,,,,,,,,,,,,,,,,,,,,,,,,,,,,,,,,,,,,,,,,,,,,,,,,,,,,,,,,,,,,,,,,,,,,,,,,,,,,,,,,,,,,,,,,,,,,,,,,,,,,,,,,,,,,,,,,,,,,,,,,,,,,,,,,,,,,,,,,,,,,,,,,,,,,,,,,,,,,,,,,,,,,,,,,,,,,,,,,,,,,,,,,,,,,,,,,,,,,,,,,,,,,,,,,False,STRUCTURAL,비데이터 행,,,unknown
845,6,HHI,EGP,CHB2069,EGP-2,5,2027-12-20 00:00:00,,5,20,,,,,조립,,0,,,,,,,,,,,,,,,,,,F JK플랜트,5,12,,,,,,,,,,,,,,,,,,,,,,,,,,,,,,,,,,,,,,,,,,,,,,,,,,,,,,,,,,,,,,,,,,,,,,,,,,,,,,,,,,,,,,,,,,,,,,,,,,,,,,,,,,,,,,,,,,,,,,,,,,,,,,,,,,,,,,,,,,,,,,,,,,,,,,,,,,,,,,,,,,,,,,,,,,,,,,,,,,,,,,,,,,,,,,,,,,,,,,,,,,,,,,,,,,,,,,,,,,,,,,,,,,,,,,,,,,,,,,,,,,,,,,,,,,,,,,,,,,,,,,,,,,,,,,,,,,,,,,False,STRUCTURAL,비데이터 행,,,unknown
845,7,HHI,EGP,CHB2069,EGP-2,5,2027-12-20 00:00:00,,5,20,,,,,사상,,0,,,,,,,,,,,,,,,,,,F JK플랜트,5,12,,,,,,,,,,,,,,,,,,,,,,,,,,,,,,,,,,,,,,,,,,,,,,,,,,,,,,,,,,,,,,,,,,,,,,,,,,,,,,,,,,,,,,,,,,,,,,,,,,,,,,,,,,,,,,,,,,,,,,,,,,,,,,,,,,,,,,,,,,,,,,,,,,,,,,,,,,,,,,,,,,,,,,,,,,,,,,,,,,,,,,,,,,,,,,,,,,,,,,,,,,,,,,,,,,,,,,,,,,,,,,,,,,,,,,,,,,,,,,,,,,,,,,,,,,,,,,,,,,,,,,,,,,,,,,,,,,,,,,False,STRUCTURAL,비데이터 행,,,unknown
845,9,HHI,EGP,CHB2069,EGP-2,5,2027-12-20 00:00:00,,5,20,,,,,실적,,,,,,,,,,,,,,,,,,,,F JK플랜트,5,12,,,,,,,,,,,,,,,,,,,,,,,,,,,,,,,,,,,,,,,,,,,,,,,,,,,,,,,,,,,,,,,,,,,,,,,,,,,,,,,,,,,,,,,,,,,,,,,,,,,,,,,,,,,,,,,,,,,,,,,,,,,,,,,,,,,,,,,,,,,,,,,,,,,,,,,,,,,,,,,,,,,,,,,,,,,,,,,,,,,,,,,,,,,,,,,,,,,,,,,,,,,,,,,,,,,,,,,,,,,,,,,,,,,,,,,,,,,,,,,,,,,,,,,,,,,,,,,,,,,,,,,,,,,,,,,,,,,,,,False,STRUCTURAL,비데이터 행,,,unknown
846,1,HHI,EGP,CHB2070,EGP-2,5,2027-11-12 00:00:00,46155,5,20,,,,"6H_1,9H_4",일자,F JK플랜트,46099,46106,46107,46121,46132,46132,46147,46155,-,2026-05-21 00:00:00,46184,46185,46188,2026-06-16 00:00:00,46190,0%,,,F JK플랜트,5,11,,,계획,46099,,46106,,46107,,46121,,46122,,46132,,46133,,46155,,46160,,46163,,46162,,46184,,46185,,46188,,46189,,46190,,,,,,,,,,,,,,,,,,,,,,,,,,,,,,,,,,,,,,,,,,,,,,,D,,,,,,,K,발S,,,,,,,,,,,,,,발F,가S,,,,,,,,,,가F,제S,-----,-----,-----,-----,-----,-----,-----,-----,-----,-----,-----,-----,-----,-----,-----,-----,-----,-----,-----,-----,-----,제F,,,,,도S,,조S,도F,,,,,,,,,,,,,,,,,,,,,조F,상,,,검,포,출,,,,,,,,,,,,,,,,,,,,,,,,,,,,,,,,,,,,,,,,,,,,,,,,,,,,,,,,,,,,,,,,,,,,,,,,,,,,,,,,,,,,,,,,,,,,,,,,,,,,,,,,,,True,DATA_PLAN,,,,plan
846,2,HHI,EGP,CHB2070,EGP-2,5,2027-11-12 00:00:00,,5,20,,,,,실행,F JK플랜트,,,,,,,,,,,,,,,,,,,F JK플랜트,5,11,,,,,,,,,,,,,,,,,,,,,,,,,,,,,,,,,,,,,,,,,,,,,,,,,,,,,,,,,,,,,,,,,,,,,,,,,,,,,,,,,,,,,,,,,,,,,,,,,,,,,,,,,,,,,,,,,,,,,,,,,,,,,,,,,,,,,,,,,,,,,,,,,,,,,,,,,,,,,,,,,,,,,,,,,,,,,,,,,,,,,,,,,,,,,,,,,,,,,,,,,,,,,,,,,,,,,,,,,,,,,,,,,,,,,,,,,,,,,,,,,,,,,,,,,,,,,,,,,,,,,,,,,,,,,,,,,,,,,,True,DATA_ACTUAL,,,,actual
846,3,HHI,EGP,CHB2070,EGP-2,5,2027-11-12 00:00:00,,5,20,,,,,F JK플랜트,F JK플랜트,,,,,,,,,-,,,,,,,,,,F JK플랜트,5,11,,,실적,,0,,0,,0,,0,,,,0,,,,0,,,,0,,,,0,,0,,0,,0,,0,,,,,,,,,,,,,,,,,,,,,,,,,,,,,,,,,,,,,,,,,,,,,,,,,,,,,,,,,,,,,,,,,,,,,,,,,,,,,,,,,,,,,,,,,,,,,,,,,,,,,,,,,,,,,,,,,,,,,,,,,,,,,,,,,,,,,,,,,,,,,,,,,,,,,,,,,,,,,,,,,,,,,,,,,,,,,,,,,,,,,,,,,,,,,,,,,,,,,,,,,,,,,,,,,,,,,,,,,,,,,,,,,,,,,,,,,,,,,,,,,,,False,STRUCTURAL,비데이터 행,,,unknown
846,4,HHI,EGP,CHB2070,EGP-2,5,2027-11-12 00:00:00,,5,20,,,,,취부,,0,,,,,,,,,,,,,,,,,,F JK플랜트,5,11,,,LOAD,,,,,,,,,,,,,,,,,,,,,,,,,,,,,,,,,,,,,,,,,,,,,,,,,,,,,,,,,,,,,,,,,,,,,,,,,,,,,,,,,,,,,,,,,,,,,,,,,,,,,,,,,,,,,,,,,,,,,,,,,,,,,,,,,,,,,,,,,,,,,,,,,,,,,,,,,,,,,,,,,,,,,,,,,,,,,,,,,,,,,,,,,,,,,,,,,,,,,,,,,,,,,,,,,,,,,,,,,,,,,,,,,,,,,,,,,,,,,,,,,,,,,,,,,,,,,,,,,,,,,,,,,,,,,,,,,,,False,STRUCTURAL,비데이터 행,,,unknown
846,5,HHI,EGP,CHB2070,EGP-2,5,2027-11-12 00:00:00,,5,20,,,,,용접,,0,,,,,,,,,,,,,,,,,,F JK플랜트,5,11,,,,,,,,,,,,,,,,,,,,,,,,,,,,,,,,,,,,,,,,,,,,,,,,,,,,,,,,,,,,,,,,,,,,,,,,,,,,,,,,,,,,,,,,,,,,,,,,,,,,,,,,,,,,,,,,,,,,,,,,,,,,,,,,,,,,,,,,,,,,,,,,,,,,,,,,,,,,,,,,,,,,,,,,,,,,,,,,,,,,,,,,,,,,,,,,,,,,,,,,,,,,,,,,,,,,,,,,,,,,,,,,,,,,,,,,,,,,,,,,,,,,,,,,,,,,,,,,,,,,,,,,,,,,,,,,,,,,,,False,STRUCTURAL,비데이터 행,,,unknown
846,6,HHI,EGP,CHB2070,EGP-2,5,2027-11-12 00:00:00,,5,20,,,,,조립,,0,,,,,,,,,,,,,,,,,,F JK플랜트,5,11,,,,,,,,,,,,,,,,,,,,,,,,,,,,,,,,,,,,,,,,,,,,,,,,,,,,,,,,,,,,,,,,,,,,,,,,,,,,,,,,,,,,,,,,,,,,,,,,,,,,,,,,,,,,,,,,,,,,,,,,,,,,,,,,,,,,,,,,,,,,,,,,,,,,,,,,,,,,,,,,,,,,,,,,,,,,,,,,,,,,,,,,,,,,,,,,,,,,,,,,,,,,,,,,,,,,,,,,,,,,,,,,,,,,,,,,,,,,,,,,,,,,,,,,,,,,,,,,,,,,,,,,,,,,,,,,,,,,,,False,STRUCTURAL,비데이터 행,,,unknown
846,7,HHI,EGP,CHB2070,EGP-2,5,2027-11-12 00:00:00,,5,20,,,,,사상,,0,,,,,,,,,,,,,,,,,,F JK플랜트,5,11,,,,,,,,,,,,,,,,,,,,,,,,,,,,,,,,,,,,,,,,,,,,,,,,,,,,,,,,,,,,,,,,,,,,,,,,,,,,,,,,,,,,,,,,,,,,,,,,,,,,,,,,,,,,,,,,,,,,,,,,,,,,,,,,,,,,,,,,,,,,,,,,,,,,,,,,,,,,,,,,,,,,,,,,,,,,,,,,,,,,,,,,,,,,,,,,,,,,,,,,,,,,,,,,,,,,,,,,,,,,,,,,,,,,,,,,,,,,,,,,,,,,,,,,,,,,,,,,,,,,,,,,,,,,,,,,,,,,,,False,STRUCTURAL,비데이터 행,,,unknown
846,9,HHI,EGP,CHB2070,EGP-2,5,2027-11-12 00:00:00,,5,20,,,,,실적,,,,,,,,,,,,,,,,,,,,F JK플랜트,5,11,,,,,,,,,,,,,,,,,,,,,,,,,,,,,,,,,,,,,,,,,,,,,,,,,,,,,,,,,,,,,,,,,,,,,,,,,,,,,,,,,,,,,,,,,,,,,,,,,,,,,,,,,,,,,,,,,,,,,,,,,,,,,,,,,,,,,,,,,,,,,,,,,,,,,,,,,,,,,,,,,,,,,,,,,,,,,,,,,,,,,,,,,,,,,,,,,,,,,,,,,,,,,,,,,,,,,,,,,,,,,,,,,,,,,,,,,,,,,,,,,,,,,,,,,,,,,,,,,,,,,,,,,,,,,,,,,,,,,,False,STRUCTURAL,비데이터 행,,,unknown
847,1,DEB,ENC,Ghazlan2 #1,ENC,1,2027-09-15 00:00:00,46645,3,100,,,,100Ton,일자,미정,,,,,,,,,-,,,,,,,0%,,,미정,0xf,9,,,계획,,,,,,,,,,,,,,,,,,,,,,,,,,,,,,,,,,,,,,,,,,,,,,,,,,,,,,,,,,,,,,,,,,,,,,,,,,,,,,,,,,,,,,,,,,,,,,,,,,,,,,,,,,,,,,,,,,,,,,,,,,,,,,,,,,,,,,,,,,,,,,,,,,,,,,,,,,,,,,,,,,,,,,,,,,,,,,,,,,,,,,,,,,,,,,,,,,,,,,,,,,,,,,,,,,,,,,,,,,,,,,,,,,,,,,,,,,,,,,,,,,,,,,,,,,,,,,,,,,,,,,,,,,,,,,,,,,,True,DATA_PLAN,,,,plan
847,2,DEB,ENC,Ghazlan2 #1,ENC,1,2027-09-15 00:00:00,,3,100,,,,,실행,미정,,,,,,,,,,,,,,,,,,,미정,0xf,9,,,,,,,,,,,,,,,,,,,,,,,,,,,,,,,,,,,,,,,,,,,,,,,,,,,,,,,,,,,,,,,,,,,,,,,,,,,,,,,,,,,,,,,,,,,,,,,,,,,,,,,,,,,,,,,,,,,,,,,,,,,,,,,,,,,,,,,,,,,,,,,,,,,,,,,,,,,,,,,,,,,,,,,,,,,,,,,,,,,,,,,,,,,,,,,,,,,,,,,,,,,,,,,,,,,,,,,,,,,,,,,,,,,,,,,,,,,,,,,,,,,,,,,,,,,,,,,,,,,,,,,,,,,,,,,,,,,,,,True,DATA_ACTUAL,,,,actual
847,3,DEB,ENC,Ghazlan2 #1,ENC,1,2027-09-15 00:00:00,,3,100,,,,100Ton,미정,미정,,,,,,,,,-,,,,,,,,,,미정,0xf,9,,,실적,,0,,0,,0,,0,,0,,0,,,,0,,,,0,,,,0,,0,,0,,0,,0,,,,,,,,,,,,,,,,,,,,,,,,,,,,,,,,,,,,,,,,,,,,,,,,,,,,,,,,,,,,,,,,,,,,,,,,,,,,,,,,,,,,,,,,,,,,,,,,,,,,,,,,,,,,,,,,,,,,,,,,,,,,,,,,,,,,,,,,,,,,,,,,,,,,,,,,,,,,,,,,,,,,,,,,,,,,,,,,,,,,,,,,,,,,,,,,,,,,,,,,,,,,,,,,,,,,,,,,,,,,,,,,,,,,,,,,,,,,,,,,,,,False,STRUCTURAL,비데이터 행,,,unknown
847,4,DEB,ENC,Ghazlan2 #1,ENC,1,2027-09-15 00:00:00,,3,100,,,,,취부,,0,,,,,,,,,,,,,,,,,,미정,0xf,9,,,LOAD,,,,,,,,,,,,,,,,,,,,,,,,,,,,,,,,,,,,,,,,,,,,,,,,,,,,,,,,,,,,,,,,,,,,,,,,,,,,,,,,,,,,,,,,,,,,,,,,,,,,,,,,,,,,,,,,,,,,,,,,,,,,,,,,,,,,,,,,,,,,,,,,,,,,,,,,,,,,,,,,,,,,,,,,,,,,,,,,,,,,,,,,,,,,,,,,,,,,,,,,,,,,,,,,,,,,,,,,,,,,,,,,,,,,,,,,,,,,,,,,,,,,,,,,,,,,,,,,,,,,,,,,,,,,,,,,,,,False,STRUCTURAL,비데이터 행,,,unknown
847,5,DEB,ENC,Ghazlan2 #1,ENC,1,2027-09-15 00:00:00,,3,100,,,,,용접,,0,,,,,,,,,,,,,,,,,,미정,0xf,9,,,,,,,,,,,,,,,,,,,,,,,,,,,,,,,,,,,,,,,,,,,,,,,,,,,,,,,,,,,,,,,,,,,,,,,,,,,,,,,,,,,,,,,,,,,,,,,,,,,,,,,,,,,,,,,,,,,,,,,,,,,,,,,,,,,,,,,,,,,,,,,,,,,,,,,,,,,,,,,,,,,,,,,,,,,,,,,,,,,,,,,,,,,,,,,,,,,,,,,,,,,,,,,,,,,,,,,,,,,,,,,,,,,,,,,,,,,,,,,,,,,,,,,,,,,,,,,,,,,,,,,,,,,,,,,,,,,,,,False,STRUCTURAL,비데이터 행,,,unknown
847,6,DEB,ENC,Ghazlan2 #1,ENC,1,2027-09-15 00:00:00,,3,100,,,,,조립,,0,,,,,,,,,,,,,,,,,,미정,0xf,9,,,,,,,,,,,,,,,,,,,,,,,,,,,,,,,,,,,,,,,,,,,,,,,,,,,,,,,,,,,,,,,,,,,,,,,,,,,,,,,,,,,,,,,,,,,,,,,,,,,,,,,,,,,,,,,,,,,,,,,,,,,,,,,,,,,,,,,,,,,,,,,,,,,,,,,,,,,,,,,,,,,,,,,,,,,,,,,,,,,,,,,,,,,,,,,,,,,,,,,,,,,,,,,,,,,,,,,,,,,,,,,,,,,,,,,,,,,,,,,,,,,,,,,,,,,,,,,,,,,,,,,,,,,,,,,,,,,,,,False,STRUCTURAL,비데이터 행,,,unknown
847,7,DEB,ENC,Ghazlan2 #1,ENC,1,2027-09-15 00:00:00,,3,100,,,,,사상,,0,,,,,,,,,,,,,,,,,,미정,0xf,9,,,,,,,,,,,,,,,,,,,,,,,,,,,,,,,,,,,,,,,,,,,,,,,,,,,,,,,,,,,,,,,,,,,,,,,,,,,,,,,,,,,,,,,,,,,,,,,,,,,,,,,,,,,,,,,,,,,,,,,,,,,,,,,,,,,,,,,,,,,,,,,,,,,,,,,,,,,,,,,,,,,,,,,,,,,,,,,,,,,,,,,,,,,,,,,,,,,,,,,,,,,,,,,,,,,,,,,,,,,,,,,,,,,,,,,,,,,,,,,,,,,,,,,,,,,,,,,,,,,,,,,,,,,,,,,,,,,,,,False,STRUCTURAL,비데이터 행,,,unknown
847,9,DEB,ENC,Ghazlan2 #1,ENC,1,2027-09-15 00:00:00,,3,100,,,,,실적,,,,,,,,,,,,,,,,,,,,미정,0xf,9,,,,,,,,,,,,,,,,,,,,,,,,,,,,,,,,,,,,,,,,,,,,,,,,,,,,,,,,,,,,,,,,,,,,,,,,,,,,,,,,,,,,,,,,,,,,,,,,,,,,,,,,,,,,,,,,,,,,,,,,,,,,,,,,,,,,,,,,,,,,,,,,,,,,,,,,,,,,,,,,,,,,,,,,,,,,,,,,,,,,,,,,,,,,,,,,,,,,,,,,,,,,,,,,,,,,,,,,,,,,,,,,,,,,,,,,,,,,,,,,,,,,,,,,,,,,,,,,,,,,,,,,,,,,,,,,,,,,,,False,STRUCTURAL,비데이터 행,,,unknown
848,1,DEB,ENC,분당 Filter House,E-1,1,2027-09-30 00:00:00,46660,3,100,,,,,일자,A 동일,,,,,,,,,-,,,,,,,0%,,,A 동일,0xf,9,,,계획,,,,,,,,,,,,,,,,,,,,,,,,,,,,,,,,,,,,,,,,,,,,,,,,,,,,,,,,,,,,,,,,,,,,,,,,,,,,,,,,,,,,,,,,,,,,,,,,,,,,,,,,,,,,,,,,,,,,,,,,,,,,,,,,,,,,,,,,,,,,,,,,,,,,,,,,,,,,,,,,,,,,,,,,,,,,,,,,,,,,,,,,,,,,,,,,,,,,,,,,,,,,,,,,,,,,,,,,,,,,,,,,,,,,,,,,,,,,,,,,,,,,,,,,,,,,,,,,,,,,,,,,,,,,,,,,,,,True,DATA_PLAN,,,,plan
848,2,DEB,ENC,분당 Filter House,E-1,1,2027-09-30 00:00:00,,3,100,,,,,실행,A 동일,,,,,,,,,,,,,,,,,,,A 동일,0xf,9,,,,,,,,,,,,,,,,,,,,,,,,,,,,,,,,,,,,,,,,,,,,,,,,,,,,,,,,,,,,,,,,,,,,,,,,,,,,,,,,,,,,,,,,,,,,,,,,,,,,,,,,,,,,,,,,,,,,,,,,,,,,,,,,,,,,,,,,,,,,,,,,,,,,,,,,,,,,,,,,,,,,,,,,,,,,,,,,,,,,,,,,,,,,,,,,,,,,,,,,,,,,,,,,,,,,,,,,,,,,,,,,,,,,,,,,,,,,,,,,,,,,,,,,,,,,,,,,,,,,,,,,,,,,,,,,,,,,,,True,DATA_ACTUAL,,,,actual
848,3,DEB,ENC,분당 Filter House,E-1,1,2027-09-30 00:00:00,,3,100,,,,,A 동일,A 동일,,,,,,,,,-,,,,,,,,,,A 동일,0xf,9,,,실적,,0,,0,,0,,0,,0,,0,,,,0,,,,0,,,,0,,0,,0,,0,,0,,,,,,,,,,,,,,,,,,,,,,,,,,,,,,,,,,,,,,,,,,,,,,,,,,,,,,,,,,,,,,,,,,,,,,,,,,,,,,,,,,,,,,,,,,,,,,,,,,,,,,,,,,,,,,,,,,,,,,,,,,,,,,,,,,,,,,,,,,,,,,,,,,,,,,,,,,,,,,,,,,,,,,,,,,,,,,,,,,,,,,,,,,,,,,,,,,,,,,,,,,,,,,,,,,,,,,,,,,,,,,,,,,,,,,,,,,,,,,,,,,,False,STRUCTURAL,비데이터 행,,,unknown
848,4,DEB,ENC,분당 Filter House,E-1,1,2027-09-30 00:00:00,,3,100,,,,,취부,,0,,,,,,,,,,,,,,,,,,A 동일,0xf,9,,,LOAD,,,,,,,,,,,,,,,,,,,,,,,,,,,,,,,,,,,,,,,,,,,,,,,,,,,,,,,,,,,,,,,,,,,,,,,,,,,,,,,,,,,,,,,,,,,,,,,,,,,,,,,,,,,,,,,,,,,,,,,,,,,,,,,,,,,,,,,,,,,,,,,,,,,,,,,,,,,,,,,,,,,,,,,,,,,,,,,,,,,,,,,,,,,,,,,,,,,,,,,,,,,,,,,,,,,,,,,,,,,,,,,,,,,,,,,,,,,,,,,,,,,,,,,,,,,,,,,,,,,,,,,,,,,,,,,,,,,False,STRUCTURAL,비데이터 행,,,unknown
848,5,DEB,ENC,분당 Filter House,E-1,1,2027-09-30 00:00:00,,3,100,,,,,용접,,0,,,,,,,,,,,,,,,,,,A 동일,0xf,9,,,,,,,,,,,,,,,,,,,,,,,,,,,,,,,,,,,,,,,,,,,,,,,,,,,,,,,,,,,,,,,,,,,,,,,,,,,,,,,,,,,,,,,,,,,,,,,,,,,,,,,,,,,,,,,,,,,,,,,,,,,,,,,,,,,,,,,,,,,,,,,,,,,,,,,,,,,,,,,,,,,,,,,,,,,,,,,,,,,,,,,,,,,,,,,,,,,,,,,,,,,,,,,,,,,,,,,,,,,,,,,,,,,,,,,,,,,,,,,,,,,,,,,,,,,,,,,,,,,,,,,,,,,,,,,,,,,,,,False,STRUCTURAL,비데이터 행,,,unknown
848,6,DEB,ENC,분당 Filter House,E-1,1,2027-09-30 00:00:00,,3,100,,,,,조립,,0,,,,,,,,,,,,,,,,,,A 동일,0xf,9,,,,,,,,,,,,,,,,,,,,,,,,,,,,,,,,,,,,,,,,,,,,,,,,,,,,,,,,,,,,,,,,,,,,,,,,,,,,,,,,,,,,,,,,,,,,,,,,,,,,,,,,,,,,,,,,,,,,,,,,,,,,,,,,,,,,,,,,,,,,,,,,,,,,,,,,,,,,,,,,,,,,,,,,,,,,,,,,,,,,,,,,,,,,,,,,,,,,,,,,,,,,,,,,,,,,,,,,,,,,,,,,,,,,,,,,,,,,,,,,,,,,,,,,,,,,,,,,,,,,,,,,,,,,,,,,,,,,,,False,STRUCTURAL,비데이터 행,,,unknown
848,7,DEB,ENC,분당 Filter House,E-1,1,2027-09-30 00:00:00,,3,100,,,,,사상,,0,,,,,,,,,,,,,,,,,,A 동일,0xf,9,,,,,,,,,,,,,,,,,,,,,,,,,,,,,,,,,,,,,,,,,,,,,,,,,,,,,,,,,,,,,,,,,,,,,,,,,,,,,,,,,,,,,,,,,,,,,,,,,,,,,,,,,,,,,,,,,,,,,,,,,,,,,,,,,,,,,,,,,,,,,,,,,,,,,,,,,,,,,,,,,,,,,,,,,,,,,,,,,,,,,,,,,,,,,,,,,,,,,,,,,,,,,,,,,,,,,,,,,,,,,,,,,,,,,,,,,,,,,,,,,,,,,,,,,,,,,,,,,,,,,,,,,,,,,,,,,,,,,,False,STRUCTURAL,비데이터 행,,,unknown
848,9,DEB,ENC,분당 Filter House,E-1,1,2027-09-30 00:00:00,,3,100,,,,,실적,,,,,,,,,,,,,,,,,,,,A 동일,0xf,9,,,,,,,,,,,,,,,,,,,,,,,,,,,,,,,,,,,,,,,,,,,,,,,,,,,,,,,,,,,,,,,,,,,,,,,,,,,,,,,,,,,,,,,,,,,,,,,,,,,,,,,,,,,,,,,,,,,,,,,,,,,,,,,,,,,,,,,,,,,,,,,,,,,,,,,,,,,,,,,,,,,,,,,,,,,,,,,,,,,,,,,,,,,,,,,,,,,,,,,,,,,,,,,,,,,,,,,,,,,,,,,,,,,,,,,,,,,,,,,,,,,,,,,,,,,,,,,,,,,,,,,,,,,,,,,,,,,,,,False,STRUCTURAL,비데이터 행,,,unknown
849,1,DEB,DS,분당 Inlet Duct,DUCT-2,1,2027-09-30 00:00:00,46660,3,100,,,,,일자,미정,,,,,,,,,-,,,,,,,0%,,,미정,0xf,9,,,계획,,,,,,,,,,,,,,,,,,,,,,,,,,,,,,,,,,,,,,,,,,,,,,,,,,,,,,,,,,,,,,,,,,,,,,,,,,,,,,,,,,,,,,,,,,,,,,,,,,,,,,,,,,,,,,,,,,,,,,,,,,,,,,,,,,,,,,,,,,,,,,,,,,,,,,,,,,,,,,,,,,,,,,,,,,,,,,,,,,,,,,,,,,,,,,,,,,,,,,,,,,,,,,,,,,,,,,,,,,,,,,,,,,,,,,,,,,,,,,,,,,,,,,,,,,,,,,,,,,,,,,,,,,,,,,,,,,,True,DATA_PLAN,,,,plan
849,2,DEB,DS,분당 Inlet Duct,DUCT-2,1,2027-09-30 00:00:00,,3,100,,,,,실행,미정,,,,,,,,,,,,,,,,,,,미정,0xf,9,,,,,,,,,,,,,,,,,,,,,,,,,,,,,,,,,,,,,,,,,,,,,,,,,,,,,,,,,,,,,,,,,,,,,,,,,,,,,,,,,,,,,,,,,,,,,,,,,,,,,,,,,,,,,,,,,,,,,,,,,,,,,,,,,,,,,,,,,,,,,,,,,,,,,,,,,,,,,,,,,,,,,,,,,,,,,,,,,,,,,,,,,,,,,,,,,,,,,,,,,,,,,,,,,,,,,,,,,,,,,,,,,,,,,,,,,,,,,,,,,,,,,,,,,,,,,,,,,,,,,,,,,,,,,,,,,,,,,,True,DATA_ACTUAL,,,,actual
849,3,DEB,DS,분당 Inlet Duct,DUCT-2,1,2027-09-30 00:00:00,,3,100,,,,,미정,미정,,,,,,,,,-,,,,,,,,,,미정,0xf,9,,,실적,,0,,0,,0,,0,,0,,0,,,,0,,,,0,,,,0,,0,,0,,0,,0,,,,,,,,,,,,,,,,,,,,,,,,,,,,,,,,,,,,,,,,,,,,,,,,,,,,,,,,,,,,,,,,,,,,,,,,,,,,,,,,,,,,,,,,,,,,,,,,,,,,,,,,,,,,,,,,,,,,,,,,,,,,,,,,,,,,,,,,,,,,,,,,,,,,,,,,,,,,,,,,,,,,,,,,,,,,,,,,,,,,,,,,,,,,,,,,,,,,,,,,,,,,,,,,,,,,,,,,,,,,,,,,,,,,,,,,,,,,,,,,,,,False,STRUCTURAL,비데이터 행,,,unknown
849,4,DEB,DS,분당 Inlet Duct,DUCT-2,1,2027-09-30 00:00:00,,3,100,,,,,취부,,0,,,,,,,,,,,,,,,,,,미정,0xf,9,,,LOAD,,,,,,,,,,,,,,,,,,,,,,,,,,,,,,,,,,,,,,,,,,,,,,,,,,,,,,,,,,,,,,,,,,,,,,,,,,,,,,,,,,,,,,,,,,,,,,,,,,,,,,,,,,,,,,,,,,,,,,,,,,,,,,,,,,,,,,,,,,,,,,,,,,,,,,,,,,,,,,,,,,,,,,,,,,,,,,,,,,,,,,,,,,,,,,,,,,,,,,,,,,,,,,,,,,,,,,,,,,,,,,,,,,,,,,,,,,,,,,,,,,,,,,,,,,,,,,,,,,,,,,,,,,,,,,,,,,,False,STRUCTURAL,비데이터 행,,,unknown
849,5,DEB,DS,분당 Inlet Duct,DUCT-2,1,2027-09-30 00:00:00,,3,100,,,,,용접,,0,,,,,,,,,,,,,,,,,,미정,0xf,9,,,,,,,,,,,,,,,,,,,,,,,,,,,,,,,,,,,,,,,,,,,,,,,,,,,,,,,,,,,,,,,,,,,,,,,,,,,,,,,,,,,,,,,,,,,,,,,,,,,,,,,,,,,,,,,,,,,,,,,,,,,,,,,,,,,,,,,,,,,,,,,,,,,,,,,,,,,,,,,,,,,,,,,,,,,,,,,,,,,,,,,,,,,,,,,,,,,,,,,,,,,,,,,,,,,,,,,,,,,,,,,,,,,,,,,,,,,,,,,,,,,,,,,,,,,,,,,,,,,,,,,,,,,,,,,,,,,,,,False,STRUCTURAL,비데이터 행,,,unknown
849,6,DEB,DS,분당 Inlet Duct,DUCT-2,1,2027-09-30 00:00:00,,3,100,,,,,조립,,0,,,,,,,,,,,,,,,,,,미정,0xf,9,,,,,,,,,,,,,,,,,,,,,,,,,,,,,,,,,,,,,,,,,,,,,,,,,,,,,,,,,,,,,,,,,,,,,,,,,,,,,,,,,,,,,,,,,,,,,,,,,,,,,,,,,,,,,,,,,,,,,,,,,,,,,,,,,,,,,,,,,,,,,,,,,,,,,,,,,,,,,,,,,,,,,,,,,,,,,,,,,,,,,,,,,,,,,,,,,,,,,,,,,,,,,,,,,,,,,,,,,,,,,,,,,,,,,,,,,,,,,,,,,,,,,,,,,,,,,,,,,,,,,,,,,,,,,,,,,,,,,,False,STRUCTURAL,비데이터 행,,,unknown
849,7,DEB,DS,분당 Inlet Duct,DUCT-2,1,2027-09-30 00:00:00,,3,100,,,,,사상,,0,,,,,,,,,,,,,,,,,,미정,0xf,9,,,,,,,,,,,,,,,,,,,,,,,,,,,,,,,,,,,,,,,,,,,,,,,,,,,,,,,,,,,,,,,,,,,,,,,,,,,,,,,,,,,,,,,,,,,,,,,,,,,,,,,,,,,,,,,,,,,,,,,,,,,,,,,,,,,,,,,,,,,,,,,,,,,,,,,,,,,,,,,,,,,,,,,,,,,,,,,,,,,,,,,,,,,,,,,,,,,,,,,,,,,,,,,,,,,,,,,,,,,,,,,,,,,,,,,,,,,,,,,,,,,,,,,,,,,,,,,,,,,,,,,,,,,,,,,,,,,,,,False,STRUCTURAL,비데이터 행,,,unknown
849,9,DEB,DS,분당 Inlet Duct,DUCT-2,1,2027-09-30 00:00:00,,3,100,,,,,실적,,,,,,,,,,,,,,,,,,,,미정,0xf,9,,,,,,,,,,,,,,,,,,,,,,,,,,,,,,,,,,,,,,,,,,,,,,,,,,,,,,,,,,,,,,,,,,,,,,,,,,,,,,,,,,,,,,,,,,,,,,,,,,,,,,,,,,,,,,,,,,,,,,,,,,,,,,,,,,,,,,,,,,,,,,,,,,,,,,,,,,,,,,,,,,,,,,,,,,,,,,,,,,,,,,,,,,,,,,,,,,,,,,,,,,,,,,,,,,,,,,,,,,,,,,,,,,,,,,,,,,,,,,,,,,,,,,,,,,,,,,,,,,,,,,,,,,,,,,,,,,,,,,False,STRUCTURAL,비데이터 행,,,unknown
850,1,HHI,EGP,"C22K #5,6",E-1,10,2027-10-08 00:00:00,46235,5,20,,,,,일자,F JK플랜트,46146,46155,46160,46178,46202,46202,46220,46235,-,2026-08-26 00:00:00,46271,46272,46274,2026-09-12 00:00:00,46279,0%,,,F JK플랜트,8,10,,,계획,46146,,46155,,46160,,46178,,46181,,46202,,46191,,46235,,46240,,46260,,46247,,46271,,46272,,46274,,46277,,46279,,,,,,,,,,,,,,,,,,,,,,,,,,,,,,,,,,,,,,,,,,,,,,,,,,,,,,,,,,,,,,,,,,,,,,,,,,,,,,,,,,,,,,,,,,,,,,D,,,,,,,,,K,,,,,발S,,,,,,,,,,,,,,,,,,발F,,,가S,,,,,,,,,,제S,-----,-----,-----,-----,-----,-----,-----,-----,-----,-----,가F,-----,-----,-----,-----,-----,-----,-----,-----,-----,-----,-----,-----,-----,-----,-----,-----,-----,-----,-----,-----,-----,-----,-----,-----,-----,-----,-----,-----,-----,-----,-----,-----,제F,,,,,도S,,,,,,,조S,,,,,,,,,,,,,도F,,,,,,,,,,,조F,상,,검,,,포,,출,,,,,,,,,,,,,,,,,True,DATA_PLAN,,,,plan
850,2,HHI,EGP,"C22K #5,6",E-1,10,2027-10-08 00:00:00,,5,20,,,,,실행,F JK플랜트,,,,,,,,,,,,,,,,,,,F JK플랜트,8,10,,,,,,,,,,,,,,,,,,,,,,,,,,,,,,,,,,,,,,,,,,,,,,,,,,,,,,,,,,,,,,,,,,,,,,,,,,,,,,,,,,,,,,,,,,,,,,,,,,,,,,,,,,,,,,,,,,,,,,,,,,,,,,,,,,,,,,,,,,,,,,,,,,,,,,,,,,,,,,,,,,,,,,,,,,,,,,,,,,,,,,,,,,,,,,,,,,,,,,,,,,,,,,,,,,,,,,,,,,,,,,,,,,,,,,,,,,,,,,,,,,,,,,,,,,,,,,,,,,,,,,,,,,,,,,,,,,,,,,True,DATA_ACTUAL,,,,actual
850,3,HHI,EGP,"C22K #5,6",E-1,10,2027-10-08 00:00:00,,5,20,,,,,F JK플랜트,F JK플랜트,,,,,,,,,-,,,,,,,,,,F JK플랜트,8,10,,,실적,,0,,0,,0,,0,,0,,0,,,,0,,,,0,,,,0,,0,,0,,0,,0,,,,,,,,,,,,,,,,,,,,,,,,,,,,,,,,,,,,,,,,,,,,,,,,,,,,,,,,,,,,,,,,,,,,,,,,,,,,,,,,,,,,,,,,,,,,,,,,,,,,,,,,,,,,,,,,,,,,,,,,,,,,,,,,,,,,,,,,,,,,,,,,,,,,,,,,,,,,,,,,,,,,,,,,,,,,,,,,,,,,,,,,,,,,,,,,,,,,,,,,,,,,,,,,,,,,,,,,,,,,,,,,,,,,,,,,,,,,,,,,,,,False,STRUCTURAL,비데이터 행,,,unknown
850,4,HHI,EGP,"C22K #5,6",E-1,10,2027-10-08 00:00:00,,5,20,,,,,취부,,0,,,,,,,,,,,,,,,,,,F JK플랜트,8,10,,,LOAD,,,,,,,,,,,,,,,,,,,,,,,,,,,,,,,,,,,,,,,,,,,,,,,,,,,,,,,,,,,,,,,,,,,,,,,,,,,,,,,,,,,,,,,,,,,,,,,,,,,,,,,,,,,,,,,,,,,,,,,,,,,,,,,,,,,,,,,,,,,,,,,,,,,,,,,,,,,,,,,,,,,,,,,,,,,,,,,,,,,,,,,,,,,,,,,,,,,,,,,,,,,,,,,,,,,,,,,,,,,,,,,,,,,,,,,,,,,,,,,,,,,,,,,,,,,,,,,,,,,,,,,,,,,,,,,,,,,False,STRUCTURAL,비데이터 행,,,unknown
850,5,HHI,EGP,"C22K #5,6",E-1,10,2027-10-08 00:00:00,,5,20,,,,,용접,,0,,,,,,,,,,,,,,,,,,F JK플랜트,8,10,,,,,,,,,,,,,,,,,,,,,,,,,,,,,,,,,,,,,,,,,,,,,,,,,,,,,,,,,,,,,,,,,,,,,,,,,,,,,,,,,,,,,,,,,,,,,,,,,,,,,,,,,,,,,,,,,,,,,,,,,,,,,,,,,,,,,,,,,,,,,,,,,,,,,,,,,,,,,,,,,,,,,,,,,,,,,,,,,,,,,,,,,,,,,,,,,,,,,,,,,,,,,,,,,,,,,,,,,,,,,,,,,,,,,,,,,,,,,,,,,,,,,,,,,,,,,,,,,,,,,,,,,,,,,,,,,,,,,,False,STRUCTURAL,비데이터 행,,,unknown
850,6,HHI,EGP,"C22K #5,6",E-1,10,2027-10-08 00:00:00,,5,20,,,,,조립,,0,,,,,,,,,,,,,,,,,,F JK플랜트,8,10,,,,,,,,,,,,,,,,,,,,,,,,,,,,,,,,,,,,,,,,,,,,,,,,,,,,,,,,,,,,,,,,,,,,,,,,,,,,,,,,,,,,,,,,,,,,,,,,,,,,,,,,,,,,,,,,,,,,,,,,,,,,,,,,,,,,,,,,,,,,,,,,,,,,,,,,,,,,,,,,,,,,,,,,,,,,,,,,,,,,,,,,,,,,,,,,,,,,,,,,,,,,,,,,,,,,,,,,,,,,,,,,,,,,,,,,,,,,,,,,,,,,,,,,,,,,,,,,,,,,,,,,,,,,,,,,,,,,,,False,STRUCTURAL,비데이터 행,,,unknown
850,7,HHI,EGP,"C22K #5,6",E-1,10,2027-10-08 00:00:00,,5,20,,,,,사상,,0,,,,,,,,,,,,,,,,,,F JK플랜트,8,10,,,,,,,,,,,,,,,,,,,,,,,,,,,,,,,,,,,,,,,,,,,,,,,,,,,,,,,,,,,,,,,,,,,,,,,,,,,,,,,,,,,,,,,,,,,,,,,,,,,,,,,,,,,,,,,,,,,,,,,,,,,,,,,,,,,,,,,,,,,,,,,,,,,,,,,,,,,,,,,,,,,,,,,,,,,,,,,,,,,,,,,,,,,,,,,,,,,,,,,,,,,,,,,,,,,,,,,,,,,,,,,,,,,,,,,,,,,,,,,,,,,,,,,,,,,,,,,,,,,,,,,,,,,,,,,,,,,,,,False,STRUCTURAL,비데이터 행,,,unknown
850,9,HHI,EGP,"C22K #5,6",E-1,10,2027-10-08 00:00:00,,5,20,,,,,실적,,45807,,,,,,,,,,,,,,,,,,F JK플랜트,8,10,,,,,,,,,,,,,,,,,,,,,,,,,,,,,,,,,,,,,,,,,,,,,,,,,,,,,,,,,,,,,,,,,,,,,,,,,,,,,,,,,,,,,,,,,,,,,,,,,,,,,,,,,,,,,,,,,,,,,,,,,,,,,,,,,,,,,,,,,,,,,,,,,,,,,,,,,,,,,,,,,,,,,,,,,,,,,,,,,,,,,,,,,,,,,,,,,,,,,,,,,,,,,,,,,,,,,,,,,,,,,,,,,,,,,,,,,,,,,,,,,,,,,,,,,,,,,,,,,,,,,,,,,,,,,,,,,,,,,,False,STRUCTURAL,비데이터 행,,,unknown
851,1,DEB,VS,음성복합 Anti Icing,VS-5,1,2027-10-30 00:00:00,46690,4,30,,,,,일자,미정,,,,,,,,,-,,,,,,,0%,,,미정,0xf,10,,,계획,,,,,,,,,,,,,,,,,,,,,,,,,,,,,,,,,,,,,,,,,,,,,,,,,,,,,,,,,,,,,,,,,,,,,,,,,,,,,,,,,,,,,,,,,,,,,,,,,,,,,,,,,,,,,,,,,,,,,,,,,,,,,,,,,,,,,,,,,,,,,,,,,,,,,,,,,,,,,,,,,,,,,,,,,,,,,,,,,,,,,,,,,,,,,,,,,,,,,,,,,,,,,,,,,,,,,,,,,,,,,,,,,,,,,,,,,,,,,,,,,,,,,,,,,,,,,,,,,,,,,,,,,,,,,,,,,,,True,DATA_PLAN,,,,plan
851,2,DEB,VS,음성복합 Anti Icing,VS-5,1,2027-10-30 00:00:00,,4,30,,,,,실행,미정,,,,,,,,,,,,,,,,,,,미정,0xf,10,,,,,,,,,,,,,,,,,,,,,,,,,,,,,,,,,,,,,,,,,,,,,,,,,,,,,,,,,,,,,,,,,,,,,,,,,,,,,,,,,,,,,,,,,,,,,,,,,,,,,,,,,,,,,,,,,,,,,,,,,,,,,,,,,,,,,,,,,,,,,,,,,,,,,,,,,,,,,,,,,,,,,,,,,,,,,,,,,,,,,,,,,,,,,,,,,,,,,,,,,,,,,,,,,,,,,,,,,,,,,,,,,,,,,,,,,,,,,,,,,,,,,,,,,,,,,,,,,,,,,,,,,,,,,,,,,,,,,,True,DATA_ACTUAL,,,,actual
851,3,DEB,VS,음성복합 Anti Icing,VS-5,1,2027-10-30 00:00:00,,4,30,,,,,미정,미정,,,,,,,,,-,,,,,,,,,,미정,0xf,10,,,실적,,0,,0,,0,,0,,,,0,,,,0,,,,0,,,,0,,0,,0,,0,,0,,,,,,,,,,,,,,,,,,,,,,,,,,,,,,,,,,,,,,,,,,,,,,,,,,,,,,,,,,,,,,,,,,,,,,,,,,,,,,,,,,,,,,,,,,,,,,,,,,,,,,,,,,,,,,,,,,,,,,,,,,,,,,,,,,,,,,,,,,,,,,,,,,,,,,,,,,,,,,,,,,,,,,,,,,,,,,,,,,,,,,,,,,,,,,,,,,,,,,,,,,,,,,,,,,,,,,,,,,,,,,,,,,,,,,,,,,,,,,,,,,,False,STRUCTURAL,비데이터 행,,,unknown
851,4,DEB,VS,음성복합 Anti Icing,VS-5,1,2027-10-30 00:00:00,,4,30,,,,,취부,,0,,,,,,,,,,,,,,,,,,미정,0xf,10,,,LOAD,,,,,,,,,,,,,,,,,,,,,,,,,,,,,,,,,,,,,,,,,,,,,,,,,,,,,,,,,,,,,,,,,,,,,,,,,,,,,,,,,,,,,,,,,,,,,,,,,,,,,,,,,,,,,,,,,,,,,,,,,,,,,,,,,,,,,,,,,,,,,,,,,,,,,,,,,,,,,,,,,,,,,,,,,,,,,,,,,,,,,,,,,,,,,,,,,,,,,,,,,,,,,,,,,,,,,,,,,,,,,,,,,,,,,,,,,,,,,,,,,,,,,,,,,,,,,,,,,,,,,,,,,,,,,,,,,,,False,STRUCTURAL,비데이터 행,,,unknown
851,5,DEB,VS,음성복합 Anti Icing,VS-5,1,2027-10-30 00:00:00,,4,30,,,,,용접,,0,,,,,,,,,,,,,,,,,,미정,0xf,10,,,,,,,,,,,,,,,,,,,,,,,,,,,,,,,,,,,,,,,,,,,,,,,,,,,,,,,,,,,,,,,,,,,,,,,,,,,,,,,,,,,,,,,,,,,,,,,,,,,,,,,,,,,,,,,,,,,,,,,,,,,,,,,,,,,,,,,,,,,,,,,,,,,,,,,,,,,,,,,,,,,,,,,,,,,,,,,,,,,,,,,,,,,,,,,,,,,,,,,,,,,,,,,,,,,,,,,,,,,,,,,,,,,,,,,,,,,,,,,,,,,,,,,,,,,,,,,,,,,,,,,,,,,,,,,,,,,,,,False,STRUCTURAL,비데이터 행,,,unknown
851,6,DEB,VS,음성복합 Anti Icing,VS-5,1,2027-10-30 00:00:00,,4,30,,,,,조립,,0,,,,,,,,,,,,,,,,,,미정,0xf,10,,,,,,,,,,,,,,,,,,,,,,,,,,,,,,,,,,,,,,,,,,,,,,,,,,,,,,,,,,,,,,,,,,,,,,,,,,,,,,,,,,,,,,,,,,,,,,,,,,,,,,,,,,,,,,,,,,,,,,,,,,,,,,,,,,,,,,,,,,,,,,,,,,,,,,,,,,,,,,,,,,,,,,,,,,,,,,,,,,,,,,,,,,,,,,,,,,,,,,,,,,,,,,,,,,,,,,,,,,,,,,,,,,,,,,,,,,,,,,,,,,,,,,,,,,,,,,,,,,,,,,,,,,,,,,,,,,,,,,False,STRUCTURAL,비데이터 행,,,unknown
851,7,DEB,VS,음성복합 Anti Icing,VS-5,1,2027-10-30 00:00:00,,4,30,,,,,사상,,0,,,,,,,,,,,,,,,,,,미정,0xf,10,,,,,,,,,,,,,,,,,,,,,,,,,,,,,,,,,,,,,,,,,,,,,,,,,,,,,,,,,,,,,,,,,,,,,,,,,,,,,,,,,,,,,,,,,,,,,,,,,,,,,,,,,,,,,,,,,,,,,,,,,,,,,,,,,,,,,,,,,,,,,,,,,,,,,,,,,,,,,,,,,,,,,,,,,,,,,,,,,,,,,,,,,,,,,,,,,,,,,,,,,,,,,,,,,,,,,,,,,,,,,,,,,,,,,,,,,,,,,,,,,,,,,,,,,,,,,,,,,,,,,,,,,,,,,,,,,,,,,,False,STRUCTURAL,비데이터 행,,,unknown
851,9,DEB,VS,음성복합 Anti Icing,VS-5,1,2027-10-30 00:00:00,,4,30,,,,,실적,,,,,,,,,,,,,,,,,,,,미정,0xf,10,,,,,,,,,,,,,,,,,,,,,,,,,,,,,,,,,,,,,,,,,,,,,,,,,,,,,,,,,,,,,,,,,,,,,,,,,,,,,,,,,,,,,,,,,,,,,,,,,,,,,,,,,,,,,,,,,,,,,,,,,,,,,,,,,,,,,,,,,,,,,,,,,,,,,,,,,,,,,,,,,,,,,,,,,,,,,,,,,,,,,,,,,,,,,,,,,,,,,,,,,,,,,,,,,,,,,,,,,,,,,,,,,,,,,,,,,,,,,,,,,,,,,,,,,,,,,,,,,,,,,,,,,,,,,,,,,,,,,,False,STRUCTURAL,비데이터 행,,,unknown
852,1,BHI,VS,분당 Anti Icing,VS-5,2,2027-11-30 00:00:00,46721,4,30,,,,,일자,미정,,,,,,,,,-,,,,,,,0%,,,미정,0xf,11,,,계획,,,,,,,,,,,,,,,,,,,,,,,,,,,,,,,,,,,,,,,,,,,,,,,,,,,,,,,,,,,,,,,,,,,,,,,,,,,,,,,,,,,,,,,,,,,,,,,,,,,,,,,,,,,,,,,,,,,,,,,,,,,,,,,,,,,,,,,,,,,,,,,,,,,,,,,,,,,,,,,,,,,,,,,,,,,,,,,,,,,,,,,,,,,,,,,,,,,,,,,,,,,,,,,,,,,,,,,,,,,,,,,,,,,,,,,,,,,,,,,,,,,,,,,,,,,,,,,,,,,,,,,,,,,,,,,,,,,True,DATA_PLAN,,,,plan
852,2,BHI,VS,분당 Anti Icing,VS-5,2,2027-11-30 00:00:00,,4,30,,,,,실행,미정,,,,,,,,,,,,,,,,,,,미정,0xf,11,,,,,,,,,,,,,,,,,,,,,,,,,,,,,,,,,,,,,,,,,,,,,,,,,,,,,,,,,,,,,,,,,,,,,,,,,,,,,,,,,,,,,,,,,,,,,,,,,,,,,,,,,,,,,,,,,,,,,,,,,,,,,,,,,,,,,,,,,,,,,,,,,,,,,,,,,,,,,,,,,,,,,,,,,,,,,,,,,,,,,,,,,,,,,,,,,,,,,,,,,,,,,,,,,,,,,,,,,,,,,,,,,,,,,,,,,,,,,,,,,,,,,,,,,,,,,,,,,,,,,,,,,,,,,,,,,,,,,,True,DATA_ACTUAL,,,,actual
852,3,BHI,VS,분당 Anti Icing,VS-5,2,2027-11-30 00:00:00,,4,30,,,,,미정,미정,,,,,,,,,-,,,,,,,,,,미정,0xf,11,,,실적,,0,,0,,0,,0,,,,0,,,,0,,,,0,,,,0,,0,,0,,0,,0,,,,,,,,,,,,,,,,,,,,,,,,,,,,,,,,,,,,,,,,,,,,,,,,,,,,,,,,,,,,,,,,,,,,,,,,,,,,,,,,,,,,,,,,,,,,,,,,,,,,,,,,,,,,,,,,,,,,,,,,,,,,,,,,,,,,,,,,,,,,,,,,,,,,,,,,,,,,,,,,,,,,,,,,,,,,,,,,,,,,,,,,,,,,,,,,,,,,,,,,,,,,,,,,,,,,,,,,,,,,,,,,,,,,,,,,,,,,,,,,,,,False,STRUCTURAL,비데이터 행,,,unknown
852,4,BHI,VS,분당 Anti Icing,VS-5,2,2027-11-30 00:00:00,,4,30,,,,,취부,,0,,,,,,,,,,,,,,,,,,미정,0xf,11,,,LOAD,,,,,,,,,,,,,,,,,,,,,,,,,,,,,,,,,,,,,,,,,,,,,,,,,,,,,,,,,,,,,,,,,,,,,,,,,,,,,,,,,,,,,,,,,,,,,,,,,,,,,,,,,,,,,,,,,,,,,,,,,,,,,,,,,,,,,,,,,,,,,,,,,,,,,,,,,,,,,,,,,,,,,,,,,,,,,,,,,,,,,,,,,,,,,,,,,,,,,,,,,,,,,,,,,,,,,,,,,,,,,,,,,,,,,,,,,,,,,,,,,,,,,,,,,,,,,,,,,,,,,,,,,,,,,,,,,,,False,STRUCTURAL,비데이터 행,,,unknown
852,5,BHI,VS,분당 Anti Icing,VS-5,2,2027-11-30 00:00:00,,4,30,,,,,용접,,0,,,,,,,,,,,,,,,,,,미정,0xf,11,,,,,,,,,,,,,,,,,,,,,,,,,,,,,,,,,,,,,,,,,,,,,,,,,,,,,,,,,,,,,,,,,,,,,,,,,,,,,,,,,,,,,,,,,,,,,,,,,,,,,,,,,,,,,,,,,,,,,,,,,,,,,,,,,,,,,,,,,,,,,,,,,,,,,,,,,,,,,,,,,,,,,,,,,,,,,,,,,,,,,,,,,,,,,,,,,,,,,,,,,,,,,,,,,,,,,,,,,,,,,,,,,,,,,,,,,,,,,,,,,,,,,,,,,,,,,,,,,,,,,,,,,,,,,,,,,,,,,,False,STRUCTURAL,비데이터 행,,,unknown
852,6,BHI,VS,분당 Anti Icing,VS-5,2,2027-11-30 00:00:00,,4,30,,,,,조립,,0,,,,,,,,,,,,,,,,,,미정,0xf,11,,,,,,,,,,,,,,,,,,,,,,,,,,,,,,,,,,,,,,,,,,,,,,,,,,,,,,,,,,,,,,,,,,,,,,,,,,,,,,,,,,,,,,,,,,,,,,,,,,,,,,,,,,,,,,,,,,,,,,,,,,,,,,,,,,,,,,,,,,,,,,,,,,,,,,,,,,,,,,,,,,,,,,,,,,,,,,,,,,,,,,,,,,,,,,,,,,,,,,,,,,,,,,,,,,,,,,,,,,,,,,,,,,,,,,,,,,,,,,,,,,,,,,,,,,,,,,,,,,,,,,,,,,,,,,,,,,,,,,False,STRUCTURAL,비데이터 행,,,unknown
852,7,BHI,VS,분당 Anti Icing,VS-5,2,2027-11-30 00:00:00,,4,30,,,,,사상,,0,,,,,,,,,,,,,,,,,,미정,0xf,11,,,,,,,,,,,,,,,,,,,,,,,,,,,,,,,,,,,,,,,,,,,,,,,,,,,,,,,,,,,,,,,,,,,,,,,,,,,,,,,,,,,,,,,,,,,,,,,,,,,,,,,,,,,,,,,,,,,,,,,,,,,,,,,,,,,,,,,,,,,,,,,,,,,,,,,,,,,,,,,,,,,,,,,,,,,,,,,,,,,,,,,,,,,,,,,,,,,,,,,,,,,,,,,,,,,,,,,,,,,,,,,,,,,,,,,,,,,,,,,,,,,,,,,,,,,,,,,,,,,,,,,,,,,,,,,,,,,,,,False,STRUCTURAL,비데이터 행,,,unknown
852,9,BHI,VS,분당 Anti Icing,VS-5,2,2027-11-30 00:00:00,,4,30,,,,,실적,,,,,,,,,,,,,,,,,,,,미정,0xf,11,,,,,,,,,,,,,,,,,,,,,,,,,,,,,,,,,,,,,,,,,,,,,,,,,,,,,,,,,,,,,,,,,,,,,,,,,,,,,,,,,,,,,,,,,,,,,,,,,,,,,,,,,,,,,,,,,,,,,,,,,,,,,,,,,,,,,,,,,,,,,,,,,,,,,,,,,,,,,,,,,,,,,,,,,,,,,,,,,,,,,,,,,,,,,,,,,,,,,,,,,,,,,,,,,,,,,,,,,,,,,,,,,,,,,,,,,,,,,,,,,,,,,,,,,,,,,,,,,,,,,,,,,,,,,,,,,,,,,,False,STRUCTURAL,비데이터 행,,,unknown
853,1,DEB,DS,분당 Exhaust Duct,DUCT-2,1,2027-12-30 00:00:00,46751,3,100,,,,,일자,미정,,,,,,,,,-,,,,,,,0%,,,미정,0xf,12,,,계획,,,,,,,,,,,,,,,,,,,,,,,,,,,,,,,,,,,,,,,,,,,,,,,,,,,,,,,,,,,,,,,,,,,,,,,,,,,,,,,,,,,,,,,,,,,,,,,,,,,,,,,,,,,,,,,,,,,,,,,,,,,,,,,,,,,,,,,,,,,,,,,,,,,,,,,,,,,,,,,,,,,,,,,,,,,,,,,,,,,,,,,,,,,,,,,,,,,,,,,,,,,,,,,,,,,,,,,,,,,,,,,,,,,,,,,,,,,,,,,,,,,,,,,,,,,,,,,,,,,,,,,,,,,,,,,,,,,True,DATA_PLAN,,,,plan
853,2,DEB,DS,분당 Exhaust Duct,DUCT-2,1,2027-12-30 00:00:00,,3,100,,,,,실행,미정,,,,,,,,,,,,,,,,,,,미정,0xf,12,,,,,,,,,,,,,,,,,,,,,,,,,,,,,,,,,,,,,,,,,,,,,,,,,,,,,,,,,,,,,,,,,,,,,,,,,,,,,,,,,,,,,,,,,,,,,,,,,,,,,,,,,,,,,,,,,,,,,,,,,,,,,,,,,,,,,,,,,,,,,,,,,,,,,,,,,,,,,,,,,,,,,,,,,,,,,,,,,,,,,,,,,,,,,,,,,,,,,,,,,,,,,,,,,,,,,,,,,,,,,,,,,,,,,,,,,,,,,,,,,,,,,,,,,,,,,,,,,,,,,,,,,,,,,,,,,,,,,,True,DATA_ACTUAL,,,,actual
853,3,DEB,DS,분당 Exhaust Duct,DUCT-2,1,2027-12-30 00:00:00,,3,100,,,,,미정,미정,,,,,,,,,-,,,,,,,,,,미정,0xf,12,,,실적,,0,,0,,0,,0,,0,,0,,,,0,,,,0,,,,0,,0,,0,,0,,0,,,,,,,,,,,,,,,,,,,,,,,,,,,,,,,,,,,,,,,,,,,,,,,,,,,,,,,,,,,,,,,,,,,,,,,,,,,,,,,,,,,,,,,,,,,,,,,,,,,,,,,,,,,,,,,,,,,,,,,,,,,,,,,,,,,,,,,,,,,,,,,,,,,,,,,,,,,,,,,,,,,,,,,,,,,,,,,,,,,,,,,,,,,,,,,,,,,,,,,,,,,,,,,,,,,,,,,,,,,,,,,,,,,,,,,,,,,,,,,,,,,False,STRUCTURAL,비데이터 행,,,unknown
853,4,DEB,DS,분당 Exhaust Duct,DUCT-2,1,2027-12-30 00:00:00,,3,100,,,,,취부,,0,,,,,,,,,,,,,,,,,,미정,0xf,12,,,LOAD,,,,,,,,,,,,,,,,,,,,,,,,,,,,,,,,,,,,,,,,,,,,,,,,,,,,,,,,,,,,,,,,,,,,,,,,,,,,,,,,,,,,,,,,,,,,,,,,,,,,,,,,,,,,,,,,,,,,,,,,,,,,,,,,,,,,,,,,,,,,,,,,,,,,,,,,,,,,,,,,,,,,,,,,,,,,,,,,,,,,,,,,,,,,,,,,,,,,,,,,,,,,,,,,,,,,,,,,,,,,,,,,,,,,,,,,,,,,,,,,,,,,,,,,,,,,,,,,,,,,,,,,,,,,,,,,,,,False,STRUCTURAL,비데이터 행,,,unknown
853,5,DEB,DS,분당 Exhaust Duct,DUCT-2,1,2027-12-30 00:00:00,,3,100,,,,,용접,,0,,,,,,,,,,,,,,,,,,미정,0xf,12,,,,,,,,,,,,,,,,,,,,,,,,,,,,,,,,,,,,,,,,,,,,,,,,,,,,,,,,,,,,,,,,,,,,,,,,,,,,,,,,,,,,,,,,,,,,,,,,,,,,,,,,,,,,,,,,,,,,,,,,,,,,,,,,,,,,,,,,,,,,,,,,,,,,,,,,,,,,,,,,,,,,,,,,,,,,,,,,,,,,,,,,,,,,,,,,,,,,,,,,,,,,,,,,,,,,,,,,,,,,,,,,,,,,,,,,,,,,,,,,,,,,,,,,,,,,,,,,,,,,,,,,,,,,,,,,,,,,,,False,STRUCTURAL,비데이터 행,,,unknown
853,6,DEB,DS,분당 Exhaust Duct,DUCT-2,1,2027-12-30 00:00:00,,3,100,,,,,조립,,0,,,,,,,,,,,,,,,,,,미정,0xf,12,,,,,,,,,,,,,,,,,,,,,,,,,,,,,,,,,,,,,,,,,,,,,,,,,,,,,,,,,,,,,,,,,,,,,,,,,,,,,,,,,,,,,,,,,,,,,,,,,,,,,,,,,,,,,,,,,,,,,,,,,,,,,,,,,,,,,,,,,,,,,,,,,,,,,,,,,,,,,,,,,,,,,,,,,,,,,,,,,,,,,,,,,,,,,,,,,,,,,,,,,,,,,,,,,,,,,,,,,,,,,,,,,,,,,,,,,,,,,,,,,,,,,,,,,,,,,,,,,,,,,,,,,,,,,,,,,,,,,,False,STRUCTURAL,비데이터 행,,,unknown
853,7,DEB,DS,분당 Exhaust Duct,DUCT-2,1,2027-12-30 00:00:00,,3,100,,,,,사상,,0,,,,,,,,,,,,,,,,,,미정,0xf,12,,,,,,,,,,,,,,,,,,,,,,,,,,,,,,,,,,,,,,,,,,,,,,,,,,,,,,,,,,,,,,,,,,,,,,,,,,,,,,,,,,,,,,,,,,,,,,,,,,,,,,,,,,,,,,,,,,,,,,,,,,,,,,,,,,,,,,,,,,,,,,,,,,,,,,,,,,,,,,,,,,,,,,,,,,,,,,,,,,,,,,,,,,,,,,,,,,,,,,,,,,,,,,,,,,,,,,,,,,,,,,,,,,,,,,,,,,,,,,,,,,,,,,,,,,,,,,,,,,,,,,,,,,,,,,,,,,,,,,False,STRUCTURAL,비데이터 행,,,unknown
853,9,DEB,DS,분당 Exhaust Duct,DUCT-2,1,2027-12-30 00:00:00,,3,100,,,,,실적,,,,,,,,,,,,,,,,,,,,미정,0xf,12,,,,,,,,,,,,,,,,,,,,,,,,,,,,,,,,,,,,,,,,,,,,,,,,,,,,,,,,,,,,,,,,,,,,,,,,,,,,,,,,,,,,,,,,,,,,,,,,,,,,,,,,,,,,,,,,,,,,,,,,,,,,,,,,,,,,,,,,,,,,,,,,,,,,,,,,,,,,,,,,,,,,,,,,,,,,,,,,,,,,,,,,,,,,,,,,,,,,,,,,,,,,,,,,,,,,,,,,,,,,,,,,,,,,,,,,,,,,,,,,,,,,,,,,,,,,,,,,,,,,,,,,,,,,,,,,,,,,,,False,STRUCTURAL,비데이터 행,,,unknown
854,1,BHI,VS,부천열병합 #2,VS-5,7,2028-01-25 00:00:00,46777,4,30,,,,,일자,미정,,,,,,,,,-,,,,,,,0%,,,미정,0xf,1,,,계획,,,,,,,,,,,,,,,,,,,,,,,,,,,,,,,,,,,,,,,,,,,,,,,,,,,,,,,,,,,,,,,,,,,,,,,,,,,,,,,,,,,,,,,,,,,,,,,,,,,,,,,,,,,,,,,,,,,,,,,,,,,,,,,,,,,,,,,,,,,,,,,,,,,,,,,,,,,,,,,,,,,,,,,,,,,,,,,,,,,,,,,,,,,,,,,,,,,,,,,,,,,,,,,,,,,,,,,,,,,,,,,,,,,,,,,,,,,,,,,,,,,,,,,,,,,,,,,,,,,,,,,,,,,,,,,,,,,True,DATA_PLAN,,,,plan
854,2,BHI,VS,부천열병합 #2,VS-5,7,2028-01-25 00:00:00,,4,30,,,,,실행,미정,,,,,,,,,,,,,,,,,,,미정,0xf,1,,,,,,,,,,,,,,,,,,,,,,,,,,,,,,,,,,,,,,,,,,,,,,,,,,,,,,,,,,,,,,,,,,,,,,,,,,,,,,,,,,,,,,,,,,,,,,,,,,,,,,,,,,,,,,,,,,,,,,,,,,,,,,,,,,,,,,,,,,,,,,,,,,,,,,,,,,,,,,,,,,,,,,,,,,,,,,,,,,,,,,,,,,,,,,,,,,,,,,,,,,,,,,,,,,,,,,,,,,,,,,,,,,,,,,,,,,,,,,,,,,,,,,,,,,,,,,,,,,,,,,,,,,,,,,,,,,,,,,True,DATA_ACTUAL,,,,actual
854,3,BHI,VS,부천열병합 #2,VS-5,7,2028-01-25 00:00:00,,4,30,,,,,미정,미정,,,,,,,,,-,,,,,,,,,,미정,0xf,1,,,실적,,0,,0,,0,,0,,,,0,,,,0,,,,0,,,,0,,0,,0,,0,,0,,,,,,,,,,,,,,,,,,,,,,,,,,,,,,,,,,,,,,,,,,,,,,,,,,,,,,,,,,,,,,,,,,,,,,,,,,,,,,,,,,,,,,,,,,,,,,,,,,,,,,,,,,,,,,,,,,,,,,,,,,,,,,,,,,,,,,,,,,,,,,,,,,,,,,,,,,,,,,,,,,,,,,,,,,,,,,,,,,,,,,,,,,,,,,,,,,,,,,,,,,,,,,,,,,,,,,,,,,,,,,,,,,,,,,,,,,,,,,,,,,,False,STRUCTURAL,비데이터 행,,,unknown
854,4,BHI,VS,부천열병합 #2,VS-5,7,2028-01-25 00:00:00,,4,30,,,,,취부,,0,,,,,,,,,,,,,,,,,,미정,0xf,1,,,LOAD,,,,,,,,,,,,,,,,,,,,,,,,,,,,,,,,,,,,,,,,,,,,,,,,,,,,,,,,,,,,,,,,,,,,,,,,,,,,,,,,,,,,,,,,,,,,,,,,,,,,,,,,,,,,,,,,,,,,,,,,,,,,,,,,,,,,,,,,,,,,,,,,,,,,,,,,,,,,,,,,,,,,,,,,,,,,,,,,,,,,,,,,,,,,,,,,,,,,,,,,,,,,,,,,,,,,,,,,,,,,,,,,,,,,,,,,,,,,,,,,,,,,,,,,,,,,,,,,,,,,,,,,,,,,,,,,,,,False,STRUCTURAL,비데이터 행,,,unknown
854,5,BHI,VS,부천열병합 #2,VS-5,7,2028-01-25 00:00:00,,4,30,,,,,용접,,0,,,,,,,,,,,,,,,,,,미정,0xf,1,,,,,,,,,,,,,,,,,,,,,,,,,,,,,,,,,,,,,,,,,,,,,,,,,,,,,,,,,,,,,,,,,,,,,,,,,,,,,,,,,,,,,,,,,,,,,,,,,,,,,,,,,,,,,,,,,,,,,,,,,,,,,,,,,,,,,,,,,,,,,,,,,,,,,,,,,,,,,,,,,,,,,,,,,,,,,,,,,,,,,,,,,,,,,,,,,,,,,,,,,,,,,,,,,,,,,,,,,,,,,,,,,,,,,,,,,,,,,,,,,,,,,,,,,,,,,,,,,,,,,,,,,,,,,,,,,,,,,,False,STRUCTURAL,비데이터 행,,,unknown
854,6,BHI,VS,부천열병합 #2,VS-5,7,2028-01-25 00:00:00,,4,30,,,,,조립,,0,,,,,,,,,,,,,,,,,,미정,0xf,1,,,,,,,,,,,,,,,,,,,,,,,,,,,,,,,,,,,,,,,,,,,,,,,,,,,,,,,,,,,,,,,,,,,,,,,,,,,,,,,,,,,,,,,,,,,,,,,,,,,,,,,,,,,,,,,,,,,,,,,,,,,,,,,,,,,,,,,,,,,,,,,,,,,,,,,,,,,,,,,,,,,,,,,,,,,,,,,,,,,,,,,,,,,,,,,,,,,,,,,,,,,,,,,,,,,,,,,,,,,,,,,,,,,,,,,,,,,,,,,,,,,,,,,,,,,,,,,,,,,,,,,,,,,,,,,,,,,,,,False,STRUCTURAL,비데이터 행,,,unknown
854,7,BHI,VS,부천열병합 #2,VS-5,7,2028-01-25 00:00:00,,4,30,,,,,사상,,0,,,,,,,,,,,,,,,,,,미정,0xf,1,,,,,,,,,,,,,,,,,,,,,,,,,,,,,,,,,,,,,,,,,,,,,,,,,,,,,,,,,,,,,,,,,,,,,,,,,,,,,,,,,,,,,,,,,,,,,,,,,,,,,,,,,,,,,,,,,,,,,,,,,,,,,,,,,,,,,,,,,,,,,,,,,,,,,,,,,,,,,,,,,,,,,,,,,,,,,,,,,,,,,,,,,,,,,,,,,,,,,,,,,,,,,,,,,,,,,,,,,,,,,,,,,,,,,,,,,,,,,,,,,,,,,,,,,,,,,,,,,,,,,,,,,,,,,,,,,,,,,,False,STRUCTURAL,비데이터 행,,,unknown
854,9,BHI,VS,부천열병합 #2,VS-5,7,2028-01-25 00:00:00,,4,30,,,,,실적,,,,,,,,,,,,,,,,,,,,미정,0xf,1,,,,,,,,,,,,,,,,,,,,,,,,,,,,,,,,,,,,,,,,,,,,,,,,,,,,,,,,,,,,,,,,,,,,,,,,,,,,,,,,,,,,,,,,,,,,,,,,,,,,,,,,,,,,,,,,,,,,,,,,,,,,,,,,,,,,,,,,,,,,,,,,,,,,,,,,,,,,,,,,,,,,,,,,,,,,,,,,,,,,,,,,,,,,,,,,,,,,,,,,,,,,,,,,,,,,,,,,,,,,,,,,,,,,,,,,,,,,,,,,,,,,,,,,,,,,,,,,,,,,,,,,,,,,,,,,,,,,,,False,STRUCTURAL,비데이터 행,,,unknown
855,1,HHI,EGP,"C22K #7,8",E-1,10,2028-02-18 00:00:00,46235,5,20,,,,,일자,F JK플랜트,46146,46155,46160,46178,46202,46202,46220,46235,-,2026-08-26 00:00:00,46271,46272,46274,2026-09-12 00:00:00,46279,0%,,,F JK플랜트,8,2,,,계획,46146,,46155,,46160,,46178,,46181,,46202,,46191,,46235,,46240,,46260,,46247,,46271,,46272,,46274,,46277,,46279,,,,,,,,,,,,,,,,,,,,,,,,,,,,,,,,,,,,,,,,,,,,,,,,,,,,,,,,,,,,,,,,,,,,,,,,,,,,,,,,,,,,,,,,,,,,,,D,,,,,,,,,K,,,,,발S,,,,,,,,,,,,,,,,,,발F,,,가S,,,,,,,,,,제S,-----,-----,-----,-----,-----,-----,-----,-----,-----,-----,가F,-----,-----,-----,-----,-----,-----,-----,-----,-----,-----,-----,-----,-----,-----,-----,-----,-----,-----,-----,-----,-----,-----,-----,-----,-----,-----,-----,-----,-----,-----,-----,-----,제F,,,,,도S,,,,,,,조S,,,,,,,,,,,,,도F,,,,,,,,,,,조F,상,,검,,,포,,출,,,,,,,,,,,,,,,,,True,DATA_PLAN,,,,plan
855,2,HHI,EGP,"C22K #7,8",E-1,10,2028-02-18 00:00:00,,5,20,,,,,실행,F JK플랜트,,,,,,,,,,,,,,,,,,,F JK플랜트,8,2,,,,,,,,,,,,,,,,,,,,,,,,,,,,,,,,,,,,,,,,,,,,,,,,,,,,,,,,,,,,,,,,,,,,,,,,,,,,,,,,,,,,,,,,,,,,,,,,,,,,,,,,,,,,,,,,,,,,,,,,,,,,,,,,,,,,,,,,,,,,,,,,,,,,,,,,,,,,,,,,,,,,,,,,,,,,,,,,,,,,,,,,,,,,,,,,,,,,,,,,,,,,,,,,,,,,,,,,,,,,,,,,,,,,,,,,,,,,,,,,,,,,,,,,,,,,,,,,,,,,,,,,,,,,,,,,,,,,,,True,DATA_ACTUAL,,,,actual
855,3,HHI,EGP,"C22K #7,8",E-1,10,2028-02-18 00:00:00,,5,20,,,,,F JK플랜트,F JK플랜트,,,,,,,,,-,,,,,,,,,,F JK플랜트,8,2,,,실적,,0,,0,,0,,0,,0,,0,,,,0,,,,0,,,,0,,0,,0,,0,,0,,,,,,,,,,,,,,,,,,,,,,,,,,,,,,,,,,,,,,,,,,,,,,,,,,,,,,,,,,,,,,,,,,,,,,,,,,,,,,,,,,,,,,,,,,,,,,,,,,,,,,,,,,,,,,,,,,,,,,,,,,,,,,,,,,,,,,,,,,,,,,,,,,,,,,,,,,,,,,,,,,,,,,,,,,,,,,,,,,,,,,,,,,,,,,,,,,,,,,,,,,,,,,,,,,,,,,,,,,,,,,,,,,,,,,,,,,,,,,,,,,,False,STRUCTURAL,비데이터 행,,,unknown
855,4,HHI,EGP,"C22K #7,8",E-1,10,2028-02-18 00:00:00,,5,20,,,,,취부,,0,,,,,,,,,,,,,,,,,,F JK플랜트,8,2,,,LOAD,,,,,,,,,,,,,,,,,,,,,,,,,,,,,,,,,,,,,,,,,,,,,,,,,,,,,,,,,,,,,,,,,,,,,,,,,,,,,,,,,,,,,,,,,,,,,,,,,,,,,,,,,,,,,,,,,,,,,,,,,,,,,,,,,,,,,,,,,,,,,,,,,,,,,,,,,,,,,,,,,,,,,,,,,,,,,,,,,,,,,,,,,,,,,,,,,,,,,,,,,,,,,,,,,,,,,,,,,,,,,,,,,,,,,,,,,,,,,,,,,,,,,,,,,,,,,,,,,,,,,,,,,,,,,,,,,,,False,STRUCTURAL,비데이터 행,,,unknown
855,5,HHI,EGP,"C22K #7,8",E-1,10,2028-02-18 00:00:00,,5,20,,,,,용접,,0,,,,,,,,,,,,,,,,,,F JK플랜트,8,2,,,,,,,,,,,,,,,,,,,,,,,,,,,,,,,,,,,,,,,,,,,,,,,,,,,,,,,,,,,,,,,,,,,,,,,,,,,,,,,,,,,,,,,,,,,,,,,,,,,,,,,,,,,,,,,,,,,,,,,,,,,,,,,,,,,,,,,,,,,,,,,,,,,,,,,,,,,,,,,,,,,,,,,,,,,,,,,,,,,,,,,,,,,,,,,,,,,,,,,,,,,,,,,,,,,,,,,,,,,,,,,,,,,,,,,,,,,,,,,,,,,,,,,,,,,,,,,,,,,,,,,,,,,,,,,,,,,,,,False,STRUCTURAL,비데이터 행,,,unknown
855,6,HHI,EGP,"C22K #7,8",E-1,10,2028-02-18 00:00:00,,5,20,,,,,조립,,0,,,,,,,,,,,,,,,,,,F JK플랜트,8,2,,,,,,,,,,,,,,,,,,,,,,,,,,,,,,,,,,,,,,,,,,,,,,,,,,,,,,,,,,,,,,,,,,,,,,,,,,,,,,,,,,,,,,,,,,,,,,,,,,,,,,,,,,,,,,,,,,,,,,,,,,,,,,,,,,,,,,,,,,,,,,,,,,,,,,,,,,,,,,,,,,,,,,,,,,,,,,,,,,,,,,,,,,,,,,,,,,,,,,,,,,,,,,,,,,,,,,,,,,,,,,,,,,,,,,,,,,,,,,,,,,,,,,,,,,,,,,,,,,,,,,,,,,,,,,,,,,,,,,False,STRUCTURAL,비데이터 행,,,unknown
855,7,HHI,EGP,"C22K #7,8",E-1,10,2028-02-18 00:00:00,,5,20,,,,,사상,,0,,,,,,,,,,,,,,,,,,F JK플랜트,8,2,,,,,,,,,,,,,,,,,,,,,,,,,,,,,,,,,,,,,,,,,,,,,,,,,,,,,,,,,,,,,,,,,,,,,,,,,,,,,,,,,,,,,,,,,,,,,,,,,,,,,,,,,,,,,,,,,,,,,,,,,,,,,,,,,,,,,,,,,,,,,,,,,,,,,,,,,,,,,,,,,,,,,,,,,,,,,,,,,,,,,,,,,,,,,,,,,,,,,,,,,,,,,,,,,,,,,,,,,,,,,,,,,,,,,,,,,,,,,,,,,,,,,,,,,,,,,,,,,,,,,,,,,,,,,,,,,,,,,,False,STRUCTURAL,비데이터 행,,,unknown
855,9,HHI,EGP,"C22K #7,8",E-1,10,2028-02-18 00:00:00,,5,20,,,,,실적,,45807,,,,,,,,,,,,,,,,,,F JK플랜트,8,2,,,,,,,,,,,,,,,,,,,,,,,,,,,,,,,,,,,,,,,,,,,,,,,,,,,,,,,,,,,,,,,,,,,,,,,,,,,,,,,,,,,,,,,,,,,,,,,,,,,,,,,,,,,,,,,,,,,,,,,,,,,,,,,,,,,,,,,,,,,,,,,,,,,,,,,,,,,,,,,,,,,,,,,,,,,,,,,,,,,,,,,,,,,,,,,,,,,,,,,,,,,,,,,,,,,,,,,,,,,,,,,,,,,,,,,,,,,,,,,,,,,,,,,,,,,,,,,,,,,,,,,,,,,,,,,,,,,,,,False,STRUCTURAL,비데이터 행,,,unknown
856,1,HHI,EGP,CHB2071,EGP-2,5,2028-03-09 00:00:00,46155,5,20,,,,"6H_1,9H_4",일자,F JK플랜트,46099,46106,46107,46121,46132,46132,46147,46155,-,2026-05-21 00:00:00,46184,46185,46188,2026-06-16 00:00:00,46190,0%,,,F JK플랜트,5,3,,,계획,46099,,46106,,46107,,46121,,46122,,46132,,46133,,46155,,46160,,46163,,46162,,46184,,46185,,46188,,46189,,46190,,,,,,,,,,,,,,,,,,,,,,,,,,,,,,,,,,,,,,,,,,,,,,,D,,,,,,,K,발S,,,,,,,,,,,,,,발F,가S,,,,,,,,,,가F,제S,-----,-----,-----,-----,-----,-----,-----,-----,-----,-----,-----,-----,-----,-----,-----,-----,-----,-----,-----,-----,-----,제F,,,,,도S,,조S,도F,,,,,,,,,,,,,,,,,,,,,조F,상,,,검,포,출,,,,,,,,,,,,,,,,,,,,,,,,,,,,,,,,,,,,,,,,,,,,,,,,,,,,,,,,,,,,,,,,,,,,,,,,,,,,,,,,,,,,,,,,,,,,,,,,,,,,,,,,,,True,DATA_PLAN,,,,plan
856,2,HHI,EGP,CHB2071,EGP-2,5,2028-03-09 00:00:00,,5,20,,,,,실행,F JK플랜트,,,,,,,,,,,,,,,,,,,F JK플랜트,5,3,,,,,,,,,,,,,,,,,,,,,,,,,,,,,,,,,,,,,,,,,,,,,,,,,,,,,,,,,,,,,,,,,,,,,,,,,,,,,,,,,,,,,,,,,,,,,,,,,,,,,,,,,,,,,,,,,,,,,,,,,,,,,,,,,,,,,,,,,,,,,,,,,,,,,,,,,,,,,,,,,,,,,,,,,,,,,,,,,,,,,,,,,,,,,,,,,,,,,,,,,,,,,,,,,,,,,,,,,,,,,,,,,,,,,,,,,,,,,,,,,,,,,,,,,,,,,,,,,,,,,,,,,,,,,,,,,,,,,,True,DATA_ACTUAL,,,,actual
856,3,HHI,EGP,CHB2071,EGP-2,5,2028-03-09 00:00:00,,5,20,,,,,F JK플랜트,F JK플랜트,,,,,,,,,-,,,,,,,,,,F JK플랜트,5,3,,,실적,,0,,0,,0,,0,,,,0,,,,0,,,,0,,,,0,,0,,0,,0,,0,,,,,,,,,,,,,,,,,,,,,,,,,,,,,,,,,,,,,,,,,,,,,,,,,,,,,,,,,,,,,,,,,,,,,,,,,,,,,,,,,,,,,,,,,,,,,,,,,,,,,,,,,,,,,,,,,,,,,,,,,,,,,,,,,,,,,,,,,,,,,,,,,,,,,,,,,,,,,,,,,,,,,,,,,,,,,,,,,,,,,,,,,,,,,,,,,,,,,,,,,,,,,,,,,,,,,,,,,,,,,,,,,,,,,,,,,,,,,,,,,,,False,STRUCTURAL,비데이터 행,,,unknown
856,4,HHI,EGP,CHB2071,EGP-2,5,2028-03-09 00:00:00,,5,20,,,,,취부,,0,,,,,,,,,,,,,,,,,,F JK플랜트,5,3,,,LOAD,,,,,,,,,,,,,,,,,,,,,,,,,,,,,,,,,,,,,,,,,,,,,,,,,,,,,,,,,,,,,,,,,,,,,,,,,,,,,,,,,,,,,,,,,,,,,,,,,,,,,,,,,,,,,,,,,,,,,,,,,,,,,,,,,,,,,,,,,,,,,,,,,,,,,,,,,,,,,,,,,,,,,,,,,,,,,,,,,,,,,,,,,,,,,,,,,,,,,,,,,,,,,,,,,,,,,,,,,,,,,,,,,,,,,,,,,,,,,,,,,,,,,,,,,,,,,,,,,,,,,,,,,,,,,,,,,,,False,STRUCTURAL,비데이터 행,,,unknown
856,5,HHI,EGP,CHB2071,EGP-2,5,2028-03-09 00:00:00,,5,20,,,,,용접,,0,,,,,,,,,,,,,,,,,,F JK플랜트,5,3,,,,,,,,,,,,,,,,,,,,,,,,,,,,,,,,,,,,,,,,,,,,,,,,,,,,,,,,,,,,,,,,,,,,,,,,,,,,,,,,,,,,,,,,,,,,,,,,,,,,,,,,,,,,,,,,,,,,,,,,,,,,,,,,,,,,,,,,,,,,,,,,,,,,,,,,,,,,,,,,,,,,,,,,,,,,,,,,,,,,,,,,,,,,,,,,,,,,,,,,,,,,,,,,,,,,,,,,,,,,,,,,,,,,,,,,,,,,,,,,,,,,,,,,,,,,,,,,,,,,,,,,,,,,,,,,,,,,,,False,STRUCTURAL,비데이터 행,,,unknown
856,6,HHI,EGP,CHB2071,EGP-2,5,2028-03-09 00:00:00,,5,20,,,,,조립,,0,,,,,,,,,,,,,,,,,,F JK플랜트,5,3,,,,,,,,,,,,,,,,,,,,,,,,,,,,,,,,,,,,,,,,,,,,,,,,,,,,,,,,,,,,,,,,,,,,,,,,,,,,,,,,,,,,,,,,,,,,,,,,,,,,,,,,,,,,,,,,,,,,,,,,,,,,,,,,,,,,,,,,,,,,,,,,,,,,,,,,,,,,,,,,,,,,,,,,,,,,,,,,,,,,,,,,,,,,,,,,,,,,,,,,,,,,,,,,,,,,,,,,,,,,,,,,,,,,,,,,,,,,,,,,,,,,,,,,,,,,,,,,,,,,,,,,,,,,,,,,,,,,,,False,STRUCTURAL,비데이터 행,,,unknown
856,7,HHI,EGP,CHB2071,EGP-2,5,2028-03-09 00:00:00,,5,20,,,,,사상,,0,,,,,,,,,,,,,,,,,,F JK플랜트,5,3,,,,,,,,,,,,,,,,,,,,,,,,,,,,,,,,,,,,,,,,,,,,,,,,,,,,,,,,,,,,,,,,,,,,,,,,,,,,,,,,,,,,,,,,,,,,,,,,,,,,,,,,,,,,,,,,,,,,,,,,,,,,,,,,,,,,,,,,,,,,,,,,,,,,,,,,,,,,,,,,,,,,,,,,,,,,,,,,,,,,,,,,,,,,,,,,,,,,,,,,,,,,,,,,,,,,,,,,,,,,,,,,,,,,,,,,,,,,,,,,,,,,,,,,,,,,,,,,,,,,,,,,,,,,,,,,,,,,,,False,STRUCTURAL,비데이터 행,,,unknown
856,9,HHI,EGP,CHB2071,EGP-2,5,2028-03-09 00:00:00,,5,20,,,,,실적,,,,,,,,,,,,,,,,,,,,F JK플랜트,5,3,,,,,,,,,,,,,,,,,,,,,,,,,,,,,,,,,,,,,,,,,,,,,,,,,,,,,,,,,,,,,,,,,,,,,,,,,,,,,,,,,,,,,,,,,,,,,,,,,,,,,,,,,,,,,,,,,,,,,,,,,,,,,,,,,,,,,,,,,,,,,,,,,,,,,,,,,,,,,,,,,,,,,,,,,,,,,,,,,,,,,,,,,,,,,,,,,,,,,,,,,,,,,,,,,,,,,,,,,,,,,,,,,,,,,,,,,,,,,,,,,,,,,,,,,,,,,,,,,,,,,,,,,,,,,,,,,,,,,,False,STRUCTURAL,비데이터 행,,,unknown
857,1,HHI,EGP,CHB2072,EGP-2,5,2028-04-03 00:00:00,46155,5,20,,,,"6H_1,9H_4",일자,F JK플랜트,46099,46106,46107,46121,46132,46132,46147,46155,-,2026-05-21 00:00:00,46184,46185,46188,2026-06-16 00:00:00,46190,0%,,,F JK플랜트,5,4,,,계획,46099,,46106,,46107,,46121,,46122,,46132,,46133,,46155,,46160,,46163,,46162,,46184,,46185,,46188,,46189,,46190,,,,,,,,,,,,,,,,,,,,,,,,,,,,,,,,,,,,,,,,,,,,,,,D,,,,,,,K,발S,,,,,,,,,,,,,,발F,가S,,,,,,,,,,가F,제S,-----,-----,-----,-----,-----,-----,-----,-----,-----,-----,-----,-----,-----,-----,-----,-----,-----,-----,-----,-----,-----,제F,,,,,도S,,조S,도F,,,,,,,,,,,,,,,,,,,,,조F,상,,,검,포,출,,,,,,,,,,,,,,,,,,,,,,,,,,,,,,,,,,,,,,,,,,,,,,,,,,,,,,,,,,,,,,,,,,,,,,,,,,,,,,,,,,,,,,,,,,,,,,,,,,,,,,,,,,True,DATA_PLAN,,,,plan
857,2,HHI,EGP,CHB2072,EGP-2,5,2028-04-03 00:00:00,,5,20,,,,,실행,F JK플랜트,,,,,,,,,,,,,,,,,,,F JK플랜트,5,4,,,,,,,,,,,,,,,,,,,,,,,,,,,,,,,,,,,,,,,,,,,,,,,,,,,,,,,,,,,,,,,,,,,,,,,,,,,,,,,,,,,,,,,,,,,,,,,,,,,,,,,,,,,,,,,,,,,,,,,,,,,,,,,,,,,,,,,,,,,,,,,,,,,,,,,,,,,,,,,,,,,,,,,,,,,,,,,,,,,,,,,,,,,,,,,,,,,,,,,,,,,,,,,,,,,,,,,,,,,,,,,,,,,,,,,,,,,,,,,,,,,,,,,,,,,,,,,,,,,,,,,,,,,,,,,,,,,,,,True,DATA_ACTUAL,,,,actual
857,3,HHI,EGP,CHB2072,EGP-2,5,2028-04-03 00:00:00,,5,20,,,,,F JK플랜트,F JK플랜트,,,,,,,,,-,,,,,,,,,,F JK플랜트,5,4,,,실적,,0,,0,,0,,0,,,,0,,,,0,,,,0,,,,0,,0,,0,,0,,0,,,,,,,,,,,,,,,,,,,,,,,,,,,,,,,,,,,,,,,,,,,,,,,,,,,,,,,,,,,,,,,,,,,,,,,,,,,,,,,,,,,,,,,,,,,,,,,,,,,,,,,,,,,,,,,,,,,,,,,,,,,,,,,,,,,,,,,,,,,,,,,,,,,,,,,,,,,,,,,,,,,,,,,,,,,,,,,,,,,,,,,,,,,,,,,,,,,,,,,,,,,,,,,,,,,,,,,,,,,,,,,,,,,,,,,,,,,,,,,,,,,False,STRUCTURAL,비데이터 행,,,unknown
857,4,HHI,EGP,CHB2072,EGP-2,5,2028-04-03 00:00:00,,5,20,,,,,취부,,0,,,,,,,,,,,,,,,,,,F JK플랜트,5,4,,,LOAD,,,,,,,,,,,,,,,,,,,,,,,,,,,,,,,,,,,,,,,,,,,,,,,,,,,,,,,,,,,,,,,,,,,,,,,,,,,,,,,,,,,,,,,,,,,,,,,,,,,,,,,,,,,,,,,,,,,,,,,,,,,,,,,,,,,,,,,,,,,,,,,,,,,,,,,,,,,,,,,,,,,,,,,,,,,,,,,,,,,,,,,,,,,,,,,,,,,,,,,,,,,,,,,,,,,,,,,,,,,,,,,,,,,,,,,,,,,,,,,,,,,,,,,,,,,,,,,,,,,,,,,,,,,,,,,,,,,False,STRUCTURAL,비데이터 행,,,unknown
857,5,HHI,EGP,CHB2072,EGP-2,5,2028-04-03 00:00:00,,5,20,,,,,용접,,0,,,,,,,,,,,,,,,,,,F JK플랜트,5,4,,,,,,,,,,,,,,,,,,,,,,,,,,,,,,,,,,,,,,,,,,,,,,,,,,,,,,,,,,,,,,,,,,,,,,,,,,,,,,,,,,,,,,,,,,,,,,,,,,,,,,,,,,,,,,,,,,,,,,,,,,,,,,,,,,,,,,,,,,,,,,,,,,,,,,,,,,,,,,,,,,,,,,,,,,,,,,,,,,,,,,,,,,,,,,,,,,,,,,,,,,,,,,,,,,,,,,,,,,,,,,,,,,,,,,,,,,,,,,,,,,,,,,,,,,,,,,,,,,,,,,,,,,,,,,,,,,,,,,False,STRUCTURAL,비데이터 행,,,unknown
857,6,HHI,EGP,CHB2072,EGP-2,5,2028-04-03 00:00:00,,5,20,,,,,조립,,0,,,,,,,,,,,,,,,,,,F JK플랜트,5,4,,,,,,,,,,,,,,,,,,,,,,,,,,,,,,,,,,,,,,,,,,,,,,,,,,,,,,,,,,,,,,,,,,,,,,,,,,,,,,,,,,,,,,,,,,,,,,,,,,,,,,,,,,,,,,,,,,,,,,,,,,,,,,,,,,,,,,,,,,,,,,,,,,,,,,,,,,,,,,,,,,,,,,,,,,,,,,,,,,,,,,,,,,,,,,,,,,,,,,,,,,,,,,,,,,,,,,,,,,,,,,,,,,,,,,,,,,,,,,,,,,,,,,,,,,,,,,,,,,,,,,,,,,,,,,,,,,,,,,False,STRUCTURAL,비데이터 행,,,unknown
857,7,HHI,EGP,CHB2072,EGP-2,5,2028-04-03 00:00:00,,5,20,,,,,사상,,0,,,,,,,,,,,,,,,,,,F JK플랜트,5,4,,,,,,,,,,,,,,,,,,,,,,,,,,,,,,,,,,,,,,,,,,,,,,,,,,,,,,,,,,,,,,,,,,,,,,,,,,,,,,,,,,,,,,,,,,,,,,,,,,,,,,,,,,,,,,,,,,,,,,,,,,,,,,,,,,,,,,,,,,,,,,,,,,,,,,,,,,,,,,,,,,,,,,,,,,,,,,,,,,,,,,,,,,,,,,,,,,,,,,,,,,,,,,,,,,,,,,,,,,,,,,,,,,,,,,,,,,,,,,,,,,,,,,,,,,,,,,,,,,,,,,,,,,,,,,,,,,,,,,False,STRUCTURAL,비데이터 행,,,unknown
857,9,HHI,EGP,CHB2072,EGP-2,5,2028-04-03 00:00:00,,5,20,,,,,실적,,,,,,,,,,,,,,,,,,,,F JK플랜트,5,4,,,,,,,,,,,,,,,,,,,,,,,,,,,,,,,,,,,,,,,,,,,,,,,,,,,,,,,,,,,,,,,,,,,,,,,,,,,,,,,,,,,,,,,,,,,,,,,,,,,,,,,,,,,,,,,,,,,,,,,,,,,,,,,,,,,,,,,,,,,,,,,,,,,,,,,,,,,,,,,,,,,,,,,,,,,,,,,,,,,,,,,,,,,,,,,,,,,,,,,,,,,,,,,,,,,,,,,,,,,,,,,,,,,,,,,,,,,,,,,,,,,,,,,,,,,,,,,,,,,,,,,,,,,,,,,,,,,,,,False,STRUCTURAL,비데이터 행,,,unknown
858,1,HHI,EGP,CHB2073,EGP-2,5,2028-03-24 00:00:00,46155,5,20,,,,"6H_1,9H_4",일자,F JK플랜트,46099,46106,46107,46121,46132,46132,46147,46155,-,2026-05-21 00:00:00,46184,46185,46188,2026-06-16 00:00:00,46190,0%,,,F JK플랜트,5,3,,,계획,46099,,46106,,46107,,46121,,46122,,46132,,46133,,46155,,46160,,46163,,46162,,46184,,46185,,46188,,46189,,46190,,,,,,,,,,,,,,,,,,,,,,,,,,,,,,,,,,,,,,,,,,,,,,,D,,,,,,,K,발S,,,,,,,,,,,,,,발F,가S,,,,,,,,,,가F,제S,-----,-----,-----,-----,-----,-----,-----,-----,-----,-----,-----,-----,-----,-----,-----,-----,-----,-----,-----,-----,-----,제F,,,,,도S,,조S,도F,,,,,,,,,,,,,,,,,,,,,조F,상,,,검,포,출,,,,,,,,,,,,,,,,,,,,,,,,,,,,,,,,,,,,,,,,,,,,,,,,,,,,,,,,,,,,,,,,,,,,,,,,,,,,,,,,,,,,,,,,,,,,,,,,,,,,,,,,,,True,DATA_PLAN,,,,plan
858,2,HHI,EGP,CHB2073,EGP-2,5,2028-03-24 00:00:00,,5,20,,,,,실행,F JK플랜트,,,,,,,,,,,,,,,,,,,F JK플랜트,5,3,,,,,,,,,,,,,,,,,,,,,,,,,,,,,,,,,,,,,,,,,,,,,,,,,,,,,,,,,,,,,,,,,,,,,,,,,,,,,,,,,,,,,,,,,,,,,,,,,,,,,,,,,,,,,,,,,,,,,,,,,,,,,,,,,,,,,,,,,,,,,,,,,,,,,,,,,,,,,,,,,,,,,,,,,,,,,,,,,,,,,,,,,,,,,,,,,,,,,,,,,,,,,,,,,,,,,,,,,,,,,,,,,,,,,,,,,,,,,,,,,,,,,,,,,,,,,,,,,,,,,,,,,,,,,,,,,,,,,,True,DATA_ACTUAL,,,,actual
858,3,HHI,EGP,CHB2073,EGP-2,5,2028-03-24 00:00:00,,5,20,,,,,F JK플랜트,F JK플랜트,,,,,,,,,-,,,,,,,,,,F JK플랜트,5,3,,,실적,,0,,0,,0,,0,,,,0,,,,0,,,,0,,,,0,,0,,0,,0,,0,,,,,,,,,,,,,,,,,,,,,,,,,,,,,,,,,,,,,,,,,,,,,,,,,,,,,,,,,,,,,,,,,,,,,,,,,,,,,,,,,,,,,,,,,,,,,,,,,,,,,,,,,,,,,,,,,,,,,,,,,,,,,,,,,,,,,,,,,,,,,,,,,,,,,,,,,,,,,,,,,,,,,,,,,,,,,,,,,,,,,,,,,,,,,,,,,,,,,,,,,,,,,,,,,,,,,,,,,,,,,,,,,,,,,,,,,,,,,,,,,,,False,STRUCTURAL,비데이터 행,,,unknown
858,4,HHI,EGP,CHB2073,EGP-2,5,2028-03-24 00:00:00,,5,20,,,,,취부,,0,,,,,,,,,,,,,,,,,,F JK플랜트,5,3,,,LOAD,,,,,,,,,,,,,,,,,,,,,,,,,,,,,,,,,,,,,,,,,,,,,,,,,,,,,,,,,,,,,,,,,,,,,,,,,,,,,,,,,,,,,,,,,,,,,,,,,,,,,,,,,,,,,,,,,,,,,,,,,,,,,,,,,,,,,,,,,,,,,,,,,,,,,,,,,,,,,,,,,,,,,,,,,,,,,,,,,,,,,,,,,,,,,,,,,,,,,,,,,,,,,,,,,,,,,,,,,,,,,,,,,,,,,,,,,,,,,,,,,,,,,,,,,,,,,,,,,,,,,,,,,,,,,,,,,,,False,STRUCTURAL,비데이터 행,,,unknown
858,5,HHI,EGP,CHB2073,EGP-2,5,2028-03-24 00:00:00,,5,20,,,,,용접,,0,,,,,,,,,,,,,,,,,,F JK플랜트,5,3,,,,,,,,,,,,,,,,,,,,,,,,,,,,,,,,,,,,,,,,,,,,,,,,,,,,,,,,,,,,,,,,,,,,,,,,,,,,,,,,,,,,,,,,,,,,,,,,,,,,,,,,,,,,,,,,,,,,,,,,,,,,,,,,,,,,,,,,,,,,,,,,,,,,,,,,,,,,,,,,,,,,,,,,,,,,,,,,,,,,,,,,,,,,,,,,,,,,,,,,,,,,,,,,,,,,,,,,,,,,,,,,,,,,,,,,,,,,,,,,,,,,,,,,,,,,,,,,,,,,,,,,,,,,,,,,,,,,,,False,STRUCTURAL,비데이터 행,,,unknown
858,6,HHI,EGP,CHB2073,EGP-2,5,2028-03-24 00:00:00,,5,20,,,,,조립,,0,,,,,,,,,,,,,,,,,,F JK플랜트,5,3,,,,,,,,,,,,,,,,,,,,,,,,,,,,,,,,,,,,,,,,,,,,,,,,,,,,,,,,,,,,,,,,,,,,,,,,,,,,,,,,,,,,,,,,,,,,,,,,,,,,,,,,,,,,,,,,,,,,,,,,,,,,,,,,,,,,,,,,,,,,,,,,,,,,,,,,,,,,,,,,,,,,,,,,,,,,,,,,,,,,,,,,,,,,,,,,,,,,,,,,,,,,,,,,,,,,,,,,,,,,,,,,,,,,,,,,,,,,,,,,,,,,,,,,,,,,,,,,,,,,,,,,,,,,,,,,,,,,,,False,STRUCTURAL,비데이터 행,,,unknown
858,7,HHI,EGP,CHB2073,EGP-2,5,2028-03-24 00:00:00,,5,20,,,,,사상,,0,,,,,,,,,,,,,,,,,,F JK플랜트,5,3,,,,,,,,,,,,,,,,,,,,,,,,,,,,,,,,,,,,,,,,,,,,,,,,,,,,,,,,,,,,,,,,,,,,,,,,,,,,,,,,,,,,,,,,,,,,,,,,,,,,,,,,,,,,,,,,,,,,,,,,,,,,,,,,,,,,,,,,,,,,,,,,,,,,,,,,,,,,,,,,,,,,,,,,,,,,,,,,,,,,,,,,,,,,,,,,,,,,,,,,,,,,,,,,,,,,,,,,,,,,,,,,,,,,,,,,,,,,,,,,,,,,,,,,,,,,,,,,,,,,,,,,,,,,,,,,,,,,,,False,STRUCTURAL,비데이터 행,,,unknown
858,9,HHI,EGP,CHB2073,EGP-2,5,2028-03-24 00:00:00,,5,20,,,,,실적,,,,,,,,,,,,,,,,,,,,F JK플랜트,5,3,,,,,,,,,,,,,,,,,,,,,,,,,,,,,,,,,,,,,,,,,,,,,,,,,,,,,,,,,,,,,,,,,,,,,,,,,,,,,,,,,,,,,,,,,,,,,,,,,,,,,,,,,,,,,,,,,,,,,,,,,,,,,,,,,,,,,,,,,,,,,,,,,,,,,,,,,,,,,,,,,,,,,,,,,,,,,,,,,,,,,,,,,,,,,,,,,,,,,,,,,,,,,,,,,,,,,,,,,,,,,,,,,,,,,,,,,,,,,,,,,,,,,,,,,,,,,,,,,,,,,,,,,,,,,,,,,,,,,,False,STRUCTURAL,비데이터 행,,,unknown
859,1,HHI,EGP,0211008,EGP-2,5,2026-05-04 00:00:00,46155,5,20,,,,"6H_1,9H_4",일자,F JK플랜트,46099,46106,46107,46121,46132,46132,46147,46155,-,2026-05-21 00:00:00,46184,46185,46188,2026-06-16 00:00:00,46190,0%,,,F JK플랜트,5,5,,,계획,46099,,46106,,46107,,46121,,46122,,46132,,46133,,46155,,46160,,46163,,46162,,46184,,46185,,46188,,46189,,46190,,,,,,,,,,,,,,,,,,,,,,,,,,,,,,,,,,,,,,,,,,,,,,,D,,,,,,,K,발S,,,,,,,,,,,,,,발F,가S,,,,,,,,,,가F,제S,-----,-----,-----,-----,-----,-----,-----,-----,-----,-----,-----,-----,납,-----,-----,-----,-----,-----,-----,-----,-----,제F,,,,,도S,,조S,도F,,,,,,,,,,,,,,,,,,,,,조F,상,,,검,포,출,,,,,,,,,,,,,,,,,,,,,,,,,,,,,,,,,,,,,,,,,,,,,,,,,,,,,,,,,,,,,,,,,,,,,,,,,,,,,,,,,,,,,,,,,,,,,,,,,,,,,,,,,,True,DATA_PLAN,,,,plan
859,2,HHI,EGP,0211008,EGP-2,5,2026-05-04 00:00:00,,5,20,,,,,실행,F JK플랜트,,,,,,,,,,,,,,,,,,,F JK플랜트,5,5,,,,,,,,,,,,,,,,,,,,,,,,,,,,,,,,,,,,,,,,,,,,,,,,,,,,,,,,,,,,,,,,,,,,,,,,,,,,,,,,,,,,,,,,,,,,,,,,,,,,,,,,,,,,,,,,,,,,,,,,,,,,,,,,,,,,,,,,,,,,,,,,,,,,,,,,,,,,,,,,,,,,,,,,,,,,,,,,,,,,,,,,,,,,,,,,,,,,,,,,,,,,,,,,,,,,,,,,,,,,,,,,,,,,,,,,,,,,,,,,,,,,,,,,,,,,,,,,,,,,,,,,,,,,,,,,,,,,,,True,DATA_ACTUAL,,,,actual
859,3,HHI,EGP,0211008,EGP-2,5,2026-05-04 00:00:00,,5,20,,,,,F JK플랜트,F JK플랜트,,,,,,,,,-,,,,,,,,,,F JK플랜트,5,5,,,실적,,0,,0,,0,,0,,,,0,,,,0,,,,0,,,,0,,0,,0,,0,,0,,,,,,,,,,,,,,,,,,,,,,,,,,,,,,,,,,,,,,,,,,,,,,,,,,,,,,,,,,,,,,,,,,,,,,,,,,,,,,,,,,,,,,,,,,,,,,,,,,,,,,,,,,,,,,,,,,,,,,,,,,,,,,,,,,,,,,,,,,,,,,,,,,,,,,,,,,,,,,,,,,,,,,,,,,,,,,,,,,,,,,,,,,,,,,,,,,,,,,,,,,,,,,,,,,,,,,,,,,,,,,,,,,,,,,,,,,,,,,,,,,,False,STRUCTURAL,비데이터 행,,,unknown
859,4,HHI,EGP,0211008,EGP-2,5,2026-05-04 00:00:00,,5,20,,,,,취부,,0,,,,,,,,,,,,,,,,,,F JK플랜트,5,5,,,LOAD,,,,,,,,,,,,,,,,,,,,,,,,,,,,,,,,,,,,,,,,,,,,,,,,,,,,,,,,,,,,,,,,,,,,,,,,,,,,,,,,,,,,,,,,,,,,,,,,,,,,,,,,,,,,,,,,,,,,,,,,,,,,,,,,,,,,,,,,,,,,,,,,,,,,,,,,,,,,,,,,,,,,,,,,,,,,,,,,,,,,,,,,,,,,,,,,,,,,,,,,,,,,,,,,,,,,,,,,,,,,,,,,,,,,,,,,,,,,,,,,,,,,,,,,,,,,,,,,,,,,,,,,,,,,,,,,,,,False,STRUCTURAL,비데이터 행,,,unknown
859,5,HHI,EGP,0211008,EGP-2,5,2026-05-04 00:00:00,,5,20,,,,,용접,,0,,,,,,,,,,,,,,,,,,F JK플랜트,5,5,,,,,,,,,,,,,,,,,,,,,,,,,,,,,,,,,,,,,,,,,,,,,,,,,,,,,,,,,,,,,,,,,,,,,,,,,,,,,,,,,,,,,,,,,,,,,,,,,,,,,,,,,,,,,,,,,,,,,,,,,,,,,,,,,,,,,,,,,,,,,,,,,,,,,,,,,,,,,,,,,,,,,,,,,,,,,,,,,,,,,,,,,,,,,,,,,,,,,,,,,,,,,,,,,,,,,,,,,,,,,,,,,,,,,,,,,,,,,,,,,,,,,,,,,,,,,,,,,,,,,,,,,,,,,,,,,,,,,,False,STRUCTURAL,비데이터 행,,,unknown
859,6,HHI,EGP,0211008,EGP-2,5,2026-05-04 00:00:00,,5,20,,,,,조립,,0,,,,,,,,,,,,,,,,,,F JK플랜트,5,5,,,,,,,,,,,,,,,,,,,,,,,,,,,,,,,,,,,,,,,,,,,,,,,,,,,,,,,,,,,,,,,,,,,,,,,,,,,,,,,,,,,,,,,,,,,,,,,,,,,,,,,,,,,,,,,,,,,,,,,,,,,,,,,,,,,,,,,,,,,,,,,,,,,,,,,,,,,,,,,,,,,,,,,,,,,,,,,,,,,,,,,,,,,,,,,,,,,,,,,,,,,,,,,,,,,,,,,,,,,,,,,,,,,,,,,,,,,,,,,,,,,,,,,,,,,,,,,,,,,,,,,,,,,,,,,,,,,,,,False,STRUCTURAL,비데이터 행,,,unknown
859,7,HHI,EGP,0211008,EGP-2,5,2026-05-04 00:00:00,,5,20,,,,,사상,,0,,,,,,,,,,,,,,,,,,F JK플랜트,5,5,,,,,,,,,,,,,,,,,,,,,,,,,,,,,,,,,,,,,,,,,,,,,,,,,,,,,,,,,,,,,,,,,,,,,,,,,,,,,,,,,,,,,,,,,,,,,,,,,,,,,,,,,,,,,,,,,,,,,,,,,,,,,,,,,,,,,,,,,,,,,,,,,,,,,,,,,,,,,,,,,,,,,,,,,,,,,,,,,,,,,,,,,,,,,,,,,,,,,,,,,,,,,,,,,,,,,,,,,,,,,,,,,,,,,,,,,,,,,,,,,,,,,,,,,,,,,,,,,,,,,,,,,,,,,,,,,,,,,,False,STRUCTURAL,비데이터 행,,,unknown
859,9,HHI,EGP,0211008,EGP-2,5,2026-05-04 00:00:00,,5,20,,,,,실적,,,,,,,,,,,,,,,,,,,,F JK플랜트,5,5,,,,,,,,,,,,,,,,,,,,,,,,,,,,,,,,,,,,,,,,,,,,,,,,,,,,,,,,,,,,,,,,,,,,,,,,,,,,,,,,,,,,,,,,,,,,,,,,,,,,,,,,,,,,,,,,,,,,,,,,,,,,,,,,,,,,,,,,,,,,,,,,,,,,,,,,,,,,,,,,,,,,,,,,,,,,,,,,,,,,,,,,,,,,,,,,,,,,,,,,,,,,,,,,,,,,,,,,,,,,,,,,,,,,,,,,,,,,,,,,,,,,,,,,,,,,,,,,,,,,,,,,,,,,,,,,,,,,,,False,STRUCTURAL,비데이터 행,,,unknown
860,1,HHI,EGP,CHB2074,EGP-2,5,2028-05-08 00:00:00,46155,5,20,,,,"6H_1,9H_4",일자,F JK플랜트,46099,46106,46107,46121,46132,46132,46147,46155,-,2026-05-21 00:00:00,46184,46185,46188,2026-06-16 00:00:00,46190,0%,,,F JK플랜트,5,5,,,계획,46099,,46106,,46107,,46121,,46122,,46132,,46133,,46155,,46160,,46163,,46162,,46184,,46185,,46188,,46189,,46190,,,,,,,,,,,,,,,,,,,,,,,,,,,,,,,,,,,,,,,,,,,,,,,D,,,,,,,K,발S,,,,,,,,,,,,,,발F,가S,,,,,,,,,,가F,제S,-----,-----,-----,-----,-----,-----,-----,-----,-----,-----,-----,-----,-----,-----,-----,-----,-----,-----,-----,-----,-----,제F,,,,,도S,,조S,도F,,,,,,,,,,,,,,,,,,,,,조F,상,,,검,포,출,,,,,,,,,,,,,,,,,,,,,,,,,,,,,,,,,,,,,,,,,,,,,,,,,,,,,,,,,,,,,,,,,,,,,,,,,,,,,,,,,,,,,,,,,,,,,,,,,,,,,,,,,,True,DATA_PLAN,,,,plan
860,2,HHI,EGP,CHB2074,EGP-2,5,2028-05-08 00:00:00,,5,20,,,,,실행,F JK플랜트,,,,,,,,,,,,,,,,,,,F JK플랜트,5,5,,,,,,,,,,,,,,,,,,,,,,,,,,,,,,,,,,,,,,,,,,,,,,,,,,,,,,,,,,,,,,,,,,,,,,,,,,,,,,,,,,,,,,,,,,,,,,,,,,,,,,,,,,,,,,,,,,,,,,,,,,,,,,,,,,,,,,,,,,,,,,,,,,,,,,,,,,,,,,,,,,,,,,,,,,,,,,,,,,,,,,,,,,,,,,,,,,,,,,,,,,,,,,,,,,,,,,,,,,,,,,,,,,,,,,,,,,,,,,,,,,,,,,,,,,,,,,,,,,,,,,,,,,,,,,,,,,,,,,True,DATA_ACTUAL,,,,actual
860,3,HHI,EGP,CHB2074,EGP-2,5,2028-05-08 00:00:00,,5,20,,,,,F JK플랜트,F JK플랜트,,,,,,,,,-,,,,,,,,,,F JK플랜트,5,5,,,실적,,0,,0,,0,,0,,,,0,,,,0,,,,0,,,,0,,0,,0,,0,,0,,,,,,,,,,,,,,,,,,,,,,,,,,,,,,,,,,,,,,,,,,,,,,,,,,,,,,,,,,,,,,,,,,,,,,,,,,,,,,,,,,,,,,,,,,,,,,,,,,,,,,,,,,,,,,,,,,,,,,,,,,,,,,,,,,,,,,,,,,,,,,,,,,,,,,,,,,,,,,,,,,,,,,,,,,,,,,,,,,,,,,,,,,,,,,,,,,,,,,,,,,,,,,,,,,,,,,,,,,,,,,,,,,,,,,,,,,,,,,,,,,,False,STRUCTURAL,비데이터 행,,,unknown
860,4,HHI,EGP,CHB2074,EGP-2,5,2028-05-08 00:00:00,,5,20,,,,,취부,,0,,,,,,,,,,,,,,,,,,F JK플랜트,5,5,,,LOAD,,,,,,,,,,,,,,,,,,,,,,,,,,,,,,,,,,,,,,,,,,,,,,,,,,,,,,,,,,,,,,,,,,,,,,,,,,,,,,,,,,,,,,,,,,,,,,,,,,,,,,,,,,,,,,,,,,,,,,,,,,,,,,,,,,,,,,,,,,,,,,,,,,,,,,,,,,,,,,,,,,,,,,,,,,,,,,,,,,,,,,,,,,,,,,,,,,,,,,,,,,,,,,,,,,,,,,,,,,,,,,,,,,,,,,,,,,,,,,,,,,,,,,,,,,,,,,,,,,,,,,,,,,,,,,,,,,,False,STRUCTURAL,비데이터 행,,,unknown
860,5,HHI,EGP,CHB2074,EGP-2,5,2028-05-08 00:00:00,,5,20,,,,,용접,,0,,,,,,,,,,,,,,,,,,F JK플랜트,5,5,,,,,,,,,,,,,,,,,,,,,,,,,,,,,,,,,,,,,,,,,,,,,,,,,,,,,,,,,,,,,,,,,,,,,,,,,,,,,,,,,,,,,,,,,,,,,,,,,,,,,,,,,,,,,,,,,,,,,,,,,,,,,,,,,,,,,,,,,,,,,,,,,,,,,,,,,,,,,,,,,,,,,,,,,,,,,,,,,,,,,,,,,,,,,,,,,,,,,,,,,,,,,,,,,,,,,,,,,,,,,,,,,,,,,,,,,,,,,,,,,,,,,,,,,,,,,,,,,,,,,,,,,,,,,,,,,,,,,,False,STRUCTURAL,비데이터 행,,,unknown
860,6,HHI,EGP,CHB2074,EGP-2,5,2028-05-08 00:00:00,,5,20,,,,,조립,,0,,,,,,,,,,,,,,,,,,F JK플랜트,5,5,,,,,,,,,,,,,,,,,,,,,,,,,,,,,,,,,,,,,,,,,,,,,,,,,,,,,,,,,,,,,,,,,,,,,,,,,,,,,,,,,,,,,,,,,,,,,,,,,,,,,,,,,,,,,,,,,,,,,,,,,,,,,,,,,,,,,,,,,,,,,,,,,,,,,,,,,,,,,,,,,,,,,,,,,,,,,,,,,,,,,,,,,,,,,,,,,,,,,,,,,,,,,,,,,,,,,,,,,,,,,,,,,,,,,,,,,,,,,,,,,,,,,,,,,,,,,,,,,,,,,,,,,,,,,,,,,,,,,,False,STRUCTURAL,비데이터 행,,,unknown
860,7,HHI,EGP,CHB2074,EGP-2,5,2028-05-08 00:00:00,,5,20,,,,,사상,,0,,,,,,,,,,,,,,,,,,F JK플랜트,5,5,,,,,,,,,,,,,,,,,,,,,,,,,,,,,,,,,,,,,,,,,,,,,,,,,,,,,,,,,,,,,,,,,,,,,,,,,,,,,,,,,,,,,,,,,,,,,,,,,,,,,,,,,,,,,,,,,,,,,,,,,,,,,,,,,,,,,,,,,,,,,,,,,,,,,,,,,,,,,,,,,,,,,,,,,,,,,,,,,,,,,,,,,,,,,,,,,,,,,,,,,,,,,,,,,,,,,,,,,,,,,,,,,,,,,,,,,,,,,,,,,,,,,,,,,,,,,,,,,,,,,,,,,,,,,,,,,,,,,,False,STRUCTURAL,비데이터 행,,,unknown
860,9,HHI,EGP,CHB2074,EGP-2,5,2028-05-08 00:00:00,,5,20,,,,,실적,,,,,,,,,,,,,,,,,,,,F JK플랜트,5,5,,,,,,,,,,,,,,,,,,,,,,,,,,,,,,,,,,,,,,,,,,,,,,,,,,,,,,,,,,,,,,,,,,,,,,,,,,,,,,,,,,,,,,,,,,,,,,,,,,,,,,,,,,,,,,,,,,,,,,,,,,,,,,,,,,,,,,,,,,,,,,,,,,,,,,,,,,,,,,,,,,,,,,,,,,,,,,,,,,,,,,,,,,,,,,,,,,,,,,,,,,,,,,,,,,,,,,,,,,,,,,,,,,,,,,,,,,,,,,,,,,,,,,,,,,,,,,,,,,,,,,,,,,,,,,,,,,,,,,False,STRUCTURAL,비데이터 행,,,unknown
861,1,HHI,EGP,CHB2075,EGP-2,5,2028-09-01 00:00:00,46155,5,20,,,,"6H_1,9H_4",일자,F JK플랜트,46099,46106,46107,46121,46132,46132,46147,46155,-,2026-05-21 00:00:00,46184,46185,46188,2026-06-16 00:00:00,46190,0%,,,F JK플랜트,5,9,,,계획,46099,,46106,,46107,,46121,,46122,,46132,,46133,,46155,,46160,,46163,,46162,,46184,,46185,,46188,,46189,,46190,,,,,,,,,,,,,,,,,,,,,,,,,,,,,,,,,,,,,,,,,,,,,,,D,,,,,,,K,발S,,,,,,,,,,,,,,발F,가S,,,,,,,,,,가F,제S,-----,-----,-----,-----,-----,-----,-----,-----,-----,-----,-----,-----,-----,-----,-----,-----,-----,-----,-----,-----,-----,제F,,,,,도S,,조S,도F,,,,,,,,,,,,,,,,,,,,,조F,상,,,검,포,출,,,,,,,,,,,,,,,,,,,,,,,,,,,,,,,,,,,,,,,,,,,,,,,,,,,,,,,,,,,,,,,,,,,,,,,,,,,,,,,,,,,,,,,,,,,,,,,,,,,,,,,,,,True,DATA_PLAN,,,,plan
861,2,HHI,EGP,CHB2075,EGP-2,5,2028-09-01 00:00:00,,5,20,,,,,실행,F JK플랜트,,,,,,,,,,,,,,,,,,,F JK플랜트,5,9,,,,,,,,,,,,,,,,,,,,,,,,,,,,,,,,,,,,,,,,,,,,,,,,,,,,,,,,,,,,,,,,,,,,,,,,,,,,,,,,,,,,,,,,,,,,,,,,,,,,,,,,,,,,,,,,,,,,,,,,,,,,,,,,,,,,,,,,,,,,,,,,,,,,,,,,,,,,,,,,,,,,,,,,,,,,,,,,,,,,,,,,,,,,,,,,,,,,,,,,,,,,,,,,,,,,,,,,,,,,,,,,,,,,,,,,,,,,,,,,,,,,,,,,,,,,,,,,,,,,,,,,,,,,,,,,,,,,,,True,DATA_ACTUAL,,,,actual
861,3,HHI,EGP,CHB2075,EGP-2,5,2028-09-01 00:00:00,,5,20,,,,,F JK플랜트,F JK플랜트,,,,,,,,,-,,,,,,,,,,F JK플랜트,5,9,,,실적,,0,,0,,0,,0,,,,0,,,,0,,,,0,,,,0,,0,,0,,0,,0,,,,,,,,,,,,,,,,,,,,,,,,,,,,,,,,,,,,,,,,,,,,,,,,,,,,,,,,,,,,,,,,,,,,,,,,,,,,,,,,,,,,,,,,,,,,,,,,,,,,,,,,,,,,,,,,,,,,,,,,,,,,,,,,,,,,,,,,,,,,,,,,,,,,,,,,,,,,,,,,,,,,,,,,,,,,,,,,,,,,,,,,,,,,,,,,,,,,,,,,,,,,,,,,,,,,,,,,,,,,,,,,,,,,,,,,,,,,,,,,,,,False,STRUCTURAL,비데이터 행,,,unknown
861,4,HHI,EGP,CHB2075,EGP-2,5,2028-09-01 00:00:00,,5,20,,,,,취부,,0,,,,,,,,,,,,,,,,,,F JK플랜트,5,9,,,LOAD,,,,,,,,,,,,,,,,,,,,,,,,,,,,,,,,,,,,,,,,,,,,,,,,,,,,,,,,,,,,,,,,,,,,,,,,,,,,,,,,,,,,,,,,,,,,,,,,,,,,,,,,,,,,,,,,,,,,,,,,,,,,,,,,,,,,,,,,,,,,,,,,,,,,,,,,,,,,,,,,,,,,,,,,,,,,,,,,,,,,,,,,,,,,,,,,,,,,,,,,,,,,,,,,,,,,,,,,,,,,,,,,,,,,,,,,,,,,,,,,,,,,,,,,,,,,,,,,,,,,,,,,,,,,,,,,,,,False,STRUCTURAL,비데이터 행,,,unknown
861,5,HHI,EGP,CHB2075,EGP-2,5,2028-09-01 00:00:00,,5,20,,,,,용접,,0,,,,,,,,,,,,,,,,,,F JK플랜트,5,9,,,,,,,,,,,,,,,,,,,,,,,,,,,,,,,,,,,,,,,,,,,,,,,,,,,,,,,,,,,,,,,,,,,,,,,,,,,,,,,,,,,,,,,,,,,,,,,,,,,,,,,,,,,,,,,,,,,,,,,,,,,,,,,,,,,,,,,,,,,,,,,,,,,,,,,,,,,,,,,,,,,,,,,,,,,,,,,,,,,,,,,,,,,,,,,,,,,,,,,,,,,,,,,,,,,,,,,,,,,,,,,,,,,,,,,,,,,,,,,,,,,,,,,,,,,,,,,,,,,,,,,,,,,,,,,,,,,,,,False,STRUCTURAL,비데이터 행,,,unknown
861,6,HHI,EGP,CHB2075,EGP-2,5,2028-09-01 00:00:00,,5,20,,,,,조립,,0,,,,,,,,,,,,,,,,,,F JK플랜트,5,9,,,,,,,,,,,,,,,,,,,,,,,,,,,,,,,,,,,,,,,,,,,,,,,,,,,,,,,,,,,,,,,,,,,,,,,,,,,,,,,,,,,,,,,,,,,,,,,,,,,,,,,,,,,,,,,,,,,,,,,,,,,,,,,,,,,,,,,,,,,,,,,,,,,,,,,,,,,,,,,,,,,,,,,,,,,,,,,,,,,,,,,,,,,,,,,,,,,,,,,,,,,,,,,,,,,,,,,,,,,,,,,,,,,,,,,,,,,,,,,,,,,,,,,,,,,,,,,,,,,,,,,,,,,,,,,,,,,,,,False,STRUCTURAL,비데이터 행,,,unknown
861,7,HHI,EGP,CHB2075,EGP-2,5,2028-09-01 00:00:00,,5,20,,,,,사상,,0,,,,,,,,,,,,,,,,,,F JK플랜트,5,9,,,,,,,,,,,,,,,,,,,,,,,,,,,,,,,,,,,,,,,,,,,,,,,,,,,,,,,,,,,,,,,,,,,,,,,,,,,,,,,,,,,,,,,,,,,,,,,,,,,,,,,,,,,,,,,,,,,,,,,,,,,,,,,,,,,,,,,,,,,,,,,,,,,,,,,,,,,,,,,,,,,,,,,,,,,,,,,,,,,,,,,,,,,,,,,,,,,,,,,,,,,,,,,,,,,,,,,,,,,,,,,,,,,,,,,,,,,,,,,,,,,,,,,,,,,,,,,,,,,,,,,,,,,,,,,,,,,,,,False,STRUCTURAL,비데이터 행,,,unknown
861,9,HHI,EGP,CHB2075,EGP-2,5,2028-09-01 00:00:00,,5,20,,,,,실적,,,,,,,,,,,,,,,,,,,,F JK플랜트,5,9,,,,,,,,,,,,,,,,,,,,,,,,,,,,,,,,,,,,,,,,,,,,,,,,,,,,,,,,,,,,,,,,,,,,,,,,,,,,,,,,,,,,,,,,,,,,,,,,,,,,,,,,,,,,,,,,,,,,,,,,,,,,,,,,,,,,,,,,,,,,,,,,,,,,,,,,,,,,,,,,,,,,,,,,,,,,,,,,,,,,,,,,,,,,,,,,,,,,,,,,,,,,,,,,,,,,,,,,,,,,,,,,,,,,,,,,,,,,,,,,,,,,,,,,,,,,,,,,,,,,,,,,,,,,,,,,,,,,,,False,STRUCTURAL,비데이터 행,,,unknown
862,1,HHI,EGP,CHB2076,EGP-2,5,2028-07-21 00:00:00,46155,5,20,,,,"6H_1,9H_4",일자,F JK플랜트,46099,46106,46107,46121,46132,46132,46147,46155,-,2026-05-21 00:00:00,46184,46185,46188,2026-06-16 00:00:00,46190,0%,,,F JK플랜트,5,7,,,계획,46099,,46106,,46107,,46121,,46122,,46132,,46133,,46155,,46160,,46163,,46162,,46184,,46185,,46188,,46189,,46190,,,,,,,,,,,,,,,,,,,,,,,,,,,,,,,,,,,,,,,,,,,,,,,D,,,,,,,K,발S,,,,,,,,,,,,,,발F,가S,,,,,,,,,,가F,제S,-----,-----,-----,-----,-----,-----,-----,-----,-----,-----,-----,-----,-----,-----,-----,-----,-----,-----,-----,-----,-----,제F,,,,,도S,,조S,도F,,,,,,,,,,,,,,,,,,,,,조F,상,,,검,포,출,,,,,,,,,,,,,,,,,,,,,,,,,,,,,,,,,,,,,,,,,,,,,,,,,,,,,,,,,,,,,,,,,,,,,,,,,,,,,,,,,,,,,,,,,,,,,,,,,,,,,,,,,,True,DATA_PLAN,,,,plan
862,2,HHI,EGP,CHB2076,EGP-2,5,2028-07-21 00:00:00,,5,20,,,,,실행,F JK플랜트,,,,,,,,,,,,,,,,,,,F JK플랜트,5,7,,,,,,,,,,,,,,,,,,,,,,,,,,,,,,,,,,,,,,,,,,,,,,,,,,,,,,,,,,,,,,,,,,,,,,,,,,,,,,,,,,,,,,,,,,,,,,,,,,,,,,,,,,,,,,,,,,,,,,,,,,,,,,,,,,,,,,,,,,,,,,,,,,,,,,,,,,,,,,,,,,,,,,,,,,,,,,,,,,,,,,,,,,,,,,,,,,,,,,,,,,,,,,,,,,,,,,,,,,,,,,,,,,,,,,,,,,,,,,,,,,,,,,,,,,,,,,,,,,,,,,,,,,,,,,,,,,,,,,True,DATA_ACTUAL,,,,actual
862,3,HHI,EGP,CHB2076,EGP-2,5,2028-07-21 00:00:00,,5,20,,,,,F JK플랜트,F JK플랜트,,,,,,,,,-,,,,,,,,,,F JK플랜트,5,7,,,실적,,0,,0,,0,,0,,,,0,,,,0,,,,0,,,,0,,0,,0,,0,,0,,,,,,,,,,,,,,,,,,,,,,,,,,,,,,,,,,,,,,,,,,,,,,,,,,,,,,,,,,,,,,,,,,,,,,,,,,,,,,,,,,,,,,,,,,,,,,,,,,,,,,,,,,,,,,,,,,,,,,,,,,,,,,,,,,,,,,,,,,,,,,,,,,,,,,,,,,,,,,,,,,,,,,,,,,,,,,,,,,,,,,,,,,,,,,,,,,,,,,,,,,,,,,,,,,,,,,,,,,,,,,,,,,,,,,,,,,,,,,,,,,,False,STRUCTURAL,비데이터 행,,,unknown
862,4,HHI,EGP,CHB2076,EGP-2,5,2028-07-21 00:00:00,,5,20,,,,,취부,,0,,,,,,,,,,,,,,,,,,F JK플랜트,5,7,,,LOAD,,,,,,,,,,,,,,,,,,,,,,,,,,,,,,,,,,,,,,,,,,,,,,,,,,,,,,,,,,,,,,,,,,,,,,,,,,,,,,,,,,,,,,,,,,,,,,,,,,,,,,,,,,,,,,,,,,,,,,,,,,,,,,,,,,,,,,,,,,,,,,,,,,,,,,,,,,,,,,,,,,,,,,,,,,,,,,,,,,,,,,,,,,,,,,,,,,,,,,,,,,,,,,,,,,,,,,,,,,,,,,,,,,,,,,,,,,,,,,,,,,,,,,,,,,,,,,,,,,,,,,,,,,,,,,,,,,,False,STRUCTURAL,비데이터 행,,,unknown
862,5,HHI,EGP,CHB2076,EGP-2,5,2028-07-21 00:00:00,,5,20,,,,,용접,,0,,,,,,,,,,,,,,,,,,F JK플랜트,5,7,,,,,,,,,,,,,,,,,,,,,,,,,,,,,,,,,,,,,,,,,,,,,,,,,,,,,,,,,,,,,,,,,,,,,,,,,,,,,,,,,,,,,,,,,,,,,,,,,,,,,,,,,,,,,,,,,,,,,,,,,,,,,,,,,,,,,,,,,,,,,,,,,,,,,,,,,,,,,,,,,,,,,,,,,,,,,,,,,,,,,,,,,,,,,,,,,,,,,,,,,,,,,,,,,,,,,,,,,,,,,,,,,,,,,,,,,,,,,,,,,,,,,,,,,,,,,,,,,,,,,,,,,,,,,,,,,,,,,,False,STRUCTURAL,비데이터 행,,,unknown
862,6,HHI,EGP,CHB2076,EGP-2,5,2028-07-21 00:00:00,,5,20,,,,,조립,,0,,,,,,,,,,,,,,,,,,F JK플랜트,5,7,,,,,,,,,,,,,,,,,,,,,,,,,,,,,,,,,,,,,,,,,,,,,,,,,,,,,,,,,,,,,,,,,,,,,,,,,,,,,,,,,,,,,,,,,,,,,,,,,,,,,,,,,,,,,,,,,,,,,,,,,,,,,,,,,,,,,,,,,,,,,,,,,,,,,,,,,,,,,,,,,,,,,,,,,,,,,,,,,,,,,,,,,,,,,,,,,,,,,,,,,,,,,,,,,,,,,,,,,,,,,,,,,,,,,,,,,,,,,,,,,,,,,,,,,,,,,,,,,,,,,,,,,,,,,,,,,,,,,,False,STRUCTURAL,비데이터 행,,,unknown
862,7,HHI,EGP,CHB2076,EGP-2,5,2028-07-21 00:00:00,,5,20,,,,,사상,,0,,,,,,,,,,,,,,,,,,F JK플랜트,5,7,,,,,,,,,,,,,,,,,,,,,,,,,,,,,,,,,,,,,,,,,,,,,,,,,,,,,,,,,,,,,,,,,,,,,,,,,,,,,,,,,,,,,,,,,,,,,,,,,,,,,,,,,,,,,,,,,,,,,,,,,,,,,,,,,,,,,,,,,,,,,,,,,,,,,,,,,,,,,,,,,,,,,,,,,,,,,,,,,,,,,,,,,,,,,,,,,,,,,,,,,,,,,,,,,,,,,,,,,,,,,,,,,,,,,,,,,,,,,,,,,,,,,,,,,,,,,,,,,,,,,,,,,,,,,,,,,,,,,,False,STRUCTURAL,비데이터 행,,,unknown
862,9,HHI,EGP,CHB2076,EGP-2,5,2028-07-21 00:00:00,,5,20,,,,,실적,,,,,,,,,,,,,,,,,,,,F JK플랜트,5,7,,,,,,,,,,,,,,,,,,,,,,,,,,,,,,,,,,,,,,,,,,,,,,,,,,,,,,,,,,,,,,,,,,,,,,,,,,,,,,,,,,,,,,,,,,,,,,,,,,,,,,,,,,,,,,,,,,,,,,,,,,,,,,,,,,,,,,,,,,,,,,,,,,,,,,,,,,,,,,,,,,,,,,,,,,,,,,,,,,,,,,,,,,,,,,,,,,,,,,,,,,,,,,,,,,,,,,,,,,,,,,,,,,,,,,,,,,,,,,,,,,,,,,,,,,,,,,,,,,,,,,,,,,,,,,,,,,,,,,False,STRUCTURAL,비데이터 행,,,unknown
863,1,HHI,EGP,CHB2077,EGP-2,5,2028-11-20 00:00:00,46155,5,20,,,,"6H_1,9H_4",일자,F JK플랜트,46099,46106,46107,46121,46132,46132,46147,46155,-,2026-05-21 00:00:00,46184,46185,46188,2026-06-16 00:00:00,46190,0%,,,F JK플랜트,5,11,,,계획,46099,,46106,,46107,,46121,,46122,,46132,,46133,,46155,,46160,,46163,,46162,,46184,,46185,,46188,,46189,,46190,,,,,,,,,,,,,,,,,,,,,,,,,,,,,,,,,,,,,,,,,,,,,,,D,,,,,,,K,발S,,,,,,,,,,,,,,발F,가S,,,,,,,,,,가F,제S,-----,-----,-----,-----,-----,-----,-----,-----,-----,-----,-----,-----,-----,-----,-----,-----,-----,-----,-----,-----,-----,제F,,,,,도S,,조S,도F,,,,,,,,,,,,,,,,,,,,,조F,상,,,검,포,출,,,,,,,,,,,,,,,,,,,,,,,,,,,,,,,,,,,,,,,,,,,,,,,,,,,,,,,,,,,,,,,,,,,,,,,,,,,,,,,,,,,,,,,,,,,,,,,,,,,,,,,,,,True,DATA_PLAN,,,,plan
863,2,HHI,EGP,CHB2077,EGP-2,5,2028-11-20 00:00:00,,5,20,,,,,실행,F JK플랜트,,,,,,,,,,,,,,,,,,,F JK플랜트,5,11,,,,,,,,,,,,,,,,,,,,,,,,,,,,,,,,,,,,,,,,,,,,,,,,,,,,,,,,,,,,,,,,,,,,,,,,,,,,,,,,,,,,,,,,,,,,,,,,,,,,,,,,,,,,,,,,,,,,,,,,,,,,,,,,,,,,,,,,,,,,,,,,,,,,,,,,,,,,,,,,,,,,,,,,,,,,,,,,,,,,,,,,,,,,,,,,,,,,,,,,,,,,,,,,,,,,,,,,,,,,,,,,,,,,,,,,,,,,,,,,,,,,,,,,,,,,,,,,,,,,,,,,,,,,,,,,,,,,,,True,DATA_ACTUAL,,,,actual
863,3,HHI,EGP,CHB2077,EGP-2,5,2028-11-20 00:00:00,,5,20,,,,,F JK플랜트,F JK플랜트,,,,,,,,,-,,,,,,,,,,F JK플랜트,5,11,,,실적,,0,,0,,0,,0,,,,0,,,,0,,,,0,,,,0,,0,,0,,0,,0,,,,,,,,,,,,,,,,,,,,,,,,,,,,,,,,,,,,,,,,,,,,,,,,,,,,,,,,,,,,,,,,,,,,,,,,,,,,,,,,,,,,,,,,,,,,,,,,,,,,,,,,,,,,,,,,,,,,,,,,,,,,,,,,,,,,,,,,,,,,,,,,,,,,,,,,,,,,,,,,,,,,,,,,,,,,,,,,,,,,,,,,,,,,,,,,,,,,,,,,,,,,,,,,,,,,,,,,,,,,,,,,,,,,,,,,,,,,,,,,,,,False,STRUCTURAL,비데이터 행,,,unknown
863,4,HHI,EGP,CHB2077,EGP-2,5,2028-11-20 00:00:00,,5,20,,,,,취부,,0,,,,,,,,,,,,,,,,,,F JK플랜트,5,11,,,LOAD,,,,,,,,,,,,,,,,,,,,,,,,,,,,,,,,,,,,,,,,,,,,,,,,,,,,,,,,,,,,,,,,,,,,,,,,,,,,,,,,,,,,,,,,,,,,,,,,,,,,,,,,,,,,,,,,,,,,,,,,,,,,,,,,,,,,,,,,,,,,,,,,,,,,,,,,,,,,,,,,,,,,,,,,,,,,,,,,,,,,,,,,,,,,,,,,,,,,,,,,,,,,,,,,,,,,,,,,,,,,,,,,,,,,,,,,,,,,,,,,,,,,,,,,,,,,,,,,,,,,,,,,,,,,,,,,,,,False,STRUCTURAL,비데이터 행,,,unknown
863,5,HHI,EGP,CHB2077,EGP-2,5,2028-11-20 00:00:00,,5,20,,,,,용접,,0,,,,,,,,,,,,,,,,,,F JK플랜트,5,11,,,,,,,,,,,,,,,,,,,,,,,,,,,,,,,,,,,,,,,,,,,,,,,,,,,,,,,,,,,,,,,,,,,,,,,,,,,,,,,,,,,,,,,,,,,,,,,,,,,,,,,,,,,,,,,,,,,,,,,,,,,,,,,,,,,,,,,,,,,,,,,,,,,,,,,,,,,,,,,,,,,,,,,,,,,,,,,,,,,,,,,,,,,,,,,,,,,,,,,,,,,,,,,,,,,,,,,,,,,,,,,,,,,,,,,,,,,,,,,,,,,,,,,,,,,,,,,,,,,,,,,,,,,,,,,,,,,,,,False,STRUCTURAL,비데이터 행,,,unknown
863,6,HHI,EGP,CHB2077,EGP-2,5,2028-11-20 00:00:00,,5,20,,,,,조립,,0,,,,,,,,,,,,,,,,,,F JK플랜트,5,11,,,,,,,,,,,,,,,,,,,,,,,,,,,,,,,,,,,,,,,,,,,,,,,,,,,,,,,,,,,,,,,,,,,,,,,,,,,,,,,,,,,,,,,,,,,,,,,,,,,,,,,,,,,,,,,,,,,,,,,,,,,,,,,,,,,,,,,,,,,,,,,,,,,,,,,,,,,,,,,,,,,,,,,,,,,,,,,,,,,,,,,,,,,,,,,,,,,,,,,,,,,,,,,,,,,,,,,,,,,,,,,,,,,,,,,,,,,,,,,,,,,,,,,,,,,,,,,,,,,,,,,,,,,,,,,,,,,,,,False,STRUCTURAL,비데이터 행,,,unknown
863,7,HHI,EGP,CHB2077,EGP-2,5,2028-11-20 00:00:00,,5,20,,,,,사상,,0,,,,,,,,,,,,,,,,,,F JK플랜트,5,11,,,,,,,,,,,,,,,,,,,,,,,,,,,,,,,,,,,,,,,,,,,,,,,,,,,,,,,,,,,,,,,,,,,,,,,,,,,,,,,,,,,,,,,,,,,,,,,,,,,,,,,,,,,,,,,,,,,,,,,,,,,,,,,,,,,,,,,,,,,,,,,,,,,,,,,,,,,,,,,,,,,,,,,,,,,,,,,,,,,,,,,,,,,,,,,,,,,,,,,,,,,,,,,,,,,,,,,,,,,,,,,,,,,,,,,,,,,,,,,,,,,,,,,,,,,,,,,,,,,,,,,,,,,,,,,,,,,,,,False,STRUCTURAL,비데이터 행,,,unknown
863,9,HHI,EGP,CHB2077,EGP-2,5,2028-11-20 00:00:00,,5,20,,,,,실적,,,,,,,,,,,,,,,,,,,,F JK플랜트,5,11,,,,,,,,,,,,,,,,,,,,,,,,,,,,,,,,,,,,,,,,,,,,,,,,,,,,,,,,,,,,,,,,,,,,,,,,,,,,,,,,,,,,,,,,,,,,,,,,,,,,,,,,,,,,,,,,,,,,,,,,,,,,,,,,,,,,,,,,,,,,,,,,,,,,,,,,,,,,,,,,,,,,,,,,,,,,,,,,,,,,,,,,,,,,,,,,,,,,,,,,,,,,,,,,,,,,,,,,,,,,,,,,,,,,,,,,,,,,,,,,,,,,,,,,,,,,,,,,,,,,,,,,,,,,,,,,,,,,,,False,STRUCTURAL,비데이터 행,,,unknown
864,1,HHI,EGP,CHB2078,EGP-2,5,2028-12-21 00:00:00,46155,5,20,,,,"6H_1,9H_4",일자,F JK플랜트,46099,46106,46107,46121,46132,46132,46147,46155,-,2026-05-21 00:00:00,46184,46185,46188,2026-06-16 00:00:00,46190,0%,,,F JK플랜트,5,12,,,계획,46099,,46106,,46107,,46121,,46122,,46132,,46133,,46155,,46160,,46163,,46162,,46184,,46185,,46188,,46189,,46190,,,,,,,,,,,,,,,,,,,,,,,,,,,,,,,,,,,,,,,,,,,,,,,D,,,,,,,K,발S,,,,,,,,,,,,,,발F,가S,,,,,,,,,,가F,제S,-----,-----,-----,-----,-----,-----,-----,-----,-----,-----,-----,-----,-----,-----,-----,-----,-----,-----,-----,-----,-----,제F,,,,,도S,,조S,도F,,,,,,,,,,,,,,,,,,,,,조F,상,,,검,포,출,,,,,,,,,,,,,,,,,,,,,,,,,,,,,,,,,,,,,,,,,,,,,,,,,,,,,,,,,,,,,,,,,,,,,,,,,,,,,,,,,,,,,,,,,,,,,,,,,,,,,,,,,,True,DATA_PLAN,,,,plan
864,2,HHI,EGP,CHB2078,EGP-2,5,2028-12-21 00:00:00,,5,20,,,,,실행,F JK플랜트,,,,,,,,,,,,,,,,,,,F JK플랜트,5,12,,,,,,,,,,,,,,,,,,,,,,,,,,,,,,,,,,,,,,,,,,,,,,,,,,,,,,,,,,,,,,,,,,,,,,,,,,,,,,,,,,,,,,,,,,,,,,,,,,,,,,,,,,,,,,,,,,,,,,,,,,,,,,,,,,,,,,,,,,,,,,,,,,,,,,,,,,,,,,,,,,,,,,,,,,,,,,,,,,,,,,,,,,,,,,,,,,,,,,,,,,,,,,,,,,,,,,,,,,,,,,,,,,,,,,,,,,,,,,,,,,,,,,,,,,,,,,,,,,,,,,,,,,,,,,,,,,,,,,True,DATA_ACTUAL,,,,actual
864,3,HHI,EGP,CHB2078,EGP-2,5,2028-12-21 00:00:00,,5,20,,,,,F JK플랜트,F JK플랜트,,,,,,,,,-,,,,,,,,,,F JK플랜트,5,12,,,실적,,0,,0,,0,,0,,,,0,,,,0,,,,0,,,,0,,0,,0,,0,,0,,,,,,,,,,,,,,,,,,,,,,,,,,,,,,,,,,,,,,,,,,,,,,,,,,,,,,,,,,,,,,,,,,,,,,,,,,,,,,,,,,,,,,,,,,,,,,,,,,,,,,,,,,,,,,,,,,,,,,,,,,,,,,,,,,,,,,,,,,,,,,,,,,,,,,,,,,,,,,,,,,,,,,,,,,,,,,,,,,,,,,,,,,,,,,,,,,,,,,,,,,,,,,,,,,,,,,,,,,,,,,,,,,,,,,,,,,,,,,,,,,,False,STRUCTURAL,비데이터 행,,,unknown
864,4,HHI,EGP,CHB2078,EGP-2,5,2028-12-21 00:00:00,,5,20,,,,,취부,,0,,,,,,,,,,,,,,,,,,F JK플랜트,5,12,,,LOAD,,,,,,,,,,,,,,,,,,,,,,,,,,,,,,,,,,,,,,,,,,,,,,,,,,,,,,,,,,,,,,,,,,,,,,,,,,,,,,,,,,,,,,,,,,,,,,,,,,,,,,,,,,,,,,,,,,,,,,,,,,,,,,,,,,,,,,,,,,,,,,,,,,,,,,,,,,,,,,,,,,,,,,,,,,,,,,,,,,,,,,,,,,,,,,,,,,,,,,,,,,,,,,,,,,,,,,,,,,,,,,,,,,,,,,,,,,,,,,,,,,,,,,,,,,,,,,,,,,,,,,,,,,,,,,,,,,,False,STRUCTURAL,비데이터 행,,,unknown
864,5,HHI,EGP,CHB2078,EGP-2,5,2028-12-21 00:00:00,,5,20,,,,,용접,,0,,,,,,,,,,,,,,,,,,F JK플랜트,5,12,,,,,,,,,,,,,,,,,,,,,,,,,,,,,,,,,,,,,,,,,,,,,,,,,,,,,,,,,,,,,,,,,,,,,,,,,,,,,,,,,,,,,,,,,,,,,,,,,,,,,,,,,,,,,,,,,,,,,,,,,,,,,,,,,,,,,,,,,,,,,,,,,,,,,,,,,,,,,,,,,,,,,,,,,,,,,,,,,,,,,,,,,,,,,,,,,,,,,,,,,,,,,,,,,,,,,,,,,,,,,,,,,,,,,,,,,,,,,,,,,,,,,,,,,,,,,,,,,,,,,,,,,,,,,,,,,,,,,,False,STRUCTURAL,비데이터 행,,,unknown
864,6,HHI,EGP,CHB2078,EGP-2,5,2028-12-21 00:00:00,,5,20,,,,,조립,,0,,,,,,,,,,,,,,,,,,F JK플랜트,5,12,,,,,,,,,,,,,,,,,,,,,,,,,,,,,,,,,,,,,,,,,,,,,,,,,,,,,,,,,,,,,,,,,,,,,,,,,,,,,,,,,,,,,,,,,,,,,,,,,,,,,,,,,,,,,,,,,,,,,,,,,,,,,,,,,,,,,,,,,,,,,,,,,,,,,,,,,,,,,,,,,,,,,,,,,,,,,,,,,,,,,,,,,,,,,,,,,,,,,,,,,,,,,,,,,,,,,,,,,,,,,,,,,,,,,,,,,,,,,,,,,,,,,,,,,,,,,,,,,,,,,,,,,,,,,,,,,,,,,,False,STRUCTURAL,비데이터 행,,,unknown
864,7,HHI,EGP,CHB2078,EGP-2,5,2028-12-21 00:00:00,,5,20,,,,,사상,,0,,,,,,,,,,,,,,,,,,F JK플랜트,5,12,,,,,,,,,,,,,,,,,,,,,,,,,,,,,,,,,,,,,,,,,,,,,,,,,,,,,,,,,,,,,,,,,,,,,,,,,,,,,,,,,,,,,,,,,,,,,,,,,,,,,,,,,,,,,,,,,,,,,,,,,,,,,,,,,,,,,,,,,,,,,,,,,,,,,,,,,,,,,,,,,,,,,,,,,,,,,,,,,,,,,,,,,,,,,,,,,,,,,,,,,,,,,,,,,,,,,,,,,,,,,,,,,,,,,,,,,,,,,,,,,,,,,,,,,,,,,,,,,,,,,,,,,,,,,,,,,,,,,,False,STRUCTURAL,비데이터 행,,,unknown
864,9,HHI,EGP,CHB2078,EGP-2,5,2028-12-21 00:00:00,,5,20,,,,,실적,,,,,,,,,,,,,,,,,,,,F JK플랜트,5,12,,,,,,,,,,,,,,,,,,,,,,,,,,,,,,,,,,,,,,,,,,,,,,,,,,,,,,,,,,,,,,,,,,,,,,,,,,,,,,,,,,,,,,,,,,,,,,,,,,,,,,,,,,,,,,,,,,,,,,,,,,,,,,,,,,,,,,,,,,,,,,,,,,,,,,,,,,,,,,,,,,,,,,,,,,,,,,,,,,,,,,,,,,,,,,,,,,,,,,,,,,,,,,,,,,,,,,,,,,,,,,,,,,,,,,,,,,,,,,,,,,,,,,,,,,,,,,,,,,,,,,,,,,,,,,,,,,,,,,False,STRUCTURAL,비데이터 행,,,unknown
865,1,한화엔진,VS,연구로 EDG & ACC DG,VS-5,3,2028-04-30 00:00:00,46873,4,30,,,,,일자,미정,,,,,,,,,-,,,,,,,0%,,,미정,0xf,4,,,계획,,,,,,,,,,,,,,,,,,,,,,,,,,,,,,,,,,,,,,,,,,,,,,,,,,,,,,,,,,,,,,,,,,,,,,,,,,,,,,,,,,,,,,,,,,,,,,,,,,,,,,,,,,,,,,,,,,,,,,,,,,,,,,,,,,,,,,,,,,,,,,,,,,,,,,,,,,,,,,,,,,,,,,,,,,,,,,,,,,,,,,,,,,,,,,,,,,,,,,,,,,,,,,,,,,,,,,,,,,,,,,,,,,,,,,,,,,,,,,,,,,,,,,,,,,,,,,,,,,,,,,,,,,,,,,,,,,,True,DATA_PLAN,,,,plan
865,2,한화엔진,VS,연구로 EDG & ACC DG,VS-5,3,2028-04-30 00:00:00,,4,30,,,,,실행,미정,,,,,,,,,,,,,,,,,,,미정,0xf,4,,,,,,,,,,,,,,,,,,,,,,,,,,,,,,,,,,,,,,,,,,,,,,,,,,,,,,,,,,,,,,,,,,,,,,,,,,,,,,,,,,,,,,,,,,,,,,,,,,,,,,,,,,,,,,,,,,,,,,,,,,,,,,,,,,,,,,,,,,,,,,,,,,,,,,,,,,,,,,,,,,,,,,,,,,,,,,,,,,,,,,,,,,,,,,,,,,,,,,,,,,,,,,,,,,,,,,,,,,,,,,,,,,,,,,,,,,,,,,,,,,,,,,,,,,,,,,,,,,,,,,,,,,,,,,,,,,,,,,True,DATA_ACTUAL,,,,actual
865,3,한화엔진,VS,연구로 EDG & ACC DG,VS-5,3,2028-04-30 00:00:00,,4,30,,,,,미정,미정,,,,,,,,,-,,,,,,,,,,미정,0xf,4,,,실적,,0,,0,,0,,0,,,,0,,,,0,,,,0,,,,0,,0,,0,,0,,0,,,,,,,,,,,,,,,,,,,,,,,,,,,,,,,,,,,,,,,,,,,,,,,,,,,,,,,,,,,,,,,,,,,,,,,,,,,,,,,,,,,,,,,,,,,,,,,,,,,,,,,,,,,,,,,,,,,,,,,,,,,,,,,,,,,,,,,,,,,,,,,,,,,,,,,,,,,,,,,,,,,,,,,,,,,,,,,,,,,,,,,,,,,,,,,,,,,,,,,,,,,,,,,,,,,,,,,,,,,,,,,,,,,,,,,,,,,,,,,,,,,False,STRUCTURAL,비데이터 행,,,unknown
865,4,한화엔진,VS,연구로 EDG & ACC DG,VS-5,3,2028-04-30 00:00:00,,4,30,,,,,취부,,0,,,,,,,,,,,,,,,,,,미정,0xf,4,,,LOAD,,,,,,,,,,,,,,,,,,,,,,,,,,,,,,,,,,,,,,,,,,,,,,,,,,,,,,,,,,,,,,,,,,,,,,,,,,,,,,,,,,,,,,,,,,,,,,,,,,,,,,,,,,,,,,,,,,,,,,,,,,,,,,,,,,,,,,,,,,,,,,,,,,,,,,,,,,,,,,,,,,,,,,,,,,,,,,,,,,,,,,,,,,,,,,,,,,,,,,,,,,,,,,,,,,,,,,,,,,,,,,,,,,,,,,,,,,,,,,,,,,,,,,,,,,,,,,,,,,,,,,,,,,,,,,,,,,,False,STRUCTURAL,비데이터 행,,,unknown
865,5,한화엔진,VS,연구로 EDG & ACC DG,VS-5,3,2028-04-30 00:00:00,,4,30,,,,,용접,,0,,,,,,,,,,,,,,,,,,미정,0xf,4,,,,,,,,,,,,,,,,,,,,,,,,,,,,,,,,,,,,,,,,,,,,,,,,,,,,,,,,,,,,,,,,,,,,,,,,,,,,,,,,,,,,,,,,,,,,,,,,,,,,,,,,,,,,,,,,,,,,,,,,,,,,,,,,,,,,,,,,,,,,,,,,,,,,,,,,,,,,,,,,,,,,,,,,,,,,,,,,,,,,,,,,,,,,,,,,,,,,,,,,,,,,,,,,,,,,,,,,,,,,,,,,,,,,,,,,,,,,,,,,,,,,,,,,,,,,,,,,,,,,,,,,,,,,,,,,,,,,,,False,STRUCTURAL,비데이터 행,,,unknown
865,6,한화엔진,VS,연구로 EDG & ACC DG,VS-5,3,2028-04-30 00:00:00,,4,30,,,,,조립,,0,,,,,,,,,,,,,,,,,,미정,0xf,4,,,,,,,,,,,,,,,,,,,,,,,,,,,,,,,,,,,,,,,,,,,,,,,,,,,,,,,,,,,,,,,,,,,,,,,,,,,,,,,,,,,,,,,,,,,,,,,,,,,,,,,,,,,,,,,,,,,,,,,,,,,,,,,,,,,,,,,,,,,,,,,,,,,,,,,,,,,,,,,,,,,,,,,,,,,,,,,,,,,,,,,,,,,,,,,,,,,,,,,,,,,,,,,,,,,,,,,,,,,,,,,,,,,,,,,,,,,,,,,,,,,,,,,,,,,,,,,,,,,,,,,,,,,,,,,,,,,,,,False,STRUCTURAL,비데이터 행,,,unknown
865,7,한화엔진,VS,연구로 EDG & ACC DG,VS-5,3,2028-04-30 00:00:00,,4,30,,,,,사상,,0,,,,,,,,,,,,,,,,,,미정,0xf,4,,,,,,,,,,,,,,,,,,,,,,,,,,,,,,,,,,,,,,,,,,,,,,,,,,,,,,,,,,,,,,,,,,,,,,,,,,,,,,,,,,,,,,,,,,,,,,,,,,,,,,,,,,,,,,,,,,,,,,,,,,,,,,,,,,,,,,,,,,,,,,,,,,,,,,,,,,,,,,,,,,,,,,,,,,,,,,,,,,,,,,,,,,,,,,,,,,,,,,,,,,,,,,,,,,,,,,,,,,,,,,,,,,,,,,,,,,,,,,,,,,,,,,,,,,,,,,,,,,,,,,,,,,,,,,,,,,,,,,False,STRUCTURAL,비데이터 행,,,unknown
865,9,한화엔진,VS,연구로 EDG & ACC DG,VS-5,3,2028-04-30 00:00:00,,4,30,,,,,실적,,,,,,,,,,,,,,,,,,,,미정,0xf,4,,,,,,,,,,,,,,,,,,,,,,,,,,,,,,,,,,,,,,,,,,,,,,,,,,,,,,,,,,,,,,,,,,,,,,,,,,,,,,,,,,,,,,,,,,,,,,,,,,,,,,,,,,,,,,,,,,,,,,,,,,,,,,,,,,,,,,,,,,,,,,,,,,,,,,,,,,,,,,,,,,,,,,,,,,,,,,,,,,,,,,,,,,,,,,,,,,,,,,,,,,,,,,,,,,,,,,,,,,,,,,,,,,,,,,,,,,,,,,,,,,,,,,,,,,,,,,,,,,,,,,,,,,,,,,,,,,,,,,False,STRUCTURAL,비데이터 행,,,unknown
866,1,한화엔진,VS,연구로 EDG & ACC DG,VS-5,3,2028-07-30 00:00:00,46964,4,30,,,,,일자,미정,,,,,,,,,-,,,,,,,0%,,,미정,0xf,7,,,계획,,,,,,,,,,,,,,,,,,,,,,,,,,,,,,,,,,,,,,,,,,,,,,,,,,,,,,,,,,,,,,,,,,,,,,,,,,,,,,,,,,,,,,,,,,,,,,,,,,,,,,,,,,,,,,,,,,,,,,,,,,,,,,,,,,,,,,,,,,,,,,,,,,,,,,,,,,,,,,,,,,,,,,,,,,,,,,,,,,,,,,,,,,,,,,,,,,,,,,,,,,,,,,,,,,,,,,,,,,,,,,,,,,,,,,,,,,,,,,,,,,,,,,,,,,,,,,,,,,,,,,,,,,,,,,,,,,,True,DATA_PLAN,,,,plan
866,2,한화엔진,VS,연구로 EDG & ACC DG,VS-5,3,2028-07-30 00:00:00,,4,30,,,,,실행,미정,,,,,,,,,,,,,,,,,,,미정,0xf,7,,,,,,,,,,,,,,,,,,,,,,,,,,,,,,,,,,,,,,,,,,,,,,,,,,,,,,,,,,,,,,,,,,,,,,,,,,,,,,,,,,,,,,,,,,,,,,,,,,,,,,,,,,,,,,,,,,,,,,,,,,,,,,,,,,,,,,,,,,,,,,,,,,,,,,,,,,,,,,,,,,,,,,,,,,,,,,,,,,,,,,,,,,,,,,,,,,,,,,,,,,,,,,,,,,,,,,,,,,,,,,,,,,,,,,,,,,,,,,,,,,,,,,,,,,,,,,,,,,,,,,,,,,,,,,,,,,,,,,True,DATA_ACTUAL,,,,actual
866,3,한화엔진,VS,연구로 EDG & ACC DG,VS-5,3,2028-07-30 00:00:00,,4,30,,,,,미정,미정,,,,,,,,,-,,,,,,,,,,미정,0xf,7,,,실적,,0,,0,,0,,0,,,,0,,,,0,,,,0,,,,0,,0,,0,,0,,0,,,,,,,,,,,,,,,,,,,,,,,,,,,,,,,,,,,,,,,,,,,,,,,,,,,,,,,,,,,,,,,,,,,,,,,,,,,,,,,,,,,,,,,,,,,,,,,,,,,,,,,,,,,,,,,,,,,,,,,,,,,,,,,,,,,,,,,,,,,,,,,,,,,,,,,,,,,,,,,,,,,,,,,,,,,,,,,,,,,,,,,,,,,,,,,,,,,,,,,,,,,,,,,,,,,,,,,,,,,,,,,,,,,,,,,,,,,,,,,,,,,False,STRUCTURAL,비데이터 행,,,unknown
866,4,한화엔진,VS,연구로 EDG & ACC DG,VS-5,3,2028-07-30 00:00:00,,4,30,,,,,취부,,0,,,,,,,,,,,,,,,,,,미정,0xf,7,,,LOAD,,,,,,,,,,,,,,,,,,,,,,,,,,,,,,,,,,,,,,,,,,,,,,,,,,,,,,,,,,,,,,,,,,,,,,,,,,,,,,,,,,,,,,,,,,,,,,,,,,,,,,,,,,,,,,,,,,,,,,,,,,,,,,,,,,,,,,,,,,,,,,,,,,,,,,,,,,,,,,,,,,,,,,,,,,,,,,,,,,,,,,,,,,,,,,,,,,,,,,,,,,,,,,,,,,,,,,,,,,,,,,,,,,,,,,,,,,,,,,,,,,,,,,,,,,,,,,,,,,,,,,,,,,,,,,,,,,,False,STRUCTURAL,비데이터 행,,,unknown
866,5,한화엔진,VS,연구로 EDG & ACC DG,VS-5,3,2028-07-30 00:00:00,,4,30,,,,,용접,,0,,,,,,,,,,,,,,,,,,미정,0xf,7,,,,,,,,,,,,,,,,,,,,,,,,,,,,,,,,,,,,,,,,,,,,,,,,,,,,,,,,,,,,,,,,,,,,,,,,,,,,,,,,,,,,,,,,,,,,,,,,,,,,,,,,,,,,,,,,,,,,,,,,,,,,,,,,,,,,,,,,,,,,,,,,,,,,,,,,,,,,,,,,,,,,,,,,,,,,,,,,,,,,,,,,,,,,,,,,,,,,,,,,,,,,,,,,,,,,,,,,,,,,,,,,,,,,,,,,,,,,,,,,,,,,,,,,,,,,,,,,,,,,,,,,,,,,,,,,,,,,,,False,STRUCTURAL,비데이터 행,,,unknown
866,6,한화엔진,VS,연구로 EDG & ACC DG,VS-5,3,2028-07-30 00:00:00,,4,30,,,,,조립,,0,,,,,,,,,,,,,,,,,,미정,0xf,7,,,,,,,,,,,,,,,,,,,,,,,,,,,,,,,,,,,,,,,,,,,,,,,,,,,,,,,,,,,,,,,,,,,,,,,,,,,,,,,,,,,,,,,,,,,,,,,,,,,,,,,,,,,,,,,,,,,,,,,,,,,,,,,,,,,,,,,,,,,,,,,,,,,,,,,,,,,,,,,,,,,,,,,,,,,,,,,,,,,,,,,,,,,,,,,,,,,,,,,,,,,,,,,,,,,,,,,,,,,,,,,,,,,,,,,,,,,,,,,,,,,,,,,,,,,,,,,,,,,,,,,,,,,,,,,,,,,,,,False,STRUCTURAL,비데이터 행,,,unknown
866,7,한화엔진,VS,연구로 EDG & ACC DG,VS-5,3,2028-07-30 00:00:00,,4,30,,,,,사상,,0,,,,,,,,,,,,,,,,,,미정,0xf,7,,,,,,,,,,,,,,,,,,,,,,,,,,,,,,,,,,,,,,,,,,,,,,,,,,,,,,,,,,,,,,,,,,,,,,,,,,,,,,,,,,,,,,,,,,,,,,,,,,,,,,,,,,,,,,,,,,,,,,,,,,,,,,,,,,,,,,,,,,,,,,,,,,,,,,,,,,,,,,,,,,,,,,,,,,,,,,,,,,,,,,,,,,,,,,,,,,,,,,,,,,,,,,,,,,,,,,,,,,,,,,,,,,,,,,,,,,,,,,,,,,,,,,,,,,,,,,,,,,,,,,,,,,,,,,,,,,,,,,False,STRUCTURAL,비데이터 행,,,unknown
866,9,한화엔진,VS,연구로 EDG & ACC DG,VS-5,3,2028-07-30 00:00:00,,4,30,,,,,실적,,,,,,,,,,,,,,,,,,,,미정,0xf,7,,,,,,,,,,,,,,,,,,,,,,,,,,,,,,,,,,,,,,,,,,,,,,,,,,,,,,,,,,,,,,,,,,,,,,,,,,,,,,,,,,,,,,,,,,,,,,,,,,,,,,,,,,,,,,,,,,,,,,,,,,,,,,,,,,,,,,,,,,,,,,,,,,,,,,,,,,,,,,,,,,,,,,,,,,,,,,,,,,,,,,,,,,,,,,,,,,,,,,,,,,,,,,,,,,,,,,,,,,,,,,,,,,,,,,,,,,,,,,,,,,,,,,,,,,,,,,,,,,,,,,,,,,,,,,,,,,,,,,False,STRUCTURAL,비데이터 행,,,unknown
867,1,BHI,VS,HI2,VS-5,1,2029-07-01 00:00:00,47300,4,30,,,,,일자,미정,,,,,,,,,-,,,,,,,0%,,,미정,0xf,7,,,계획,,,,,,,,,,,,,,,,,,,,,,,,,,,,,,,,,,,,,,,,,,,,,,,,,,,,,,,,,,,,,,,,,,,,,,,,,,,,,,,,,,,,,,,,,,,,,,,,,,,,,,,,,,,,,,,,,,,,,,,,,,,,,,,,,,,,,,,,,,,,,,,,,,,,,,,,,,,,,,,,,,,,,,,,,,,,,,,,,,,,,,,,,,,,,,,,,,,,,,,,,,,,,,,,,,,,,,,,,,,,,,,,,,,,,,,,,,,,,,,,,,,,,,,,,,,,,,,,,,,,,,,,,,,,,,,,,,,True,DATA_PLAN,,,,plan
867,2,BHI,VS,HI2,VS-5,1,2029-07-01 00:00:00,,4,30,,,,,실행,미정,,,,,,,,,,,,,,,,,,,미정,0xf,7,,,,,,,,,,,,,,,,,,,,,,,,,,,,,,,,,,,,,,,,,,,,,,,,,,,,,,,,,,,,,,,,,,,,,,,,,,,,,,,,,,,,,,,,,,,,,,,,,,,,,,,,,,,,,,,,,,,,,,,,,,,,,,,,,,,,,,,,,,,,,,,,,,,,,,,,,,,,,,,,,,,,,,,,,,,,,,,,,,,,,,,,,,,,,,,,,,,,,,,,,,,,,,,,,,,,,,,,,,,,,,,,,,,,,,,,,,,,,,,,,,,,,,,,,,,,,,,,,,,,,,,,,,,,,,,,,,,,,,True,DATA_ACTUAL,,,,actual
867,3,BHI,VS,HI2,VS-5,1,2029-07-01 00:00:00,,4,30,,,,,미정,미정,,,,,,,,,-,,,,,,,,,,미정,0xf,7,,,실적,,0,,0,,0,,0,,,,0,,,,0,,,,0,,,,0,,0,,0,,0,,0,,,,,,,,,,,,,,,,,,,,,,,,,,,,,,,,,,,,,,,,,,,,,,,,,,,,,,,,,,,,,,,,,,,,,,,,,,,,,,,,,,,,,,,,,,,,,,,,,,,,,,,,,,,,,,,,,,,,,,,,,,,,,,,,,,,,,,,,,,,,,,,,,,,,,,,,,,,,,,,,,,,,,,,,,,,,,,,,,,,,,,,,,,,,,,,,,,,,,,,,,,,,,,,,,,,,,,,,,,,,,,,,,,,,,,,,,,,,,,,,,,,False,STRUCTURAL,비데이터 행,,,unknown
867,4,BHI,VS,HI2,VS-5,1,2029-07-01 00:00:00,,4,30,,,,,취부,,0,,,,,,,,,,,,,,,,,,미정,0xf,7,,,LOAD,,,,,,,,,,,,,,,,,,,,,,,,,,,,,,,,,,,,,,,,,,,,,,,,,,,,,,,,,,,,,,,,,,,,,,,,,,,,,,,,,,,,,,,,,,,,,,,,,,,,,,,,,,,,,,,,,,,,,,,,,,,,,,,,,,,,,,,,,,,,,,,,,,,,,,,,,,,,,,,,,,,,,,,,,,,,,,,,,,,,,,,,,,,,,,,,,,,,,,,,,,,,,,,,,,,,,,,,,,,,,,,,,,,,,,,,,,,,,,,,,,,,,,,,,,,,,,,,,,,,,,,,,,,,,,,,,,,False,STRUCTURAL,비데이터 행,,,unknown
867,5,BHI,VS,HI2,VS-5,1,2029-07-01 00:00:00,,4,30,,,,,용접,,0,,,,,,,,,,,,,,,,,,미정,0xf,7,,,,,,,,,,,,,,,,,,,,,,,,,,,,,,,,,,,,,,,,,,,,,,,,,,,,,,,,,,,,,,,,,,,,,,,,,,,,,,,,,,,,,,,,,,,,,,,,,,,,,,,,,,,,,,,,,,,,,,,,,,,,,,,,,,,,,,,,,,,,,,,,,,,,,,,,,,,,,,,,,,,,,,,,,,,,,,,,,,,,,,,,,,,,,,,,,,,,,,,,,,,,,,,,,,,,,,,,,,,,,,,,,,,,,,,,,,,,,,,,,,,,,,,,,,,,,,,,,,,,,,,,,,,,,,,,,,,,,,False,STRUCTURAL,비데이터 행,,,unknown
867,6,BHI,VS,HI2,VS-5,1,2029-07-01 00:00:00,,4,30,,,,,조립,,0,,,,,,,,,,,,,,,,,,미정,0xf,7,,,,,,,,,,,,,,,,,,,,,,,,,,,,,,,,,,,,,,,,,,,,,,,,,,,,,,,,,,,,,,,,,,,,,,,,,,,,,,,,,,,,,,,,,,,,,,,,,,,,,,,,,,,,,,,,,,,,,,,,,,,,,,,,,,,,,,,,,,,,,,,,,,,,,,,,,,,,,,,,,,,,,,,,,,,,,,,,,,,,,,,,,,,,,,,,,,,,,,,,,,,,,,,,,,,,,,,,,,,,,,,,,,,,,,,,,,,,,,,,,,,,,,,,,,,,,,,,,,,,,,,,,,,,,,,,,,,,,,False,STRUCTURAL,비데이터 행,,,unknown
867,7,BHI,VS,HI2,VS-5,1,2029-07-01 00:00:00,,4,30,,,,,사상,,0,,,,,,,,,,,,,,,,,,미정,0xf,7,,,,,,,,,,,,,,,,,,,,,,,,,,,,,,,,,,,,,,,,,,,,,,,,,,,,,,,,,,,,,,,,,,,,,,,,,,,,,,,,,,,,,,,,,,,,,,,,,,,,,,,,,,,,,,,,,,,,,,,,,,,,,,,,,,,,,,,,,,,,,,,,,,,,,,,,,,,,,,,,,,,,,,,,,,,,,,,,,,,,,,,,,,,,,,,,,,,,,,,,,,,,,,,,,,,,,,,,,,,,,,,,,,,,,,,,,,,,,,,,,,,,,,,,,,,,,,,,,,,,,,,,,,,,,,,,,,,,,,False,STRUCTURAL,비데이터 행,,,unknown
867,9,BHI,VS,HI2,VS-5,1,2029-07-01 00:00:00,,4,30,,,,,실적,,,,,,,,,,,,,,,,,,,,미정,0xf,7,,,,,,,,,,,,,,,,,,,,,,,,,,,,,,,,,,,,,,,,,,,,,,,,,,,,,,,,,,,,,,,,,,,,,,,,,,,,,,,,,,,,,,,,,,,,,,,,,,,,,,,,,,,,,,,,,,,,,,,,,,,,,,,,,,,,,,,,,,,,,,,,,,,,,,,,,,,,,,,,,,,,,,,,,,,,,,,,,,,,,,,,,,,,,,,,,,,,,,,,,,,,,,,,,,,,,,,,,,,,,,,,,,,,,,,,,,,,,,,,,,,,,,,,,,,,,,,,,,,,,,,,,,,,,,,,,,,,,,False,STRUCTURAL,비데이터 행,,,unknown
867,,BHI,VS,,,1,2029-07-01 00:00:00,,4,30,,,,,,,,,,,,,,,,,,,,,,,,,,,,,,,,,,,,,,,,,,,,,,,,,,,,,,,,,,,,,생산인원기준,,0,26,26,26,26,26,26,0,25,25,25,25,25,25,0,0,0,0,30,29,30,0,28,28,28,28,27,27,0,0,24,24,24,24,24.0,0,24,24,24,24,25,25.0,0,21,21,19,19,19,19,0,22,22,22,22,22,22.0,0,27,27,25,25,25,25,0,26,26,26,26,26,26,0,28,28,27,27,27,27,0,27,22,19,19,19,19,0,27,19,19,19,0,28,0,28,0,28,28,28,28,0,28,28,28,28,28,28,0,29,29,29,29,29,29,0,0,38,38,38,38,38,0,47,47,47,47,47,0,0,40,40,40,40,40,40,0,37,37,37,37,37,37,0,30,30,30,30,30,30,0,37,37,37,37,37,37,0,59,59,59,59,59,59,0,63,63,63,63,63,63,0,29,29,29,29,29,29,0,19,19,19,19,19,19,0,19,19,19,19,19,19,0,25,25,25,25,25,25,0,25,25,25,25,25,25,0,25,25,25,25,25,25,0,25,25,25,25,25,25,0,25,25,25,25,25,25,0,25,25,25,25,25,25,0,25,25,25,25,25,25,0,25,25,25,False,STRUCTURAL,비데이터 행,,,unknown
867,,BHI,VS,,,1,2029-07-01 00:00:00,,4,30,,,,,,,,,,,,,,,,,,,,,,,,,,,,,,,,,,,,,,,,,,,,,,,,,,,,,,,,,,,,,생산인원계획,,0,13,13,14,30,25,13,0,26,21,20,13,20,16,0,0,0,0,33,30,23,0,15,29,33,33,35,36,0,0,19,26,33,30,25.0,0,30,34,31,28,19,17.0,0,25,24,27,19,20,20,0,19,21,27,24,30,29.0,0,32,25,26,28,30,25,0,25,27,33,26,33,33,0,35,25,36,22,33,34,11,20,24,29,26,23,20,0,21,23,25,28,0,28,0,30,1,30,30,32,36,0,30,33,38,41,26,10,0,31,34,30,32,35,27,0,10,35,46,45,34,30,0,34,36,50,64,58,0,0,44,38,40,37,52,43,0,47,46,46,35,29,30,0,30,32,34,36,32,31,2,37,38,43,34,37,48,8,56,62,60,56,64,64,0,67,64,69,69,70,51,2,49,35,32,21,17,17,0,19,18,16,12,14,16,2,18,19,23,23,23,22,4,24,31,35,34,36,36,4,37,44,43,42,46,42,10,50,44,49,49,47,37,8,38,35,31,10,8,8,4,4,0,2,2,0,0,0,0,0,0,0,0,0,0,0,0,0,0,0,0,0,0,0,0,False,STRUCTURAL,비데이터 행,,,unknown
867,4,1,VS,1,1,1,2029-07-01 00:00:00,,4,30,,,,1,,1,1,1,1,1,1,1,1,1,1,,1,1,1,,1,1,1,1,1,1,1,1,1,1,1,1,1,1,1,1,1,1,1,1,1,1,1,1,1,1,1,1,1,1,1,1,1,1,1,1,1,1,1,1,취부,,0,3,2,3,7,6,2,0,5,3,3,2,4,3,0,0,0,0,6,5,4,0,2,5,5,5,6,8,0,0,3,6,6,5,2.0,0,8,6,6,6,5,5.0,0,6,5,4,2,2,3,0,7,5,7,6,4,4.0,0,6,6,6,5,5,6,0,7,7,10,7,8,7,0,7,4,10,6,8,8,3,5,5,6,5,3,3,0,7,8,8,8,0,8,0,7,0,11,10,10,10,0,11,11,10,7,4,2,0,10,9,9,9,10,7,0,3,8,9,8,5,5,0,10,9,10,12,12,0,0,7,7,7,6,8,7,0,8,5,6,5,5,4,0,6,5,3,2,2,1,2,3,5,6,3,3,7,2,9,8,9,11,13,12,0,12,12,11,11,10,9,0,7,4,4,4,4,2,0,1,1,2,2,2,3,0,3,3,3,3,3,3,0,5,4,4,4,4,6,0,3,4,4,6,6,4,2,6,4,6,6,4,1,0,0,0,0,0,0,0,0,0,0,0,0,0,0,0,0,0,0,0,0,0,0,0,0,0,0,0,0,0,0,0,0,False,STRUCTURAL,비데이터 행,,,unknown
867,4,1,VS,,,1,2029-07-01 00:00:00,,4,30,,,,,,,,,,,,,,,,,,,,,,,,,,,,,,,,,,,0,,0,,0,,0,,0,,0,,0,,0,,0,,0,,0,,0,,0,,용접,,0,3,3,1,8,7,3,0,5,4,3,2,4,3,0,0,0,0,9,6,3,0,1,5,7,8,7,8,0,0,4,6,10,6,5.0,0,6,8,7,7,6,5.0,0,6,6,5,4,4,3,0,4,5,6,7,4,4.0,0,6,6,6,6,6,6,0,6,5,9,7,9,8,0,8,6,9,6,10,9,3,6,6,6,6,6,5,0,4,7,7,7,0,7,0,8,0,7,11,11,11,0,8,11,12,14,5,1,0,10,11,9,11,11,8,0,3,8,11,11,7,6,0,6,10,13,17,16,0,0,13,9,8,8,13,12,0,10,10,6,6,6,6,0,4,6,5,4,2,2,0,4,3,5,3,4,6,2,8,10,12,10,11,13,0,13,12,13,13,12,10,0,9,8,6,6,6,6,0,5,1,1,2,3,3,0,3,3,3,3,3,3,0,3,3,5,5,5,5,0,5,7,5,5,7,5,2,7,5,6,6,6,3,1,3,0,0,0,0,0,0,0,0,0,0,0,0,0,0,0,0,0,0,0,0,0,0,0,0,0,0,0,0,0,0,False,STRUCTURAL,비데이터 행,,,unknown
867,4,1,VS,,,1,2029-07-01 00:00:00,,4,30,,,,,,,,,,,,,,,,,,,,,,,,,,,,,,,,,,,0,,0,,0,,0,,0,,0,,0,,0,,0,,0,,0,,0,,0,,조립,,0,3,6,9,11,9,7,0,11,10,8,6,9,7,0,0,0,0,12,13,11,0,10,17,19,16,17,16,0,0,9,10,11,14,11.0,0,12,14,14,9,5,4.0,0,9,10,14,10,11,9,0,6,10,11,8,18,17.0,0,15,8,9,11,12,7,0,7,10,9,10,10,12,0,13,10,11,6,11,9,3,4,9,11,10,10,8,0,5,3,7,7,0,7,0,9,0,7,4,9,8,0,6,6,11,12,10,4,0,6,10,7,7,9,7,0,3,15,21,21,16,14,0,14,13,22,26,23,0,0,18,17,20,19,22,18,0,23,25,28,18,14,16,0,17,18,22,25,24,25,0,27,29,29,27,27,30,2,36,39,35,30,33,32,0,34,32,36,36,35,23,2,24,17,15,5,4,6,0,11,14,11,7,8,8,2,10,11,15,15,15,15,4,15,23,25,24,24,22,4,28,30,29,26,30,30,6,32,32,32,32,32,30,6,31,31,30,8,8,8,4,4,0,2,2,0,0,0,0,0,0,0,0,0,0,0,0,0,0,0,0,0,0,0,0,False,STRUCTURAL,비데이터 행,,,unknown
867,4,1,VS,,,1,2029-07-01 00:00:00,,4,30,,,,,,,,,,,,,,,,,,,,,,,,,,,,,,,,,,,0,,0,,0,,0,,0,,0,,0,,0,,0,,0,,0,,0,,0,,사상,,0,4,2,1,4,3,1,0,5,4,6,3,3,3,0,0,0,0,6,6,5,0,2,2,2,4,5,4,0,0,3,4,6,5,7.0,0,4,6,4,6,3,3.0,0,4,3,4,3,3,5,0,2,1,3,3,4,4.0,0,5,5,5,6,7,6,0,5,5,5,2,6,6,0,7,5,6,4,4,8,2,5,4,6,5,4,4,0,5,5,3,6,0,6,0,6,1,5,5,2,7,0,5,5,5,8,7,3,0,5,4,5,5,5,5,0,1,4,5,5,6,5,0,4,4,5,9,7,0,0,6,5,5,4,9,6,0,6,6,6,6,4,4,0,3,3,4,5,4,3,0,3,1,3,1,3,5,2,3,5,4,5,7,7,0,8,8,9,9,13,9,0,9,6,7,6,3,3,0,2,2,2,1,1,2,0,2,2,2,2,2,1,0,1,1,1,1,3,3,0,1,3,5,5,3,3,0,5,3,5,5,5,3,1,4,4,1,2,0,0,0,0,0,0,0,0,0,0,0,0,0,0,0,0,0,0,0,0,0,0,0,0,0,0,0,False,STRUCTURAL,비데이터 행,,,unknown
867,4,1,VS,,,1,2029-07-01 00:00:00,,4,30,,,,,,,,,,,,,,,,,,,,,,,,,,,,,,,,,,,,,,,,,,,,,,,,,,,,,,,,,,,,,실적,,,1071,,,,,,,1148,,,,,,,817,,,,,,,1747,,,,,,,1276,,,,,,,1598,,,,,,,1311,,,,,,,1449,,,,,,,1614,,,,,,,1716,,,,,,,1761,,,,,,,1398,,,,,,,1213,,,,,,,1517,,,,,,,1790,,,,,,,1868,,,,,,,1920,,,,,,,2446,,,,,,,2481,,,,,,,2293,,,,,,,1920,,,,,,,2303,,,,,,,3542,,,,,,,3859,,,,,,,1881,,,,,,,921,,,,,,,1250,,,,,,,2012,,,,,,,2668,,,,,,,2888,,,,,,,1398,,,,,,,88,,,,,,,0,,,,,,,0,,,,,,,,,,False,STRUCTURAL,비데이터 행,,,unknown
867,4,1,VS,,,1,2029-07-01 00:00:00,,4,30,,,,,,,,,,,,,,,,,,,,,,,,,,,,,,,,,,,0,,0,,0,,0,,0,,0,,0,,0,,0,,0,,0,,0,,0,,주간계획 MH합계,,0,143,143,126,330,225,104,0,286,231,180,143,180,128,0,0,0,0,363,270,184,0,165,319,297,363,315,288,0,0,209,234,363,270,200.0,0,330,374,279,308,171,136.0,0,275,264,243,209,180,140,0,209,231,243,264,270,232.0,0,352,275,234,308,270,175,0,275,297,297,286,297,264,0,385,275,324,242,297,238,99,220,264,261,286,207,160,0,231,253,225,308,0,196,0,330,11,270,330,288,288,0,330,363,342,451,234,70,0,341,374,270,352,315,216,0,110,385,414,495,306,210,0,374,396,450,704,522,0,0,484,418,360,407,468,344,0,517,506,414,385,261,210,0,330,352,306,396,288,248,18,407,418,387,374,333,384,72,616,682,540,616,576,512,0,737,704,621,759,630,408,18,539,385,352,231,187,187,0,209,198,144,132,126,112,22,198,209,207,253,207,176,44,264,341,385,374,396,252,44,407,484,473,462,506,336,110,550,484,539,539,517,259,88,418,385,341,110,88,56,44,44,0,22,22,0,0,0,0,0,0,0,0,0,0,0,0,0,0,0,0,0,0,0,0,False,STRUCTURAL,비데이터 행,,,unknown
867,4,1,VS,,,1,2029-07-01 00:00:00,,4,30,,,,,,,,,,,,,,,,,,,,,,,,,,,,,,,,,,,0,,0,,0,,0,,0,,0,,0,,0,,0,,0,,0,,0,,0,,주별 MH합계,,,1438,,,,,,,1409,,,,,,,766,,,,,,,1526,,,,,,,1086,,,,,,,1367,,,,,,,1134,,,,,,,1265,,,,,,,1422,,,,,,,1457,,,,,,,1502,,,,,,,1209,,,,,,,1067,,,,,,,1272,,,,,,,1534,,,,,,,1601,,,,,,,1672,,,,,,,2089,,,,,,,2129,,,,,,,1966,,,,,,,1649,,,,,,,1966,,,,,,,3041,,,,,,,3214,,,,,,,1601,,,,,,,1102,,,,,,,1121,,,,,,,1409,,,,,,,1409,,,,,,,1409,,,,,,,1409,,,,,,,1409,,,,,,,1409,,,,,,,1409,,,,,,,,,,False,STRUCTURAL,비데이터 행,,,unknown
867,4,1,VS,,,1,2029-07-01 00:00:00,,4,30,,,,,,,,,,,,,,,,,,,,,,,,,,,,,,,,,,,,,,,,,,,,,,,,,,,,,,,,,,,,,일별 MH합계,,0,265,265,227,265,227,189,0,257,257,219,257,219,200,0,0,0,0,294,250,222,0,278,278,242,278,234,216,0,0,246,210,246,210,174.0,0,246,246,210,246,219,200.0,0,225,225,171,209,171,133,0,233,233,195,233,195,176.0,0,273,273,219,257,219,181,0,265,265,227,265,227,208,0,281,281,235,273,235,197,0,273,233,171,209,171,152,0,273,209,171,209,0,205,0,281,0,243,281,243,224,0,281,281,243,281,243,205,0,289,289,251,289,251,232,0,0,361,323,361,323,304,0,433,433,395,433,395,0,0,377,377,339,377,339,320,0,353,353,315,353,315,277,0,297,297,259,297,259,240,0,353,353,315,353,315,277,0,529,529,491,529,491,472,0,561,561,523,561,523,485,0,289,289,251,289,251,232,0,209,209,171,209,171,133,0,209,209,171,209,171,152,0,257,257,219,257,219,200,0,257,257,219,257,219,200,0,257,257,219,257,219,200,0,257,257,219,257,219,200,0,257,257,219,257,219,200,0,257,257,219,257,219,200,0,257,257,219,257,219,200,0,257,219,181,False,STRUCTURAL,비데이터 행,,,unknown
867,4,1,VS,,,1,2029-07-01 00:00:00,,4,30,,,,,,,,,,,,,,,,,,,,,,,,,,,,,,,,,,,,,,,,,,,,,,,,,,,,,,,,,,,,,지재아 보유MH,,0,56,56,56,56,56,56,0,48,48,48,48,48,48,0,0,0,0,96,88,96,0,80,80,80,80,72,72,0,0,48,48,48,48,48.0,0,48,48,48,48,48,48.0,0,16,16,0,0,0,0,0,24,24,24,24,24,24.0,0,64,64,48,48,48,48,0,56,56,56,56,56,56,0,72,72,64,64,64,64,0,64,24,0,0,0,0,0,64,0,0,0,0,72,0,72,0,72,72,72,72,0,72,72,72,72,72,72,0,80,80,80,80,80,80,0,0,152,152,152,152,152,0,224,224,224,224,224,0,0,168,168,168,168,168,168,0,144,144,144,144,144,144,0,88,88,88,88,88,88,0,144,144,144,144,144,144,0,320,320,320,320,320,320,0,352,352,352,352,352,352,0,80,80,80,80,80,80,0,0,0,0,0,0,0,0,0,0,0,0,0,0,0,48,48,48,48,48,48,0,48,48,48,48,48,48,0,48,48,48,48,48,48,0,48,48,48,48,48,48,0,48,48,48,48,48,48,0,48,48,48,48,48,48,0,48,48,48,48,48,48,0,48,48,48,False,STRUCTURAL,비데이터 행,,,unknown
867,4,1,VS,,,1,2029-07-01 00:00:00,,4,30,,,,,,,,,,,,,,,,,,,,,,,,,,,,,,,,,,,,,,,,,,,,,,,,,,,,,,,,,,,,,엔알텍 보유MH,,0,209,209,171,209,171,133,0,209,209,171,209,171,152,0,0,0,0,198,162,126,0,198,198,162,198,162,144,0,0,198,162,198,162,126.0,0,198,198,162,198,171,152.0,0,209,209,171,209,171,133,0,209,209,171,209,171,152.0,0,209,209,171,209,171,133,0,209,209,171,209,171,152,0,209,209,171,209,171,133,0,209,209,171,209,171,152,0,209,209,171,209,0,133,0,209,0,171,209,171,152,0,209,209,171,209,171,133,0,209,209,171,209,171,152,0,0,209,171,209,171,152,0,209,209,171,209,171,0,0,209,209,171,209,171,152,0,209,209,171,209,171,133,0,209,209,171,209,171,152,0,209,209,171,209,171,133,0,209,209,171,209,171,152,0,209,209,171,209,171,133,0,209,209,171,209,171,152,0,209,209,171,209,171,133,0,209,209,171,209,171,152,0,209,209,171,209,171,152,0,209,209,171,209,171,152,0,209,209,171,209,171,152,0,209,209,171,209,171,152,0,209,209,171,209,171,152,0,209,209,171,209,171,152,0,209,209,171,209,171,152,0,209,171,133,False,STRUCTURAL,비데이터 행,,,unknown
867,4,1,VS,,,1,2029-07-01 00:00:00,,4,30,,,,,,,,,,,,,,,,,,,,,,,,,,,,,,,,,,,,,,,,,,,,,,,,,,,,,,,,,,,,,지재아 인원,,,7,7,7,7,7,7,,6,6,6,6,6,6,,,,,12,11,12,,10,10,10,10,9,9,,,6,6,6,6,6.0,,6,6,6,6,6,6.0,,2,2,,,,,,3,3,3,3,3,3.0,,8,8,6,6,6,6,,7,7,7,7,7,7,,9,9,8,8,8,8,,8,3,,,,,,8,,,,,9,,9,,9,9,9,9,,9,9,9,9,9,9,,10,10,10,10,10,10,,,19,19,19,19,19,,28,28,28,28,28,,,21,21,21,21,21,21,,18,18,18,18,18,18,,11,11,11,11,11,11,,18,18,18,18,18,18,,40,40,40,40,40,40,,44,44,44,44,44,44,,10,10,10,10,10,10,,,,,,,,,,,,,,,,6,6,6,6,6,6,,6,6,6,6,6,6,,6,6,6,6,6,6,,6,6,6,6,6,6,,6,6,6,6,6,6,,6,6,6,6,6,6,,6,6,6,6,6,6,,6,6,6,False,STRUCTURAL,비데이터 행,,,unknown
867,4,1,VS,,,1,2029-07-01 00:00:00,,4,30,,,,,,,,,,,,,,,,,,,,,,,,,,,,,,,,,,,,,,,,,,,,,,,,,,,,,,,,,,,,,엔알텍 인원,,,19,19,19,19,19,19,,19,19,19,19,19,19,,,,,18,18,18,,18,18,18,18,18,18,,,18,18,18,18,18.0,,18,18,18,18,19,19.0,,19,19,19,19,19,19,,19,19,19,19,19,19.0,,19,19,19,19,19,19,,19,19,19,19,19,19,,19,19,19,19,19,19,,19,19,19,19,19,19,,19,19,19,19,,19,,19,,19,19,19,19,,19,19,19,19,19,19,,19,19,19,19,19,19,,,19,19,19,19,19,,19,19,19,19,19,,,19,19,19,19,19,19,,19,19,19,19,19,19,,19,19,19,19,19,19,,19,19,19,19,19,19,,19,19,19,19,19,19,,19,19,19,19,19,19,,19,19,19,19,19,19,,19,19,19,19,19,19,,19,19,19,19,19,19,,19,19,19,19,19,19,,19,19,19,19,19,19,,19,19,19,19,19,19,,19,19,19,19,19,19,,19,19,19,19,19,19,,19,19,19,19,19,19,,19,19,19,19,19,19,,19,19,19,False,STRUCTURAL,비데이터 행,,,unknown
867,4,1,VS,,,1,2029-07-01 00:00:00,,4,30,,,,,,,,,,,,,,,,,,,,,,,,,,,,,,,,,,,,,,,,,,,,,,,,,,,,,,,,,,,,,,,,0.7447844228094576,,,,,,,0.8147622427253371,,,,,,,1.066579634464752,,,,,,,1.1448230668414154,,,,,,,1.1749539594843463,,,,,,,1.168983174835406,,,,,,,1.156084656084656,,,,,,,1.1454545454545455,,,,,,,1.1350210970464134,,,,,,,1.1777625257378175,,,,,,,1.1724367509986684,,,,,,,1.1563275434243176,,,,,,,1.1368322399250235,,,,,,,1.1926100628930818,,,,,,,1.166883963494133,,,,,,,1.1667707682698314,,,,,,,1.1483253588516746,,,,,,,1.17089516515079,,,,,,,1.1653358384217942,,,,,,,1.1663275686673449,,,,,,,1.164342025469982,,,,,,,1.1714140386571719,,,,,,,1.1647484380138113,,,,,,,1.200684505289359,,,,,,,1.1748906933166772,,,,,,,0.8357531760435571,,,,,,,1.1150758251561106,,,,,,,1.4279630943931867,,,,,,,1.893541518807665,,,,,,,2.049680624556423,,,,,,,0.9921930447125621,,,,,,,0.06245564229950319,,,,,,,0,,,,,,,0,,,,,,,0x7,,,False,STRUCTURAL,비데이터 행,,,unknown
867,4,1,VS,,,1,2029-07-01 00:00:00,,4,30,,,,,,,,,,,,,,,,,,,,,,,,,,,,,,,,,,,,,,,,,,,,,,,,,,,,,,,,,,,,,,,0.930725822144386,,,,,,,,,,,,,,,,,,,,,,,,,,,,1.159874027417562,,,,,,,,,,,,,,,,,,,,,,,,,,,,,,,1.1815103284795123,,,,,,,,,,,,,,,,,,,,,,,,,,,,,,1.160248249522597,,,,,,,,,,,,,,,,,,,,,,,,,,,,,,,1.1691064527462232,,,,,,,,,,,,,,,,,,,,,,,,,,,,,,1.1560733763014377,,,,,,,,,,,,,,,,,,,,,,,,,,,,,,,1.6828163123039386,,,,,,,,,,,,,,,,,,,,,,,,,,,,,,,0.18422796554009277,,,,,,,,,,,,,,,,,,,,,,,,,,,,,,False,STRUCTURAL,비데이터 행,,,unknown
867,4,1,VS,,,1,2029-07-01 00:00:00,,4,30,,,,,,,,,,,,,,,,,,,,,,,,,,,,,,,,,,,,,,,,,,,,,,,,,,,,,,,,,,,,,,,4783,,,,,,,,,,,,,,,,,,,,,,,,,,,,6261,,,,,,,,,,,,,,,,,,,,,,,,,,,,,,,6978,,,,,,,,,,,,,,,,,,,,,,,,,,,,,,7291,,,,,,,,,,,,,,,,,,,,,,,,,,,,,,,9983,,,,,,,,,,,,,,,,,,,,,,,,,,,,,,11659,,,,,,,,,,,,,,,,,,,,,,,,,,,,,,,9656,,,,,,,,,,,,,,,,,,,,,,,,,,,,,,,1112,,,,,,,,,,,,,,,,,,,,,,,,,,,,,,False,STRUCTURAL,비데이터 행,,,unknown
867,4,1,VS,,,1,2029-07-01 00:00:00,,4,30,,,,,,,,,,,,,,,,,,,,,,,,,,,,,,,,,,,,,,,,,,,,,,,,,,,,,,,,,,,,,,,5139,,,,,,,,,,,,,,,,,,,,,,,,,,,,5398,,,,,,,,,,,,,,,,,,,,,,,,,,,,,,,5906,,,,,,,,,,,,,,,,,,,,,,,,,,,,,,6284,,,,,,,,,,,,,,,,,,,,,,,,,,,,,,,8539,,,,,,,,,,,,,,,,,,,,,,,,,,,,,,10085,,,,,,,,,,,,,,,,,,,,,,,,,,,,,,,5738,,,,,,,,,,,,,,,,,,,,,,,,,,,,,,,6036,,,,,,,,,,,,,,,,,,,,,,,,,,,,,,False,STRUCTURAL,비데이터 행,,,unknown
867,4,1,VS,,,1,2029-07-01 00:00:00,,4,30,,,,,,,,,,,,,,,,,,,,,,,,,,,,,,,,,,,,,,,,,,,,,,,,,,,,,,,,,,,,,,,,,,,,,,,,,,,,,,,,,,,,,,,,,,,,,,,,,,,,,,,,,,,,,,,,,,,,,,,,,,,,,,,,,,,,,,,,,,,,,,,,,,,,,,,,,,,,,,,,,,,,,,,,,,,,,,,,,,,,,,,,,,,,,,,,,,,,,,,,,,,,,,,,,,,,,,,,,,,,,,,,,,,,,,,,,,,,,,,,,,,,,,,,,,,,,,,,,,,,,,,,,,,,,,,,,,,,,,,,,,,,,,,,,,,,,,,,,,,,,,,,,False,STRUCTURAL,비데이터 행,,,unknown
867,4,1,VS,,,1,2029-07-01 00:00:00,,4,30,,,,,,,,,,,,,,,,,,,,,,,,,,,,,,,,,,,,,,,,,,,,,,,,,,,,,,,,,,,,,,,,,,,,,,,,,,,,,,,,,,,,,,,,,,,,,,,,,,,,,,,,,,,,,,,,,,,,,,,,,,,,,,,,,,,,,,,,,,,,,,,,,,,,,,,,,,,,,,,,,,,,,,,,,,,,,,,,,,,,,,,,,,,,,,,,,,,,,,,,,,,,,,,,,,,,,,,,,,,,,,,,,,,,,,,,,,,,,,,,,,,,,,,,,,,,,,,,,,,,,,,,,,,,,,,,,,,,,,,,,,,,,,,,,,,,,,,,,,,,,,,,,False,STRUCTURAL,비데이터 행,,,unknown
867,4,1,VS,,,1,2029-07-01 00:00:00,,4,30,,,,,,,,,,,,,,,,,,,,,,,,,,,,,,,,,,,,,,,,,,,,,,,,,,,,,,,,,,,,,,,,,,,,,,,,,,,,,,,,,,,,,,,,,,,,,,,,,,,,,,,,,,,,,,,,,,,,,,,,,,,,,,,,,,,,,,,,,,,,,,,,,,,,,,,,,,,,,,,,,,,,,,,,,,,,,,,,,,,,,,,,,,,,,,,,,,,,,,,,,,,,,,,,,,,,,,,,,,,,,,,,,,,,,,,,,,,,,,,,,,,,,,,,,,,,,,,,,,,,,,,,,,,,,,,,,,,,,,,,,,,,,,,,,,,,,,,,,,,,,,,,,False,STRUCTURAL,비데이터 행,,,unknown
867,,1,VS,,,1,2029-07-01 00:00:00,,4,30,,,,,,,,,,,,,,,,,,,,,,,,,,,,,,,,,,,,,,,,,,,,,,,,,,,,,,,,,,,,,,,,,,,,,,,,,,,,,,,,,,,,,,,,,,,,,,,,,,,,,,,,,,,,,,,,,,,,,,,,,,,,,,,,,,,,,,,,,,,,,,,,,,,,,,,,,,,,,,,,,,,,,,,,,,,,,,,,,,,,,,,,,,,,,,,,,,,,,,,,,,,,,,,,,,,,,,,,,,,,,,,,,,,,,,,,,,,,,,,,,,,,,,,,,,,,,,,,,,,,,,,,,,,,,,,,,,,,,,,,,,,,,,,,,,,,,,,,,,,,,,,,,False,STRUCTURAL,비데이터 행,,,unknown
867,,1,VS,,,1,2029-07-01 00:00:00,,4,30,,,,,,,,,,,,,,,,,,,,,,,,,,,,,,,,,,,,,,,,,,,,,,,,,,,,,,,,,,,,,,,,,,,,,,,,,,,,,,,,,,,,,,,,,,,,,,,,,,,,,,,,,,,,,,,,,,,,,,,,,,,,,,,,,,,,,,,,,,,,,,,,,,,,,,,,,,,,,,,,,,,,,,,,,,,,,,,,,,,,,,,,,,,,,,,,,,,,,,,,,,,,,,,,,,,,,,,,,,,,,,,,,,,,,,,,,,,,,,,,,,,,,,,,,,,,,,,,,,,,,,,,,,,,,,,,,,,,,,,,,,,,,,,,,,,,,,,,,,,,,,,,,False,STRUCTURAL,비데이터 행,,,unknown
867,,1,VS,,,1,2029-07-01 00:00:00,,4,30,,,,,,,,,,,,,,,``,,,,,,,,,,,,,,,,,,,,,,,,,,,,,,,,,,,,,,,,,,,,,,,,,,,,,,,,,,,,,,,,,,,,,,,,,,,,,,,,,,,,,,,,,,,,,,,,,,,,,,,,,,,,,,,,,,,,,,,,,,,,,,,,,,,,,,,,,,,,,,,,,,,,,,,,,,,,,,,,,,,,,,,,,,,,,,,,,,,,,,,,,,,,,,,,,,,,,,,,,,,,,,,,,,,,,,,,,,,,,,,,,,,,,,,,,,,,,,,,,,,,,,,,,,,,,,,,,,,,,,,,,,,,,,,,,,,,,,,,,,,,,,,,,,False,STRUCTURAL,비데이터 행,,,unknown
867,,1,VS,,,1,2029-07-01 00:00:00,,4,30,,,,,,,,,,,,,,,,,,,,,,,,,,,,,,,,,,,,,,,,,,,,,,,,,,,,,,,,,,,,,,,,,,,,,,,,,,,,,,,,,,,,,,,,,,,,,,,,,,,,,,,,,,,,,,,,,,,,,,,,,,,,,,,,,,,,,,,,,,,,,,,,,,,,,,,,,,,,,,,,,,,,,,,,,,,,,,,,,,,,,,,,,,,,,,,,,,,,,,,,,,,,,,,,,,,,,,,,,,,,,,,,,,,,,,,,,,,,,,,,,,,,,,,,,,,,,,,,,,,,,,,,,,,,,,,,,,,,,,,,,,,,,,,,,,,,,,,,,,,,,,,,,False,STRUCTURAL,비데이터 행,,,unknown
867,,1,VS,,,1,2029-07-01 00:00:00,,4,30,,,,,,,,,,,,,,,,,,,,,,,,,,,,,,,,,,,,,,,,,,,,,,,,,,,,,,,,,,,,,,,,,,,,,,,,,,,,,,,,,,,,,,,,,,,,,,,,,,,,,,,,,,,,,,,,,,,,,,,,,,,,,,,,,,,,,,,,,,,,,,,,,,,,,,,,,,,,,,,,,,,,,,,,,,,,,,,,,,,,,,,,,,,,,,,,,,,,,,,,,,,,,,,,,,,,,,,,,,,,,,,,,,,,,,,,,,,,,,,,,,,,,,,,,,,,,,,,,,,,,,,,,,,,,,,,,,,,,,,,,,,,,,,,,,,,,,,,,,,,,,,,,False,STRUCTURAL,비데이터 행,,,unknown
867,,1,VS,,,1,2029-07-01 00:00:00,,4,30,,,,,,,,,,,,,,,,,,,,,,,,,,,,,,,,,,,,,,,,,,,,,,,,,,,,,,,,,,,,,,,,,,,,,,,,,,,,,,,,,,,,,,,,,,,,,,,,,,,,,,,,,,,,,,,,,,,,,,,,,,,,,,,,,,,,,,,,,,,,,,,,,,,,,,,,,,,,,,,,,,,,,,,,,,,,,,,,,,,,,,,,,,,,,,,,,,,,,,,,,,,,,,,,,,,,,,,,,,,,,,,,,,,,,,,,,,,,,,,,,,,,,,,,,,,,,,,,,,,,,,,,,,,,,,,,,,,,,,,,,,,,,,,,,,,,,,,,,,,,,,,,,False,STRUCTURAL,비데이터 행,,,unknown
867,,1,VS,,P,1,2029-07-01 00:00:00,,4,30,,,,,,,,,,,,,,,,,,,,,,,,,,,,,,,,,,,,,,,,,,,,,,,,,,,,,,,,,,,,,,,,,,,,,,,,,,,,,,,,,,,,,,,,,,,,,,,,,,,,,,,,,,,,,,,,,,,,,,,,,,,,,,,,,,,,,,,,,,,,,,,,,,,,,,,,,,,,,,,,,,,,,,,,,,,,,,,,,,,,,,,,,,,,,,,,,,,,,,,,,,,,,,,,,,,,,,,,,,,,,,,,,,,,,,,,,,,,,,,,,,,,,,,,,,,,,,,,,,,,,,,,,,,,,,,,,,,,,,,,,,,,,,,,,,,,,,,,,,,,,,,,,False,STRUCTURAL,비데이터 행,,,unknown
867,,1,VS,,P,1,2029-07-01 00:00:00,,4,30,,,,,,,,,,,,,,,,,,,,,,,,,,,,,,,,,,,,,,,,,,,,,,,,,,,,,,,,,,,,,,,,,,,,,,,,,,,,,,,,,,,,,,,,,,,,,,,,,,,,,,,,,,,,,,,,,,,,,,,,,,,,,,,,,,,,,,,,,,,,,,,,,,,,,,,,,,,,,,,,,,,,,,,,,,,,,,,,,,,,,,,,,,,,,,,,,,,,,,,,,,,,,,,,,,,,,,,,,,,,,,,,,,,,,,,,,,,,,,,,,,,,,,,,,,,,,,,,,,,,,,,,,,,,,,,,,,,,,,,,,,,,,,,,,,,,,,,,,,,,,,,,,False,STRUCTURAL,비데이터 행,,,unknown
867,,1,VS,,P,1,2029-07-01 00:00:00,,4,30,,,,,,,,,,,,,,,,,,,,,,,,,,,,,,,,,,,,,,,,,,,,,,,,,,,,,,,,,,,,,,,,,,,,,,,,,,,,,,,,,,,,,,,,,,,,,,,,,,,,,,,,,,,,,,,,,,,,,,,,,,,,,,,,,,,,,,,,,,,,,,,,,,,,,,,,,,,,,,,,,,,,,,,,,,,,,,,,,,,,,,,,,,,,,,,,,,,,,,,,,,,,,,,,,,,,,,,,,,,,,,,,,,,,,,,,,,,,,,,,,,,,,,,,,,,,,,,,,,,,,,,,,,,,,,,,,,,,,,,,,,,,,,,,,,,,,,,,,,,,,,,,,False,STRUCTURAL,비데이터 행,,,unknown
867,,1,VS,,P,1,2029-07-01 00:00:00,,4,30,,,,,,,,,,,,,,,,,,,,,,,,,,,,,,,,,,,,,,,,,,,,,,,,,,,,,,,,,,,,,,,,,,,,,,,,,,,,,,,,,,,,,,,,,,,,,,,,,,,,,,,,,,,,,,,,,,,,,,,,,,,,,,,,,,,,,,,,,,,,,,,,,,,,,,,,,,,,,,,,,,,,,,,,,,,,,,,,,,,,,,,,,,,,,,,,,,,,,,,,,,,,,,,,,,,,,,,,,,,,,,,,,,,,,,,,,,,,,,,,,,,,,,,,,,,,,,,,,,,,,,,,,,,,,,,,,,,,,,,,,,,,,,,,,,,,,,,,,,,,,,,,,False,STRUCTURAL,비데이터 행,,,unknown
867,,1,VS,,P,1,2029-07-01 00:00:00,,4,30,,,,,,,,,,,,,,,,,,,,,,,,,,,,,,,,,,,,,,,,,,,,,,,,,,,,,,,,,,,,,,,,,,,,,,,,,,,,,,,,,,,,,,,,,,,,,,,,,,,,,,,,,,,,,,,,,,,,,,,,,,,,,,,,,,,,,,,,,,,,,,,,,,,,,,,,,,,,,,,,,,,,,,,,,,,,,,,,,,,,,,,,,,,,,,,,,,,,,,,,,,,,,,,,,,,,,,,,,,,,,,,,,,,,,,,,,,,,,,,,,,,,,,,,,,,,,,,,,,,,,,,,,,,,,,,,,,,,,,,,,,,,,,,,,,,,,,,,,,,,,,,,,False,STRUCTURAL,비데이터 행,,,unknown
867,,1,VS,,P,1,2029-07-01 00:00:00,,4,30,,,,,,,,,,,,,,,,,,,,,,,,,,,,,,,,,,,,,,,,,,,,,,,,,,,,,,,,,,,,,,,,,,,,,,,,,,,,,,,,,,,,,,,,,,,,,,,,,,,,,,,,,,,,,,,,,,,,,,,,,,,,,,,,,,,,,,,,,,,,,,,,,,,,,,,,,,,,,,,,,,,,,,,,,,,,,,,,,,,,,,,,,,,,,,,,,,,,,,,,,,,,,,,,,,,,,,,,,,,,,,,,,,,,,,,,,,,,,,,,,,,,,,,,,,,,,,,,,,,,,,,,,,,,,,,,,,,,,,,,,,,,,,,,,,,,,,,,,,,,,,,,,False,STRUCTURAL,비데이터 행,,,unknown
867,,1,VS,,P,1,2029-07-01 00:00:00,,4,30,,,,,,,,,,,,,,,,,,,,,,,,,,,,,,,,,,,,,,,,,,,,,,,,,,,,,,,,,,,,,,,,,,,,,,,,,,,,,,,,,,,,,,,,,,,,,,,,,,,,,,,,,,,,,,,,,,,,,,,,,,,,,,,,,,,,,,,,,,,,,,,,,,,,,,,,,,,,,,,,,,,,,,,,,,,,,,,,,,,,,,,,,,,,,,,,,,,,,,,,,,,,,,,,,,,,,,,,,,,,,,,,,,,,,,,,,,,,,,,,,,,,,,,,,,,,,,,,,,,,,,,,,,,,,,,,,,,,,,,,,,,,,,,,,,,,,,,,,,,,,,,,,False,STRUCTURAL,비데이터 행,,,unknown
867,,1,VS,,P,1,2029-07-01 00:00:00,,4,30,,,,,,,,,,,,,,,,,,,,,,,,,,,,,,,,,,,,,,,,,,,,,,,,,,,,,,,,,,,,,,,,,,,,,,,,,,,,,,,,,,,,,,,,,,,,,,,,,,,,,,,,,,,,,,,,,,,,,,,,,,,,,,,,,,,,,,,,,,,,,,,,,,,,,,,,,,,,,,,,,,,,,,,,,,,,,,,,,,,,,,,,,,,,,,,,,,,,,,,,,,,,,,,,,,,,,,,,,,,,,,,,,,,,,,,,,,,,,,,,,,,,,,,,,,,,,,,,,,,,,,,,,,,,,,,,,,,,,,,,,,,,,,,,,,,,,,,,,,,,,,,,,False,STRUCTURAL,비데이터 행,,,unknown
867,,1,VS,,P,1,2029-07-01 00:00:00,,4,30,,,,,,,,,,,,,,,,,,,,,,,,,,,,,,,,,,,,,,,,,,,,,,,,,,,,,,,,,,,,,,,,,,,,,,,,,,,,,,,,,,,,,,,,,,,,,,,,,,,,,,,,,,,,,,,,,,,,,,,,,,,,,,,,,,,,,,,,,,,,,,,,,,,,,,,,,,,,,,,,,,,,,,,,,,,,,,,,,,,,,,,,,,,,,,,,,,,,,,,,,,,,,,,,,,,,,,,,,,,,,,,,,,,,,,,,,,,,,,,,,,,,,,,,,,,,,,,,,,,,,,,,,,,,,,,,,,,,,,,,,,,,,,,,,,,,,,,,,,,,,,,,,False,STRUCTURAL,비데이터 행,,,unknown
867,,1,VS,,P,1,2029-07-01 00:00:00,,4,30,,,,,,,,,,,,,,,,,,,,,,,,,,,,,,,,,,,,,,,,,,,,,,,,,,,,,,,,,,,,,,,,,,,,,,,,,,,,,,,,,,,,,,,,,,,,,,,,,,,,,,,,,,,,,,,,,,,,,,,,,,,,,,,,,,,,,,,,,,,,,,,,,,,,,,,,,,,,,,,,,,,,,,,,,,,,,,,,,,,,,,,,,,,,,,,,,,,,,,,,,,,,,,,,,,,,,,,,,,,,,,,,,,,,,,,,,,,,,,,,,,,,,,,,,,,,,,,,,,,,,,,,,,,,,,,,,,,,,,,,,,,,,,,,,,,,,,,,,,,,,,,,,False,STRUCTURAL,비데이터 행,,,unknown
